category,series,parent_product_id,parent_name,is_parent,variant_id,product_name,product_code,color,image_url,mrp,description,product_url,bullet_points
Faucets,Blush Sensor Faucets,4677,Blush Deck Mounted Sensor faucet-Chrome,Parent,4676,Blush Deck Mounted Sensor faucet-Chrome,SNR-CHR-51445PK,Chrome,https://www.jaquar.com/images/thumbs/0023257_blush-deck-mounted-sensor-faucet-chrome_960.jpeg,12850.00,"Blush Deck Mounted Sensor faucet with Control Box & Pre-mixed Water Supply Kit (Battery Operated)
",https://www.jaquar.com/en/blush-deck-mounted-sensor-faucet-21?Id=4677,"Blush Sensor Faucets, SNR-CHR-51445PK, Chrome"
Faucets,Blush Sensor Faucets,4677,Blush Deck Mounted Sensor faucet-Chrome,Variant,4676,Blush Deck Mounted Sensor faucet-Antique Bronze,SNR-ABR-51445PK,Antique Bronze,https://www.jaquar.com/images/thumbs/0052467_blush-deck-mounted-sensor-faucet-antique-bronze_960.jpeg,21700.00,Blush Deck Mounted Sensor faucet with Control Box & Pre-mixed Water Supply Kit(Battery Operated),https://www.jaquar.com/en/blush-deck-mounted-sensor-faucet-21?Id=4677,"Blush Sensor Faucets, SNR-ABR-51445PK, Antique Bronze"
Faucets,Blush Sensor Faucets,4677,Blush Deck Mounted Sensor faucet-Chrome,Variant,4676,Blush Deck Mounted Sensor faucet- Antique Copper,SNR-ACR-51445PK,Antique Copper,https://www.jaquar.com/images/thumbs/0055496_blush-deck-mounted-sensor-faucet-antique-copper_960.jpeg,21700.00,Blush Deck Mounted Sensor faucet with Control Box & Pre-mixed Water Supply Kit(Battery Operated),https://www.jaquar.com/en/blush-deck-mounted-sensor-faucet-21?Id=4677,"Blush Sensor Faucets, SNR-ACR-51445PK, Antique Copper"
Faucets,Blush Sensor Faucets,4677,Blush Deck Mounted Sensor faucet-Chrome,Variant,4676,Blush Deck Mounted Sensor faucet- Black Chrome,SNR-BCH-51445PK,Black Chrome,https://www.jaquar.com/images/thumbs/0055502_blush-deck-mounted-sensor-faucet-black-chrome_960.jpeg,19000.00,Blush Deck Mounted Sensor faucet with Control Box & Pre-mixed Water Supply Kit(Battery Operated),https://www.jaquar.com/en/blush-deck-mounted-sensor-faucet-21?Id=4677,"Blush Sensor Faucets, SNR-BCH-51445PK, Black Chrome"
Faucets,Blush Sensor Faucets,4677,Blush Deck Mounted Sensor faucet-Chrome,Variant,4676,Blush Deck Mounted Sensor faucet- Black Matt,SNR-BLM-51445PK,Black Matt,https://www.jaquar.com/images/thumbs/0052468_blush-deck-mounted-sensor-faucet-black-matt_960.jpeg,19000.00,Blush Deck Mounted Sensor faucet with Control Box & Pre-mixed Water Supply Kit(Battery Operated),https://www.jaquar.com/en/blush-deck-mounted-sensor-faucet-21?Id=4677,"Blush Sensor Faucets, SNR-BLM-51445PK, Black Matt"
Faucets,Blush Sensor Faucets,4677,Blush Deck Mounted Sensor faucet-Chrome,Variant,4676,Blush Deck Mounted Sensor faucet- Graphite,SNR-GRF-51445PK,Graphite,https://www.jaquar.com/images/thumbs/0055026_blush-deck-mounted-sensor-faucet-graphite_960.jpeg,21700.00,Blush Deck Mounted Sensor faucet with Control Box & Pre-mixed Water Supply Kit(Battery Operated),https://www.jaquar.com/en/blush-deck-mounted-sensor-faucet-21?Id=4677,"Blush Sensor Faucets, SNR-GRF-51445PK, Graphite"
Faucets,Blush Sensor Faucets,4677,Blush Deck Mounted Sensor faucet-Chrome,Variant,4676,Blush Deck Mounted Sensor faucet- Stainless Steel,SNR-SSF-51445PK,Stainless Steel,https://www.jaquar.com/images/thumbs/0055032_blush-deck-mounted-sensor-faucet-stainless-steel_960.jpeg,21700.00,Blush Deck Mounted Sensor faucet with Control Box & Pre-mixed Water Supply Kit(Battery Operated),https://www.jaquar.com/en/blush-deck-mounted-sensor-faucet-21?Id=4677,"Blush Sensor Faucets, SNR-SSF-51445PK, Stainless Steel"
Faucets,Blush Sensor Faucets,4678,Blush Deck Mounted Sensor faucet-Chrome,Parent,4676,Blush Deck Mounted Sensor faucet-Chrome,SNR-CHR-51445PK,Chrome,https://www.jaquar.com/images/thumbs/0023257_blush-deck-mounted-sensor-faucet-chrome_960.jpeg,12850.00,"Blush Deck Mounted Sensor faucet with Control Box & Pre-mixed Water Supply Kit (Battery Operated)
",https://www.jaquar.com/en/blush-deck-mounted-sensor-faucet-21?Id=4678,"Blush Sensor Faucets, SNR-CHR-51445PK, Chrome"
Faucets,Blush Sensor Faucets,4678,Blush Deck Mounted Sensor faucet-Chrome,Variant,4676,Blush Deck Mounted Sensor faucet-Antique Bronze,SNR-ABR-51445PK,Antique Bronze,https://www.jaquar.com/images/thumbs/0052467_blush-deck-mounted-sensor-faucet-antique-bronze_960.jpeg,21700.00,Blush Deck Mounted Sensor faucet with Control Box & Pre-mixed Water Supply Kit(Battery Operated),https://www.jaquar.com/en/blush-deck-mounted-sensor-faucet-21?Id=4678,"Blush Sensor Faucets, SNR-ABR-51445PK, Antique Bronze"
Faucets,Blush Sensor Faucets,4678,Blush Deck Mounted Sensor faucet-Chrome,Variant,4676,Blush Deck Mounted Sensor faucet- Antique Copper,SNR-ACR-51445PK,Antique Copper,https://www.jaquar.com/images/thumbs/0055496_blush-deck-mounted-sensor-faucet-antique-copper_960.jpeg,21700.00,Blush Deck Mounted Sensor faucet with Control Box & Pre-mixed Water Supply Kit(Battery Operated),https://www.jaquar.com/en/blush-deck-mounted-sensor-faucet-21?Id=4678,"Blush Sensor Faucets, SNR-ACR-51445PK, Antique Copper"
Faucets,Blush Sensor Faucets,4678,Blush Deck Mounted Sensor faucet-Chrome,Variant,4676,Blush Deck Mounted Sensor faucet- Black Chrome,SNR-BCH-51445PK,Black Chrome,https://www.jaquar.com/images/thumbs/0055502_blush-deck-mounted-sensor-faucet-black-chrome_960.jpeg,19000.00,Blush Deck Mounted Sensor faucet with Control Box & Pre-mixed Water Supply Kit(Battery Operated),https://www.jaquar.com/en/blush-deck-mounted-sensor-faucet-21?Id=4678,"Blush Sensor Faucets, SNR-BCH-51445PK, Black Chrome"
Faucets,Blush Sensor Faucets,4678,Blush Deck Mounted Sensor faucet-Chrome,Variant,4676,Blush Deck Mounted Sensor faucet- Black Matt,SNR-BLM-51445PK,Black Matt,https://www.jaquar.com/images/thumbs/0052468_blush-deck-mounted-sensor-faucet-black-matt_960.jpeg,19000.00,Blush Deck Mounted Sensor faucet with Control Box & Pre-mixed Water Supply Kit(Battery Operated),https://www.jaquar.com/en/blush-deck-mounted-sensor-faucet-21?Id=4678,"Blush Sensor Faucets, SNR-BLM-51445PK, Black Matt"
Faucets,Blush Sensor Faucets,4678,Blush Deck Mounted Sensor faucet-Chrome,Variant,4676,Blush Deck Mounted Sensor faucet- Graphite,SNR-GRF-51445PK,Graphite,https://www.jaquar.com/images/thumbs/0055026_blush-deck-mounted-sensor-faucet-graphite_960.jpeg,21700.00,Blush Deck Mounted Sensor faucet with Control Box & Pre-mixed Water Supply Kit(Battery Operated),https://www.jaquar.com/en/blush-deck-mounted-sensor-faucet-21?Id=4678,"Blush Sensor Faucets, SNR-GRF-51445PK, Graphite"
Faucets,Blush Sensor Faucets,4678,Blush Deck Mounted Sensor faucet-Chrome,Variant,4676,Blush Deck Mounted Sensor faucet- Stainless Steel,SNR-SSF-51445PK,Stainless Steel,https://www.jaquar.com/images/thumbs/0055032_blush-deck-mounted-sensor-faucet-stainless-steel_960.jpeg,21700.00,Blush Deck Mounted Sensor faucet with Control Box & Pre-mixed Water Supply Kit(Battery Operated),https://www.jaquar.com/en/blush-deck-mounted-sensor-faucet-21?Id=4678,"Blush Sensor Faucets, SNR-SSF-51445PK, Stainless Steel"
Faucets,Blush Sensor Faucets,4679,Blush Deck Mounted Sensor faucet-Chrome,Parent,4676,Blush Deck Mounted Sensor faucet-Chrome,SNR-CHR-51445PK,Chrome,https://www.jaquar.com/images/thumbs/0023257_blush-deck-mounted-sensor-faucet-chrome_960.jpeg,12850.00,"Blush Deck Mounted Sensor faucet with Control Box & Pre-mixed Water Supply Kit (Battery Operated)
",https://www.jaquar.com/en/blush-deck-mounted-sensor-faucet-21?Id=4679,"Blush Sensor Faucets, SNR-CHR-51445PK, Chrome"
Faucets,Blush Sensor Faucets,4679,Blush Deck Mounted Sensor faucet-Chrome,Variant,4676,Blush Deck Mounted Sensor faucet-Antique Bronze,SNR-ABR-51445PK,Antique Bronze,https://www.jaquar.com/images/thumbs/0052467_blush-deck-mounted-sensor-faucet-antique-bronze_960.jpeg,21700.00,Blush Deck Mounted Sensor faucet with Control Box & Pre-mixed Water Supply Kit(Battery Operated),https://www.jaquar.com/en/blush-deck-mounted-sensor-faucet-21?Id=4679,"Blush Sensor Faucets, SNR-ABR-51445PK, Antique Bronze"
Faucets,Blush Sensor Faucets,4679,Blush Deck Mounted Sensor faucet-Chrome,Variant,4676,Blush Deck Mounted Sensor faucet- Antique Copper,SNR-ACR-51445PK,Antique Copper,https://www.jaquar.com/images/thumbs/0055496_blush-deck-mounted-sensor-faucet-antique-copper_960.jpeg,21700.00,Blush Deck Mounted Sensor faucet with Control Box & Pre-mixed Water Supply Kit(Battery Operated),https://www.jaquar.com/en/blush-deck-mounted-sensor-faucet-21?Id=4679,"Blush Sensor Faucets, SNR-ACR-51445PK, Antique Copper"
Faucets,Blush Sensor Faucets,4679,Blush Deck Mounted Sensor faucet-Chrome,Variant,4676,Blush Deck Mounted Sensor faucet- Black Chrome,SNR-BCH-51445PK,Black Chrome,https://www.jaquar.com/images/thumbs/0055502_blush-deck-mounted-sensor-faucet-black-chrome_960.jpeg,19000.00,Blush Deck Mounted Sensor faucet with Control Box & Pre-mixed Water Supply Kit(Battery Operated),https://www.jaquar.com/en/blush-deck-mounted-sensor-faucet-21?Id=4679,"Blush Sensor Faucets, SNR-BCH-51445PK, Black Chrome"
Faucets,Blush Sensor Faucets,4679,Blush Deck Mounted Sensor faucet-Chrome,Variant,4676,Blush Deck Mounted Sensor faucet- Black Matt,SNR-BLM-51445PK,Black Matt,https://www.jaquar.com/images/thumbs/0052468_blush-deck-mounted-sensor-faucet-black-matt_960.jpeg,19000.00,Blush Deck Mounted Sensor faucet with Control Box & Pre-mixed Water Supply Kit(Battery Operated),https://www.jaquar.com/en/blush-deck-mounted-sensor-faucet-21?Id=4679,"Blush Sensor Faucets, SNR-BLM-51445PK, Black Matt"
Faucets,Blush Sensor Faucets,4679,Blush Deck Mounted Sensor faucet-Chrome,Variant,4676,Blush Deck Mounted Sensor faucet- Graphite,SNR-GRF-51445PK,Graphite,https://www.jaquar.com/images/thumbs/0055026_blush-deck-mounted-sensor-faucet-graphite_960.jpeg,21700.00,Blush Deck Mounted Sensor faucet with Control Box & Pre-mixed Water Supply Kit(Battery Operated),https://www.jaquar.com/en/blush-deck-mounted-sensor-faucet-21?Id=4679,"Blush Sensor Faucets, SNR-GRF-51445PK, Graphite"
Faucets,Blush Sensor Faucets,4679,Blush Deck Mounted Sensor faucet-Chrome,Variant,4676,Blush Deck Mounted Sensor faucet- Stainless Steel,SNR-SSF-51445PK,Stainless Steel,https://www.jaquar.com/images/thumbs/0055032_blush-deck-mounted-sensor-faucet-stainless-steel_960.jpeg,21700.00,Blush Deck Mounted Sensor faucet with Control Box & Pre-mixed Water Supply Kit(Battery Operated),https://www.jaquar.com/en/blush-deck-mounted-sensor-faucet-21?Id=4679,"Blush Sensor Faucets, SNR-SSF-51445PK, Stainless Steel"
Faucets,Blush Sensor Faucets,4682,Blush Deck Mounted Sensor faucet-Chrome,Parent,4676,Blush Deck Mounted Sensor faucet-Chrome,SNR-CHR-51445PK,Chrome,https://www.jaquar.com/images/thumbs/0023257_blush-deck-mounted-sensor-faucet-chrome_960.jpeg,12850.00,"Blush Deck Mounted Sensor faucet with Control Box & Pre-mixed Water Supply Kit (Battery Operated)
",https://www.jaquar.com/en/blush-deck-mounted-sensor-faucet-21?Id=4682,"Blush Sensor Faucets, SNR-CHR-51445PK, Chrome"
Faucets,Blush Sensor Faucets,4682,Blush Deck Mounted Sensor faucet-Chrome,Variant,4676,Blush Deck Mounted Sensor faucet-Antique Bronze,SNR-ABR-51445PK,Antique Bronze,https://www.jaquar.com/images/thumbs/0052467_blush-deck-mounted-sensor-faucet-antique-bronze_960.jpeg,21700.00,Blush Deck Mounted Sensor faucet with Control Box & Pre-mixed Water Supply Kit(Battery Operated),https://www.jaquar.com/en/blush-deck-mounted-sensor-faucet-21?Id=4682,"Blush Sensor Faucets, SNR-ABR-51445PK, Antique Bronze"
Faucets,Blush Sensor Faucets,4682,Blush Deck Mounted Sensor faucet-Chrome,Variant,4676,Blush Deck Mounted Sensor faucet- Antique Copper,SNR-ACR-51445PK,Antique Copper,https://www.jaquar.com/images/thumbs/0055496_blush-deck-mounted-sensor-faucet-antique-copper_960.jpeg,21700.00,Blush Deck Mounted Sensor faucet with Control Box & Pre-mixed Water Supply Kit(Battery Operated),https://www.jaquar.com/en/blush-deck-mounted-sensor-faucet-21?Id=4682,"Blush Sensor Faucets, SNR-ACR-51445PK, Antique Copper"
Faucets,Blush Sensor Faucets,4682,Blush Deck Mounted Sensor faucet-Chrome,Variant,4676,Blush Deck Mounted Sensor faucet- Black Chrome,SNR-BCH-51445PK,Black Chrome,https://www.jaquar.com/images/thumbs/0055502_blush-deck-mounted-sensor-faucet-black-chrome_960.jpeg,19000.00,Blush Deck Mounted Sensor faucet with Control Box & Pre-mixed Water Supply Kit(Battery Operated),https://www.jaquar.com/en/blush-deck-mounted-sensor-faucet-21?Id=4682,"Blush Sensor Faucets, SNR-BCH-51445PK, Black Chrome"
Faucets,Blush Sensor Faucets,4682,Blush Deck Mounted Sensor faucet-Chrome,Variant,4676,Blush Deck Mounted Sensor faucet- Black Matt,SNR-BLM-51445PK,Black Matt,https://www.jaquar.com/images/thumbs/0052468_blush-deck-mounted-sensor-faucet-black-matt_960.jpeg,19000.00,Blush Deck Mounted Sensor faucet with Control Box & Pre-mixed Water Supply Kit(Battery Operated),https://www.jaquar.com/en/blush-deck-mounted-sensor-faucet-21?Id=4682,"Blush Sensor Faucets, SNR-BLM-51445PK, Black Matt"
Faucets,Blush Sensor Faucets,4682,Blush Deck Mounted Sensor faucet-Chrome,Variant,4676,Blush Deck Mounted Sensor faucet- Graphite,SNR-GRF-51445PK,Graphite,https://www.jaquar.com/images/thumbs/0055026_blush-deck-mounted-sensor-faucet-graphite_960.jpeg,21700.00,Blush Deck Mounted Sensor faucet with Control Box & Pre-mixed Water Supply Kit(Battery Operated),https://www.jaquar.com/en/blush-deck-mounted-sensor-faucet-21?Id=4682,"Blush Sensor Faucets, SNR-GRF-51445PK, Graphite"
Faucets,Blush Sensor Faucets,4682,Blush Deck Mounted Sensor faucet-Chrome,Variant,4676,Blush Deck Mounted Sensor faucet- Stainless Steel,SNR-SSF-51445PK,Stainless Steel,https://www.jaquar.com/images/thumbs/0055032_blush-deck-mounted-sensor-faucet-stainless-steel_960.jpeg,21700.00,Blush Deck Mounted Sensor faucet with Control Box & Pre-mixed Water Supply Kit(Battery Operated),https://www.jaquar.com/en/blush-deck-mounted-sensor-faucet-21?Id=4682,"Blush Sensor Faucets, SNR-SSF-51445PK, Stainless Steel"
Faucets,Blush Sensor Faucets,4683,Blush Deck Mounted Sensor faucet-Chrome,Parent,4676,Blush Deck Mounted Sensor faucet-Chrome,SNR-CHR-51445PK,Chrome,https://www.jaquar.com/images/thumbs/0023257_blush-deck-mounted-sensor-faucet-chrome_960.jpeg,12850.00,"Blush Deck Mounted Sensor faucet with Control Box & Pre-mixed Water Supply Kit (Battery Operated)
",https://www.jaquar.com/en/blush-deck-mounted-sensor-faucet-21?Id=4683,"Blush Sensor Faucets, SNR-CHR-51445PK, Chrome"
Faucets,Blush Sensor Faucets,4683,Blush Deck Mounted Sensor faucet-Chrome,Variant,4676,Blush Deck Mounted Sensor faucet-Antique Bronze,SNR-ABR-51445PK,Antique Bronze,https://www.jaquar.com/images/thumbs/0052467_blush-deck-mounted-sensor-faucet-antique-bronze_960.jpeg,21700.00,Blush Deck Mounted Sensor faucet with Control Box & Pre-mixed Water Supply Kit(Battery Operated),https://www.jaquar.com/en/blush-deck-mounted-sensor-faucet-21?Id=4683,"Blush Sensor Faucets, SNR-ABR-51445PK, Antique Bronze"
Faucets,Blush Sensor Faucets,4683,Blush Deck Mounted Sensor faucet-Chrome,Variant,4676,Blush Deck Mounted Sensor faucet- Antique Copper,SNR-ACR-51445PK,Antique Copper,https://www.jaquar.com/images/thumbs/0055496_blush-deck-mounted-sensor-faucet-antique-copper_960.jpeg,21700.00,Blush Deck Mounted Sensor faucet with Control Box & Pre-mixed Water Supply Kit(Battery Operated),https://www.jaquar.com/en/blush-deck-mounted-sensor-faucet-21?Id=4683,"Blush Sensor Faucets, SNR-ACR-51445PK, Antique Copper"
Faucets,Blush Sensor Faucets,4683,Blush Deck Mounted Sensor faucet-Chrome,Variant,4676,Blush Deck Mounted Sensor faucet- Black Chrome,SNR-BCH-51445PK,Black Chrome,https://www.jaquar.com/images/thumbs/0055502_blush-deck-mounted-sensor-faucet-black-chrome_960.jpeg,19000.00,Blush Deck Mounted Sensor faucet with Control Box & Pre-mixed Water Supply Kit(Battery Operated),https://www.jaquar.com/en/blush-deck-mounted-sensor-faucet-21?Id=4683,"Blush Sensor Faucets, SNR-BCH-51445PK, Black Chrome"
Faucets,Blush Sensor Faucets,4683,Blush Deck Mounted Sensor faucet-Chrome,Variant,4676,Blush Deck Mounted Sensor faucet- Black Matt,SNR-BLM-51445PK,Black Matt,https://www.jaquar.com/images/thumbs/0052468_blush-deck-mounted-sensor-faucet-black-matt_960.jpeg,19000.00,Blush Deck Mounted Sensor faucet with Control Box & Pre-mixed Water Supply Kit(Battery Operated),https://www.jaquar.com/en/blush-deck-mounted-sensor-faucet-21?Id=4683,"Blush Sensor Faucets, SNR-BLM-51445PK, Black Matt"
Faucets,Blush Sensor Faucets,4683,Blush Deck Mounted Sensor faucet-Chrome,Variant,4676,Blush Deck Mounted Sensor faucet- Graphite,SNR-GRF-51445PK,Graphite,https://www.jaquar.com/images/thumbs/0055026_blush-deck-mounted-sensor-faucet-graphite_960.jpeg,21700.00,Blush Deck Mounted Sensor faucet with Control Box & Pre-mixed Water Supply Kit(Battery Operated),https://www.jaquar.com/en/blush-deck-mounted-sensor-faucet-21?Id=4683,"Blush Sensor Faucets, SNR-GRF-51445PK, Graphite"
Faucets,Blush Sensor Faucets,4683,Blush Deck Mounted Sensor faucet-Chrome,Variant,4676,Blush Deck Mounted Sensor faucet- Stainless Steel,SNR-SSF-51445PK,Stainless Steel,https://www.jaquar.com/images/thumbs/0055032_blush-deck-mounted-sensor-faucet-stainless-steel_960.jpeg,21700.00,Blush Deck Mounted Sensor faucet with Control Box & Pre-mixed Water Supply Kit(Battery Operated),https://www.jaquar.com/en/blush-deck-mounted-sensor-faucet-21?Id=4683,"Blush Sensor Faucets, SNR-SSF-51445PK, Stainless Steel"
Faucets,Blush Sensor Faucets,4685,Blush Deck Mounted Sensor faucet-Chrome,Parent,4676,Blush Deck Mounted Sensor faucet-Chrome,SNR-CHR-51445PK,Chrome,https://www.jaquar.com/images/thumbs/0023257_blush-deck-mounted-sensor-faucet-chrome_960.jpeg,12850.00,"Blush Deck Mounted Sensor faucet with Control Box & Pre-mixed Water Supply Kit (Battery Operated)
",https://www.jaquar.com/en/blush-deck-mounted-sensor-faucet-21?Id=4685,"Blush Sensor Faucets, SNR-CHR-51445PK, Chrome"
Faucets,Blush Sensor Faucets,4685,Blush Deck Mounted Sensor faucet-Chrome,Variant,4676,Blush Deck Mounted Sensor faucet-Antique Bronze,SNR-ABR-51445PK,Antique Bronze,https://www.jaquar.com/images/thumbs/0052467_blush-deck-mounted-sensor-faucet-antique-bronze_960.jpeg,21700.00,Blush Deck Mounted Sensor faucet with Control Box & Pre-mixed Water Supply Kit(Battery Operated),https://www.jaquar.com/en/blush-deck-mounted-sensor-faucet-21?Id=4685,"Blush Sensor Faucets, SNR-ABR-51445PK, Antique Bronze"
Faucets,Blush Sensor Faucets,4685,Blush Deck Mounted Sensor faucet-Chrome,Variant,4676,Blush Deck Mounted Sensor faucet- Antique Copper,SNR-ACR-51445PK,Antique Copper,https://www.jaquar.com/images/thumbs/0055496_blush-deck-mounted-sensor-faucet-antique-copper_960.jpeg,21700.00,Blush Deck Mounted Sensor faucet with Control Box & Pre-mixed Water Supply Kit(Battery Operated),https://www.jaquar.com/en/blush-deck-mounted-sensor-faucet-21?Id=4685,"Blush Sensor Faucets, SNR-ACR-51445PK, Antique Copper"
Faucets,Blush Sensor Faucets,4685,Blush Deck Mounted Sensor faucet-Chrome,Variant,4676,Blush Deck Mounted Sensor faucet- Black Chrome,SNR-BCH-51445PK,Black Chrome,https://www.jaquar.com/images/thumbs/0055502_blush-deck-mounted-sensor-faucet-black-chrome_960.jpeg,19000.00,Blush Deck Mounted Sensor faucet with Control Box & Pre-mixed Water Supply Kit(Battery Operated),https://www.jaquar.com/en/blush-deck-mounted-sensor-faucet-21?Id=4685,"Blush Sensor Faucets, SNR-BCH-51445PK, Black Chrome"
Faucets,Blush Sensor Faucets,4685,Blush Deck Mounted Sensor faucet-Chrome,Variant,4676,Blush Deck Mounted Sensor faucet- Black Matt,SNR-BLM-51445PK,Black Matt,https://www.jaquar.com/images/thumbs/0052468_blush-deck-mounted-sensor-faucet-black-matt_960.jpeg,19000.00,Blush Deck Mounted Sensor faucet with Control Box & Pre-mixed Water Supply Kit(Battery Operated),https://www.jaquar.com/en/blush-deck-mounted-sensor-faucet-21?Id=4685,"Blush Sensor Faucets, SNR-BLM-51445PK, Black Matt"
Faucets,Blush Sensor Faucets,4685,Blush Deck Mounted Sensor faucet-Chrome,Variant,4676,Blush Deck Mounted Sensor faucet- Graphite,SNR-GRF-51445PK,Graphite,https://www.jaquar.com/images/thumbs/0055026_blush-deck-mounted-sensor-faucet-graphite_960.jpeg,21700.00,Blush Deck Mounted Sensor faucet with Control Box & Pre-mixed Water Supply Kit(Battery Operated),https://www.jaquar.com/en/blush-deck-mounted-sensor-faucet-21?Id=4685,"Blush Sensor Faucets, SNR-GRF-51445PK, Graphite"
Faucets,Blush Sensor Faucets,4685,Blush Deck Mounted Sensor faucet-Chrome,Variant,4676,Blush Deck Mounted Sensor faucet- Stainless Steel,SNR-SSF-51445PK,Stainless Steel,https://www.jaquar.com/images/thumbs/0055032_blush-deck-mounted-sensor-faucet-stainless-steel_960.jpeg,21700.00,Blush Deck Mounted Sensor faucet with Control Box & Pre-mixed Water Supply Kit(Battery Operated),https://www.jaquar.com/en/blush-deck-mounted-sensor-faucet-21?Id=4685,"Blush Sensor Faucets, SNR-SSF-51445PK, Stainless Steel"
Faucets,Blush Sensor Faucets,4640,Blush Deck Mounted Sensor faucet-Chrome,Parent,4676,Blush Deck Mounted Sensor faucet-Chrome,SNR-CHR-51445PK,Chrome,https://www.jaquar.com/images/thumbs/0023257_blush-deck-mounted-sensor-faucet-chrome_960.jpeg,12850.00,"Blush Deck Mounted Sensor faucet with Control Box & Pre-mixed Water Supply Kit (Battery Operated)
",https://www.jaquar.com/en/blush-deck-mounted-sensor-faucet-21?Id=4640,"Blush Sensor Faucets, SNR-CHR-51445PK, Chrome"
Faucets,Blush Sensor Faucets,4640,Blush Deck Mounted Sensor faucet-Chrome,Variant,4676,Blush Deck Mounted Sensor faucet-Antique Bronze,SNR-ABR-51445PK,Antique Bronze,https://www.jaquar.com/images/thumbs/0052467_blush-deck-mounted-sensor-faucet-antique-bronze_960.jpeg,21700.00,Blush Deck Mounted Sensor faucet with Control Box & Pre-mixed Water Supply Kit(Battery Operated),https://www.jaquar.com/en/blush-deck-mounted-sensor-faucet-21?Id=4640,"Blush Sensor Faucets, SNR-ABR-51445PK, Antique Bronze"
Faucets,Blush Sensor Faucets,4640,Blush Deck Mounted Sensor faucet-Chrome,Variant,4676,Blush Deck Mounted Sensor faucet- Antique Copper,SNR-ACR-51445PK,Antique Copper,https://www.jaquar.com/images/thumbs/0055496_blush-deck-mounted-sensor-faucet-antique-copper_960.jpeg,21700.00,Blush Deck Mounted Sensor faucet with Control Box & Pre-mixed Water Supply Kit(Battery Operated),https://www.jaquar.com/en/blush-deck-mounted-sensor-faucet-21?Id=4640,"Blush Sensor Faucets, SNR-ACR-51445PK, Antique Copper"
Faucets,Blush Sensor Faucets,4640,Blush Deck Mounted Sensor faucet-Chrome,Variant,4676,Blush Deck Mounted Sensor faucet- Black Chrome,SNR-BCH-51445PK,Black Chrome,https://www.jaquar.com/images/thumbs/0055502_blush-deck-mounted-sensor-faucet-black-chrome_960.jpeg,19000.00,Blush Deck Mounted Sensor faucet with Control Box & Pre-mixed Water Supply Kit(Battery Operated),https://www.jaquar.com/en/blush-deck-mounted-sensor-faucet-21?Id=4640,"Blush Sensor Faucets, SNR-BCH-51445PK, Black Chrome"
Faucets,Blush Sensor Faucets,4640,Blush Deck Mounted Sensor faucet-Chrome,Variant,4676,Blush Deck Mounted Sensor faucet- Black Matt,SNR-BLM-51445PK,Black Matt,https://www.jaquar.com/images/thumbs/0052468_blush-deck-mounted-sensor-faucet-black-matt_960.jpeg,19000.00,Blush Deck Mounted Sensor faucet with Control Box & Pre-mixed Water Supply Kit(Battery Operated),https://www.jaquar.com/en/blush-deck-mounted-sensor-faucet-21?Id=4640,"Blush Sensor Faucets, SNR-BLM-51445PK, Black Matt"
Faucets,Blush Sensor Faucets,4640,Blush Deck Mounted Sensor faucet-Chrome,Variant,4676,Blush Deck Mounted Sensor faucet- Graphite,SNR-GRF-51445PK,Graphite,https://www.jaquar.com/images/thumbs/0055026_blush-deck-mounted-sensor-faucet-graphite_960.jpeg,21700.00,Blush Deck Mounted Sensor faucet with Control Box & Pre-mixed Water Supply Kit(Battery Operated),https://www.jaquar.com/en/blush-deck-mounted-sensor-faucet-21?Id=4640,"Blush Sensor Faucets, SNR-GRF-51445PK, Graphite"
Faucets,Blush Sensor Faucets,4640,Blush Deck Mounted Sensor faucet-Chrome,Variant,4676,Blush Deck Mounted Sensor faucet- Stainless Steel,SNR-SSF-51445PK,Stainless Steel,https://www.jaquar.com/images/thumbs/0055032_blush-deck-mounted-sensor-faucet-stainless-steel_960.jpeg,21700.00,Blush Deck Mounted Sensor faucet with Control Box & Pre-mixed Water Supply Kit(Battery Operated),https://www.jaquar.com/en/blush-deck-mounted-sensor-faucet-21?Id=4640,"Blush Sensor Faucets, SNR-SSF-51445PK, Stainless Steel"
Faucets,Blush Sensor Faucets,4645,Blush Deck Mounted Sensor faucet- Chrome,Parent,4654,Blush Deck Mounted Sensor faucet- Chrome,SNR-CHR-51445,Chrome,https://www.jaquar.com/images/thumbs/0023255_blush-deck-mounted-sensor-faucet-chrome_960.jpeg,12000.00,Blush Deck Mounted Sensor faucet with Control Box (Battery Operated),https://www.jaquar.com/en/blush-deck-mounted-sensor-faucet-13?Id=4645,"Blush Sensor Faucets, SNR-CHR-51445, Chrome"
Faucets,Blush Sensor Faucets,4645,Blush Deck Mounted Sensor faucet- Chrome,Variant,4654,Blush Deck Mounted Sensor faucet-Antique Bronze,SNR-ABR-51445,Antique Bronze,https://www.jaquar.com/images/thumbs/0052465_blush-deck-mounted-sensor-faucet-antique-bronze_960.jpeg,20200.00,Blush Deck Mounted Sensor faucet with Control Box (Battery Operated),https://www.jaquar.com/en/blush-deck-mounted-sensor-faucet-13?Id=4645,"Blush Sensor Faucets, SNR-ABR-51445, Antique Bronze"
Faucets,Blush Sensor Faucets,4645,Blush Deck Mounted Sensor faucet- Chrome,Variant,4654,Blush Deck Mounted Sensor faucet- Antique Copper,SNR-ACR-51445,Antique Copper,https://www.jaquar.com/images/thumbs/0055495_blush-deck-mounted-sensor-faucet-antique-copper_960.jpeg,20200.00,Blush Deck Mounted Sensor faucet with Control Box (Battery Operated),https://www.jaquar.com/en/blush-deck-mounted-sensor-faucet-13?Id=4645,"Blush Sensor Faucets, SNR-ACR-51445, Antique Copper"
Faucets,Blush Sensor Faucets,4645,Blush Deck Mounted Sensor faucet- Chrome,Variant,4654,Blush Deck Mounted Sensor faucet- Black Chrome,SNR-BCH-51445,Black Chrome,https://www.jaquar.com/images/thumbs/0055501_blush-deck-mounted-sensor-faucet-black-chrome_960.jpeg,17700.00,Blush Deck Mounted Sensor faucet with Control Box (Battery Operated),https://www.jaquar.com/en/blush-deck-mounted-sensor-faucet-13?Id=4645,"Blush Sensor Faucets, SNR-BCH-51445, Black Chrome"
Faucets,Blush Sensor Faucets,4645,Blush Deck Mounted Sensor faucet- Chrome,Variant,4654,Blush Deck Mounted Sensor faucet- Black Matt,SNR-BLM-51445,Black Matt,https://www.jaquar.com/images/thumbs/0052466_blush-deck-mounted-sensor-faucet-black-matt_960.jpeg,17700.00,Blush Deck Mounted Sensor faucet with Control Box (Battery Operated),https://www.jaquar.com/en/blush-deck-mounted-sensor-faucet-13?Id=4645,"Blush Sensor Faucets, SNR-BLM-51445, Black Matt"
Faucets,Blush Sensor Faucets,4645,Blush Deck Mounted Sensor faucet- Chrome,Variant,4654,Blush Deck Mounted Sensor faucet- Graphite,SNR-GRF-51445,Graphite,https://www.jaquar.com/images/thumbs/0055025_blush-deck-mounted-sensor-faucet-graphite_960.jpeg,20200.00,Blush Deck Mounted Sensor faucet with Control Box (Battery Operated),https://www.jaquar.com/en/blush-deck-mounted-sensor-faucet-13?Id=4645,"Blush Sensor Faucets, SNR-GRF-51445, Graphite"
Faucets,Blush Sensor Faucets,4645,Blush Deck Mounted Sensor faucet- Chrome,Variant,4654,Blush Deck Mounted Sensor faucet- Stainless Steel,SNR-SSF-51445,Stainless Steel,https://www.jaquar.com/images/thumbs/0055031_blush-deck-mounted-sensor-faucet-stainless-steel_960.jpeg,20200.00,Blush Deck Mounted Sensor faucet with Control Box (Battery Operated),https://www.jaquar.com/en/blush-deck-mounted-sensor-faucet-13?Id=4645,"Blush Sensor Faucets, SNR-SSF-51445, Stainless Steel"
Faucets,Blush Sensor Faucets,4646,Blush Deck Mounted Sensor faucet- Chrome,Parent,4654,Blush Deck Mounted Sensor faucet- Chrome,SNR-CHR-51445,Chrome,https://www.jaquar.com/images/thumbs/0023255_blush-deck-mounted-sensor-faucet-chrome_960.jpeg,12000.00,Blush Deck Mounted Sensor faucet with Control Box (Battery Operated),https://www.jaquar.com/en/blush-deck-mounted-sensor-faucet-13?Id=4646,"Blush Sensor Faucets, SNR-CHR-51445, Chrome"
Faucets,Blush Sensor Faucets,4646,Blush Deck Mounted Sensor faucet- Chrome,Variant,4654,Blush Deck Mounted Sensor faucet-Antique Bronze,SNR-ABR-51445,Antique Bronze,https://www.jaquar.com/images/thumbs/0052465_blush-deck-mounted-sensor-faucet-antique-bronze_960.jpeg,20200.00,Blush Deck Mounted Sensor faucet with Control Box (Battery Operated),https://www.jaquar.com/en/blush-deck-mounted-sensor-faucet-13?Id=4646,"Blush Sensor Faucets, SNR-ABR-51445, Antique Bronze"
Faucets,Blush Sensor Faucets,4646,Blush Deck Mounted Sensor faucet- Chrome,Variant,4654,Blush Deck Mounted Sensor faucet- Antique Copper,SNR-ACR-51445,Antique Copper,https://www.jaquar.com/images/thumbs/0055495_blush-deck-mounted-sensor-faucet-antique-copper_960.jpeg,20200.00,Blush Deck Mounted Sensor faucet with Control Box (Battery Operated),https://www.jaquar.com/en/blush-deck-mounted-sensor-faucet-13?Id=4646,"Blush Sensor Faucets, SNR-ACR-51445, Antique Copper"
Faucets,Blush Sensor Faucets,4646,Blush Deck Mounted Sensor faucet- Chrome,Variant,4654,Blush Deck Mounted Sensor faucet- Black Chrome,SNR-BCH-51445,Black Chrome,https://www.jaquar.com/images/thumbs/0055501_blush-deck-mounted-sensor-faucet-black-chrome_960.jpeg,17700.00,Blush Deck Mounted Sensor faucet with Control Box (Battery Operated),https://www.jaquar.com/en/blush-deck-mounted-sensor-faucet-13?Id=4646,"Blush Sensor Faucets, SNR-BCH-51445, Black Chrome"
Faucets,Blush Sensor Faucets,4646,Blush Deck Mounted Sensor faucet- Chrome,Variant,4654,Blush Deck Mounted Sensor faucet- Black Matt,SNR-BLM-51445,Black Matt,https://www.jaquar.com/images/thumbs/0052466_blush-deck-mounted-sensor-faucet-black-matt_960.jpeg,17700.00,Blush Deck Mounted Sensor faucet with Control Box (Battery Operated),https://www.jaquar.com/en/blush-deck-mounted-sensor-faucet-13?Id=4646,"Blush Sensor Faucets, SNR-BLM-51445, Black Matt"
Faucets,Blush Sensor Faucets,4646,Blush Deck Mounted Sensor faucet- Chrome,Variant,4654,Blush Deck Mounted Sensor faucet- Graphite,SNR-GRF-51445,Graphite,https://www.jaquar.com/images/thumbs/0055025_blush-deck-mounted-sensor-faucet-graphite_960.jpeg,20200.00,Blush Deck Mounted Sensor faucet with Control Box (Battery Operated),https://www.jaquar.com/en/blush-deck-mounted-sensor-faucet-13?Id=4646,"Blush Sensor Faucets, SNR-GRF-51445, Graphite"
Faucets,Blush Sensor Faucets,4646,Blush Deck Mounted Sensor faucet- Chrome,Variant,4654,Blush Deck Mounted Sensor faucet- Stainless Steel,SNR-SSF-51445,Stainless Steel,https://www.jaquar.com/images/thumbs/0055031_blush-deck-mounted-sensor-faucet-stainless-steel_960.jpeg,20200.00,Blush Deck Mounted Sensor faucet with Control Box (Battery Operated),https://www.jaquar.com/en/blush-deck-mounted-sensor-faucet-13?Id=4646,"Blush Sensor Faucets, SNR-SSF-51445, Stainless Steel"
Faucets,Blush Sensor Faucets,4647,Blush Deck Mounted Sensor faucet- Chrome,Parent,4654,Blush Deck Mounted Sensor faucet- Chrome,SNR-CHR-51445,Chrome,https://www.jaquar.com/images/thumbs/0023255_blush-deck-mounted-sensor-faucet-chrome_960.jpeg,12000.00,Blush Deck Mounted Sensor faucet with Control Box (Battery Operated),https://www.jaquar.com/en/blush-deck-mounted-sensor-faucet-13?Id=4647,"Blush Sensor Faucets, SNR-CHR-51445, Chrome"
Faucets,Blush Sensor Faucets,4647,Blush Deck Mounted Sensor faucet- Chrome,Variant,4654,Blush Deck Mounted Sensor faucet-Antique Bronze,SNR-ABR-51445,Antique Bronze,https://www.jaquar.com/images/thumbs/0052465_blush-deck-mounted-sensor-faucet-antique-bronze_960.jpeg,20200.00,Blush Deck Mounted Sensor faucet with Control Box (Battery Operated),https://www.jaquar.com/en/blush-deck-mounted-sensor-faucet-13?Id=4647,"Blush Sensor Faucets, SNR-ABR-51445, Antique Bronze"
Faucets,Blush Sensor Faucets,4647,Blush Deck Mounted Sensor faucet- Chrome,Variant,4654,Blush Deck Mounted Sensor faucet- Antique Copper,SNR-ACR-51445,Antique Copper,https://www.jaquar.com/images/thumbs/0055495_blush-deck-mounted-sensor-faucet-antique-copper_960.jpeg,20200.00,Blush Deck Mounted Sensor faucet with Control Box (Battery Operated),https://www.jaquar.com/en/blush-deck-mounted-sensor-faucet-13?Id=4647,"Blush Sensor Faucets, SNR-ACR-51445, Antique Copper"
Faucets,Blush Sensor Faucets,4647,Blush Deck Mounted Sensor faucet- Chrome,Variant,4654,Blush Deck Mounted Sensor faucet- Black Chrome,SNR-BCH-51445,Black Chrome,https://www.jaquar.com/images/thumbs/0055501_blush-deck-mounted-sensor-faucet-black-chrome_960.jpeg,17700.00,Blush Deck Mounted Sensor faucet with Control Box (Battery Operated),https://www.jaquar.com/en/blush-deck-mounted-sensor-faucet-13?Id=4647,"Blush Sensor Faucets, SNR-BCH-51445, Black Chrome"
Faucets,Blush Sensor Faucets,4647,Blush Deck Mounted Sensor faucet- Chrome,Variant,4654,Blush Deck Mounted Sensor faucet- Black Matt,SNR-BLM-51445,Black Matt,https://www.jaquar.com/images/thumbs/0052466_blush-deck-mounted-sensor-faucet-black-matt_960.jpeg,17700.00,Blush Deck Mounted Sensor faucet with Control Box (Battery Operated),https://www.jaquar.com/en/blush-deck-mounted-sensor-faucet-13?Id=4647,"Blush Sensor Faucets, SNR-BLM-51445, Black Matt"
Faucets,Blush Sensor Faucets,4647,Blush Deck Mounted Sensor faucet- Chrome,Variant,4654,Blush Deck Mounted Sensor faucet- Graphite,SNR-GRF-51445,Graphite,https://www.jaquar.com/images/thumbs/0055025_blush-deck-mounted-sensor-faucet-graphite_960.jpeg,20200.00,Blush Deck Mounted Sensor faucet with Control Box (Battery Operated),https://www.jaquar.com/en/blush-deck-mounted-sensor-faucet-13?Id=4647,"Blush Sensor Faucets, SNR-GRF-51445, Graphite"
Faucets,Blush Sensor Faucets,4647,Blush Deck Mounted Sensor faucet- Chrome,Variant,4654,Blush Deck Mounted Sensor faucet- Stainless Steel,SNR-SSF-51445,Stainless Steel,https://www.jaquar.com/images/thumbs/0055031_blush-deck-mounted-sensor-faucet-stainless-steel_960.jpeg,20200.00,Blush Deck Mounted Sensor faucet with Control Box (Battery Operated),https://www.jaquar.com/en/blush-deck-mounted-sensor-faucet-13?Id=4647,"Blush Sensor Faucets, SNR-SSF-51445, Stainless Steel"
Faucets,Blush Sensor Faucets,4639,Blush Deck Mounted Sensor faucet- Chrome,Parent,4654,Blush Deck Mounted Sensor faucet- Chrome,SNR-CHR-51445,Chrome,https://www.jaquar.com/images/thumbs/0023255_blush-deck-mounted-sensor-faucet-chrome_960.jpeg,12000.00,Blush Deck Mounted Sensor faucet with Control Box (Battery Operated),https://www.jaquar.com/en/blush-deck-mounted-sensor-faucet-13?Id=4639,"Blush Sensor Faucets, SNR-CHR-51445, Chrome"
Faucets,Blush Sensor Faucets,4639,Blush Deck Mounted Sensor faucet- Chrome,Variant,4654,Blush Deck Mounted Sensor faucet-Antique Bronze,SNR-ABR-51445,Antique Bronze,https://www.jaquar.com/images/thumbs/0052465_blush-deck-mounted-sensor-faucet-antique-bronze_960.jpeg,20200.00,Blush Deck Mounted Sensor faucet with Control Box (Battery Operated),https://www.jaquar.com/en/blush-deck-mounted-sensor-faucet-13?Id=4639,"Blush Sensor Faucets, SNR-ABR-51445, Antique Bronze"
Faucets,Blush Sensor Faucets,4639,Blush Deck Mounted Sensor faucet- Chrome,Variant,4654,Blush Deck Mounted Sensor faucet- Antique Copper,SNR-ACR-51445,Antique Copper,https://www.jaquar.com/images/thumbs/0055495_blush-deck-mounted-sensor-faucet-antique-copper_960.jpeg,20200.00,Blush Deck Mounted Sensor faucet with Control Box (Battery Operated),https://www.jaquar.com/en/blush-deck-mounted-sensor-faucet-13?Id=4639,"Blush Sensor Faucets, SNR-ACR-51445, Antique Copper"
Faucets,Blush Sensor Faucets,4639,Blush Deck Mounted Sensor faucet- Chrome,Variant,4654,Blush Deck Mounted Sensor faucet- Black Chrome,SNR-BCH-51445,Black Chrome,https://www.jaquar.com/images/thumbs/0055501_blush-deck-mounted-sensor-faucet-black-chrome_960.jpeg,17700.00,Blush Deck Mounted Sensor faucet with Control Box (Battery Operated),https://www.jaquar.com/en/blush-deck-mounted-sensor-faucet-13?Id=4639,"Blush Sensor Faucets, SNR-BCH-51445, Black Chrome"
Faucets,Blush Sensor Faucets,4639,Blush Deck Mounted Sensor faucet- Chrome,Variant,4654,Blush Deck Mounted Sensor faucet- Black Matt,SNR-BLM-51445,Black Matt,https://www.jaquar.com/images/thumbs/0052466_blush-deck-mounted-sensor-faucet-black-matt_960.jpeg,17700.00,Blush Deck Mounted Sensor faucet with Control Box (Battery Operated),https://www.jaquar.com/en/blush-deck-mounted-sensor-faucet-13?Id=4639,"Blush Sensor Faucets, SNR-BLM-51445, Black Matt"
Faucets,Blush Sensor Faucets,4639,Blush Deck Mounted Sensor faucet- Chrome,Variant,4654,Blush Deck Mounted Sensor faucet- Graphite,SNR-GRF-51445,Graphite,https://www.jaquar.com/images/thumbs/0055025_blush-deck-mounted-sensor-faucet-graphite_960.jpeg,20200.00,Blush Deck Mounted Sensor faucet with Control Box (Battery Operated),https://www.jaquar.com/en/blush-deck-mounted-sensor-faucet-13?Id=4639,"Blush Sensor Faucets, SNR-GRF-51445, Graphite"
Faucets,Blush Sensor Faucets,4639,Blush Deck Mounted Sensor faucet- Chrome,Variant,4654,Blush Deck Mounted Sensor faucet- Stainless Steel,SNR-SSF-51445,Stainless Steel,https://www.jaquar.com/images/thumbs/0055031_blush-deck-mounted-sensor-faucet-stainless-steel_960.jpeg,20200.00,Blush Deck Mounted Sensor faucet with Control Box (Battery Operated),https://www.jaquar.com/en/blush-deck-mounted-sensor-faucet-13?Id=4639,"Blush Sensor Faucets, SNR-SSF-51445, Stainless Steel"
Faucets,Blush Sensor Faucets,4650,Blush Deck Mounted Sensor faucet- Chrome,Parent,4654,Blush Deck Mounted Sensor faucet- Chrome,SNR-CHR-51445,Chrome,https://www.jaquar.com/images/thumbs/0023255_blush-deck-mounted-sensor-faucet-chrome_960.jpeg,12000.00,Blush Deck Mounted Sensor faucet with Control Box (Battery Operated),https://www.jaquar.com/en/blush-deck-mounted-sensor-faucet-13?Id=4650,"Blush Sensor Faucets, SNR-CHR-51445, Chrome"
Faucets,Blush Sensor Faucets,4650,Blush Deck Mounted Sensor faucet- Chrome,Variant,4654,Blush Deck Mounted Sensor faucet-Antique Bronze,SNR-ABR-51445,Antique Bronze,https://www.jaquar.com/images/thumbs/0052465_blush-deck-mounted-sensor-faucet-antique-bronze_960.jpeg,20200.00,Blush Deck Mounted Sensor faucet with Control Box (Battery Operated),https://www.jaquar.com/en/blush-deck-mounted-sensor-faucet-13?Id=4650,"Blush Sensor Faucets, SNR-ABR-51445, Antique Bronze"
Faucets,Blush Sensor Faucets,4650,Blush Deck Mounted Sensor faucet- Chrome,Variant,4654,Blush Deck Mounted Sensor faucet- Antique Copper,SNR-ACR-51445,Antique Copper,https://www.jaquar.com/images/thumbs/0055495_blush-deck-mounted-sensor-faucet-antique-copper_960.jpeg,20200.00,Blush Deck Mounted Sensor faucet with Control Box (Battery Operated),https://www.jaquar.com/en/blush-deck-mounted-sensor-faucet-13?Id=4650,"Blush Sensor Faucets, SNR-ACR-51445, Antique Copper"
Faucets,Blush Sensor Faucets,4650,Blush Deck Mounted Sensor faucet- Chrome,Variant,4654,Blush Deck Mounted Sensor faucet- Black Chrome,SNR-BCH-51445,Black Chrome,https://www.jaquar.com/images/thumbs/0055501_blush-deck-mounted-sensor-faucet-black-chrome_960.jpeg,17700.00,Blush Deck Mounted Sensor faucet with Control Box (Battery Operated),https://www.jaquar.com/en/blush-deck-mounted-sensor-faucet-13?Id=4650,"Blush Sensor Faucets, SNR-BCH-51445, Black Chrome"
Faucets,Blush Sensor Faucets,4650,Blush Deck Mounted Sensor faucet- Chrome,Variant,4654,Blush Deck Mounted Sensor faucet- Black Matt,SNR-BLM-51445,Black Matt,https://www.jaquar.com/images/thumbs/0052466_blush-deck-mounted-sensor-faucet-black-matt_960.jpeg,17700.00,Blush Deck Mounted Sensor faucet with Control Box (Battery Operated),https://www.jaquar.com/en/blush-deck-mounted-sensor-faucet-13?Id=4650,"Blush Sensor Faucets, SNR-BLM-51445, Black Matt"
Faucets,Blush Sensor Faucets,4650,Blush Deck Mounted Sensor faucet- Chrome,Variant,4654,Blush Deck Mounted Sensor faucet- Graphite,SNR-GRF-51445,Graphite,https://www.jaquar.com/images/thumbs/0055025_blush-deck-mounted-sensor-faucet-graphite_960.jpeg,20200.00,Blush Deck Mounted Sensor faucet with Control Box (Battery Operated),https://www.jaquar.com/en/blush-deck-mounted-sensor-faucet-13?Id=4650,"Blush Sensor Faucets, SNR-GRF-51445, Graphite"
Faucets,Blush Sensor Faucets,4650,Blush Deck Mounted Sensor faucet- Chrome,Variant,4654,Blush Deck Mounted Sensor faucet- Stainless Steel,SNR-SSF-51445,Stainless Steel,https://www.jaquar.com/images/thumbs/0055031_blush-deck-mounted-sensor-faucet-stainless-steel_960.jpeg,20200.00,Blush Deck Mounted Sensor faucet with Control Box (Battery Operated),https://www.jaquar.com/en/blush-deck-mounted-sensor-faucet-13?Id=4650,"Blush Sensor Faucets, SNR-SSF-51445, Stainless Steel"
Faucets,Blush Sensor Faucets,4651,Blush Deck Mounted Sensor faucet- Chrome,Parent,4654,Blush Deck Mounted Sensor faucet- Chrome,SNR-CHR-51445,Chrome,https://www.jaquar.com/images/thumbs/0023255_blush-deck-mounted-sensor-faucet-chrome_960.jpeg,12000.00,Blush Deck Mounted Sensor faucet with Control Box (Battery Operated),https://www.jaquar.com/en/blush-deck-mounted-sensor-faucet-13?Id=4651,"Blush Sensor Faucets, SNR-CHR-51445, Chrome"
Faucets,Blush Sensor Faucets,4651,Blush Deck Mounted Sensor faucet- Chrome,Variant,4654,Blush Deck Mounted Sensor faucet-Antique Bronze,SNR-ABR-51445,Antique Bronze,https://www.jaquar.com/images/thumbs/0052465_blush-deck-mounted-sensor-faucet-antique-bronze_960.jpeg,20200.00,Blush Deck Mounted Sensor faucet with Control Box (Battery Operated),https://www.jaquar.com/en/blush-deck-mounted-sensor-faucet-13?Id=4651,"Blush Sensor Faucets, SNR-ABR-51445, Antique Bronze"
Faucets,Blush Sensor Faucets,4651,Blush Deck Mounted Sensor faucet- Chrome,Variant,4654,Blush Deck Mounted Sensor faucet- Antique Copper,SNR-ACR-51445,Antique Copper,https://www.jaquar.com/images/thumbs/0055495_blush-deck-mounted-sensor-faucet-antique-copper_960.jpeg,20200.00,Blush Deck Mounted Sensor faucet with Control Box (Battery Operated),https://www.jaquar.com/en/blush-deck-mounted-sensor-faucet-13?Id=4651,"Blush Sensor Faucets, SNR-ACR-51445, Antique Copper"
Faucets,Blush Sensor Faucets,4651,Blush Deck Mounted Sensor faucet- Chrome,Variant,4654,Blush Deck Mounted Sensor faucet- Black Chrome,SNR-BCH-51445,Black Chrome,https://www.jaquar.com/images/thumbs/0055501_blush-deck-mounted-sensor-faucet-black-chrome_960.jpeg,17700.00,Blush Deck Mounted Sensor faucet with Control Box (Battery Operated),https://www.jaquar.com/en/blush-deck-mounted-sensor-faucet-13?Id=4651,"Blush Sensor Faucets, SNR-BCH-51445, Black Chrome"
Faucets,Blush Sensor Faucets,4651,Blush Deck Mounted Sensor faucet- Chrome,Variant,4654,Blush Deck Mounted Sensor faucet- Black Matt,SNR-BLM-51445,Black Matt,https://www.jaquar.com/images/thumbs/0052466_blush-deck-mounted-sensor-faucet-black-matt_960.jpeg,17700.00,Blush Deck Mounted Sensor faucet with Control Box (Battery Operated),https://www.jaquar.com/en/blush-deck-mounted-sensor-faucet-13?Id=4651,"Blush Sensor Faucets, SNR-BLM-51445, Black Matt"
Faucets,Blush Sensor Faucets,4651,Blush Deck Mounted Sensor faucet- Chrome,Variant,4654,Blush Deck Mounted Sensor faucet- Graphite,SNR-GRF-51445,Graphite,https://www.jaquar.com/images/thumbs/0055025_blush-deck-mounted-sensor-faucet-graphite_960.jpeg,20200.00,Blush Deck Mounted Sensor faucet with Control Box (Battery Operated),https://www.jaquar.com/en/blush-deck-mounted-sensor-faucet-13?Id=4651,"Blush Sensor Faucets, SNR-GRF-51445, Graphite"
Faucets,Blush Sensor Faucets,4651,Blush Deck Mounted Sensor faucet- Chrome,Variant,4654,Blush Deck Mounted Sensor faucet- Stainless Steel,SNR-SSF-51445,Stainless Steel,https://www.jaquar.com/images/thumbs/0055031_blush-deck-mounted-sensor-faucet-stainless-steel_960.jpeg,20200.00,Blush Deck Mounted Sensor faucet with Control Box (Battery Operated),https://www.jaquar.com/en/blush-deck-mounted-sensor-faucet-13?Id=4651,"Blush Sensor Faucets, SNR-SSF-51445, Stainless Steel"
Faucets,Blush Sensor Faucets,4644,Blush Deck Mounted Sensor faucet- Chrome,Parent,4654,Blush Deck Mounted Sensor faucet- Chrome,SNR-CHR-51445,Chrome,https://www.jaquar.com/images/thumbs/0023255_blush-deck-mounted-sensor-faucet-chrome_960.jpeg,12000.00,Blush Deck Mounted Sensor faucet with Control Box (Battery Operated),https://www.jaquar.com/en/blush-deck-mounted-sensor-faucet-13?Id=4644,"Blush Sensor Faucets, SNR-CHR-51445, Chrome"
Faucets,Blush Sensor Faucets,4644,Blush Deck Mounted Sensor faucet- Chrome,Variant,4654,Blush Deck Mounted Sensor faucet-Antique Bronze,SNR-ABR-51445,Antique Bronze,https://www.jaquar.com/images/thumbs/0052465_blush-deck-mounted-sensor-faucet-antique-bronze_960.jpeg,20200.00,Blush Deck Mounted Sensor faucet with Control Box (Battery Operated),https://www.jaquar.com/en/blush-deck-mounted-sensor-faucet-13?Id=4644,"Blush Sensor Faucets, SNR-ABR-51445, Antique Bronze"
Faucets,Blush Sensor Faucets,4644,Blush Deck Mounted Sensor faucet- Chrome,Variant,4654,Blush Deck Mounted Sensor faucet- Antique Copper,SNR-ACR-51445,Antique Copper,https://www.jaquar.com/images/thumbs/0055495_blush-deck-mounted-sensor-faucet-antique-copper_960.jpeg,20200.00,Blush Deck Mounted Sensor faucet with Control Box (Battery Operated),https://www.jaquar.com/en/blush-deck-mounted-sensor-faucet-13?Id=4644,"Blush Sensor Faucets, SNR-ACR-51445, Antique Copper"
Faucets,Blush Sensor Faucets,4644,Blush Deck Mounted Sensor faucet- Chrome,Variant,4654,Blush Deck Mounted Sensor faucet- Black Chrome,SNR-BCH-51445,Black Chrome,https://www.jaquar.com/images/thumbs/0055501_blush-deck-mounted-sensor-faucet-black-chrome_960.jpeg,17700.00,Blush Deck Mounted Sensor faucet with Control Box (Battery Operated),https://www.jaquar.com/en/blush-deck-mounted-sensor-faucet-13?Id=4644,"Blush Sensor Faucets, SNR-BCH-51445, Black Chrome"
Faucets,Blush Sensor Faucets,4644,Blush Deck Mounted Sensor faucet- Chrome,Variant,4654,Blush Deck Mounted Sensor faucet- Black Matt,SNR-BLM-51445,Black Matt,https://www.jaquar.com/images/thumbs/0052466_blush-deck-mounted-sensor-faucet-black-matt_960.jpeg,17700.00,Blush Deck Mounted Sensor faucet with Control Box (Battery Operated),https://www.jaquar.com/en/blush-deck-mounted-sensor-faucet-13?Id=4644,"Blush Sensor Faucets, SNR-BLM-51445, Black Matt"
Faucets,Blush Sensor Faucets,4644,Blush Deck Mounted Sensor faucet- Chrome,Variant,4654,Blush Deck Mounted Sensor faucet- Graphite,SNR-GRF-51445,Graphite,https://www.jaquar.com/images/thumbs/0055025_blush-deck-mounted-sensor-faucet-graphite_960.jpeg,20200.00,Blush Deck Mounted Sensor faucet with Control Box (Battery Operated),https://www.jaquar.com/en/blush-deck-mounted-sensor-faucet-13?Id=4644,"Blush Sensor Faucets, SNR-GRF-51445, Graphite"
Faucets,Blush Sensor Faucets,4644,Blush Deck Mounted Sensor faucet- Chrome,Variant,4654,Blush Deck Mounted Sensor faucet- Stainless Steel,SNR-SSF-51445,Stainless Steel,https://www.jaquar.com/images/thumbs/0055031_blush-deck-mounted-sensor-faucet-stainless-steel_960.jpeg,20200.00,Blush Deck Mounted Sensor faucet with Control Box (Battery Operated),https://www.jaquar.com/en/blush-deck-mounted-sensor-faucet-13?Id=4644,"Blush Sensor Faucets, SNR-SSF-51445, Stainless Steel"
Faucets,Blush Sensor Faucets,4635,Blush Wall Mounted Sensor faucet- Chrome,Parent,4666,Blush Wall Mounted Sensor faucet- Chrome,SNR-CHR-51443,Chrome,https://www.jaquar.com/images/thumbs/0023243_blush-wall-mounted-sensor-faucet-chrome_960.jpeg,12000.00,"Blush Wall Mounted Sensor faucet with Control Box (Battery Operated)
",https://www.jaquar.com/en/blush-wall-mounted-sensor-faucets?Id=4635,"Blush Sensor Faucets, SNR-CHR-51443, Chrome"
Faucets,Blush Sensor Faucets,4635,Blush Wall Mounted Sensor faucet- Chrome,Variant,4666,Blush Wall Mounted Sensor faucet-Antique Bronze,SNR-ABR-51443,Antique Bronze,https://www.jaquar.com/images/thumbs/0052461_blush-wall-mounted-sensor-faucet-antique-bronze_960.jpeg,20200.00,"Blush Wall Mounted Sensor faucet with Control Box (Battery Operated)
",https://www.jaquar.com/en/blush-wall-mounted-sensor-faucets?Id=4635,"Blush Sensor Faucets, SNR-ABR-51443, Antique Bronze"
Faucets,Blush Sensor Faucets,4635,Blush Wall Mounted Sensor faucet- Chrome,Variant,4666,Blush Wall Mounted Sensor faucet- Antique Copper,SNR-ACR-51443,Antique Copper,https://www.jaquar.com/images/thumbs/0055493_blush-wall-mounted-sensor-faucet-antique-copper_960.jpeg,20200.00,"Blush Wall Mounted Sensor faucet with Control Box (Battery Operated)
",https://www.jaquar.com/en/blush-wall-mounted-sensor-faucets?Id=4635,"Blush Sensor Faucets, SNR-ACR-51443, Antique Copper"
Faucets,Blush Sensor Faucets,4635,Blush Wall Mounted Sensor faucet- Chrome,Variant,4666,Blush Wall Mounted Sensor faucet- Black Chrome,SNR-BCH-51443,Black Chrome,https://www.jaquar.com/images/thumbs/0055499_blush-wall-mounted-sensor-faucet-black-chrome_960.jpeg,17700.00,"Blush Wall Mounted Sensor faucet with Control Box (Battery Operated)
",https://www.jaquar.com/en/blush-wall-mounted-sensor-faucets?Id=4635,"Blush Sensor Faucets, SNR-BCH-51443, Black Chrome"
Faucets,Blush Sensor Faucets,4635,Blush Wall Mounted Sensor faucet- Chrome,Variant,4666,Blush Wall Mounted Sensor faucet- Black Matt,SNR-BLM-51443,Black Matt,https://www.jaquar.com/images/thumbs/0052462_blush-wall-mounted-sensor-faucet-black-matt_960.jpeg,17700.00,"Blush Wall Mounted Sensor faucet with Control Box (Battery Operated)
",https://www.jaquar.com/en/blush-wall-mounted-sensor-faucets?Id=4635,"Blush Sensor Faucets, SNR-BLM-51443, Black Matt"
Faucets,Blush Sensor Faucets,4635,Blush Wall Mounted Sensor faucet- Chrome,Variant,4666,Blush Wall Mounted Sensor faucet- Graphite,SNR-GRF-51443,Graphite,https://www.jaquar.com/images/thumbs/0055023_blush-wall-mounted-sensor-faucet-graphite_960.jpeg,20200.00,"Blush Wall Mounted Sensor faucet with Control Box (Battery Operated)
",https://www.jaquar.com/en/blush-wall-mounted-sensor-faucets?Id=4635,"Blush Sensor Faucets, SNR-GRF-51443, Graphite"
Faucets,Blush Sensor Faucets,4635,Blush Wall Mounted Sensor faucet- Chrome,Variant,4666,Blush Wall Mounted Sensor faucet- Stainless Steel,SNR-SSF-51443,Stainless Steel,https://www.jaquar.com/images/thumbs/0055029_blush-wall-mounted-sensor-faucet-stainless-steel_960.jpeg,20200.00,"Blush Wall Mounted Sensor faucet with Control Box (Battery Operated)
",https://www.jaquar.com/en/blush-wall-mounted-sensor-faucets?Id=4635,"Blush Sensor Faucets, SNR-SSF-51443, Stainless Steel"
Faucets,Blush Sensor Faucets,4687,Blush Tall Boy Deck Mounted Sensor faucet- Chrome,Parent,4686,Blush Tall Boy Deck Mounted Sensor faucet- Chrome,SNR-CHR-51449PK,Chrome,https://www.jaquar.com/images/thumbs/0055013_blush-tall-boy-deck-mounted-sensor-faucet-chrome_960.jpeg,13150.00,Blush Tall Boy Deck Mounted Sensor faucet with Control Box & Pre-mixed Water Supply Kit (Battery Operated),https://www.jaquar.com/en/blush-tall-boy-deck-mounted-sensor-faucet-water-supply-kit?Id=4687,"Blush Sensor Faucets, SNR-CHR-51449PK, Chrome"
Faucets,Blush Sensor Faucets,4687,Blush Tall Boy Deck Mounted Sensor faucet- Chrome,Variant,4686,Blush Tall Boy Deck Mounted Sensor faucet-Antique Bronze,SNR-ABR-51449PK,Antique Bronze,https://www.jaquar.com/images/thumbs/0052472_blush-tall-boy-deck-mounted-sensor-faucet-antique-bronze_960.jpeg,22200.00,Blush Tall Boy Deck Mounted Sensor faucet with Control Box & Pre-mixed Water Supply Kit (Battery Operated),https://www.jaquar.com/en/blush-tall-boy-deck-mounted-sensor-faucet-water-supply-kit?Id=4687,"Blush Sensor Faucets, SNR-ABR-51449PK, Antique Bronze"
Faucets,Blush Sensor Faucets,4687,Blush Tall Boy Deck Mounted Sensor faucet- Chrome,Variant,4686,Blush Tall Boy Deck Mounted Sensor faucet- Antique Copper,SNR-ACR-51449PK,Antique Copper,https://www.jaquar.com/images/thumbs/0055498_blush-tall-boy-deck-mounted-sensor-faucet-antique-copper_960.jpeg,22200.00,Blush Tall Boy Deck Mounted Sensor faucet with Control Box & Pre-mixed Water Supply Kit (Battery Operated),https://www.jaquar.com/en/blush-tall-boy-deck-mounted-sensor-faucet-water-supply-kit?Id=4687,"Blush Sensor Faucets, SNR-ACR-51449PK, Antique Copper"
Faucets,Blush Sensor Faucets,4687,Blush Tall Boy Deck Mounted Sensor faucet- Chrome,Variant,4686,Blush Tall Boy Deck Mounted Sensor faucet- Black Chrome,SNR-BCH-51449PK,Black Chrome,https://www.jaquar.com/images/thumbs/0055504_blush-tall-boy-deck-mounted-sensor-faucet-black-chrome_960.jpeg,19400.00,"Blush Tall Boy Deck Mounted Sensor faucet with Control Box (Battery Operated)
",https://www.jaquar.com/en/blush-tall-boy-deck-mounted-sensor-faucet-water-supply-kit?Id=4687,"Blush Sensor Faucets, SNR-BCH-51449PK, Black Chrome"
Faucets,Blush Sensor Faucets,4687,Blush Tall Boy Deck Mounted Sensor faucet- Chrome,Variant,4686,Blush Tall Boy Deck Mounted Sensor faucet- Black Matt,SNR-BLM-51449PK,Black Matt,https://www.jaquar.com/images/thumbs/0052471_blush-tall-boy-deck-mounted-sensor-faucet-black-matt_960.jpeg,19400.00,Blush Tall Boy Deck Mounted Sensor faucet with Control Box & Pre-mixed Water Supply Kit (Battery Operated),https://www.jaquar.com/en/blush-tall-boy-deck-mounted-sensor-faucet-water-supply-kit?Id=4687,"Blush Sensor Faucets, SNR-BLM-51449PK, Black Matt"
Faucets,Blush Sensor Faucets,4687,Blush Tall Boy Deck Mounted Sensor faucet- Chrome,Variant,4686,Blush Tall Boy Deck Mounted Sensor faucet- Graphite,SNR-GRF-51449PK,Graphite,https://www.jaquar.com/images/thumbs/0055028_blush-tall-boy-deck-mounted-sensor-faucet-graphite_960.jpeg,22200.00,Blush Tall Boy Deck Mounted Sensor faucet with Control Box & Pre-mixed Water Supply Kit (Battery Operated),https://www.jaquar.com/en/blush-tall-boy-deck-mounted-sensor-faucet-water-supply-kit?Id=4687,"Blush Sensor Faucets, SNR-GRF-51449PK, Graphite"
Faucets,Blush Sensor Faucets,4687,Blush Tall Boy Deck Mounted Sensor faucet- Chrome,Variant,4686,Blush Tall Boy Deck Mounted Sensor faucet- Stainless Steel,SNR-SSF-51449PK,Stainless Steel,https://www.jaquar.com/images/thumbs/0055034_blush-tall-boy-deck-mounted-sensor-faucet-stainless-steel_960.jpeg,22200.00,Blush Tall Boy Deck Mounted Sensor faucet with Control Box & Pre-mixed Water Supply Kit (Battery Operated),https://www.jaquar.com/en/blush-tall-boy-deck-mounted-sensor-faucet-water-supply-kit?Id=4687,"Blush Sensor Faucets, SNR-SSF-51449PK, Stainless Steel"
Faucets,Blush Sensor Faucets,4659,Blush Tall Boy Deck Mounted Sensor faucet- Chrome,Parent,4686,Blush Tall Boy Deck Mounted Sensor faucet- Chrome,SNR-CHR-51449PK,Chrome,https://www.jaquar.com/images/thumbs/0055013_blush-tall-boy-deck-mounted-sensor-faucet-chrome_960.jpeg,13150.00,Blush Tall Boy Deck Mounted Sensor faucet with Control Box & Pre-mixed Water Supply Kit (Battery Operated),https://www.jaquar.com/en/blush-tall-boy-deck-mounted-sensor-faucet-water-supply-kit?Id=4659,"Blush Sensor Faucets, SNR-CHR-51449PK, Chrome"
Faucets,Blush Sensor Faucets,4659,Blush Tall Boy Deck Mounted Sensor faucet- Chrome,Variant,4686,Blush Tall Boy Deck Mounted Sensor faucet-Antique Bronze,SNR-ABR-51449PK,Antique Bronze,https://www.jaquar.com/images/thumbs/0052472_blush-tall-boy-deck-mounted-sensor-faucet-antique-bronze_960.jpeg,22200.00,Blush Tall Boy Deck Mounted Sensor faucet with Control Box & Pre-mixed Water Supply Kit (Battery Operated),https://www.jaquar.com/en/blush-tall-boy-deck-mounted-sensor-faucet-water-supply-kit?Id=4659,"Blush Sensor Faucets, SNR-ABR-51449PK, Antique Bronze"
Faucets,Blush Sensor Faucets,4659,Blush Tall Boy Deck Mounted Sensor faucet- Chrome,Variant,4686,Blush Tall Boy Deck Mounted Sensor faucet- Antique Copper,SNR-ACR-51449PK,Antique Copper,https://www.jaquar.com/images/thumbs/0055498_blush-tall-boy-deck-mounted-sensor-faucet-antique-copper_960.jpeg,22200.00,Blush Tall Boy Deck Mounted Sensor faucet with Control Box & Pre-mixed Water Supply Kit (Battery Operated),https://www.jaquar.com/en/blush-tall-boy-deck-mounted-sensor-faucet-water-supply-kit?Id=4659,"Blush Sensor Faucets, SNR-ACR-51449PK, Antique Copper"
Faucets,Blush Sensor Faucets,4659,Blush Tall Boy Deck Mounted Sensor faucet- Chrome,Variant,4686,Blush Tall Boy Deck Mounted Sensor faucet- Black Chrome,SNR-BCH-51449PK,Black Chrome,https://www.jaquar.com/images/thumbs/0055504_blush-tall-boy-deck-mounted-sensor-faucet-black-chrome_960.jpeg,19400.00,"Blush Tall Boy Deck Mounted Sensor faucet with Control Box (Battery Operated)
",https://www.jaquar.com/en/blush-tall-boy-deck-mounted-sensor-faucet-water-supply-kit?Id=4659,"Blush Sensor Faucets, SNR-BCH-51449PK, Black Chrome"
Faucets,Blush Sensor Faucets,4659,Blush Tall Boy Deck Mounted Sensor faucet- Chrome,Variant,4686,Blush Tall Boy Deck Mounted Sensor faucet- Black Matt,SNR-BLM-51449PK,Black Matt,https://www.jaquar.com/images/thumbs/0052471_blush-tall-boy-deck-mounted-sensor-faucet-black-matt_960.jpeg,19400.00,Blush Tall Boy Deck Mounted Sensor faucet with Control Box & Pre-mixed Water Supply Kit (Battery Operated),https://www.jaquar.com/en/blush-tall-boy-deck-mounted-sensor-faucet-water-supply-kit?Id=4659,"Blush Sensor Faucets, SNR-BLM-51449PK, Black Matt"
Faucets,Blush Sensor Faucets,4659,Blush Tall Boy Deck Mounted Sensor faucet- Chrome,Variant,4686,Blush Tall Boy Deck Mounted Sensor faucet- Graphite,SNR-GRF-51449PK,Graphite,https://www.jaquar.com/images/thumbs/0055028_blush-tall-boy-deck-mounted-sensor-faucet-graphite_960.jpeg,22200.00,Blush Tall Boy Deck Mounted Sensor faucet with Control Box & Pre-mixed Water Supply Kit (Battery Operated),https://www.jaquar.com/en/blush-tall-boy-deck-mounted-sensor-faucet-water-supply-kit?Id=4659,"Blush Sensor Faucets, SNR-GRF-51449PK, Graphite"
Faucets,Blush Sensor Faucets,4659,Blush Tall Boy Deck Mounted Sensor faucet- Chrome,Variant,4686,Blush Tall Boy Deck Mounted Sensor faucet- Stainless Steel,SNR-SSF-51449PK,Stainless Steel,https://www.jaquar.com/images/thumbs/0055034_blush-tall-boy-deck-mounted-sensor-faucet-stainless-steel_960.jpeg,22200.00,Blush Tall Boy Deck Mounted Sensor faucet with Control Box & Pre-mixed Water Supply Kit (Battery Operated),https://www.jaquar.com/en/blush-tall-boy-deck-mounted-sensor-faucet-water-supply-kit?Id=4659,"Blush Sensor Faucets, SNR-SSF-51449PK, Stainless Steel"
Faucets,Blush Sensor Faucets,4689,Blush Tall Boy Deck Mounted Sensor faucet- Chrome,Parent,4686,Blush Tall Boy Deck Mounted Sensor faucet- Chrome,SNR-CHR-51449PK,Chrome,https://www.jaquar.com/images/thumbs/0055013_blush-tall-boy-deck-mounted-sensor-faucet-chrome_960.jpeg,13150.00,Blush Tall Boy Deck Mounted Sensor faucet with Control Box & Pre-mixed Water Supply Kit (Battery Operated),https://www.jaquar.com/en/blush-tall-boy-deck-mounted-sensor-faucet-water-supply-kit?Id=4689,"Blush Sensor Faucets, SNR-CHR-51449PK, Chrome"
Faucets,Blush Sensor Faucets,4689,Blush Tall Boy Deck Mounted Sensor faucet- Chrome,Variant,4686,Blush Tall Boy Deck Mounted Sensor faucet-Antique Bronze,SNR-ABR-51449PK,Antique Bronze,https://www.jaquar.com/images/thumbs/0052472_blush-tall-boy-deck-mounted-sensor-faucet-antique-bronze_960.jpeg,22200.00,Blush Tall Boy Deck Mounted Sensor faucet with Control Box & Pre-mixed Water Supply Kit (Battery Operated),https://www.jaquar.com/en/blush-tall-boy-deck-mounted-sensor-faucet-water-supply-kit?Id=4689,"Blush Sensor Faucets, SNR-ABR-51449PK, Antique Bronze"
Faucets,Blush Sensor Faucets,4689,Blush Tall Boy Deck Mounted Sensor faucet- Chrome,Variant,4686,Blush Tall Boy Deck Mounted Sensor faucet- Antique Copper,SNR-ACR-51449PK,Antique Copper,https://www.jaquar.com/images/thumbs/0055498_blush-tall-boy-deck-mounted-sensor-faucet-antique-copper_960.jpeg,22200.00,Blush Tall Boy Deck Mounted Sensor faucet with Control Box & Pre-mixed Water Supply Kit (Battery Operated),https://www.jaquar.com/en/blush-tall-boy-deck-mounted-sensor-faucet-water-supply-kit?Id=4689,"Blush Sensor Faucets, SNR-ACR-51449PK, Antique Copper"
Faucets,Blush Sensor Faucets,4689,Blush Tall Boy Deck Mounted Sensor faucet- Chrome,Variant,4686,Blush Tall Boy Deck Mounted Sensor faucet- Black Chrome,SNR-BCH-51449PK,Black Chrome,https://www.jaquar.com/images/thumbs/0055504_blush-tall-boy-deck-mounted-sensor-faucet-black-chrome_960.jpeg,19400.00,"Blush Tall Boy Deck Mounted Sensor faucet with Control Box (Battery Operated)
",https://www.jaquar.com/en/blush-tall-boy-deck-mounted-sensor-faucet-water-supply-kit?Id=4689,"Blush Sensor Faucets, SNR-BCH-51449PK, Black Chrome"
Faucets,Blush Sensor Faucets,4689,Blush Tall Boy Deck Mounted Sensor faucet- Chrome,Variant,4686,Blush Tall Boy Deck Mounted Sensor faucet- Black Matt,SNR-BLM-51449PK,Black Matt,https://www.jaquar.com/images/thumbs/0052471_blush-tall-boy-deck-mounted-sensor-faucet-black-matt_960.jpeg,19400.00,Blush Tall Boy Deck Mounted Sensor faucet with Control Box & Pre-mixed Water Supply Kit (Battery Operated),https://www.jaquar.com/en/blush-tall-boy-deck-mounted-sensor-faucet-water-supply-kit?Id=4689,"Blush Sensor Faucets, SNR-BLM-51449PK, Black Matt"
Faucets,Blush Sensor Faucets,4689,Blush Tall Boy Deck Mounted Sensor faucet- Chrome,Variant,4686,Blush Tall Boy Deck Mounted Sensor faucet- Graphite,SNR-GRF-51449PK,Graphite,https://www.jaquar.com/images/thumbs/0055028_blush-tall-boy-deck-mounted-sensor-faucet-graphite_960.jpeg,22200.00,Blush Tall Boy Deck Mounted Sensor faucet with Control Box & Pre-mixed Water Supply Kit (Battery Operated),https://www.jaquar.com/en/blush-tall-boy-deck-mounted-sensor-faucet-water-supply-kit?Id=4689,"Blush Sensor Faucets, SNR-GRF-51449PK, Graphite"
Faucets,Blush Sensor Faucets,4689,Blush Tall Boy Deck Mounted Sensor faucet- Chrome,Variant,4686,Blush Tall Boy Deck Mounted Sensor faucet- Stainless Steel,SNR-SSF-51449PK,Stainless Steel,https://www.jaquar.com/images/thumbs/0055034_blush-tall-boy-deck-mounted-sensor-faucet-stainless-steel_960.jpeg,22200.00,Blush Tall Boy Deck Mounted Sensor faucet with Control Box & Pre-mixed Water Supply Kit (Battery Operated),https://www.jaquar.com/en/blush-tall-boy-deck-mounted-sensor-faucet-water-supply-kit?Id=4689,"Blush Sensor Faucets, SNR-SSF-51449PK, Stainless Steel"
Faucets,Blush Sensor Faucets,4638,Blush Tall Boy Deck Mounted Sensor faucet- Chrome,Parent,4686,Blush Tall Boy Deck Mounted Sensor faucet- Chrome,SNR-CHR-51449PK,Chrome,https://www.jaquar.com/images/thumbs/0055013_blush-tall-boy-deck-mounted-sensor-faucet-chrome_960.jpeg,13150.00,Blush Tall Boy Deck Mounted Sensor faucet with Control Box & Pre-mixed Water Supply Kit (Battery Operated),https://www.jaquar.com/en/blush-tall-boy-deck-mounted-sensor-faucet-water-supply-kit?Id=4638,"Blush Sensor Faucets, SNR-CHR-51449PK, Chrome"
Faucets,Blush Sensor Faucets,4638,Blush Tall Boy Deck Mounted Sensor faucet- Chrome,Variant,4686,Blush Tall Boy Deck Mounted Sensor faucet-Antique Bronze,SNR-ABR-51449PK,Antique Bronze,https://www.jaquar.com/images/thumbs/0052472_blush-tall-boy-deck-mounted-sensor-faucet-antique-bronze_960.jpeg,22200.00,Blush Tall Boy Deck Mounted Sensor faucet with Control Box & Pre-mixed Water Supply Kit (Battery Operated),https://www.jaquar.com/en/blush-tall-boy-deck-mounted-sensor-faucet-water-supply-kit?Id=4638,"Blush Sensor Faucets, SNR-ABR-51449PK, Antique Bronze"
Faucets,Blush Sensor Faucets,4638,Blush Tall Boy Deck Mounted Sensor faucet- Chrome,Variant,4686,Blush Tall Boy Deck Mounted Sensor faucet- Antique Copper,SNR-ACR-51449PK,Antique Copper,https://www.jaquar.com/images/thumbs/0055498_blush-tall-boy-deck-mounted-sensor-faucet-antique-copper_960.jpeg,22200.00,Blush Tall Boy Deck Mounted Sensor faucet with Control Box & Pre-mixed Water Supply Kit (Battery Operated),https://www.jaquar.com/en/blush-tall-boy-deck-mounted-sensor-faucet-water-supply-kit?Id=4638,"Blush Sensor Faucets, SNR-ACR-51449PK, Antique Copper"
Faucets,Blush Sensor Faucets,4638,Blush Tall Boy Deck Mounted Sensor faucet- Chrome,Variant,4686,Blush Tall Boy Deck Mounted Sensor faucet- Black Chrome,SNR-BCH-51449PK,Black Chrome,https://www.jaquar.com/images/thumbs/0055504_blush-tall-boy-deck-mounted-sensor-faucet-black-chrome_960.jpeg,19400.00,"Blush Tall Boy Deck Mounted Sensor faucet with Control Box (Battery Operated)
",https://www.jaquar.com/en/blush-tall-boy-deck-mounted-sensor-faucet-water-supply-kit?Id=4638,"Blush Sensor Faucets, SNR-BCH-51449PK, Black Chrome"
Faucets,Blush Sensor Faucets,4638,Blush Tall Boy Deck Mounted Sensor faucet- Chrome,Variant,4686,Blush Tall Boy Deck Mounted Sensor faucet- Black Matt,SNR-BLM-51449PK,Black Matt,https://www.jaquar.com/images/thumbs/0052471_blush-tall-boy-deck-mounted-sensor-faucet-black-matt_960.jpeg,19400.00,Blush Tall Boy Deck Mounted Sensor faucet with Control Box & Pre-mixed Water Supply Kit (Battery Operated),https://www.jaquar.com/en/blush-tall-boy-deck-mounted-sensor-faucet-water-supply-kit?Id=4638,"Blush Sensor Faucets, SNR-BLM-51449PK, Black Matt"
Faucets,Blush Sensor Faucets,4638,Blush Tall Boy Deck Mounted Sensor faucet- Chrome,Variant,4686,Blush Tall Boy Deck Mounted Sensor faucet- Graphite,SNR-GRF-51449PK,Graphite,https://www.jaquar.com/images/thumbs/0055028_blush-tall-boy-deck-mounted-sensor-faucet-graphite_960.jpeg,22200.00,Blush Tall Boy Deck Mounted Sensor faucet with Control Box & Pre-mixed Water Supply Kit (Battery Operated),https://www.jaquar.com/en/blush-tall-boy-deck-mounted-sensor-faucet-water-supply-kit?Id=4638,"Blush Sensor Faucets, SNR-GRF-51449PK, Graphite"
Faucets,Blush Sensor Faucets,4638,Blush Tall Boy Deck Mounted Sensor faucet- Chrome,Variant,4686,Blush Tall Boy Deck Mounted Sensor faucet- Stainless Steel,SNR-SSF-51449PK,Stainless Steel,https://www.jaquar.com/images/thumbs/0055034_blush-tall-boy-deck-mounted-sensor-faucet-stainless-steel_960.jpeg,22200.00,Blush Tall Boy Deck Mounted Sensor faucet with Control Box & Pre-mixed Water Supply Kit (Battery Operated),https://www.jaquar.com/en/blush-tall-boy-deck-mounted-sensor-faucet-water-supply-kit?Id=4638,"Blush Sensor Faucets, SNR-SSF-51449PK, Stainless Steel"
Faucets,Blush Sensor Faucets,4692,Blush Tall Boy Deck Mounted Sensor faucet- Chrome,Parent,4686,Blush Tall Boy Deck Mounted Sensor faucet- Chrome,SNR-CHR-51449PK,Chrome,https://www.jaquar.com/images/thumbs/0055013_blush-tall-boy-deck-mounted-sensor-faucet-chrome_960.jpeg,13150.00,Blush Tall Boy Deck Mounted Sensor faucet with Control Box & Pre-mixed Water Supply Kit (Battery Operated),https://www.jaquar.com/en/blush-tall-boy-deck-mounted-sensor-faucet-water-supply-kit?Id=4692,"Blush Sensor Faucets, SNR-CHR-51449PK, Chrome"
Faucets,Blush Sensor Faucets,4692,Blush Tall Boy Deck Mounted Sensor faucet- Chrome,Variant,4686,Blush Tall Boy Deck Mounted Sensor faucet-Antique Bronze,SNR-ABR-51449PK,Antique Bronze,https://www.jaquar.com/images/thumbs/0052472_blush-tall-boy-deck-mounted-sensor-faucet-antique-bronze_960.jpeg,22200.00,Blush Tall Boy Deck Mounted Sensor faucet with Control Box & Pre-mixed Water Supply Kit (Battery Operated),https://www.jaquar.com/en/blush-tall-boy-deck-mounted-sensor-faucet-water-supply-kit?Id=4692,"Blush Sensor Faucets, SNR-ABR-51449PK, Antique Bronze"
Faucets,Blush Sensor Faucets,4692,Blush Tall Boy Deck Mounted Sensor faucet- Chrome,Variant,4686,Blush Tall Boy Deck Mounted Sensor faucet- Antique Copper,SNR-ACR-51449PK,Antique Copper,https://www.jaquar.com/images/thumbs/0055498_blush-tall-boy-deck-mounted-sensor-faucet-antique-copper_960.jpeg,22200.00,Blush Tall Boy Deck Mounted Sensor faucet with Control Box & Pre-mixed Water Supply Kit (Battery Operated),https://www.jaquar.com/en/blush-tall-boy-deck-mounted-sensor-faucet-water-supply-kit?Id=4692,"Blush Sensor Faucets, SNR-ACR-51449PK, Antique Copper"
Faucets,Blush Sensor Faucets,4692,Blush Tall Boy Deck Mounted Sensor faucet- Chrome,Variant,4686,Blush Tall Boy Deck Mounted Sensor faucet- Black Chrome,SNR-BCH-51449PK,Black Chrome,https://www.jaquar.com/images/thumbs/0055504_blush-tall-boy-deck-mounted-sensor-faucet-black-chrome_960.jpeg,19400.00,"Blush Tall Boy Deck Mounted Sensor faucet with Control Box (Battery Operated)
",https://www.jaquar.com/en/blush-tall-boy-deck-mounted-sensor-faucet-water-supply-kit?Id=4692,"Blush Sensor Faucets, SNR-BCH-51449PK, Black Chrome"
Faucets,Blush Sensor Faucets,4692,Blush Tall Boy Deck Mounted Sensor faucet- Chrome,Variant,4686,Blush Tall Boy Deck Mounted Sensor faucet- Black Matt,SNR-BLM-51449PK,Black Matt,https://www.jaquar.com/images/thumbs/0052471_blush-tall-boy-deck-mounted-sensor-faucet-black-matt_960.jpeg,19400.00,Blush Tall Boy Deck Mounted Sensor faucet with Control Box & Pre-mixed Water Supply Kit (Battery Operated),https://www.jaquar.com/en/blush-tall-boy-deck-mounted-sensor-faucet-water-supply-kit?Id=4692,"Blush Sensor Faucets, SNR-BLM-51449PK, Black Matt"
Faucets,Blush Sensor Faucets,4692,Blush Tall Boy Deck Mounted Sensor faucet- Chrome,Variant,4686,Blush Tall Boy Deck Mounted Sensor faucet- Graphite,SNR-GRF-51449PK,Graphite,https://www.jaquar.com/images/thumbs/0055028_blush-tall-boy-deck-mounted-sensor-faucet-graphite_960.jpeg,22200.00,Blush Tall Boy Deck Mounted Sensor faucet with Control Box & Pre-mixed Water Supply Kit (Battery Operated),https://www.jaquar.com/en/blush-tall-boy-deck-mounted-sensor-faucet-water-supply-kit?Id=4692,"Blush Sensor Faucets, SNR-GRF-51449PK, Graphite"
Faucets,Blush Sensor Faucets,4692,Blush Tall Boy Deck Mounted Sensor faucet- Chrome,Variant,4686,Blush Tall Boy Deck Mounted Sensor faucet- Stainless Steel,SNR-SSF-51449PK,Stainless Steel,https://www.jaquar.com/images/thumbs/0055034_blush-tall-boy-deck-mounted-sensor-faucet-stainless-steel_960.jpeg,22200.00,Blush Tall Boy Deck Mounted Sensor faucet with Control Box & Pre-mixed Water Supply Kit (Battery Operated),https://www.jaquar.com/en/blush-tall-boy-deck-mounted-sensor-faucet-water-supply-kit?Id=4692,"Blush Sensor Faucets, SNR-SSF-51449PK, Stainless Steel"
Faucets,Blush Sensor Faucets,4693,Blush Tall Boy Deck Mounted Sensor faucet- Chrome,Parent,4686,Blush Tall Boy Deck Mounted Sensor faucet- Chrome,SNR-CHR-51449PK,Chrome,https://www.jaquar.com/images/thumbs/0055013_blush-tall-boy-deck-mounted-sensor-faucet-chrome_960.jpeg,13150.00,Blush Tall Boy Deck Mounted Sensor faucet with Control Box & Pre-mixed Water Supply Kit (Battery Operated),https://www.jaquar.com/en/blush-tall-boy-deck-mounted-sensor-faucet-water-supply-kit?Id=4693,"Blush Sensor Faucets, SNR-CHR-51449PK, Chrome"
Faucets,Blush Sensor Faucets,4693,Blush Tall Boy Deck Mounted Sensor faucet- Chrome,Variant,4686,Blush Tall Boy Deck Mounted Sensor faucet-Antique Bronze,SNR-ABR-51449PK,Antique Bronze,https://www.jaquar.com/images/thumbs/0052472_blush-tall-boy-deck-mounted-sensor-faucet-antique-bronze_960.jpeg,22200.00,Blush Tall Boy Deck Mounted Sensor faucet with Control Box & Pre-mixed Water Supply Kit (Battery Operated),https://www.jaquar.com/en/blush-tall-boy-deck-mounted-sensor-faucet-water-supply-kit?Id=4693,"Blush Sensor Faucets, SNR-ABR-51449PK, Antique Bronze"
Faucets,Blush Sensor Faucets,4693,Blush Tall Boy Deck Mounted Sensor faucet- Chrome,Variant,4686,Blush Tall Boy Deck Mounted Sensor faucet- Antique Copper,SNR-ACR-51449PK,Antique Copper,https://www.jaquar.com/images/thumbs/0055498_blush-tall-boy-deck-mounted-sensor-faucet-antique-copper_960.jpeg,22200.00,Blush Tall Boy Deck Mounted Sensor faucet with Control Box & Pre-mixed Water Supply Kit (Battery Operated),https://www.jaquar.com/en/blush-tall-boy-deck-mounted-sensor-faucet-water-supply-kit?Id=4693,"Blush Sensor Faucets, SNR-ACR-51449PK, Antique Copper"
Faucets,Blush Sensor Faucets,4693,Blush Tall Boy Deck Mounted Sensor faucet- Chrome,Variant,4686,Blush Tall Boy Deck Mounted Sensor faucet- Black Chrome,SNR-BCH-51449PK,Black Chrome,https://www.jaquar.com/images/thumbs/0055504_blush-tall-boy-deck-mounted-sensor-faucet-black-chrome_960.jpeg,19400.00,"Blush Tall Boy Deck Mounted Sensor faucet with Control Box (Battery Operated)
",https://www.jaquar.com/en/blush-tall-boy-deck-mounted-sensor-faucet-water-supply-kit?Id=4693,"Blush Sensor Faucets, SNR-BCH-51449PK, Black Chrome"
Faucets,Blush Sensor Faucets,4693,Blush Tall Boy Deck Mounted Sensor faucet- Chrome,Variant,4686,Blush Tall Boy Deck Mounted Sensor faucet- Black Matt,SNR-BLM-51449PK,Black Matt,https://www.jaquar.com/images/thumbs/0052471_blush-tall-boy-deck-mounted-sensor-faucet-black-matt_960.jpeg,19400.00,Blush Tall Boy Deck Mounted Sensor faucet with Control Box & Pre-mixed Water Supply Kit (Battery Operated),https://www.jaquar.com/en/blush-tall-boy-deck-mounted-sensor-faucet-water-supply-kit?Id=4693,"Blush Sensor Faucets, SNR-BLM-51449PK, Black Matt"
Faucets,Blush Sensor Faucets,4693,Blush Tall Boy Deck Mounted Sensor faucet- Chrome,Variant,4686,Blush Tall Boy Deck Mounted Sensor faucet- Graphite,SNR-GRF-51449PK,Graphite,https://www.jaquar.com/images/thumbs/0055028_blush-tall-boy-deck-mounted-sensor-faucet-graphite_960.jpeg,22200.00,Blush Tall Boy Deck Mounted Sensor faucet with Control Box & Pre-mixed Water Supply Kit (Battery Operated),https://www.jaquar.com/en/blush-tall-boy-deck-mounted-sensor-faucet-water-supply-kit?Id=4693,"Blush Sensor Faucets, SNR-GRF-51449PK, Graphite"
Faucets,Blush Sensor Faucets,4693,Blush Tall Boy Deck Mounted Sensor faucet- Chrome,Variant,4686,Blush Tall Boy Deck Mounted Sensor faucet- Stainless Steel,SNR-SSF-51449PK,Stainless Steel,https://www.jaquar.com/images/thumbs/0055034_blush-tall-boy-deck-mounted-sensor-faucet-stainless-steel_960.jpeg,22200.00,Blush Tall Boy Deck Mounted Sensor faucet with Control Box & Pre-mixed Water Supply Kit (Battery Operated),https://www.jaquar.com/en/blush-tall-boy-deck-mounted-sensor-faucet-water-supply-kit?Id=4693,"Blush Sensor Faucets, SNR-SSF-51449PK, Stainless Steel"
Faucets,Blush Sensor Faucets,4695,Blush Tall Boy Deck Mounted Sensor faucet- Chrome,Parent,4686,Blush Tall Boy Deck Mounted Sensor faucet- Chrome,SNR-CHR-51449PK,Chrome,https://www.jaquar.com/images/thumbs/0055013_blush-tall-boy-deck-mounted-sensor-faucet-chrome_960.jpeg,13150.00,Blush Tall Boy Deck Mounted Sensor faucet with Control Box & Pre-mixed Water Supply Kit (Battery Operated),https://www.jaquar.com/en/blush-tall-boy-deck-mounted-sensor-faucet-water-supply-kit?Id=4695,"Blush Sensor Faucets, SNR-CHR-51449PK, Chrome"
Faucets,Blush Sensor Faucets,4695,Blush Tall Boy Deck Mounted Sensor faucet- Chrome,Variant,4686,Blush Tall Boy Deck Mounted Sensor faucet-Antique Bronze,SNR-ABR-51449PK,Antique Bronze,https://www.jaquar.com/images/thumbs/0052472_blush-tall-boy-deck-mounted-sensor-faucet-antique-bronze_960.jpeg,22200.00,Blush Tall Boy Deck Mounted Sensor faucet with Control Box & Pre-mixed Water Supply Kit (Battery Operated),https://www.jaquar.com/en/blush-tall-boy-deck-mounted-sensor-faucet-water-supply-kit?Id=4695,"Blush Sensor Faucets, SNR-ABR-51449PK, Antique Bronze"
Faucets,Blush Sensor Faucets,4695,Blush Tall Boy Deck Mounted Sensor faucet- Chrome,Variant,4686,Blush Tall Boy Deck Mounted Sensor faucet- Antique Copper,SNR-ACR-51449PK,Antique Copper,https://www.jaquar.com/images/thumbs/0055498_blush-tall-boy-deck-mounted-sensor-faucet-antique-copper_960.jpeg,22200.00,Blush Tall Boy Deck Mounted Sensor faucet with Control Box & Pre-mixed Water Supply Kit (Battery Operated),https://www.jaquar.com/en/blush-tall-boy-deck-mounted-sensor-faucet-water-supply-kit?Id=4695,"Blush Sensor Faucets, SNR-ACR-51449PK, Antique Copper"
Faucets,Blush Sensor Faucets,4695,Blush Tall Boy Deck Mounted Sensor faucet- Chrome,Variant,4686,Blush Tall Boy Deck Mounted Sensor faucet- Black Chrome,SNR-BCH-51449PK,Black Chrome,https://www.jaquar.com/images/thumbs/0055504_blush-tall-boy-deck-mounted-sensor-faucet-black-chrome_960.jpeg,19400.00,"Blush Tall Boy Deck Mounted Sensor faucet with Control Box (Battery Operated)
",https://www.jaquar.com/en/blush-tall-boy-deck-mounted-sensor-faucet-water-supply-kit?Id=4695,"Blush Sensor Faucets, SNR-BCH-51449PK, Black Chrome"
Faucets,Blush Sensor Faucets,4695,Blush Tall Boy Deck Mounted Sensor faucet- Chrome,Variant,4686,Blush Tall Boy Deck Mounted Sensor faucet- Black Matt,SNR-BLM-51449PK,Black Matt,https://www.jaquar.com/images/thumbs/0052471_blush-tall-boy-deck-mounted-sensor-faucet-black-matt_960.jpeg,19400.00,Blush Tall Boy Deck Mounted Sensor faucet with Control Box & Pre-mixed Water Supply Kit (Battery Operated),https://www.jaquar.com/en/blush-tall-boy-deck-mounted-sensor-faucet-water-supply-kit?Id=4695,"Blush Sensor Faucets, SNR-BLM-51449PK, Black Matt"
Faucets,Blush Sensor Faucets,4695,Blush Tall Boy Deck Mounted Sensor faucet- Chrome,Variant,4686,Blush Tall Boy Deck Mounted Sensor faucet- Graphite,SNR-GRF-51449PK,Graphite,https://www.jaquar.com/images/thumbs/0055028_blush-tall-boy-deck-mounted-sensor-faucet-graphite_960.jpeg,22200.00,Blush Tall Boy Deck Mounted Sensor faucet with Control Box & Pre-mixed Water Supply Kit (Battery Operated),https://www.jaquar.com/en/blush-tall-boy-deck-mounted-sensor-faucet-water-supply-kit?Id=4695,"Blush Sensor Faucets, SNR-GRF-51449PK, Graphite"
Faucets,Blush Sensor Faucets,4695,Blush Tall Boy Deck Mounted Sensor faucet- Chrome,Variant,4686,Blush Tall Boy Deck Mounted Sensor faucet- Stainless Steel,SNR-SSF-51449PK,Stainless Steel,https://www.jaquar.com/images/thumbs/0055034_blush-tall-boy-deck-mounted-sensor-faucet-stainless-steel_960.jpeg,22200.00,Blush Tall Boy Deck Mounted Sensor faucet with Control Box & Pre-mixed Water Supply Kit (Battery Operated),https://www.jaquar.com/en/blush-tall-boy-deck-mounted-sensor-faucet-water-supply-kit?Id=4695,"Blush Sensor Faucets, SNR-SSF-51449PK, Stainless Steel"
Faucets,Blush Sensor Faucets,4658,Blush Tall Boy Deck Mounted Sensor faucet- Chrome,Parent,4655,Blush Tall Boy Deck Mounted Sensor faucet- Chrome,SNR-CHR-51449,Chrome,https://www.jaquar.com/images/thumbs/0055011_blush-tall-boy-deck-mounted-sensor-faucet-chrome_960.jpeg,12300.00,"Blush Tall Boy Deck Mounted Sensor faucet with Control Box (Battery Operated)
",https://www.jaquar.com/en/blush-tall-boy-deck-mounted-sensor-faucet-3?Id=4658,"Blush Sensor Faucets, SNR-CHR-51449, Chrome"
Faucets,Blush Sensor Faucets,4658,Blush Tall Boy Deck Mounted Sensor faucet- Chrome,Variant,4655,Blush Tall Boy Deck Mounted Sensor faucet-Antique Bronze,SNR-ABR-51449,Antique Bronze,https://www.jaquar.com/images/thumbs/0052469_blush-tall-boy-deck-mounted-sensor-faucet-antique-bronze_960.jpeg,20700.00,"Blush Tall Boy Deck Mounted Sensor faucet with Control Box (Battery Operated)
",https://www.jaquar.com/en/blush-tall-boy-deck-mounted-sensor-faucet-3?Id=4658,"Blush Sensor Faucets, SNR-ABR-51449, Antique Bronze"
Faucets,Blush Sensor Faucets,4658,Blush Tall Boy Deck Mounted Sensor faucet- Chrome,Variant,4655,Blush Tall Boy Deck Mounted Sensor faucet- Antique Copper,SNR-ACR-51449,Antique Copper,https://www.jaquar.com/images/thumbs/0055497_blush-tall-boy-deck-mounted-sensor-faucet-antique-copper_960.jpeg,20700.00,"Blush Tall Boy Deck Mounted Sensor faucet with Control Box (Battery Operated)
",https://www.jaquar.com/en/blush-tall-boy-deck-mounted-sensor-faucet-3?Id=4658,"Blush Sensor Faucets, SNR-ACR-51449, Antique Copper"
Faucets,Blush Sensor Faucets,4658,Blush Tall Boy Deck Mounted Sensor faucet- Chrome,Variant,4655,Blush Tall Boy Deck Mounted Sensor faucet- Black Chrome,SNR-BCH-51449,Black Chrome,https://www.jaquar.com/images/thumbs/0055503_blush-tall-boy-deck-mounted-sensor-faucet-black-chrome_960.jpeg,18100.00,"Blush Tall Boy Deck Mounted Sensor faucet with Control Box & Pre-mixed Water Supply Kit (Battery Operated)
",https://www.jaquar.com/en/blush-tall-boy-deck-mounted-sensor-faucet-3?Id=4658,"Blush Sensor Faucets, SNR-BCH-51449, Black Chrome"
Faucets,Blush Sensor Faucets,4658,Blush Tall Boy Deck Mounted Sensor faucet- Chrome,Variant,4655,Blush Tall Boy Deck Mounted Sensor faucet- Black Matt,SNR-BLM-51449,Black Matt,https://www.jaquar.com/images/thumbs/0052470_blush-tall-boy-deck-mounted-sensor-faucet-black-matt_960.jpeg,18100.00,"Blush Tall Boy Deck Mounted Sensor faucet with Control Box (Battery Operated)
",https://www.jaquar.com/en/blush-tall-boy-deck-mounted-sensor-faucet-3?Id=4658,"Blush Sensor Faucets, SNR-BLM-51449, Black Matt"
Faucets,Blush Sensor Faucets,4658,Blush Tall Boy Deck Mounted Sensor faucet- Chrome,Variant,4655,Blush Tall Boy Deck Mounted Sensor faucet- Graphite,SNR-GRF-51449,Graphite,https://www.jaquar.com/images/thumbs/0055027_blush-tall-boy-deck-mounted-sensor-faucet-graphite_960.jpeg,20700.00,"Blush Tall Boy Deck Mounted Sensor faucet with Control Box (Battery Operated)
",https://www.jaquar.com/en/blush-tall-boy-deck-mounted-sensor-faucet-3?Id=4658,"Blush Sensor Faucets, SNR-GRF-51449, Graphite"
Faucets,Blush Sensor Faucets,4658,Blush Tall Boy Deck Mounted Sensor faucet- Chrome,Variant,4655,Blush Tall Boy Deck Mounted Sensor faucet- Stainless Steel,SNR-SSF-51449,Stainless Steel,https://www.jaquar.com/images/thumbs/0055033_blush-tall-boy-deck-mounted-sensor-faucet-stainless-steel_960.jpeg,20700.00,"Blush Tall Boy Deck Mounted Sensor faucet with Control Box (Battery Operated)
",https://www.jaquar.com/en/blush-tall-boy-deck-mounted-sensor-faucet-3?Id=4658,"Blush Sensor Faucets, SNR-SSF-51449, Stainless Steel"
Faucets,Blush Sensor Faucets,4688,Blush Tall Boy Deck Mounted Sensor faucet- Chrome,Parent,4655,Blush Tall Boy Deck Mounted Sensor faucet- Chrome,SNR-CHR-51449,Chrome,https://www.jaquar.com/images/thumbs/0055011_blush-tall-boy-deck-mounted-sensor-faucet-chrome_960.jpeg,12300.00,"Blush Tall Boy Deck Mounted Sensor faucet with Control Box (Battery Operated)
",https://www.jaquar.com/en/blush-tall-boy-deck-mounted-sensor-faucet-3?Id=4688,"Blush Sensor Faucets, SNR-CHR-51449, Chrome"
Faucets,Blush Sensor Faucets,4688,Blush Tall Boy Deck Mounted Sensor faucet- Chrome,Variant,4655,Blush Tall Boy Deck Mounted Sensor faucet-Antique Bronze,SNR-ABR-51449,Antique Bronze,https://www.jaquar.com/images/thumbs/0052469_blush-tall-boy-deck-mounted-sensor-faucet-antique-bronze_960.jpeg,20700.00,"Blush Tall Boy Deck Mounted Sensor faucet with Control Box (Battery Operated)
",https://www.jaquar.com/en/blush-tall-boy-deck-mounted-sensor-faucet-3?Id=4688,"Blush Sensor Faucets, SNR-ABR-51449, Antique Bronze"
Faucets,Blush Sensor Faucets,4688,Blush Tall Boy Deck Mounted Sensor faucet- Chrome,Variant,4655,Blush Tall Boy Deck Mounted Sensor faucet- Antique Copper,SNR-ACR-51449,Antique Copper,https://www.jaquar.com/images/thumbs/0055497_blush-tall-boy-deck-mounted-sensor-faucet-antique-copper_960.jpeg,20700.00,"Blush Tall Boy Deck Mounted Sensor faucet with Control Box (Battery Operated)
",https://www.jaquar.com/en/blush-tall-boy-deck-mounted-sensor-faucet-3?Id=4688,"Blush Sensor Faucets, SNR-ACR-51449, Antique Copper"
Faucets,Blush Sensor Faucets,4688,Blush Tall Boy Deck Mounted Sensor faucet- Chrome,Variant,4655,Blush Tall Boy Deck Mounted Sensor faucet- Black Chrome,SNR-BCH-51449,Black Chrome,https://www.jaquar.com/images/thumbs/0055503_blush-tall-boy-deck-mounted-sensor-faucet-black-chrome_960.jpeg,18100.00,"Blush Tall Boy Deck Mounted Sensor faucet with Control Box & Pre-mixed Water Supply Kit (Battery Operated)
",https://www.jaquar.com/en/blush-tall-boy-deck-mounted-sensor-faucet-3?Id=4688,"Blush Sensor Faucets, SNR-BCH-51449, Black Chrome"
Faucets,Blush Sensor Faucets,4688,Blush Tall Boy Deck Mounted Sensor faucet- Chrome,Variant,4655,Blush Tall Boy Deck Mounted Sensor faucet- Black Matt,SNR-BLM-51449,Black Matt,https://www.jaquar.com/images/thumbs/0052470_blush-tall-boy-deck-mounted-sensor-faucet-black-matt_960.jpeg,18100.00,"Blush Tall Boy Deck Mounted Sensor faucet with Control Box (Battery Operated)
",https://www.jaquar.com/en/blush-tall-boy-deck-mounted-sensor-faucet-3?Id=4688,"Blush Sensor Faucets, SNR-BLM-51449, Black Matt"
Faucets,Blush Sensor Faucets,4688,Blush Tall Boy Deck Mounted Sensor faucet- Chrome,Variant,4655,Blush Tall Boy Deck Mounted Sensor faucet- Graphite,SNR-GRF-51449,Graphite,https://www.jaquar.com/images/thumbs/0055027_blush-tall-boy-deck-mounted-sensor-faucet-graphite_960.jpeg,20700.00,"Blush Tall Boy Deck Mounted Sensor faucet with Control Box (Battery Operated)
",https://www.jaquar.com/en/blush-tall-boy-deck-mounted-sensor-faucet-3?Id=4688,"Blush Sensor Faucets, SNR-GRF-51449, Graphite"
Faucets,Blush Sensor Faucets,4688,Blush Tall Boy Deck Mounted Sensor faucet- Chrome,Variant,4655,Blush Tall Boy Deck Mounted Sensor faucet- Stainless Steel,SNR-SSF-51449,Stainless Steel,https://www.jaquar.com/images/thumbs/0055033_blush-tall-boy-deck-mounted-sensor-faucet-stainless-steel_960.jpeg,20700.00,"Blush Tall Boy Deck Mounted Sensor faucet with Control Box (Battery Operated)
",https://www.jaquar.com/en/blush-tall-boy-deck-mounted-sensor-faucet-3?Id=4688,"Blush Sensor Faucets, SNR-SSF-51449, Stainless Steel"
Faucets,Blush Sensor Faucets,4660,Blush Tall Boy Deck Mounted Sensor faucet- Chrome,Parent,4655,Blush Tall Boy Deck Mounted Sensor faucet- Chrome,SNR-CHR-51449,Chrome,https://www.jaquar.com/images/thumbs/0055011_blush-tall-boy-deck-mounted-sensor-faucet-chrome_960.jpeg,12300.00,"Blush Tall Boy Deck Mounted Sensor faucet with Control Box (Battery Operated)
",https://www.jaquar.com/en/blush-tall-boy-deck-mounted-sensor-faucet-3?Id=4660,"Blush Sensor Faucets, SNR-CHR-51449, Chrome"
Faucets,Blush Sensor Faucets,4660,Blush Tall Boy Deck Mounted Sensor faucet- Chrome,Variant,4655,Blush Tall Boy Deck Mounted Sensor faucet-Antique Bronze,SNR-ABR-51449,Antique Bronze,https://www.jaquar.com/images/thumbs/0052469_blush-tall-boy-deck-mounted-sensor-faucet-antique-bronze_960.jpeg,20700.00,"Blush Tall Boy Deck Mounted Sensor faucet with Control Box (Battery Operated)
",https://www.jaquar.com/en/blush-tall-boy-deck-mounted-sensor-faucet-3?Id=4660,"Blush Sensor Faucets, SNR-ABR-51449, Antique Bronze"
Faucets,Blush Sensor Faucets,4660,Blush Tall Boy Deck Mounted Sensor faucet- Chrome,Variant,4655,Blush Tall Boy Deck Mounted Sensor faucet- Antique Copper,SNR-ACR-51449,Antique Copper,https://www.jaquar.com/images/thumbs/0055497_blush-tall-boy-deck-mounted-sensor-faucet-antique-copper_960.jpeg,20700.00,"Blush Tall Boy Deck Mounted Sensor faucet with Control Box (Battery Operated)
",https://www.jaquar.com/en/blush-tall-boy-deck-mounted-sensor-faucet-3?Id=4660,"Blush Sensor Faucets, SNR-ACR-51449, Antique Copper"
Faucets,Blush Sensor Faucets,4660,Blush Tall Boy Deck Mounted Sensor faucet- Chrome,Variant,4655,Blush Tall Boy Deck Mounted Sensor faucet- Black Chrome,SNR-BCH-51449,Black Chrome,https://www.jaquar.com/images/thumbs/0055503_blush-tall-boy-deck-mounted-sensor-faucet-black-chrome_960.jpeg,18100.00,"Blush Tall Boy Deck Mounted Sensor faucet with Control Box & Pre-mixed Water Supply Kit (Battery Operated)
",https://www.jaquar.com/en/blush-tall-boy-deck-mounted-sensor-faucet-3?Id=4660,"Blush Sensor Faucets, SNR-BCH-51449, Black Chrome"
Faucets,Blush Sensor Faucets,4660,Blush Tall Boy Deck Mounted Sensor faucet- Chrome,Variant,4655,Blush Tall Boy Deck Mounted Sensor faucet- Black Matt,SNR-BLM-51449,Black Matt,https://www.jaquar.com/images/thumbs/0052470_blush-tall-boy-deck-mounted-sensor-faucet-black-matt_960.jpeg,18100.00,"Blush Tall Boy Deck Mounted Sensor faucet with Control Box (Battery Operated)
",https://www.jaquar.com/en/blush-tall-boy-deck-mounted-sensor-faucet-3?Id=4660,"Blush Sensor Faucets, SNR-BLM-51449, Black Matt"
Faucets,Blush Sensor Faucets,4660,Blush Tall Boy Deck Mounted Sensor faucet- Chrome,Variant,4655,Blush Tall Boy Deck Mounted Sensor faucet- Graphite,SNR-GRF-51449,Graphite,https://www.jaquar.com/images/thumbs/0055027_blush-tall-boy-deck-mounted-sensor-faucet-graphite_960.jpeg,20700.00,"Blush Tall Boy Deck Mounted Sensor faucet with Control Box (Battery Operated)
",https://www.jaquar.com/en/blush-tall-boy-deck-mounted-sensor-faucet-3?Id=4660,"Blush Sensor Faucets, SNR-GRF-51449, Graphite"
Faucets,Blush Sensor Faucets,4660,Blush Tall Boy Deck Mounted Sensor faucet- Chrome,Variant,4655,Blush Tall Boy Deck Mounted Sensor faucet- Stainless Steel,SNR-SSF-51449,Stainless Steel,https://www.jaquar.com/images/thumbs/0055033_blush-tall-boy-deck-mounted-sensor-faucet-stainless-steel_960.jpeg,20700.00,"Blush Tall Boy Deck Mounted Sensor faucet with Control Box (Battery Operated)
",https://www.jaquar.com/en/blush-tall-boy-deck-mounted-sensor-faucet-3?Id=4660,"Blush Sensor Faucets, SNR-SSF-51449, Stainless Steel"
Faucets,Blush Sensor Faucets,4637,Blush Tall Boy Deck Mounted Sensor faucet- Chrome,Parent,4655,Blush Tall Boy Deck Mounted Sensor faucet- Chrome,SNR-CHR-51449,Chrome,https://www.jaquar.com/images/thumbs/0055011_blush-tall-boy-deck-mounted-sensor-faucet-chrome_960.jpeg,12300.00,"Blush Tall Boy Deck Mounted Sensor faucet with Control Box (Battery Operated)
",https://www.jaquar.com/en/blush-tall-boy-deck-mounted-sensor-faucet-3?Id=4637,"Blush Sensor Faucets, SNR-CHR-51449, Chrome"
Faucets,Blush Sensor Faucets,4637,Blush Tall Boy Deck Mounted Sensor faucet- Chrome,Variant,4655,Blush Tall Boy Deck Mounted Sensor faucet-Antique Bronze,SNR-ABR-51449,Antique Bronze,https://www.jaquar.com/images/thumbs/0052469_blush-tall-boy-deck-mounted-sensor-faucet-antique-bronze_960.jpeg,20700.00,"Blush Tall Boy Deck Mounted Sensor faucet with Control Box (Battery Operated)
",https://www.jaquar.com/en/blush-tall-boy-deck-mounted-sensor-faucet-3?Id=4637,"Blush Sensor Faucets, SNR-ABR-51449, Antique Bronze"
Faucets,Blush Sensor Faucets,4637,Blush Tall Boy Deck Mounted Sensor faucet- Chrome,Variant,4655,Blush Tall Boy Deck Mounted Sensor faucet- Antique Copper,SNR-ACR-51449,Antique Copper,https://www.jaquar.com/images/thumbs/0055497_blush-tall-boy-deck-mounted-sensor-faucet-antique-copper_960.jpeg,20700.00,"Blush Tall Boy Deck Mounted Sensor faucet with Control Box (Battery Operated)
",https://www.jaquar.com/en/blush-tall-boy-deck-mounted-sensor-faucet-3?Id=4637,"Blush Sensor Faucets, SNR-ACR-51449, Antique Copper"
Faucets,Blush Sensor Faucets,4637,Blush Tall Boy Deck Mounted Sensor faucet- Chrome,Variant,4655,Blush Tall Boy Deck Mounted Sensor faucet- Black Chrome,SNR-BCH-51449,Black Chrome,https://www.jaquar.com/images/thumbs/0055503_blush-tall-boy-deck-mounted-sensor-faucet-black-chrome_960.jpeg,18100.00,"Blush Tall Boy Deck Mounted Sensor faucet with Control Box & Pre-mixed Water Supply Kit (Battery Operated)
",https://www.jaquar.com/en/blush-tall-boy-deck-mounted-sensor-faucet-3?Id=4637,"Blush Sensor Faucets, SNR-BCH-51449, Black Chrome"
Faucets,Blush Sensor Faucets,4637,Blush Tall Boy Deck Mounted Sensor faucet- Chrome,Variant,4655,Blush Tall Boy Deck Mounted Sensor faucet- Black Matt,SNR-BLM-51449,Black Matt,https://www.jaquar.com/images/thumbs/0052470_blush-tall-boy-deck-mounted-sensor-faucet-black-matt_960.jpeg,18100.00,"Blush Tall Boy Deck Mounted Sensor faucet with Control Box (Battery Operated)
",https://www.jaquar.com/en/blush-tall-boy-deck-mounted-sensor-faucet-3?Id=4637,"Blush Sensor Faucets, SNR-BLM-51449, Black Matt"
Faucets,Blush Sensor Faucets,4637,Blush Tall Boy Deck Mounted Sensor faucet- Chrome,Variant,4655,Blush Tall Boy Deck Mounted Sensor faucet- Graphite,SNR-GRF-51449,Graphite,https://www.jaquar.com/images/thumbs/0055027_blush-tall-boy-deck-mounted-sensor-faucet-graphite_960.jpeg,20700.00,"Blush Tall Boy Deck Mounted Sensor faucet with Control Box (Battery Operated)
",https://www.jaquar.com/en/blush-tall-boy-deck-mounted-sensor-faucet-3?Id=4637,"Blush Sensor Faucets, SNR-GRF-51449, Graphite"
Faucets,Blush Sensor Faucets,4637,Blush Tall Boy Deck Mounted Sensor faucet- Chrome,Variant,4655,Blush Tall Boy Deck Mounted Sensor faucet- Stainless Steel,SNR-SSF-51449,Stainless Steel,https://www.jaquar.com/images/thumbs/0055033_blush-tall-boy-deck-mounted-sensor-faucet-stainless-steel_960.jpeg,20700.00,"Blush Tall Boy Deck Mounted Sensor faucet with Control Box (Battery Operated)
",https://www.jaquar.com/en/blush-tall-boy-deck-mounted-sensor-faucet-3?Id=4637,"Blush Sensor Faucets, SNR-SSF-51449, Stainless Steel"
Faucets,Blush Sensor Faucets,4663,Blush Tall Boy Deck Mounted Sensor faucet- Chrome,Parent,4655,Blush Tall Boy Deck Mounted Sensor faucet- Chrome,SNR-CHR-51449,Chrome,https://www.jaquar.com/images/thumbs/0055011_blush-tall-boy-deck-mounted-sensor-faucet-chrome_960.jpeg,12300.00,"Blush Tall Boy Deck Mounted Sensor faucet with Control Box (Battery Operated)
",https://www.jaquar.com/en/blush-tall-boy-deck-mounted-sensor-faucet-3?Id=4663,"Blush Sensor Faucets, SNR-CHR-51449, Chrome"
Faucets,Blush Sensor Faucets,4663,Blush Tall Boy Deck Mounted Sensor faucet- Chrome,Variant,4655,Blush Tall Boy Deck Mounted Sensor faucet-Antique Bronze,SNR-ABR-51449,Antique Bronze,https://www.jaquar.com/images/thumbs/0052469_blush-tall-boy-deck-mounted-sensor-faucet-antique-bronze_960.jpeg,20700.00,"Blush Tall Boy Deck Mounted Sensor faucet with Control Box (Battery Operated)
",https://www.jaquar.com/en/blush-tall-boy-deck-mounted-sensor-faucet-3?Id=4663,"Blush Sensor Faucets, SNR-ABR-51449, Antique Bronze"
Faucets,Blush Sensor Faucets,4663,Blush Tall Boy Deck Mounted Sensor faucet- Chrome,Variant,4655,Blush Tall Boy Deck Mounted Sensor faucet- Antique Copper,SNR-ACR-51449,Antique Copper,https://www.jaquar.com/images/thumbs/0055497_blush-tall-boy-deck-mounted-sensor-faucet-antique-copper_960.jpeg,20700.00,"Blush Tall Boy Deck Mounted Sensor faucet with Control Box (Battery Operated)
",https://www.jaquar.com/en/blush-tall-boy-deck-mounted-sensor-faucet-3?Id=4663,"Blush Sensor Faucets, SNR-ACR-51449, Antique Copper"
Faucets,Blush Sensor Faucets,4663,Blush Tall Boy Deck Mounted Sensor faucet- Chrome,Variant,4655,Blush Tall Boy Deck Mounted Sensor faucet- Black Chrome,SNR-BCH-51449,Black Chrome,https://www.jaquar.com/images/thumbs/0055503_blush-tall-boy-deck-mounted-sensor-faucet-black-chrome_960.jpeg,18100.00,"Blush Tall Boy Deck Mounted Sensor faucet with Control Box & Pre-mixed Water Supply Kit (Battery Operated)
",https://www.jaquar.com/en/blush-tall-boy-deck-mounted-sensor-faucet-3?Id=4663,"Blush Sensor Faucets, SNR-BCH-51449, Black Chrome"
Faucets,Blush Sensor Faucets,4663,Blush Tall Boy Deck Mounted Sensor faucet- Chrome,Variant,4655,Blush Tall Boy Deck Mounted Sensor faucet- Black Matt,SNR-BLM-51449,Black Matt,https://www.jaquar.com/images/thumbs/0052470_blush-tall-boy-deck-mounted-sensor-faucet-black-matt_960.jpeg,18100.00,"Blush Tall Boy Deck Mounted Sensor faucet with Control Box (Battery Operated)
",https://www.jaquar.com/en/blush-tall-boy-deck-mounted-sensor-faucet-3?Id=4663,"Blush Sensor Faucets, SNR-BLM-51449, Black Matt"
Faucets,Blush Sensor Faucets,4663,Blush Tall Boy Deck Mounted Sensor faucet- Chrome,Variant,4655,Blush Tall Boy Deck Mounted Sensor faucet- Graphite,SNR-GRF-51449,Graphite,https://www.jaquar.com/images/thumbs/0055027_blush-tall-boy-deck-mounted-sensor-faucet-graphite_960.jpeg,20700.00,"Blush Tall Boy Deck Mounted Sensor faucet with Control Box (Battery Operated)
",https://www.jaquar.com/en/blush-tall-boy-deck-mounted-sensor-faucet-3?Id=4663,"Blush Sensor Faucets, SNR-GRF-51449, Graphite"
Faucets,Blush Sensor Faucets,4663,Blush Tall Boy Deck Mounted Sensor faucet- Chrome,Variant,4655,Blush Tall Boy Deck Mounted Sensor faucet- Stainless Steel,SNR-SSF-51449,Stainless Steel,https://www.jaquar.com/images/thumbs/0055033_blush-tall-boy-deck-mounted-sensor-faucet-stainless-steel_960.jpeg,20700.00,"Blush Tall Boy Deck Mounted Sensor faucet with Control Box (Battery Operated)
",https://www.jaquar.com/en/blush-tall-boy-deck-mounted-sensor-faucet-3?Id=4663,"Blush Sensor Faucets, SNR-SSF-51449, Stainless Steel"
Faucets,Blush Sensor Faucets,4664,Blush Tall Boy Deck Mounted Sensor faucet- Chrome,Parent,4655,Blush Tall Boy Deck Mounted Sensor faucet- Chrome,SNR-CHR-51449,Chrome,https://www.jaquar.com/images/thumbs/0055011_blush-tall-boy-deck-mounted-sensor-faucet-chrome_960.jpeg,12300.00,"Blush Tall Boy Deck Mounted Sensor faucet with Control Box (Battery Operated)
",https://www.jaquar.com/en/blush-tall-boy-deck-mounted-sensor-faucet-3?Id=4664,"Blush Sensor Faucets, SNR-CHR-51449, Chrome"
Faucets,Blush Sensor Faucets,4664,Blush Tall Boy Deck Mounted Sensor faucet- Chrome,Variant,4655,Blush Tall Boy Deck Mounted Sensor faucet-Antique Bronze,SNR-ABR-51449,Antique Bronze,https://www.jaquar.com/images/thumbs/0052469_blush-tall-boy-deck-mounted-sensor-faucet-antique-bronze_960.jpeg,20700.00,"Blush Tall Boy Deck Mounted Sensor faucet with Control Box (Battery Operated)
",https://www.jaquar.com/en/blush-tall-boy-deck-mounted-sensor-faucet-3?Id=4664,"Blush Sensor Faucets, SNR-ABR-51449, Antique Bronze"
Faucets,Blush Sensor Faucets,4664,Blush Tall Boy Deck Mounted Sensor faucet- Chrome,Variant,4655,Blush Tall Boy Deck Mounted Sensor faucet- Antique Copper,SNR-ACR-51449,Antique Copper,https://www.jaquar.com/images/thumbs/0055497_blush-tall-boy-deck-mounted-sensor-faucet-antique-copper_960.jpeg,20700.00,"Blush Tall Boy Deck Mounted Sensor faucet with Control Box (Battery Operated)
",https://www.jaquar.com/en/blush-tall-boy-deck-mounted-sensor-faucet-3?Id=4664,"Blush Sensor Faucets, SNR-ACR-51449, Antique Copper"
Faucets,Blush Sensor Faucets,4664,Blush Tall Boy Deck Mounted Sensor faucet- Chrome,Variant,4655,Blush Tall Boy Deck Mounted Sensor faucet- Black Chrome,SNR-BCH-51449,Black Chrome,https://www.jaquar.com/images/thumbs/0055503_blush-tall-boy-deck-mounted-sensor-faucet-black-chrome_960.jpeg,18100.00,"Blush Tall Boy Deck Mounted Sensor faucet with Control Box & Pre-mixed Water Supply Kit (Battery Operated)
",https://www.jaquar.com/en/blush-tall-boy-deck-mounted-sensor-faucet-3?Id=4664,"Blush Sensor Faucets, SNR-BCH-51449, Black Chrome"
Faucets,Blush Sensor Faucets,4664,Blush Tall Boy Deck Mounted Sensor faucet- Chrome,Variant,4655,Blush Tall Boy Deck Mounted Sensor faucet- Black Matt,SNR-BLM-51449,Black Matt,https://www.jaquar.com/images/thumbs/0052470_blush-tall-boy-deck-mounted-sensor-faucet-black-matt_960.jpeg,18100.00,"Blush Tall Boy Deck Mounted Sensor faucet with Control Box (Battery Operated)
",https://www.jaquar.com/en/blush-tall-boy-deck-mounted-sensor-faucet-3?Id=4664,"Blush Sensor Faucets, SNR-BLM-51449, Black Matt"
Faucets,Blush Sensor Faucets,4664,Blush Tall Boy Deck Mounted Sensor faucet- Chrome,Variant,4655,Blush Tall Boy Deck Mounted Sensor faucet- Graphite,SNR-GRF-51449,Graphite,https://www.jaquar.com/images/thumbs/0055027_blush-tall-boy-deck-mounted-sensor-faucet-graphite_960.jpeg,20700.00,"Blush Tall Boy Deck Mounted Sensor faucet with Control Box (Battery Operated)
",https://www.jaquar.com/en/blush-tall-boy-deck-mounted-sensor-faucet-3?Id=4664,"Blush Sensor Faucets, SNR-GRF-51449, Graphite"
Faucets,Blush Sensor Faucets,4664,Blush Tall Boy Deck Mounted Sensor faucet- Chrome,Variant,4655,Blush Tall Boy Deck Mounted Sensor faucet- Stainless Steel,SNR-SSF-51449,Stainless Steel,https://www.jaquar.com/images/thumbs/0055033_blush-tall-boy-deck-mounted-sensor-faucet-stainless-steel_960.jpeg,20700.00,"Blush Tall Boy Deck Mounted Sensor faucet with Control Box (Battery Operated)
",https://www.jaquar.com/en/blush-tall-boy-deck-mounted-sensor-faucet-3?Id=4664,"Blush Sensor Faucets, SNR-SSF-51449, Stainless Steel"
Faucets,Blush Sensor Faucets,4657,Blush Tall Boy Deck Mounted Sensor faucet- Chrome,Parent,4655,Blush Tall Boy Deck Mounted Sensor faucet- Chrome,SNR-CHR-51449,Chrome,https://www.jaquar.com/images/thumbs/0055011_blush-tall-boy-deck-mounted-sensor-faucet-chrome_960.jpeg,12300.00,"Blush Tall Boy Deck Mounted Sensor faucet with Control Box (Battery Operated)
",https://www.jaquar.com/en/blush-tall-boy-deck-mounted-sensor-faucet-3?Id=4657,"Blush Sensor Faucets, SNR-CHR-51449, Chrome"
Faucets,Blush Sensor Faucets,4657,Blush Tall Boy Deck Mounted Sensor faucet- Chrome,Variant,4655,Blush Tall Boy Deck Mounted Sensor faucet-Antique Bronze,SNR-ABR-51449,Antique Bronze,https://www.jaquar.com/images/thumbs/0052469_blush-tall-boy-deck-mounted-sensor-faucet-antique-bronze_960.jpeg,20700.00,"Blush Tall Boy Deck Mounted Sensor faucet with Control Box (Battery Operated)
",https://www.jaquar.com/en/blush-tall-boy-deck-mounted-sensor-faucet-3?Id=4657,"Blush Sensor Faucets, SNR-ABR-51449, Antique Bronze"
Faucets,Blush Sensor Faucets,4657,Blush Tall Boy Deck Mounted Sensor faucet- Chrome,Variant,4655,Blush Tall Boy Deck Mounted Sensor faucet- Antique Copper,SNR-ACR-51449,Antique Copper,https://www.jaquar.com/images/thumbs/0055497_blush-tall-boy-deck-mounted-sensor-faucet-antique-copper_960.jpeg,20700.00,"Blush Tall Boy Deck Mounted Sensor faucet with Control Box (Battery Operated)
",https://www.jaquar.com/en/blush-tall-boy-deck-mounted-sensor-faucet-3?Id=4657,"Blush Sensor Faucets, SNR-ACR-51449, Antique Copper"
Faucets,Blush Sensor Faucets,4657,Blush Tall Boy Deck Mounted Sensor faucet- Chrome,Variant,4655,Blush Tall Boy Deck Mounted Sensor faucet- Black Chrome,SNR-BCH-51449,Black Chrome,https://www.jaquar.com/images/thumbs/0055503_blush-tall-boy-deck-mounted-sensor-faucet-black-chrome_960.jpeg,18100.00,"Blush Tall Boy Deck Mounted Sensor faucet with Control Box & Pre-mixed Water Supply Kit (Battery Operated)
",https://www.jaquar.com/en/blush-tall-boy-deck-mounted-sensor-faucet-3?Id=4657,"Blush Sensor Faucets, SNR-BCH-51449, Black Chrome"
Faucets,Blush Sensor Faucets,4657,Blush Tall Boy Deck Mounted Sensor faucet- Chrome,Variant,4655,Blush Tall Boy Deck Mounted Sensor faucet- Black Matt,SNR-BLM-51449,Black Matt,https://www.jaquar.com/images/thumbs/0052470_blush-tall-boy-deck-mounted-sensor-faucet-black-matt_960.jpeg,18100.00,"Blush Tall Boy Deck Mounted Sensor faucet with Control Box (Battery Operated)
",https://www.jaquar.com/en/blush-tall-boy-deck-mounted-sensor-faucet-3?Id=4657,"Blush Sensor Faucets, SNR-BLM-51449, Black Matt"
Faucets,Blush Sensor Faucets,4657,Blush Tall Boy Deck Mounted Sensor faucet- Chrome,Variant,4655,Blush Tall Boy Deck Mounted Sensor faucet- Graphite,SNR-GRF-51449,Graphite,https://www.jaquar.com/images/thumbs/0055027_blush-tall-boy-deck-mounted-sensor-faucet-graphite_960.jpeg,20700.00,"Blush Tall Boy Deck Mounted Sensor faucet with Control Box (Battery Operated)
",https://www.jaquar.com/en/blush-tall-boy-deck-mounted-sensor-faucet-3?Id=4657,"Blush Sensor Faucets, SNR-GRF-51449, Graphite"
Faucets,Blush Sensor Faucets,4657,Blush Tall Boy Deck Mounted Sensor faucet- Chrome,Variant,4655,Blush Tall Boy Deck Mounted Sensor faucet- Stainless Steel,SNR-SSF-51449,Stainless Steel,https://www.jaquar.com/images/thumbs/0055033_blush-tall-boy-deck-mounted-sensor-faucet-stainless-steel_960.jpeg,20700.00,"Blush Tall Boy Deck Mounted Sensor faucet with Control Box (Battery Operated)
",https://www.jaquar.com/en/blush-tall-boy-deck-mounted-sensor-faucet-3?Id=4657,"Blush Sensor Faucets, SNR-SSF-51449, Stainless Steel"
Faucets,Blush Sensor Faucets,4697,Blush Wall Mounted Sensor faucet-Chrome,Parent,4696,Blush Wall Mounted Sensor faucet-Chrome,SNR-CHR-51443PK,Chrome,https://www.jaquar.com/images/thumbs/0023244_blush-wall-mounted-sensor-faucet-chrome_960.jpeg,12850.00,"Blush Wall Mounted Sensor faucet with Control Box & Pre-mixed Water Supply Kit (Battery Operated)
",https://www.jaquar.com/en/blush-wall-mounted-sensor-faucet-chrome?Id=4697,"Blush Sensor Faucets, SNR-CHR-51443PK, Chrome"
Faucets,Blush Sensor Faucets,4697,Blush Wall Mounted Sensor faucet-Chrome,Variant,4696,Blush Wall Mounted Sensor faucet-Antique Bronze,SNR-ABR-51443PK,Antique Bronze,https://www.jaquar.com/images/thumbs/0052463_blush-wall-mounted-sensor-faucet-antique-bronze_960.jpeg,21600.00,Blush Wall Mounted Sensor faucet with Control Box & Pre-mixed Water Supply Kit (Battery Operated),https://www.jaquar.com/en/blush-wall-mounted-sensor-faucet-chrome?Id=4697,"Blush Sensor Faucets, SNR-ABR-51443PK, Antique Bronze"
Faucets,Blush Sensor Faucets,4697,Blush Wall Mounted Sensor faucet-Chrome,Variant,4696,Blush Wall Mounted Sensor faucet- Antique Copper,SNR-ACR-51443PK,Antique Copper,https://www.jaquar.com/images/thumbs/0055494_blush-wall-mounted-sensor-faucet-antique-copper_960.jpeg,21600.00,Blush Wall Mounted Sensor faucet with Control Box & Pre-mixed Water Supply Kit (Battery Operated),https://www.jaquar.com/en/blush-wall-mounted-sensor-faucet-chrome?Id=4697,"Blush Sensor Faucets, SNR-ACR-51443PK, Antique Copper"
Faucets,Blush Sensor Faucets,4697,Blush Wall Mounted Sensor faucet-Chrome,Variant,4696,Blush Wall Mounted Sensor faucet- Black Chrome,SNR-BCH-51443PK,Black Chrome,https://www.jaquar.com/images/thumbs/0055500_blush-wall-mounted-sensor-faucet-black-chrome_960.jpeg,18900.00,Blush Wall Mounted Sensor faucet with Control Box & Pre-mixed Water Supply Kit (Battery Operated),https://www.jaquar.com/en/blush-wall-mounted-sensor-faucet-chrome?Id=4697,"Blush Sensor Faucets, SNR-BCH-51443PK, Black Chrome"
Faucets,Blush Sensor Faucets,4697,Blush Wall Mounted Sensor faucet-Chrome,Variant,4696,Blush Wall Mounted Sensor faucet- Black Matt,SNR-BLM-51443PK,Black Matt,https://www.jaquar.com/images/thumbs/0055586_blush-wall-mounted-sensor-faucet-black-matt_960.jpeg,18900.00,Blush Wall Mounted Sensor faucet with Control Box & Pre-mixed Water Supply Kit (Battery Operated),https://www.jaquar.com/en/blush-wall-mounted-sensor-faucet-chrome?Id=4697,"Blush Sensor Faucets, SNR-BLM-51443PK, Black Matt"
Faucets,Blush Sensor Faucets,4697,Blush Wall Mounted Sensor faucet-Chrome,Variant,4696,Blush Wall Mounted Sensor faucet- Graphite,SNR-GRF-51443PK,Graphite,https://www.jaquar.com/images/thumbs/0055024_blush-wall-mounted-sensor-faucet-graphite_960.jpeg,21600.00,Blush Wall Mounted Sensor faucet with Control Box & Pre-mixed Water Supply Kit (Battery Operated),https://www.jaquar.com/en/blush-wall-mounted-sensor-faucet-chrome?Id=4697,"Blush Sensor Faucets, SNR-GRF-51443PK, Graphite"
Faucets,Blush Sensor Faucets,4697,Blush Wall Mounted Sensor faucet-Chrome,Variant,4696,Blush Wall Mounted Sensor faucet- Stainless Steel,SNR-SSF-51443PK,Stainless Steel,https://www.jaquar.com/images/thumbs/0055030_blush-wall-mounted-sensor-faucet-stainless-steel_960.jpeg,21600.00,Blush Wall Mounted Sensor faucet with Control Box & Pre-mixed Water Supply Kit (Battery Operated),https://www.jaquar.com/en/blush-wall-mounted-sensor-faucet-chrome?Id=4697,"Blush Sensor Faucets, SNR-SSF-51443PK, Stainless Steel"
Faucets,Blush Sensor Faucets,4698,Blush Wall Mounted Sensor faucet-Chrome,Parent,4696,Blush Wall Mounted Sensor faucet-Chrome,SNR-CHR-51443PK,Chrome,https://www.jaquar.com/images/thumbs/0023244_blush-wall-mounted-sensor-faucet-chrome_960.jpeg,12850.00,"Blush Wall Mounted Sensor faucet with Control Box & Pre-mixed Water Supply Kit (Battery Operated)
",https://www.jaquar.com/en/blush-wall-mounted-sensor-faucet-chrome?Id=4698,"Blush Sensor Faucets, SNR-CHR-51443PK, Chrome"
Faucets,Blush Sensor Faucets,4698,Blush Wall Mounted Sensor faucet-Chrome,Variant,4696,Blush Wall Mounted Sensor faucet-Antique Bronze,SNR-ABR-51443PK,Antique Bronze,https://www.jaquar.com/images/thumbs/0052463_blush-wall-mounted-sensor-faucet-antique-bronze_960.jpeg,21600.00,Blush Wall Mounted Sensor faucet with Control Box & Pre-mixed Water Supply Kit (Battery Operated),https://www.jaquar.com/en/blush-wall-mounted-sensor-faucet-chrome?Id=4698,"Blush Sensor Faucets, SNR-ABR-51443PK, Antique Bronze"
Faucets,Blush Sensor Faucets,4698,Blush Wall Mounted Sensor faucet-Chrome,Variant,4696,Blush Wall Mounted Sensor faucet- Antique Copper,SNR-ACR-51443PK,Antique Copper,https://www.jaquar.com/images/thumbs/0055494_blush-wall-mounted-sensor-faucet-antique-copper_960.jpeg,21600.00,Blush Wall Mounted Sensor faucet with Control Box & Pre-mixed Water Supply Kit (Battery Operated),https://www.jaquar.com/en/blush-wall-mounted-sensor-faucet-chrome?Id=4698,"Blush Sensor Faucets, SNR-ACR-51443PK, Antique Copper"
Faucets,Blush Sensor Faucets,4698,Blush Wall Mounted Sensor faucet-Chrome,Variant,4696,Blush Wall Mounted Sensor faucet- Black Chrome,SNR-BCH-51443PK,Black Chrome,https://www.jaquar.com/images/thumbs/0055500_blush-wall-mounted-sensor-faucet-black-chrome_960.jpeg,18900.00,Blush Wall Mounted Sensor faucet with Control Box & Pre-mixed Water Supply Kit (Battery Operated),https://www.jaquar.com/en/blush-wall-mounted-sensor-faucet-chrome?Id=4698,"Blush Sensor Faucets, SNR-BCH-51443PK, Black Chrome"
Faucets,Blush Sensor Faucets,4698,Blush Wall Mounted Sensor faucet-Chrome,Variant,4696,Blush Wall Mounted Sensor faucet- Black Matt,SNR-BLM-51443PK,Black Matt,https://www.jaquar.com/images/thumbs/0055586_blush-wall-mounted-sensor-faucet-black-matt_960.jpeg,18900.00,Blush Wall Mounted Sensor faucet with Control Box & Pre-mixed Water Supply Kit (Battery Operated),https://www.jaquar.com/en/blush-wall-mounted-sensor-faucet-chrome?Id=4698,"Blush Sensor Faucets, SNR-BLM-51443PK, Black Matt"
Faucets,Blush Sensor Faucets,4698,Blush Wall Mounted Sensor faucet-Chrome,Variant,4696,Blush Wall Mounted Sensor faucet- Graphite,SNR-GRF-51443PK,Graphite,https://www.jaquar.com/images/thumbs/0055024_blush-wall-mounted-sensor-faucet-graphite_960.jpeg,21600.00,Blush Wall Mounted Sensor faucet with Control Box & Pre-mixed Water Supply Kit (Battery Operated),https://www.jaquar.com/en/blush-wall-mounted-sensor-faucet-chrome?Id=4698,"Blush Sensor Faucets, SNR-GRF-51443PK, Graphite"
Faucets,Blush Sensor Faucets,4698,Blush Wall Mounted Sensor faucet-Chrome,Variant,4696,Blush Wall Mounted Sensor faucet- Stainless Steel,SNR-SSF-51443PK,Stainless Steel,https://www.jaquar.com/images/thumbs/0055030_blush-wall-mounted-sensor-faucet-stainless-steel_960.jpeg,21600.00,Blush Wall Mounted Sensor faucet with Control Box & Pre-mixed Water Supply Kit (Battery Operated),https://www.jaquar.com/en/blush-wall-mounted-sensor-faucet-chrome?Id=4698,"Blush Sensor Faucets, SNR-SSF-51443PK, Stainless Steel"
Faucets,Blush Sensor Faucets,4699,Blush Wall Mounted Sensor faucet-Chrome,Parent,4696,Blush Wall Mounted Sensor faucet-Chrome,SNR-CHR-51443PK,Chrome,https://www.jaquar.com/images/thumbs/0023244_blush-wall-mounted-sensor-faucet-chrome_960.jpeg,12850.00,"Blush Wall Mounted Sensor faucet with Control Box & Pre-mixed Water Supply Kit (Battery Operated)
",https://www.jaquar.com/en/blush-wall-mounted-sensor-faucet-chrome?Id=4699,"Blush Sensor Faucets, SNR-CHR-51443PK, Chrome"
Faucets,Blush Sensor Faucets,4699,Blush Wall Mounted Sensor faucet-Chrome,Variant,4696,Blush Wall Mounted Sensor faucet-Antique Bronze,SNR-ABR-51443PK,Antique Bronze,https://www.jaquar.com/images/thumbs/0052463_blush-wall-mounted-sensor-faucet-antique-bronze_960.jpeg,21600.00,Blush Wall Mounted Sensor faucet with Control Box & Pre-mixed Water Supply Kit (Battery Operated),https://www.jaquar.com/en/blush-wall-mounted-sensor-faucet-chrome?Id=4699,"Blush Sensor Faucets, SNR-ABR-51443PK, Antique Bronze"
Faucets,Blush Sensor Faucets,4699,Blush Wall Mounted Sensor faucet-Chrome,Variant,4696,Blush Wall Mounted Sensor faucet- Antique Copper,SNR-ACR-51443PK,Antique Copper,https://www.jaquar.com/images/thumbs/0055494_blush-wall-mounted-sensor-faucet-antique-copper_960.jpeg,21600.00,Blush Wall Mounted Sensor faucet with Control Box & Pre-mixed Water Supply Kit (Battery Operated),https://www.jaquar.com/en/blush-wall-mounted-sensor-faucet-chrome?Id=4699,"Blush Sensor Faucets, SNR-ACR-51443PK, Antique Copper"
Faucets,Blush Sensor Faucets,4699,Blush Wall Mounted Sensor faucet-Chrome,Variant,4696,Blush Wall Mounted Sensor faucet- Black Chrome,SNR-BCH-51443PK,Black Chrome,https://www.jaquar.com/images/thumbs/0055500_blush-wall-mounted-sensor-faucet-black-chrome_960.jpeg,18900.00,Blush Wall Mounted Sensor faucet with Control Box & Pre-mixed Water Supply Kit (Battery Operated),https://www.jaquar.com/en/blush-wall-mounted-sensor-faucet-chrome?Id=4699,"Blush Sensor Faucets, SNR-BCH-51443PK, Black Chrome"
Faucets,Blush Sensor Faucets,4699,Blush Wall Mounted Sensor faucet-Chrome,Variant,4696,Blush Wall Mounted Sensor faucet- Black Matt,SNR-BLM-51443PK,Black Matt,https://www.jaquar.com/images/thumbs/0055586_blush-wall-mounted-sensor-faucet-black-matt_960.jpeg,18900.00,Blush Wall Mounted Sensor faucet with Control Box & Pre-mixed Water Supply Kit (Battery Operated),https://www.jaquar.com/en/blush-wall-mounted-sensor-faucet-chrome?Id=4699,"Blush Sensor Faucets, SNR-BLM-51443PK, Black Matt"
Faucets,Blush Sensor Faucets,4699,Blush Wall Mounted Sensor faucet-Chrome,Variant,4696,Blush Wall Mounted Sensor faucet- Graphite,SNR-GRF-51443PK,Graphite,https://www.jaquar.com/images/thumbs/0055024_blush-wall-mounted-sensor-faucet-graphite_960.jpeg,21600.00,Blush Wall Mounted Sensor faucet with Control Box & Pre-mixed Water Supply Kit (Battery Operated),https://www.jaquar.com/en/blush-wall-mounted-sensor-faucet-chrome?Id=4699,"Blush Sensor Faucets, SNR-GRF-51443PK, Graphite"
Faucets,Blush Sensor Faucets,4699,Blush Wall Mounted Sensor faucet-Chrome,Variant,4696,Blush Wall Mounted Sensor faucet- Stainless Steel,SNR-SSF-51443PK,Stainless Steel,https://www.jaquar.com/images/thumbs/0055030_blush-wall-mounted-sensor-faucet-stainless-steel_960.jpeg,21600.00,Blush Wall Mounted Sensor faucet with Control Box & Pre-mixed Water Supply Kit (Battery Operated),https://www.jaquar.com/en/blush-wall-mounted-sensor-faucet-chrome?Id=4699,"Blush Sensor Faucets, SNR-SSF-51443PK, Stainless Steel"
Faucets,Blush Sensor Faucets,4702,Blush Wall Mounted Sensor faucet-Chrome,Parent,4696,Blush Wall Mounted Sensor faucet-Chrome,SNR-CHR-51443PK,Chrome,https://www.jaquar.com/images/thumbs/0023244_blush-wall-mounted-sensor-faucet-chrome_960.jpeg,12850.00,"Blush Wall Mounted Sensor faucet with Control Box & Pre-mixed Water Supply Kit (Battery Operated)
",https://www.jaquar.com/en/blush-wall-mounted-sensor-faucet-chrome?Id=4702,"Blush Sensor Faucets, SNR-CHR-51443PK, Chrome"
Faucets,Blush Sensor Faucets,4702,Blush Wall Mounted Sensor faucet-Chrome,Variant,4696,Blush Wall Mounted Sensor faucet-Antique Bronze,SNR-ABR-51443PK,Antique Bronze,https://www.jaquar.com/images/thumbs/0052463_blush-wall-mounted-sensor-faucet-antique-bronze_960.jpeg,21600.00,Blush Wall Mounted Sensor faucet with Control Box & Pre-mixed Water Supply Kit (Battery Operated),https://www.jaquar.com/en/blush-wall-mounted-sensor-faucet-chrome?Id=4702,"Blush Sensor Faucets, SNR-ABR-51443PK, Antique Bronze"
Faucets,Blush Sensor Faucets,4702,Blush Wall Mounted Sensor faucet-Chrome,Variant,4696,Blush Wall Mounted Sensor faucet- Antique Copper,SNR-ACR-51443PK,Antique Copper,https://www.jaquar.com/images/thumbs/0055494_blush-wall-mounted-sensor-faucet-antique-copper_960.jpeg,21600.00,Blush Wall Mounted Sensor faucet with Control Box & Pre-mixed Water Supply Kit (Battery Operated),https://www.jaquar.com/en/blush-wall-mounted-sensor-faucet-chrome?Id=4702,"Blush Sensor Faucets, SNR-ACR-51443PK, Antique Copper"
Faucets,Blush Sensor Faucets,4702,Blush Wall Mounted Sensor faucet-Chrome,Variant,4696,Blush Wall Mounted Sensor faucet- Black Chrome,SNR-BCH-51443PK,Black Chrome,https://www.jaquar.com/images/thumbs/0055500_blush-wall-mounted-sensor-faucet-black-chrome_960.jpeg,18900.00,Blush Wall Mounted Sensor faucet with Control Box & Pre-mixed Water Supply Kit (Battery Operated),https://www.jaquar.com/en/blush-wall-mounted-sensor-faucet-chrome?Id=4702,"Blush Sensor Faucets, SNR-BCH-51443PK, Black Chrome"
Faucets,Blush Sensor Faucets,4702,Blush Wall Mounted Sensor faucet-Chrome,Variant,4696,Blush Wall Mounted Sensor faucet- Black Matt,SNR-BLM-51443PK,Black Matt,https://www.jaquar.com/images/thumbs/0055586_blush-wall-mounted-sensor-faucet-black-matt_960.jpeg,18900.00,Blush Wall Mounted Sensor faucet with Control Box & Pre-mixed Water Supply Kit (Battery Operated),https://www.jaquar.com/en/blush-wall-mounted-sensor-faucet-chrome?Id=4702,"Blush Sensor Faucets, SNR-BLM-51443PK, Black Matt"
Faucets,Blush Sensor Faucets,4702,Blush Wall Mounted Sensor faucet-Chrome,Variant,4696,Blush Wall Mounted Sensor faucet- Graphite,SNR-GRF-51443PK,Graphite,https://www.jaquar.com/images/thumbs/0055024_blush-wall-mounted-sensor-faucet-graphite_960.jpeg,21600.00,Blush Wall Mounted Sensor faucet with Control Box & Pre-mixed Water Supply Kit (Battery Operated),https://www.jaquar.com/en/blush-wall-mounted-sensor-faucet-chrome?Id=4702,"Blush Sensor Faucets, SNR-GRF-51443PK, Graphite"
Faucets,Blush Sensor Faucets,4702,Blush Wall Mounted Sensor faucet-Chrome,Variant,4696,Blush Wall Mounted Sensor faucet- Stainless Steel,SNR-SSF-51443PK,Stainless Steel,https://www.jaquar.com/images/thumbs/0055030_blush-wall-mounted-sensor-faucet-stainless-steel_960.jpeg,21600.00,Blush Wall Mounted Sensor faucet with Control Box & Pre-mixed Water Supply Kit (Battery Operated),https://www.jaquar.com/en/blush-wall-mounted-sensor-faucet-chrome?Id=4702,"Blush Sensor Faucets, SNR-SSF-51443PK, Stainless Steel"
Faucets,Blush Sensor Faucets,4703,Blush Wall Mounted Sensor faucet-Chrome,Parent,4696,Blush Wall Mounted Sensor faucet-Chrome,SNR-CHR-51443PK,Chrome,https://www.jaquar.com/images/thumbs/0023244_blush-wall-mounted-sensor-faucet-chrome_960.jpeg,12850.00,"Blush Wall Mounted Sensor faucet with Control Box & Pre-mixed Water Supply Kit (Battery Operated)
",https://www.jaquar.com/en/blush-wall-mounted-sensor-faucet-chrome?Id=4703,"Blush Sensor Faucets, SNR-CHR-51443PK, Chrome"
Faucets,Blush Sensor Faucets,4703,Blush Wall Mounted Sensor faucet-Chrome,Variant,4696,Blush Wall Mounted Sensor faucet-Antique Bronze,SNR-ABR-51443PK,Antique Bronze,https://www.jaquar.com/images/thumbs/0052463_blush-wall-mounted-sensor-faucet-antique-bronze_960.jpeg,21600.00,Blush Wall Mounted Sensor faucet with Control Box & Pre-mixed Water Supply Kit (Battery Operated),https://www.jaquar.com/en/blush-wall-mounted-sensor-faucet-chrome?Id=4703,"Blush Sensor Faucets, SNR-ABR-51443PK, Antique Bronze"
Faucets,Blush Sensor Faucets,4703,Blush Wall Mounted Sensor faucet-Chrome,Variant,4696,Blush Wall Mounted Sensor faucet- Antique Copper,SNR-ACR-51443PK,Antique Copper,https://www.jaquar.com/images/thumbs/0055494_blush-wall-mounted-sensor-faucet-antique-copper_960.jpeg,21600.00,Blush Wall Mounted Sensor faucet with Control Box & Pre-mixed Water Supply Kit (Battery Operated),https://www.jaquar.com/en/blush-wall-mounted-sensor-faucet-chrome?Id=4703,"Blush Sensor Faucets, SNR-ACR-51443PK, Antique Copper"
Faucets,Blush Sensor Faucets,4703,Blush Wall Mounted Sensor faucet-Chrome,Variant,4696,Blush Wall Mounted Sensor faucet- Black Chrome,SNR-BCH-51443PK,Black Chrome,https://www.jaquar.com/images/thumbs/0055500_blush-wall-mounted-sensor-faucet-black-chrome_960.jpeg,18900.00,Blush Wall Mounted Sensor faucet with Control Box & Pre-mixed Water Supply Kit (Battery Operated),https://www.jaquar.com/en/blush-wall-mounted-sensor-faucet-chrome?Id=4703,"Blush Sensor Faucets, SNR-BCH-51443PK, Black Chrome"
Faucets,Blush Sensor Faucets,4703,Blush Wall Mounted Sensor faucet-Chrome,Variant,4696,Blush Wall Mounted Sensor faucet- Black Matt,SNR-BLM-51443PK,Black Matt,https://www.jaquar.com/images/thumbs/0055586_blush-wall-mounted-sensor-faucet-black-matt_960.jpeg,18900.00,Blush Wall Mounted Sensor faucet with Control Box & Pre-mixed Water Supply Kit (Battery Operated),https://www.jaquar.com/en/blush-wall-mounted-sensor-faucet-chrome?Id=4703,"Blush Sensor Faucets, SNR-BLM-51443PK, Black Matt"
Faucets,Blush Sensor Faucets,4703,Blush Wall Mounted Sensor faucet-Chrome,Variant,4696,Blush Wall Mounted Sensor faucet- Graphite,SNR-GRF-51443PK,Graphite,https://www.jaquar.com/images/thumbs/0055024_blush-wall-mounted-sensor-faucet-graphite_960.jpeg,21600.00,Blush Wall Mounted Sensor faucet with Control Box & Pre-mixed Water Supply Kit (Battery Operated),https://www.jaquar.com/en/blush-wall-mounted-sensor-faucet-chrome?Id=4703,"Blush Sensor Faucets, SNR-GRF-51443PK, Graphite"
Faucets,Blush Sensor Faucets,4703,Blush Wall Mounted Sensor faucet-Chrome,Variant,4696,Blush Wall Mounted Sensor faucet- Stainless Steel,SNR-SSF-51443PK,Stainless Steel,https://www.jaquar.com/images/thumbs/0055030_blush-wall-mounted-sensor-faucet-stainless-steel_960.jpeg,21600.00,Blush Wall Mounted Sensor faucet with Control Box & Pre-mixed Water Supply Kit (Battery Operated),https://www.jaquar.com/en/blush-wall-mounted-sensor-faucet-chrome?Id=4703,"Blush Sensor Faucets, SNR-SSF-51443PK, Stainless Steel"
Faucets,Blush Sensor Faucets,4705,Blush Wall Mounted Sensor faucet-Chrome,Parent,4696,Blush Wall Mounted Sensor faucet-Chrome,SNR-CHR-51443PK,Chrome,https://www.jaquar.com/images/thumbs/0023244_blush-wall-mounted-sensor-faucet-chrome_960.jpeg,12850.00,"Blush Wall Mounted Sensor faucet with Control Box & Pre-mixed Water Supply Kit (Battery Operated)
",https://www.jaquar.com/en/blush-wall-mounted-sensor-faucet-chrome?Id=4705,"Blush Sensor Faucets, SNR-CHR-51443PK, Chrome"
Faucets,Blush Sensor Faucets,4705,Blush Wall Mounted Sensor faucet-Chrome,Variant,4696,Blush Wall Mounted Sensor faucet-Antique Bronze,SNR-ABR-51443PK,Antique Bronze,https://www.jaquar.com/images/thumbs/0052463_blush-wall-mounted-sensor-faucet-antique-bronze_960.jpeg,21600.00,Blush Wall Mounted Sensor faucet with Control Box & Pre-mixed Water Supply Kit (Battery Operated),https://www.jaquar.com/en/blush-wall-mounted-sensor-faucet-chrome?Id=4705,"Blush Sensor Faucets, SNR-ABR-51443PK, Antique Bronze"
Faucets,Blush Sensor Faucets,4705,Blush Wall Mounted Sensor faucet-Chrome,Variant,4696,Blush Wall Mounted Sensor faucet- Antique Copper,SNR-ACR-51443PK,Antique Copper,https://www.jaquar.com/images/thumbs/0055494_blush-wall-mounted-sensor-faucet-antique-copper_960.jpeg,21600.00,Blush Wall Mounted Sensor faucet with Control Box & Pre-mixed Water Supply Kit (Battery Operated),https://www.jaquar.com/en/blush-wall-mounted-sensor-faucet-chrome?Id=4705,"Blush Sensor Faucets, SNR-ACR-51443PK, Antique Copper"
Faucets,Blush Sensor Faucets,4705,Blush Wall Mounted Sensor faucet-Chrome,Variant,4696,Blush Wall Mounted Sensor faucet- Black Chrome,SNR-BCH-51443PK,Black Chrome,https://www.jaquar.com/images/thumbs/0055500_blush-wall-mounted-sensor-faucet-black-chrome_960.jpeg,18900.00,Blush Wall Mounted Sensor faucet with Control Box & Pre-mixed Water Supply Kit (Battery Operated),https://www.jaquar.com/en/blush-wall-mounted-sensor-faucet-chrome?Id=4705,"Blush Sensor Faucets, SNR-BCH-51443PK, Black Chrome"
Faucets,Blush Sensor Faucets,4705,Blush Wall Mounted Sensor faucet-Chrome,Variant,4696,Blush Wall Mounted Sensor faucet- Black Matt,SNR-BLM-51443PK,Black Matt,https://www.jaquar.com/images/thumbs/0055586_blush-wall-mounted-sensor-faucet-black-matt_960.jpeg,18900.00,Blush Wall Mounted Sensor faucet with Control Box & Pre-mixed Water Supply Kit (Battery Operated),https://www.jaquar.com/en/blush-wall-mounted-sensor-faucet-chrome?Id=4705,"Blush Sensor Faucets, SNR-BLM-51443PK, Black Matt"
Faucets,Blush Sensor Faucets,4705,Blush Wall Mounted Sensor faucet-Chrome,Variant,4696,Blush Wall Mounted Sensor faucet- Graphite,SNR-GRF-51443PK,Graphite,https://www.jaquar.com/images/thumbs/0055024_blush-wall-mounted-sensor-faucet-graphite_960.jpeg,21600.00,Blush Wall Mounted Sensor faucet with Control Box & Pre-mixed Water Supply Kit (Battery Operated),https://www.jaquar.com/en/blush-wall-mounted-sensor-faucet-chrome?Id=4705,"Blush Sensor Faucets, SNR-GRF-51443PK, Graphite"
Faucets,Blush Sensor Faucets,4705,Blush Wall Mounted Sensor faucet-Chrome,Variant,4696,Blush Wall Mounted Sensor faucet- Stainless Steel,SNR-SSF-51443PK,Stainless Steel,https://www.jaquar.com/images/thumbs/0055030_blush-wall-mounted-sensor-faucet-stainless-steel_960.jpeg,21600.00,Blush Wall Mounted Sensor faucet with Control Box & Pre-mixed Water Supply Kit (Battery Operated),https://www.jaquar.com/en/blush-wall-mounted-sensor-faucet-chrome?Id=4705,"Blush Sensor Faucets, SNR-SSF-51443PK, Stainless Steel"
Faucets,Blush Sensor Faucets,4636,Blush Wall Mounted Sensor faucet-Chrome,Parent,4696,Blush Wall Mounted Sensor faucet-Chrome,SNR-CHR-51443PK,Chrome,https://www.jaquar.com/images/thumbs/0023244_blush-wall-mounted-sensor-faucet-chrome_960.jpeg,12850.00,"Blush Wall Mounted Sensor faucet with Control Box & Pre-mixed Water Supply Kit (Battery Operated)
",https://www.jaquar.com/en/blush-wall-mounted-sensor-faucet-chrome?Id=4636,"Blush Sensor Faucets, SNR-CHR-51443PK, Chrome"
Faucets,Blush Sensor Faucets,4636,Blush Wall Mounted Sensor faucet-Chrome,Variant,4696,Blush Wall Mounted Sensor faucet-Antique Bronze,SNR-ABR-51443PK,Antique Bronze,https://www.jaquar.com/images/thumbs/0052463_blush-wall-mounted-sensor-faucet-antique-bronze_960.jpeg,21600.00,Blush Wall Mounted Sensor faucet with Control Box & Pre-mixed Water Supply Kit (Battery Operated),https://www.jaquar.com/en/blush-wall-mounted-sensor-faucet-chrome?Id=4636,"Blush Sensor Faucets, SNR-ABR-51443PK, Antique Bronze"
Faucets,Blush Sensor Faucets,4636,Blush Wall Mounted Sensor faucet-Chrome,Variant,4696,Blush Wall Mounted Sensor faucet- Antique Copper,SNR-ACR-51443PK,Antique Copper,https://www.jaquar.com/images/thumbs/0055494_blush-wall-mounted-sensor-faucet-antique-copper_960.jpeg,21600.00,Blush Wall Mounted Sensor faucet with Control Box & Pre-mixed Water Supply Kit (Battery Operated),https://www.jaquar.com/en/blush-wall-mounted-sensor-faucet-chrome?Id=4636,"Blush Sensor Faucets, SNR-ACR-51443PK, Antique Copper"
Faucets,Blush Sensor Faucets,4636,Blush Wall Mounted Sensor faucet-Chrome,Variant,4696,Blush Wall Mounted Sensor faucet- Black Chrome,SNR-BCH-51443PK,Black Chrome,https://www.jaquar.com/images/thumbs/0055500_blush-wall-mounted-sensor-faucet-black-chrome_960.jpeg,18900.00,Blush Wall Mounted Sensor faucet with Control Box & Pre-mixed Water Supply Kit (Battery Operated),https://www.jaquar.com/en/blush-wall-mounted-sensor-faucet-chrome?Id=4636,"Blush Sensor Faucets, SNR-BCH-51443PK, Black Chrome"
Faucets,Blush Sensor Faucets,4636,Blush Wall Mounted Sensor faucet-Chrome,Variant,4696,Blush Wall Mounted Sensor faucet- Black Matt,SNR-BLM-51443PK,Black Matt,https://www.jaquar.com/images/thumbs/0055586_blush-wall-mounted-sensor-faucet-black-matt_960.jpeg,18900.00,Blush Wall Mounted Sensor faucet with Control Box & Pre-mixed Water Supply Kit (Battery Operated),https://www.jaquar.com/en/blush-wall-mounted-sensor-faucet-chrome?Id=4636,"Blush Sensor Faucets, SNR-BLM-51443PK, Black Matt"
Faucets,Blush Sensor Faucets,4636,Blush Wall Mounted Sensor faucet-Chrome,Variant,4696,Blush Wall Mounted Sensor faucet- Graphite,SNR-GRF-51443PK,Graphite,https://www.jaquar.com/images/thumbs/0055024_blush-wall-mounted-sensor-faucet-graphite_960.jpeg,21600.00,Blush Wall Mounted Sensor faucet with Control Box & Pre-mixed Water Supply Kit (Battery Operated),https://www.jaquar.com/en/blush-wall-mounted-sensor-faucet-chrome?Id=4636,"Blush Sensor Faucets, SNR-GRF-51443PK, Graphite"
Faucets,Blush Sensor Faucets,4636,Blush Wall Mounted Sensor faucet-Chrome,Variant,4696,Blush Wall Mounted Sensor faucet- Stainless Steel,SNR-SSF-51443PK,Stainless Steel,https://www.jaquar.com/images/thumbs/0055030_blush-wall-mounted-sensor-faucet-stainless-steel_960.jpeg,21600.00,Blush Wall Mounted Sensor faucet with Control Box & Pre-mixed Water Supply Kit (Battery Operated),https://www.jaquar.com/en/blush-wall-mounted-sensor-faucet-chrome?Id=4636,"Blush Sensor Faucets, SNR-SSF-51443PK, Stainless Steel"
Faucets,Blush Sensor Faucets,4668,Blush Wall Mounted Sensor faucet- Chrome,Parent,4666,Blush Wall Mounted Sensor faucet- Chrome,SNR-CHR-51443,Chrome,https://www.jaquar.com/images/thumbs/0023243_blush-wall-mounted-sensor-faucet-chrome_960.jpeg,12000.00,"Blush Wall Mounted Sensor faucet with Control Box (Battery Operated)
",https://www.jaquar.com/en/blush-wall-mounted-sensor-faucets?Id=4668,"Blush Sensor Faucets, SNR-CHR-51443, Chrome"
Faucets,Blush Sensor Faucets,4668,Blush Wall Mounted Sensor faucet- Chrome,Variant,4666,Blush Wall Mounted Sensor faucet-Antique Bronze,SNR-ABR-51443,Antique Bronze,https://www.jaquar.com/images/thumbs/0052461_blush-wall-mounted-sensor-faucet-antique-bronze_960.jpeg,20200.00,"Blush Wall Mounted Sensor faucet with Control Box (Battery Operated)
",https://www.jaquar.com/en/blush-wall-mounted-sensor-faucets?Id=4668,"Blush Sensor Faucets, SNR-ABR-51443, Antique Bronze"
Faucets,Blush Sensor Faucets,4668,Blush Wall Mounted Sensor faucet- Chrome,Variant,4666,Blush Wall Mounted Sensor faucet- Antique Copper,SNR-ACR-51443,Antique Copper,https://www.jaquar.com/images/thumbs/0055493_blush-wall-mounted-sensor-faucet-antique-copper_960.jpeg,20200.00,"Blush Wall Mounted Sensor faucet with Control Box (Battery Operated)
",https://www.jaquar.com/en/blush-wall-mounted-sensor-faucets?Id=4668,"Blush Sensor Faucets, SNR-ACR-51443, Antique Copper"
Faucets,Blush Sensor Faucets,4668,Blush Wall Mounted Sensor faucet- Chrome,Variant,4666,Blush Wall Mounted Sensor faucet- Black Chrome,SNR-BCH-51443,Black Chrome,https://www.jaquar.com/images/thumbs/0055499_blush-wall-mounted-sensor-faucet-black-chrome_960.jpeg,17700.00,"Blush Wall Mounted Sensor faucet with Control Box (Battery Operated)
",https://www.jaquar.com/en/blush-wall-mounted-sensor-faucets?Id=4668,"Blush Sensor Faucets, SNR-BCH-51443, Black Chrome"
Faucets,Blush Sensor Faucets,4668,Blush Wall Mounted Sensor faucet- Chrome,Variant,4666,Blush Wall Mounted Sensor faucet- Black Matt,SNR-BLM-51443,Black Matt,https://www.jaquar.com/images/thumbs/0052462_blush-wall-mounted-sensor-faucet-black-matt_960.jpeg,17700.00,"Blush Wall Mounted Sensor faucet with Control Box (Battery Operated)
",https://www.jaquar.com/en/blush-wall-mounted-sensor-faucets?Id=4668,"Blush Sensor Faucets, SNR-BLM-51443, Black Matt"
Faucets,Blush Sensor Faucets,4668,Blush Wall Mounted Sensor faucet- Chrome,Variant,4666,Blush Wall Mounted Sensor faucet- Graphite,SNR-GRF-51443,Graphite,https://www.jaquar.com/images/thumbs/0055023_blush-wall-mounted-sensor-faucet-graphite_960.jpeg,20200.00,"Blush Wall Mounted Sensor faucet with Control Box (Battery Operated)
",https://www.jaquar.com/en/blush-wall-mounted-sensor-faucets?Id=4668,"Blush Sensor Faucets, SNR-GRF-51443, Graphite"
Faucets,Blush Sensor Faucets,4668,Blush Wall Mounted Sensor faucet- Chrome,Variant,4666,Blush Wall Mounted Sensor faucet- Stainless Steel,SNR-SSF-51443,Stainless Steel,https://www.jaquar.com/images/thumbs/0055029_blush-wall-mounted-sensor-faucet-stainless-steel_960.jpeg,20200.00,"Blush Wall Mounted Sensor faucet with Control Box (Battery Operated)
",https://www.jaquar.com/en/blush-wall-mounted-sensor-faucets?Id=4668,"Blush Sensor Faucets, SNR-SSF-51443, Stainless Steel"
Faucets,Blush Sensor Faucets,4669,Blush Wall Mounted Sensor faucet- Chrome,Parent,4666,Blush Wall Mounted Sensor faucet- Chrome,SNR-CHR-51443,Chrome,https://www.jaquar.com/images/thumbs/0023243_blush-wall-mounted-sensor-faucet-chrome_960.jpeg,12000.00,"Blush Wall Mounted Sensor faucet with Control Box (Battery Operated)
",https://www.jaquar.com/en/blush-wall-mounted-sensor-faucets?Id=4669,"Blush Sensor Faucets, SNR-CHR-51443, Chrome"
Faucets,Blush Sensor Faucets,4669,Blush Wall Mounted Sensor faucet- Chrome,Variant,4666,Blush Wall Mounted Sensor faucet-Antique Bronze,SNR-ABR-51443,Antique Bronze,https://www.jaquar.com/images/thumbs/0052461_blush-wall-mounted-sensor-faucet-antique-bronze_960.jpeg,20200.00,"Blush Wall Mounted Sensor faucet with Control Box (Battery Operated)
",https://www.jaquar.com/en/blush-wall-mounted-sensor-faucets?Id=4669,"Blush Sensor Faucets, SNR-ABR-51443, Antique Bronze"
Faucets,Blush Sensor Faucets,4669,Blush Wall Mounted Sensor faucet- Chrome,Variant,4666,Blush Wall Mounted Sensor faucet- Antique Copper,SNR-ACR-51443,Antique Copper,https://www.jaquar.com/images/thumbs/0055493_blush-wall-mounted-sensor-faucet-antique-copper_960.jpeg,20200.00,"Blush Wall Mounted Sensor faucet with Control Box (Battery Operated)
",https://www.jaquar.com/en/blush-wall-mounted-sensor-faucets?Id=4669,"Blush Sensor Faucets, SNR-ACR-51443, Antique Copper"
Faucets,Blush Sensor Faucets,4669,Blush Wall Mounted Sensor faucet- Chrome,Variant,4666,Blush Wall Mounted Sensor faucet- Black Chrome,SNR-BCH-51443,Black Chrome,https://www.jaquar.com/images/thumbs/0055499_blush-wall-mounted-sensor-faucet-black-chrome_960.jpeg,17700.00,"Blush Wall Mounted Sensor faucet with Control Box (Battery Operated)
",https://www.jaquar.com/en/blush-wall-mounted-sensor-faucets?Id=4669,"Blush Sensor Faucets, SNR-BCH-51443, Black Chrome"
Faucets,Blush Sensor Faucets,4669,Blush Wall Mounted Sensor faucet- Chrome,Variant,4666,Blush Wall Mounted Sensor faucet- Black Matt,SNR-BLM-51443,Black Matt,https://www.jaquar.com/images/thumbs/0052462_blush-wall-mounted-sensor-faucet-black-matt_960.jpeg,17700.00,"Blush Wall Mounted Sensor faucet with Control Box (Battery Operated)
",https://www.jaquar.com/en/blush-wall-mounted-sensor-faucets?Id=4669,"Blush Sensor Faucets, SNR-BLM-51443, Black Matt"
Faucets,Blush Sensor Faucets,4669,Blush Wall Mounted Sensor faucet- Chrome,Variant,4666,Blush Wall Mounted Sensor faucet- Graphite,SNR-GRF-51443,Graphite,https://www.jaquar.com/images/thumbs/0055023_blush-wall-mounted-sensor-faucet-graphite_960.jpeg,20200.00,"Blush Wall Mounted Sensor faucet with Control Box (Battery Operated)
",https://www.jaquar.com/en/blush-wall-mounted-sensor-faucets?Id=4669,"Blush Sensor Faucets, SNR-GRF-51443, Graphite"
Faucets,Blush Sensor Faucets,4669,Blush Wall Mounted Sensor faucet- Chrome,Variant,4666,Blush Wall Mounted Sensor faucet- Stainless Steel,SNR-SSF-51443,Stainless Steel,https://www.jaquar.com/images/thumbs/0055029_blush-wall-mounted-sensor-faucet-stainless-steel_960.jpeg,20200.00,"Blush Wall Mounted Sensor faucet with Control Box (Battery Operated)
",https://www.jaquar.com/en/blush-wall-mounted-sensor-faucets?Id=4669,"Blush Sensor Faucets, SNR-SSF-51443, Stainless Steel"
Faucets,Blush Sensor Faucets,4670,Blush Wall Mounted Sensor faucet- Chrome,Parent,4666,Blush Wall Mounted Sensor faucet- Chrome,SNR-CHR-51443,Chrome,https://www.jaquar.com/images/thumbs/0023243_blush-wall-mounted-sensor-faucet-chrome_960.jpeg,12000.00,"Blush Wall Mounted Sensor faucet with Control Box (Battery Operated)
",https://www.jaquar.com/en/blush-wall-mounted-sensor-faucets?Id=4670,"Blush Sensor Faucets, SNR-CHR-51443, Chrome"
Faucets,Blush Sensor Faucets,4670,Blush Wall Mounted Sensor faucet- Chrome,Variant,4666,Blush Wall Mounted Sensor faucet-Antique Bronze,SNR-ABR-51443,Antique Bronze,https://www.jaquar.com/images/thumbs/0052461_blush-wall-mounted-sensor-faucet-antique-bronze_960.jpeg,20200.00,"Blush Wall Mounted Sensor faucet with Control Box (Battery Operated)
",https://www.jaquar.com/en/blush-wall-mounted-sensor-faucets?Id=4670,"Blush Sensor Faucets, SNR-ABR-51443, Antique Bronze"
Faucets,Blush Sensor Faucets,4670,Blush Wall Mounted Sensor faucet- Chrome,Variant,4666,Blush Wall Mounted Sensor faucet- Antique Copper,SNR-ACR-51443,Antique Copper,https://www.jaquar.com/images/thumbs/0055493_blush-wall-mounted-sensor-faucet-antique-copper_960.jpeg,20200.00,"Blush Wall Mounted Sensor faucet with Control Box (Battery Operated)
",https://www.jaquar.com/en/blush-wall-mounted-sensor-faucets?Id=4670,"Blush Sensor Faucets, SNR-ACR-51443, Antique Copper"
Faucets,Blush Sensor Faucets,4670,Blush Wall Mounted Sensor faucet- Chrome,Variant,4666,Blush Wall Mounted Sensor faucet- Black Chrome,SNR-BCH-51443,Black Chrome,https://www.jaquar.com/images/thumbs/0055499_blush-wall-mounted-sensor-faucet-black-chrome_960.jpeg,17700.00,"Blush Wall Mounted Sensor faucet with Control Box (Battery Operated)
",https://www.jaquar.com/en/blush-wall-mounted-sensor-faucets?Id=4670,"Blush Sensor Faucets, SNR-BCH-51443, Black Chrome"
Faucets,Blush Sensor Faucets,4670,Blush Wall Mounted Sensor faucet- Chrome,Variant,4666,Blush Wall Mounted Sensor faucet- Black Matt,SNR-BLM-51443,Black Matt,https://www.jaquar.com/images/thumbs/0052462_blush-wall-mounted-sensor-faucet-black-matt_960.jpeg,17700.00,"Blush Wall Mounted Sensor faucet with Control Box (Battery Operated)
",https://www.jaquar.com/en/blush-wall-mounted-sensor-faucets?Id=4670,"Blush Sensor Faucets, SNR-BLM-51443, Black Matt"
Faucets,Blush Sensor Faucets,4670,Blush Wall Mounted Sensor faucet- Chrome,Variant,4666,Blush Wall Mounted Sensor faucet- Graphite,SNR-GRF-51443,Graphite,https://www.jaquar.com/images/thumbs/0055023_blush-wall-mounted-sensor-faucet-graphite_960.jpeg,20200.00,"Blush Wall Mounted Sensor faucet with Control Box (Battery Operated)
",https://www.jaquar.com/en/blush-wall-mounted-sensor-faucets?Id=4670,"Blush Sensor Faucets, SNR-GRF-51443, Graphite"
Faucets,Blush Sensor Faucets,4670,Blush Wall Mounted Sensor faucet- Chrome,Variant,4666,Blush Wall Mounted Sensor faucet- Stainless Steel,SNR-SSF-51443,Stainless Steel,https://www.jaquar.com/images/thumbs/0055029_blush-wall-mounted-sensor-faucet-stainless-steel_960.jpeg,20200.00,"Blush Wall Mounted Sensor faucet with Control Box (Battery Operated)
",https://www.jaquar.com/en/blush-wall-mounted-sensor-faucets?Id=4670,"Blush Sensor Faucets, SNR-SSF-51443, Stainless Steel"
Faucets,Blush Sensor Faucets,4673,Blush Wall Mounted Sensor faucet- Chrome,Parent,4666,Blush Wall Mounted Sensor faucet- Chrome,SNR-CHR-51443,Chrome,https://www.jaquar.com/images/thumbs/0023243_blush-wall-mounted-sensor-faucet-chrome_960.jpeg,12000.00,"Blush Wall Mounted Sensor faucet with Control Box (Battery Operated)
",https://www.jaquar.com/en/blush-wall-mounted-sensor-faucets?Id=4673,"Blush Sensor Faucets, SNR-CHR-51443, Chrome"
Faucets,Blush Sensor Faucets,4673,Blush Wall Mounted Sensor faucet- Chrome,Variant,4666,Blush Wall Mounted Sensor faucet-Antique Bronze,SNR-ABR-51443,Antique Bronze,https://www.jaquar.com/images/thumbs/0052461_blush-wall-mounted-sensor-faucet-antique-bronze_960.jpeg,20200.00,"Blush Wall Mounted Sensor faucet with Control Box (Battery Operated)
",https://www.jaquar.com/en/blush-wall-mounted-sensor-faucets?Id=4673,"Blush Sensor Faucets, SNR-ABR-51443, Antique Bronze"
Faucets,Blush Sensor Faucets,4673,Blush Wall Mounted Sensor faucet- Chrome,Variant,4666,Blush Wall Mounted Sensor faucet- Antique Copper,SNR-ACR-51443,Antique Copper,https://www.jaquar.com/images/thumbs/0055493_blush-wall-mounted-sensor-faucet-antique-copper_960.jpeg,20200.00,"Blush Wall Mounted Sensor faucet with Control Box (Battery Operated)
",https://www.jaquar.com/en/blush-wall-mounted-sensor-faucets?Id=4673,"Blush Sensor Faucets, SNR-ACR-51443, Antique Copper"
Faucets,Blush Sensor Faucets,4673,Blush Wall Mounted Sensor faucet- Chrome,Variant,4666,Blush Wall Mounted Sensor faucet- Black Chrome,SNR-BCH-51443,Black Chrome,https://www.jaquar.com/images/thumbs/0055499_blush-wall-mounted-sensor-faucet-black-chrome_960.jpeg,17700.00,"Blush Wall Mounted Sensor faucet with Control Box (Battery Operated)
",https://www.jaquar.com/en/blush-wall-mounted-sensor-faucets?Id=4673,"Blush Sensor Faucets, SNR-BCH-51443, Black Chrome"
Faucets,Blush Sensor Faucets,4673,Blush Wall Mounted Sensor faucet- Chrome,Variant,4666,Blush Wall Mounted Sensor faucet- Black Matt,SNR-BLM-51443,Black Matt,https://www.jaquar.com/images/thumbs/0052462_blush-wall-mounted-sensor-faucet-black-matt_960.jpeg,17700.00,"Blush Wall Mounted Sensor faucet with Control Box (Battery Operated)
",https://www.jaquar.com/en/blush-wall-mounted-sensor-faucets?Id=4673,"Blush Sensor Faucets, SNR-BLM-51443, Black Matt"
Faucets,Blush Sensor Faucets,4673,Blush Wall Mounted Sensor faucet- Chrome,Variant,4666,Blush Wall Mounted Sensor faucet- Graphite,SNR-GRF-51443,Graphite,https://www.jaquar.com/images/thumbs/0055023_blush-wall-mounted-sensor-faucet-graphite_960.jpeg,20200.00,"Blush Wall Mounted Sensor faucet with Control Box (Battery Operated)
",https://www.jaquar.com/en/blush-wall-mounted-sensor-faucets?Id=4673,"Blush Sensor Faucets, SNR-GRF-51443, Graphite"
Faucets,Blush Sensor Faucets,4673,Blush Wall Mounted Sensor faucet- Chrome,Variant,4666,Blush Wall Mounted Sensor faucet- Stainless Steel,SNR-SSF-51443,Stainless Steel,https://www.jaquar.com/images/thumbs/0055029_blush-wall-mounted-sensor-faucet-stainless-steel_960.jpeg,20200.00,"Blush Wall Mounted Sensor faucet with Control Box (Battery Operated)
",https://www.jaquar.com/en/blush-wall-mounted-sensor-faucets?Id=4673,"Blush Sensor Faucets, SNR-SSF-51443, Stainless Steel"
Faucets,Blush Sensor Faucets,4675,Blush Wall Mounted Sensor faucet- Chrome,Parent,4666,Blush Wall Mounted Sensor faucet- Chrome,SNR-CHR-51443,Chrome,https://www.jaquar.com/images/thumbs/0023243_blush-wall-mounted-sensor-faucet-chrome_960.jpeg,12000.00,"Blush Wall Mounted Sensor faucet with Control Box (Battery Operated)
",https://www.jaquar.com/en/blush-wall-mounted-sensor-faucets?Id=4675,"Blush Sensor Faucets, SNR-CHR-51443, Chrome"
Faucets,Blush Sensor Faucets,4675,Blush Wall Mounted Sensor faucet- Chrome,Variant,4666,Blush Wall Mounted Sensor faucet-Antique Bronze,SNR-ABR-51443,Antique Bronze,https://www.jaquar.com/images/thumbs/0052461_blush-wall-mounted-sensor-faucet-antique-bronze_960.jpeg,20200.00,"Blush Wall Mounted Sensor faucet with Control Box (Battery Operated)
",https://www.jaquar.com/en/blush-wall-mounted-sensor-faucets?Id=4675,"Blush Sensor Faucets, SNR-ABR-51443, Antique Bronze"
Faucets,Blush Sensor Faucets,4675,Blush Wall Mounted Sensor faucet- Chrome,Variant,4666,Blush Wall Mounted Sensor faucet- Antique Copper,SNR-ACR-51443,Antique Copper,https://www.jaquar.com/images/thumbs/0055493_blush-wall-mounted-sensor-faucet-antique-copper_960.jpeg,20200.00,"Blush Wall Mounted Sensor faucet with Control Box (Battery Operated)
",https://www.jaquar.com/en/blush-wall-mounted-sensor-faucets?Id=4675,"Blush Sensor Faucets, SNR-ACR-51443, Antique Copper"
Faucets,Blush Sensor Faucets,4675,Blush Wall Mounted Sensor faucet- Chrome,Variant,4666,Blush Wall Mounted Sensor faucet- Black Chrome,SNR-BCH-51443,Black Chrome,https://www.jaquar.com/images/thumbs/0055499_blush-wall-mounted-sensor-faucet-black-chrome_960.jpeg,17700.00,"Blush Wall Mounted Sensor faucet with Control Box (Battery Operated)
",https://www.jaquar.com/en/blush-wall-mounted-sensor-faucets?Id=4675,"Blush Sensor Faucets, SNR-BCH-51443, Black Chrome"
Faucets,Blush Sensor Faucets,4675,Blush Wall Mounted Sensor faucet- Chrome,Variant,4666,Blush Wall Mounted Sensor faucet- Black Matt,SNR-BLM-51443,Black Matt,https://www.jaquar.com/images/thumbs/0052462_blush-wall-mounted-sensor-faucet-black-matt_960.jpeg,17700.00,"Blush Wall Mounted Sensor faucet with Control Box (Battery Operated)
",https://www.jaquar.com/en/blush-wall-mounted-sensor-faucets?Id=4675,"Blush Sensor Faucets, SNR-BLM-51443, Black Matt"
Faucets,Blush Sensor Faucets,4675,Blush Wall Mounted Sensor faucet- Chrome,Variant,4666,Blush Wall Mounted Sensor faucet- Graphite,SNR-GRF-51443,Graphite,https://www.jaquar.com/images/thumbs/0055023_blush-wall-mounted-sensor-faucet-graphite_960.jpeg,20200.00,"Blush Wall Mounted Sensor faucet with Control Box (Battery Operated)
",https://www.jaquar.com/en/blush-wall-mounted-sensor-faucets?Id=4675,"Blush Sensor Faucets, SNR-GRF-51443, Graphite"
Faucets,Blush Sensor Faucets,4675,Blush Wall Mounted Sensor faucet- Chrome,Variant,4666,Blush Wall Mounted Sensor faucet- Stainless Steel,SNR-SSF-51443,Stainless Steel,https://www.jaquar.com/images/thumbs/0055029_blush-wall-mounted-sensor-faucet-stainless-steel_960.jpeg,20200.00,"Blush Wall Mounted Sensor faucet with Control Box (Battery Operated)
",https://www.jaquar.com/en/blush-wall-mounted-sensor-faucets?Id=4675,"Blush Sensor Faucets, SNR-SSF-51443, Stainless Steel"
Faucets,Blush Sensor Faucets,4667,Blush Wall Mounted Sensor faucet- Chrome,Parent,4666,Blush Wall Mounted Sensor faucet- Chrome,SNR-CHR-51443,Chrome,https://www.jaquar.com/images/thumbs/0023243_blush-wall-mounted-sensor-faucet-chrome_960.jpeg,12000.00,"Blush Wall Mounted Sensor faucet with Control Box (Battery Operated)
",https://www.jaquar.com/en/blush-wall-mounted-sensor-faucets?Id=4667,"Blush Sensor Faucets, SNR-CHR-51443, Chrome"
Faucets,Blush Sensor Faucets,4667,Blush Wall Mounted Sensor faucet- Chrome,Variant,4666,Blush Wall Mounted Sensor faucet-Antique Bronze,SNR-ABR-51443,Antique Bronze,https://www.jaquar.com/images/thumbs/0052461_blush-wall-mounted-sensor-faucet-antique-bronze_960.jpeg,20200.00,"Blush Wall Mounted Sensor faucet with Control Box (Battery Operated)
",https://www.jaquar.com/en/blush-wall-mounted-sensor-faucets?Id=4667,"Blush Sensor Faucets, SNR-ABR-51443, Antique Bronze"
Faucets,Blush Sensor Faucets,4667,Blush Wall Mounted Sensor faucet- Chrome,Variant,4666,Blush Wall Mounted Sensor faucet- Antique Copper,SNR-ACR-51443,Antique Copper,https://www.jaquar.com/images/thumbs/0055493_blush-wall-mounted-sensor-faucet-antique-copper_960.jpeg,20200.00,"Blush Wall Mounted Sensor faucet with Control Box (Battery Operated)
",https://www.jaquar.com/en/blush-wall-mounted-sensor-faucets?Id=4667,"Blush Sensor Faucets, SNR-ACR-51443, Antique Copper"
Faucets,Blush Sensor Faucets,4667,Blush Wall Mounted Sensor faucet- Chrome,Variant,4666,Blush Wall Mounted Sensor faucet- Black Chrome,SNR-BCH-51443,Black Chrome,https://www.jaquar.com/images/thumbs/0055499_blush-wall-mounted-sensor-faucet-black-chrome_960.jpeg,17700.00,"Blush Wall Mounted Sensor faucet with Control Box (Battery Operated)
",https://www.jaquar.com/en/blush-wall-mounted-sensor-faucets?Id=4667,"Blush Sensor Faucets, SNR-BCH-51443, Black Chrome"
Faucets,Blush Sensor Faucets,4667,Blush Wall Mounted Sensor faucet- Chrome,Variant,4666,Blush Wall Mounted Sensor faucet- Black Matt,SNR-BLM-51443,Black Matt,https://www.jaquar.com/images/thumbs/0052462_blush-wall-mounted-sensor-faucet-black-matt_960.jpeg,17700.00,"Blush Wall Mounted Sensor faucet with Control Box (Battery Operated)
",https://www.jaquar.com/en/blush-wall-mounted-sensor-faucets?Id=4667,"Blush Sensor Faucets, SNR-BLM-51443, Black Matt"
Faucets,Blush Sensor Faucets,4667,Blush Wall Mounted Sensor faucet- Chrome,Variant,4666,Blush Wall Mounted Sensor faucet- Graphite,SNR-GRF-51443,Graphite,https://www.jaquar.com/images/thumbs/0055023_blush-wall-mounted-sensor-faucet-graphite_960.jpeg,20200.00,"Blush Wall Mounted Sensor faucet with Control Box (Battery Operated)
",https://www.jaquar.com/en/blush-wall-mounted-sensor-faucets?Id=4667,"Blush Sensor Faucets, SNR-GRF-51443, Graphite"
Faucets,Blush Sensor Faucets,4667,Blush Wall Mounted Sensor faucet- Chrome,Variant,4666,Blush Wall Mounted Sensor faucet- Stainless Steel,SNR-SSF-51443,Stainless Steel,https://www.jaquar.com/images/thumbs/0055029_blush-wall-mounted-sensor-faucet-stainless-steel_960.jpeg,20200.00,"Blush Wall Mounted Sensor faucet with Control Box (Battery Operated)
",https://www.jaquar.com/en/blush-wall-mounted-sensor-faucets?Id=4667,"Blush Sensor Faucets, SNR-SSF-51443, Stainless Steel"
