category,series,parent_product_id,parent_name,is_parent,variant_id,product_name,product_code,color,image_url,mrp,description,product_url,bullet_points
Faucets,Kubix Prime,9709,Sensor Faucet,Parent,9709,Sensor Faucet,SNR-CHR-35019PMEB,,https://www.jaquar.com/images/thumbs/0060244_sensor-faucet_960.jpeg,,Kubix Prime Sensor Faucet for Wash Basin (9V transformer),https://www.jaquar.com/en/sensor-faucet-2?Id=9709,"Kubix Prime, SNR-CHR-35019PMEB"
Faucets,Kubix Prime,4367,Sensor Faucet,Parent,4169,Sensor Faucet - Chrome,SNR-CHR-35019PM,Chrome,https://www.jaquar.com/images/thumbs/0060243_sensor-faucet-chrome_960.jpeg,11700.00,"Kubix Prime Sensor Faucet for Wash Basin (Battery Operated)
",https://www.jaquar.com/en/kubix-prime-sensor-faucet-for-wash-basin?Id=4367,"Kubix Prime, SNR-CHR-35019PM, Chrome"
Faucets,Kubix Prime,4367,Sensor Faucet,Variant,4169,Sensor Faucet - Antique Bronze,SNR-ABR-35019PM,Antique Bronze,https://www.jaquar.com/images/thumbs/0052459_sensor-faucet-antique-bronze_960.jpeg,19700.00,"Kubix Prime Sensor Faucet for Wash Basin (Battery Operated)
",https://www.jaquar.com/en/kubix-prime-sensor-faucet-for-wash-basin?Id=4367,"Kubix Prime, SNR-ABR-35019PM, Antique Bronze"
Faucets,Kubix Prime,4367,Sensor Faucet,Variant,4169,Sensor Faucet - Antique Copper,SNR-ACR-35019PM,Antique Copper,https://www.jaquar.com/images/thumbs/0067162_sensor-faucet-antique-copper_960.jpeg,19700.00,"Kubix Prime Sensor Faucet for Wash Basin (Battery Operated)
",https://www.jaquar.com/en/kubix-prime-sensor-faucet-for-wash-basin?Id=4367,"Kubix Prime, SNR-ACR-35019PM, Antique Copper"
Faucets,Kubix Prime,4367,Sensor Faucet,Variant,4169,Sensor Faucet - Black Chrome,SNR-BCH-35019PM,Black Chrome,https://www.jaquar.com/images/thumbs/0053847_sensor-faucet-black-chrome_960.jpeg,17300.00,"Kubix Prime Sensor Faucet for Wash Basin (Battery Operated)
",https://www.jaquar.com/en/kubix-prime-sensor-faucet-for-wash-basin?Id=4367,"Kubix Prime, SNR-BCH-35019PM, Black Chrome"
Faucets,Kubix Prime,4367,Sensor Faucet,Variant,4169,Sensor Faucet - Black Matt,SNR-BLM-35019PM,Black Matt,https://www.jaquar.com/images/thumbs/0052460_sensor-faucet-black-matt_960.jpeg,17300.00,"Kubix Prime Sensor Faucet for Wash Basin (Battery Operated)
",https://www.jaquar.com/en/kubix-prime-sensor-faucet-for-wash-basin?Id=4367,"Kubix Prime, SNR-BLM-35019PM, Black Matt"
Faucets,Kubix Prime,4367,Sensor Faucet,Variant,4169,Sensor Faucet - Graphite,SNR-GRF-35019PM,Graphite,https://www.jaquar.com/images/thumbs/0060330_sensor-faucet-graphite_960.jpeg,19700.00,"Kubix Prime Sensor Faucet for Wash Basin (Battery Operated)
",https://www.jaquar.com/en/kubix-prime-sensor-faucet-for-wash-basin?Id=4367,"Kubix Prime, SNR-GRF-35019PM, Graphite"
Faucets,Kubix Prime,4367,Sensor Faucet,Variant,4169,Sensor Faucet - Stainless Steel,SNR-SSF-35019PM,Stainless Steel,https://www.jaquar.com/images/thumbs/0060506_sensor-faucet-stainless-steel_960.jpeg,19700.00,"Kubix Prime Sensor Faucet for Wash Basin (Battery Operated)
",https://www.jaquar.com/en/kubix-prime-sensor-faucet-for-wash-basin?Id=4367,"Kubix Prime, SNR-SSF-35019PM, Stainless Steel"
Faucets,Kubix Prime,9710,Sensor Faucet for Wash Basin,Parent,9710,Sensor Faucet for Wash Basin,SNR-CHR-35019PMEBPK,,https://www.jaquar.com/images/thumbs/0069354_sensor-faucet-for-wash-basin_960.jpeg,,Kubix Prime Sensor Faucet for Wash Basin with Pre-mixed Water Supply Kit (9V transformer),https://www.jaquar.com/en/sensor-faucet-for-wash-basin-3?Id=9710,"Kubix Prime, SNR-CHR-35019PMEBPK"
Faucets,Kubix Prime,4378,Sensor Faucet for Wash Basin,Parent,4216,Sensor Faucet for Wash Basin - Chrome,SNR-CHR-35019PMPK,Chrome,https://www.jaquar.com/images/thumbs/0039158_sensor-faucet-for-wash-basin-chrome_960.jpeg,12550.00,"Kubix Prime Sensor Faucet for Wash Basin with Pre-mixed Water Supply Kit (Battery Operated)
",https://www.jaquar.com/en/kubix-prime-sensor-faucet?Id=4378,"Kubix Prime, SNR-CHR-35019PMPK, Chrome"
Faucets,Kubix Prime,4378,Sensor Faucet for Wash Basin,Variant,4216,Sensor Faucet for Wash Basin - Antique Bronze,SNR-ABR-35019PMPK,Antique Bronze,https://www.jaquar.com/images/thumbs/0052957_sensor-faucet-for-wash-basin-antique-bronze_960.jpeg,21200.00,"Kubix Prime Sensor Faucet for Wash Basin with Pre-mixed Water Supply Kit (Battery Operated)
",https://www.jaquar.com/en/kubix-prime-sensor-faucet?Id=4378,"Kubix Prime, SNR-ABR-35019PMPK, Antique Bronze"
Faucets,Kubix Prime,4378,Sensor Faucet for Wash Basin,Variant,4216,Sensor Faucet for Wash Basin - Antique Copper,SNR-ACR-35019PMPK,Antique Copper,https://www.jaquar.com/images/thumbs/0067161_sensor-faucet-for-wash-basin-antique-copper_960.jpeg,21200.00,"Kubix Prime Sensor Faucet for Wash Basin with Pre-mixed Water Supply Kit (Battery Operated)
",https://www.jaquar.com/en/kubix-prime-sensor-faucet?Id=4378,"Kubix Prime, SNR-ACR-35019PMPK, Antique Copper"
Faucets,Kubix Prime,4378,Sensor Faucet for Wash Basin,Variant,4216,Sensor Faucet for Wash Basin - Black chrome,SNR-BCH-35019PMPK,Black Chrome,https://www.jaquar.com/images/thumbs/0053848_sensor-faucet-for-wash-basin-black-chrome_960.jpeg,18500.00,"Kubix Prime Sensor Faucet for Wash Basin with Pre-mixed Water Supply Kit (Battery Operated)
",https://www.jaquar.com/en/kubix-prime-sensor-faucet?Id=4378,"Kubix Prime, SNR-BCH-35019PMPK, Black Chrome"
Faucets,Kubix Prime,4378,Sensor Faucet for Wash Basin,Variant,4216,Sensor Faucet for Wash Basin - Black Matt,SNR-BLM-35019PMPK,Black Matt,https://www.jaquar.com/images/thumbs/0052614_sensor-faucet-for-wash-basin-black-matt_960.jpeg,18500.00,"Kubix Prime Sensor Faucet for Wash Basin with Pre-mixed Water Supply Kit (Battery Operated)
",https://www.jaquar.com/en/kubix-prime-sensor-faucet?Id=4378,"Kubix Prime, SNR-BLM-35019PMPK, Black Matt"
Faucets,Kubix Prime,4378,Sensor Faucet for Wash Basin,Variant,4216,Sensor Faucet for Wash Basin - Graphite,SNR-GRF-35019PMPK,Graphite,https://www.jaquar.com/images/thumbs/0060331_sensor-faucet-for-wash-basin-graphite_960.jpeg,21200.00,"Kubix Prime Sensor Faucet for Wash Basin with Pre-mixed Water Supply Kit (Battery Operated)
",https://www.jaquar.com/en/kubix-prime-sensor-faucet?Id=4378,"Kubix Prime, SNR-GRF-35019PMPK, Graphite"
Faucets,Kubix Prime,4378,Sensor Faucet for Wash Basin,Variant,4216,Sensor Faucet for Wash Basin - Stainless Steel,SNR-SSF-35019PMPK,Stainless Steel,https://www.jaquar.com/images/thumbs/0060507_sensor-faucet-for-wash-basin-stainless-steel_960.jpeg,21200.00,"Kubix Prime Sensor Faucet for Wash Basin with Pre-mixed Water Supply Kit (Battery Operated)
",https://www.jaquar.com/en/kubix-prime-sensor-faucet?Id=4378,"Kubix Prime, SNR-SSF-35019PMPK, Stainless Steel"
Faucets,Kubix Prime,9706,Tall Boy Sensor Faucet,Parent,9706,Tall Boy Sensor Faucet,SNR-CHR-35017PMEB,,https://www.jaquar.com/images/thumbs/0046492_tall-boy-sensor-faucet_960.jpeg,,Kubix Prime Tall Boy Sensor Faucet for Wash Basin (9V transformer),https://www.jaquar.com/en/tall-boy-sensor-faucet-3?Id=9706,"Kubix Prime, SNR-CHR-35017PMEB"
Faucets,Kubix Prime,9708,Tall Boy Sensor Faucet,Parent,9708,Tall Boy Sensor Faucet,SNR-CHR-35017PMEBPK,,https://www.jaquar.com/images/thumbs/0046495_tall-boy-sensor-faucet_960.jpeg,,Kubix Prime Tall Boy Sensor Faucet for Wash Basin with Pre-mixed Water Supply Kit (9V transformer),https://www.jaquar.com/en/tall-boy-sensor-faucet-4?Id=9708,"Kubix Prime, SNR-CHR-35017PMEBPK"
Faucets,Kubix Prime,4317,Tall Boy Sensor Faucet,Parent,4222,Tall Boy Sensor Faucet - Chrome,SNR-CHR-35017PM,Chrome,https://www.jaquar.com/images/thumbs/0016513_tall-boy-sensor-faucet-chrome_960.jpeg,14500.00,"Kubix Prime Tall Boy Sensor Faucet for Wash Basin (Battery Operated)
",https://www.jaquar.com/en/opal-prime-tall-boy-sensor-faucet-copy?Id=4317,"Kubix Prime, SNR-CHR-35017PM, Chrome"
Faucets,Kubix Prime,4317,Tall Boy Sensor Faucet,Variant,4222,Tall Boy Sensor Faucet - Antique Bronze,SNR-ABR-35017PM,Antique Bronze,https://www.jaquar.com/images/thumbs/0037859_tall-boy-sensor-faucet-antique-bronze_960.jpeg,24500.00,"Kubix Prime Tall Boy Sensor Faucet for Wash Basin (Battery Operated)
",https://www.jaquar.com/en/opal-prime-tall-boy-sensor-faucet-copy?Id=4317,"Kubix Prime, SNR-ABR-35017PM, Antique Bronze"
Faucets,Kubix Prime,4317,Tall Boy Sensor Faucet,Variant,4222,Tall Boy Sensor Faucet - Antique Copper,SNR-ACR-35017PM,Antique Copper,https://www.jaquar.com/images/thumbs/0053915_tall-boy-sensor-faucet-antique-copper_960.jpeg,24500.00,"Kubix Prime Tall Boy Sensor Faucet for Wash Basin (Battery Operated)
",https://www.jaquar.com/en/opal-prime-tall-boy-sensor-faucet-copy?Id=4317,"Kubix Prime, SNR-ACR-35017PM, Antique Copper"
Faucets,Kubix Prime,4317,Tall Boy Sensor Faucet,Variant,4222,Tall Boy Sensor Faucet - Black Chrome,SNR-BCH-35017PM,Black Chrome,https://www.jaquar.com/images/thumbs/0053845_tall-boy-sensor-faucet-black-chrome_960.jpeg,21400.00,"Kubix Prime Tall Boy Sensor Faucet for Wash Basin with Pre-mixed Water Supply Kit (Battery Operated)
",https://www.jaquar.com/en/opal-prime-tall-boy-sensor-faucet-copy?Id=4317,"Kubix Prime, SNR-BCH-35017PM, Black Chrome"
Faucets,Kubix Prime,4317,Tall Boy Sensor Faucet,Variant,4222,Tall Boy Sensor Faucet - Black  Matt,SNR-BLM-35017PM,Black Matt,https://www.jaquar.com/images/thumbs/0037862_tall-boy-sensor-faucet-black-matt_960.jpeg,21400.00,"Kubix Prime Tall Boy Sensor Faucet for Wash Basin (Battery Operated)
",https://www.jaquar.com/en/opal-prime-tall-boy-sensor-faucet-copy?Id=4317,"Kubix Prime, SNR-BLM-35017PM, Black Matt"
Faucets,Kubix Prime,4317,Tall Boy Sensor Faucet,Variant,4222,Tall Boy Sensor Faucet - Graphite,SNR-GRF-35017PM,Graphite,https://www.jaquar.com/images/thumbs/0037865_tall-boy-sensor-faucet-graphite_960.jpeg,24500.00,"Kubix Prime Tall Boy Sensor Faucet for Wash Basin with Pre-mixed Water Supply Kit (Battery Operated)
",https://www.jaquar.com/en/opal-prime-tall-boy-sensor-faucet-copy?Id=4317,"Kubix Prime, SNR-GRF-35017PM, Graphite"
Faucets,Kubix Prime,4317,Tall Boy Sensor Faucet,Variant,4222,Tall Boy Sensor Faucet - Stainless Steel,SNR-SSF-35017PM,Stainless Steel,https://www.jaquar.com/images/thumbs/0038646_tall-boy-sensor-faucet-stainless-steel_960.jpeg,24500.00,"Kubix Prime Tall Boy Sensor Faucet for Wash Basin with Pre-mixed Water Supply Kit (Battery Operated)
",https://www.jaquar.com/en/opal-prime-tall-boy-sensor-faucet-copy?Id=4317,"Kubix Prime, SNR-SSF-35017PM, Stainless Steel"
Faucets,Kubix Prime,4318,Tall Boy Sensor Faucet,Parent,4224,Tall Boy Sensor Faucet - Chrome,SNR-CHR-35017PMPK,Chrome,https://www.jaquar.com/images/thumbs/0037877_tall-boy-sensor-faucet-chrome_960.jpeg,15350.00,"Kubix Prime Tall Boy Sensor Faucet for Wash Basin with Pre-mixed Water Supply Kit (Battery Operated)
",https://www.jaquar.com/en/kubix-prime-tall-boy-sensor-faucet-copy?Id=4318,"Kubix Prime, SNR-CHR-35017PMPK, Chrome"
Faucets,Kubix Prime,4318,Tall Boy Sensor Faucet,Variant,4224,Tall Boy Sensor Faucet - Antique Bronze,SNR-ABR-35017PMPK,Antique Bronze,https://www.jaquar.com/images/thumbs/0037868_tall-boy-sensor-faucet-antique-bronze_960.jpeg,25900.00,"Kubix Prime Tall Boy Sensor Faucet for Wash Basin with Pre-mixed Water Supply Kit (Battery Operated)
",https://www.jaquar.com/en/kubix-prime-tall-boy-sensor-faucet-copy?Id=4318,"Kubix Prime, SNR-ABR-35017PMPK, Antique Bronze"
Faucets,Kubix Prime,4318,Tall Boy Sensor Faucet,Variant,4224,Tall Boy Sensor Faucet - Antique Copper,SNR-ACR-35017PMPK,Antique Copper,https://www.jaquar.com/images/thumbs/0053914_tall-boy-sensor-faucet-antique-copper_960.jpeg,25900.00,"Kubix Prime Tall Boy Sensor Faucet for Wash Basin with Pre-mixed Water Supply Kit (Battery Operated)
",https://www.jaquar.com/en/kubix-prime-tall-boy-sensor-faucet-copy?Id=4318,"Kubix Prime, SNR-ACR-35017PMPK, Antique Copper"
Faucets,Kubix Prime,4318,Tall Boy Sensor Faucet,Variant,4224,Tall Boy Sensor Faucet - Black Chrome,SNR-BCH-35017PMPK,Black Chrome,https://www.jaquar.com/images/thumbs/0053846_tall-boy-sensor-faucet-black-chrome_960.jpeg,22600.00,"Kubix Prime Tall Boy Sensor Faucet for Wash Basin with Pre-mixed Water Supply Kit (Battery Operated)
",https://www.jaquar.com/en/kubix-prime-tall-boy-sensor-faucet-copy?Id=4318,"Kubix Prime, SNR-BCH-35017PMPK, Black Chrome"
Faucets,Kubix Prime,4318,Tall Boy Sensor Faucet,Variant,4224,Tall Boy Sensor Faucet - Black  Matt,SNR-BLM-35017PMPK,Black Matt,https://www.jaquar.com/images/thumbs/0037871_tall-boy-sensor-faucet-black-matt_960.jpeg,22600.00,"Kubix Prime Tall Boy Sensor Faucet for Wash Basin with Pre-mixed Water Supply Kit (Battery Operated)
",https://www.jaquar.com/en/kubix-prime-tall-boy-sensor-faucet-copy?Id=4318,"Kubix Prime, SNR-BLM-35017PMPK, Black Matt"
Faucets,Kubix Prime,4318,Tall Boy Sensor Faucet,Variant,4224,Tall Boy Sensor Faucet - Graphite,SNR-GRF-35017PMPK,Graphite,https://www.jaquar.com/images/thumbs/0037874_tall-boy-sensor-faucet-graphite_960.jpeg,25900.00,"Kubix Prime Tall Boy Sensor Faucet for Wash Basin with Pre-mixed Water Supply Kit (Battery Operated)
",https://www.jaquar.com/en/kubix-prime-tall-boy-sensor-faucet-copy?Id=4318,"Kubix Prime, SNR-GRF-35017PMPK, Graphite"
Faucets,Kubix Prime,4318,Tall Boy Sensor Faucet,Variant,4224,Tall Boy Sensor Faucet - Stainless Steel,SNR-SSF-35017PMPK,Stainless Steel,https://www.jaquar.com/images/thumbs/0037875_tall-boy-sensor-faucet-stainless-steel_960.jpeg,25900.00,"Kubix Prime Tall Boy Sensor Faucet for Wash Basin with Pre-mixed Water Supply Kit (Battery Operated)
",https://www.jaquar.com/en/kubix-prime-tall-boy-sensor-faucet-copy?Id=4318,"Kubix Prime, SNR-SSF-35017PMPK, Stainless Steel"
Faucets,Kubix Prime,2424,Single Lever Basin Mixer,Parent,2135,Single Lever Basin Mixer - Chrome,KUP-CHR-35011BPM,Chrome,https://www.jaquar.com/images/thumbs/0054736_single-lever-basin-mixer-chrome_960.jpeg,8100.00,Single Lever Basin Mixer without Popup Waste with 450mm Long Braided Hoses,https://www.jaquar.com/en/kubix-prime-basin-mixer-chrome?Id=2424,"Kubix Prime, KUP-CHR-35011BPM, Chrome"
Faucets,Kubix Prime,2424,Single Lever Basin Mixer,Variant,2135,Single Lever Basin Mixer - Antique Bronze,KUP-ABR-35011BPM,Antique Bronze,https://www.jaquar.com/images/thumbs/0057046_single-lever-basin-mixer-antique-bronze_960.jpeg,13300.00,Single Lever Basin Mixer without Popup Waste with 450mm Long Braided Hoses,https://www.jaquar.com/en/kubix-prime-basin-mixer-chrome?Id=2424,"Kubix Prime, KUP-ABR-35011BPM, Antique Bronze"
Faucets,Kubix Prime,2424,Single Lever Basin Mixer,Variant,2135,Single Lever Basin Mixer - Antique Copper,KUP-ACR-35011BPM,Antique Copper,https://www.jaquar.com/images/thumbs/0057047_single-lever-basin-mixer-antique-copper_960.jpeg,13300.00,Single Lever Basin Mixer without Popup Waste with 450mm Long Braided Hoses,https://www.jaquar.com/en/kubix-prime-basin-mixer-chrome?Id=2424,"Kubix Prime, KUP-ACR-35011BPM, Antique Copper"
Faucets,Kubix Prime,2424,Single Lever Basin Mixer,Variant,2135,Single Lever Basin Mixer - Black Chrome,KUP-BCH-35011BPM,Black Chrome,https://www.jaquar.com/images/thumbs/0057048_single-lever-basin-mixer-black-chrome_960.jpeg,11700.00,Single Lever Basin Mixer without Popup Waste with 450mm Long Braided Hoses,https://www.jaquar.com/en/kubix-prime-basin-mixer-chrome?Id=2424,"Kubix Prime, KUP-BCH-35011BPM, Black Chrome"
Faucets,Kubix Prime,2424,Single Lever Basin Mixer,Variant,2135,Single Lever Basin Mixer - Black Matt,KUP-BLM-35011BPM,Black Matt,https://www.jaquar.com/images/thumbs/0054667_single-lever-basin-mixer-black-matt_960.jpeg,11700.00,Single Lever Basin Mixer without Popup Waste with 450mm Long Braided Hoses,https://www.jaquar.com/en/kubix-prime-basin-mixer-chrome?Id=2424,"Kubix Prime, KUP-BLM-35011BPM, Black Matt"
Faucets,Kubix Prime,2424,Single Lever Basin Mixer,Variant,2135,Single Lever Basin Mixer - Graphite,KUP-GRF-35011BPM,Graphite,https://www.jaquar.com/images/thumbs/0054737_single-lever-basin-mixer-graphite_960.jpeg,13300.00,Single Lever Basin Mixer without Popup Waste with 450mm Long Braided Hoses,https://www.jaquar.com/en/kubix-prime-basin-mixer-chrome?Id=2424,"Kubix Prime, KUP-GRF-35011BPM, Graphite"
Faucets,Kubix Prime,2424,Single Lever Basin Mixer,Variant,2135,Single Lever Basin Mixer - Stainless Steel,KUP-SSF-35011BPM,Stainless Steel,https://www.jaquar.com/images/thumbs/0057049_single-lever-basin-mixer-stainless-steel_960.jpeg,13300.00,Single Lever Basin Mixer without Popup Waste with 450mm Long Braided Hoses,https://www.jaquar.com/en/kubix-prime-basin-mixer-chrome?Id=2424,"Kubix Prime, KUP-SSF-35011BPM, Stainless Steel"
Faucets,Kubix Prime,2424,Single Lever Basin Mixer,Variant,2135,Single Lever Basin Mixer - Gold Matt PVD,KUP-GMP-35011BPM,Gold Matt PVD,https://www.jaquar.com/images/thumbs/0057051_single-lever-basin-mixer-gold-matt-pvd_960.jpeg,13800.00,Single Lever Basin Mixer without Popup Waste with 450mm Long Braided Hoses,https://www.jaquar.com/en/kubix-prime-basin-mixer-chrome?Id=2424,"Kubix Prime, KUP-GMP-35011BPM, Gold Matt PVD"
Faucets,Kubix Prime,2424,Single Lever Basin Mixer,Variant,2135,Single Lever Basin Mixer - Gold Bright PVD,KUP-GBP-35011BPM,Gold Bright PVD,https://www.jaquar.com/images/thumbs/0057050_single-lever-basin-mixer-gold-bright-pvd_960.jpeg,13800.00,Single Lever Basin Mixer without Popup Waste with 450mm Long Braided Hoses,https://www.jaquar.com/en/kubix-prime-basin-mixer-chrome?Id=2424,"Kubix Prime, KUP-GBP-35011BPM, Gold Bright PVD"
Faucets,Kubix Prime,2424,Single Lever Basin Mixer,Variant,2135,Single Lever Basin Mixer - Blush Gold Bright PVD,KUP-BGP-35011BPM,Blush Gold PVD,https://www.jaquar.com/images/thumbs/0054909_single-lever-basin-mixer-blush-gold-pvd_960.jpeg,12100.00,Single Lever Basin Mixer without Popup Waste with 450mm Long Braided Hoses,https://www.jaquar.com/en/kubix-prime-basin-mixer-chrome?Id=2424,"Kubix Prime, KUP-BGP-35011BPM, Blush Gold PVD"
Faucets,Kubix Prime,2494,Single Lever Basin Mixer with Popup Waste,Parent,2136,Single Lever Basin Mixer with Popup Waste - Chrome,KUP-CHR-35051BPM,Chrome,https://www.jaquar.com/images/thumbs/0054739_single-lever-basin-mixer-with-popup-waste-chrome_960.jpeg,9100.00,Single Lever Basin Mixer with Popup Waste with 450mm Long Braided Hoses,https://www.jaquar.com/en/kubix-prime-mixer-with-pop-up-waste-chrome?Id=2494,"Kubix Prime, KUP-CHR-35051BPM, Chrome"
Faucets,Kubix Prime,2494,Single Lever Basin Mixer with Popup Waste,Variant,2136,Single Lever Basin Mixer with Popup Waste - Antique Bronze,KUP-ABR-35051BPM,Antique Bronze,https://www.jaquar.com/images/thumbs/0057052_single-lever-basin-mixer-with-popup-waste-antique-bronze_960.jpeg,15000.00,Single Lever Basin Mixer with Popup Waste with 450mm Long Braided Hoses,https://www.jaquar.com/en/kubix-prime-mixer-with-pop-up-waste-chrome?Id=2494,"Kubix Prime, KUP-ABR-35051BPM, Antique Bronze"
Faucets,Kubix Prime,2494,Single Lever Basin Mixer with Popup Waste,Variant,2136,Single Lever Basin Mixer with Popup Waste - Antique Copper,KUP-ACR-35051BPM,Antique Copper,https://www.jaquar.com/images/thumbs/0055983_single-lever-basin-mixer-with-popup-waste-antique-copper_960.jpeg,15000.00,Single Lever Basin Mixer with Popup Waste with 450mm Long Braided Hoses,https://www.jaquar.com/en/kubix-prime-mixer-with-pop-up-waste-chrome?Id=2494,"Kubix Prime, KUP-ACR-35051BPM, Antique Copper"
Faucets,Kubix Prime,2494,Single Lever Basin Mixer with Popup Waste,Variant,2136,Single Lever Basin Mixer with Popup Waste - Black Chrome,KUP-BCH-35051BPM,Black Chrome,https://www.jaquar.com/images/thumbs/0055984_single-lever-basin-mixer-with-popup-waste-black-chrome_960.jpeg,13100.00,Single Lever Basin Mixer with Popup Waste with 450mm Long Braided Hoses,https://www.jaquar.com/en/kubix-prime-mixer-with-pop-up-waste-chrome?Id=2494,"Kubix Prime, KUP-BCH-35051BPM, Black Chrome"
Faucets,Kubix Prime,2494,Single Lever Basin Mixer with Popup Waste,Variant,2136,Single Lever Basin Mixer with Popup Waste - Black Matt,KUP-BLM-35051BPM,Black Matt,https://www.jaquar.com/images/thumbs/0055084_single-lever-basin-mixer-with-popup-waste-black-matt_960.jpeg,13100.00,Single Lever Basin Mixer with Popup Waste with 450mm Long Braided Hoses,https://www.jaquar.com/en/kubix-prime-mixer-with-pop-up-waste-chrome?Id=2494,"Kubix Prime, KUP-BLM-35051BPM, Black Matt"
Faucets,Kubix Prime,2494,Single Lever Basin Mixer with Popup Waste,Variant,2136,Single Lever Basin Mixer with Popup Waste -  Graphite,KUP-GRF-35051BPM,Graphite,https://www.jaquar.com/images/thumbs/0054740_single-lever-basin-mixer-with-popup-waste-graphite_960.jpeg,15000.00,Single Lever Basin Mixer with Popup Waste with 450mm Long Braided Hoses,https://www.jaquar.com/en/kubix-prime-mixer-with-pop-up-waste-chrome?Id=2494,"Kubix Prime, KUP-GRF-35051BPM, Graphite"
Faucets,Kubix Prime,2494,Single Lever Basin Mixer with Popup Waste,Variant,2136,Single Lever Basin Mixer with Popup Waste -  Stainless Steel,KUP-SSF-35051BPM,Stainless Steel,https://www.jaquar.com/images/thumbs/0057053_single-lever-basin-mixer-with-popup-waste-stainless-steel_960.jpeg,15000.00,Single Lever Basin Mixer with Popup Waste with 450mm Long Braided Hoses,https://www.jaquar.com/en/kubix-prime-mixer-with-pop-up-waste-chrome?Id=2494,"Kubix Prime, KUP-SSF-35051BPM, Stainless Steel"
Faucets,Kubix Prime,5498,Exposed Part Kit of Single Lever Basin Mixer Wall Mounted,Parent,2729,Exposed Part Kit of Single Lever Basin Mixer Wall Mounted - Chrome,KUP-CHR-35233NKPM,Chrome,https://www.jaquar.com/images/thumbs/0046481_exposed-part-kit-of-single-lever-basin-mixer-wall-mounted-chrome_960.jpeg,5600.00,"Exposed Part Kit of Single Lever Basin Mixer Wall Mounted Consisting of Operating Lever, Cartridge Sleeve, Wall Flange, Nipple & Spout (Compatible with ALD-233N or ALD-235N)",https://www.jaquar.com/en/exposed-part-kit-of-single-lever-basin-mixer-wall-mounted-3?Id=5498,"Kubix Prime, KUP-CHR-35233NKPM, Chrome"
Faucets,Kubix Prime,5498,Exposed Part Kit of Single Lever Basin Mixer Wall Mounted,Variant,2729,Exposed Part Kit of Single Lever Basin Mixer Wall Mounted - Antique Bronze,KUP-ABR-35233NKPM,Antique Bronze,https://www.jaquar.com/images/thumbs/0053400_exposed-part-kit-of-single-lever-basin-mixer-wall-mounted-antique-bronze_960.jpeg,9250.00,"Exposed Part Kit of Single Lever Basin Mixer Wall Mounted Consisting of Operating Lever, Cartridge Sleeve, Wall Flange, Nipple & Spout (Compatible with ALD-233N or ALD-235N)",https://www.jaquar.com/en/exposed-part-kit-of-single-lever-basin-mixer-wall-mounted-3?Id=5498,"Kubix Prime, KUP-ABR-35233NKPM, Antique Bronze"
Faucets,Kubix Prime,5498,Exposed Part Kit of Single Lever Basin Mixer Wall Mounted,Variant,2729,Exposed Part Kit of Single Lever Basin Mixer Wall Mounted - Antique Copper,KUP-ACR-35233NKPM,Antique Copper,https://www.jaquar.com/images/thumbs/0053383_exposed-part-kit-of-single-lever-basin-mixer-wall-mounted-antique-copper_960.jpeg,9250.00,"Exposed Part Kit of Single Lever Basin Mixer Wall Mounted Consisting of Operating Lever, Cartridge Sleeve, Wall Flange, Nipple & Spout (Compatible with ALD-233N or ALD-235N)",https://www.jaquar.com/en/exposed-part-kit-of-single-lever-basin-mixer-wall-mounted-3?Id=5498,"Kubix Prime, KUP-ACR-35233NKPM, Antique Copper"
Faucets,Kubix Prime,5498,Exposed Part Kit of Single Lever Basin Mixer Wall Mounted,Variant,2729,Exposed Part Kit of Single Lever Basin Mixer Wall Mounted - Black Chrome,KUP-BCH-35233NKPM,Black Chrome,https://www.jaquar.com/images/thumbs/0046683_exposed-part-kit-of-single-lever-basin-mixer-wall-mounted-black-chrome_960.jpeg,8100.00,"Exposed Part Kit of Single Lever Basin Mixer Wall Mounted Consisting of Operating Lever, Cartridge Sleeve, Wall Flange, Nipple & Spout (Compatible with ALD-233N or ALD-235N)",https://www.jaquar.com/en/exposed-part-kit-of-single-lever-basin-mixer-wall-mounted-3?Id=5498,"Kubix Prime, KUP-BCH-35233NKPM, Black Chrome"
Faucets,Kubix Prime,5498,Exposed Part Kit of Single Lever Basin Mixer Wall Mounted,Variant,2729,Exposed Part Kit of Single Lever Basin Mixer Wall Mounted - Black Matt,KUP-BLM-35233NKPM,Black Matt,https://www.jaquar.com/images/thumbs/0046684_exposed-part-kit-of-single-lever-basin-mixer-wall-mounted-black-matt_960.jpeg,8100.00,"Exposed Part Kit of Single Lever Basin Mixer Wall Mounted Consisting of Operating Lever, Cartridge Sleeve, Wall Flange, Nipple & Spout (Compatible with ALD-233N or ALD-235N)",https://www.jaquar.com/en/exposed-part-kit-of-single-lever-basin-mixer-wall-mounted-3?Id=5498,"Kubix Prime, KUP-BLM-35233NKPM, Black Matt"
Faucets,Kubix Prime,5498,Exposed Part Kit of Single Lever Basin Mixer Wall Mounted,Variant,2729,Exposed Part Kit of Single Lever Basin Mixer Wall Mounted - Graphite,KUP-GRF-35233NKPM,Graphite,https://www.jaquar.com/images/thumbs/0060349_exposed-part-kit-of-single-lever-basin-mixer-wall-mounted-graphite_960.jpeg,9250.00,"Exposed Part Kit of Single Lever Basin Mixer Wall Mounted Consisting of Operating Lever, Cartridge Sleeve, Wall Flange, Nipple & Spout (Compatible with ALD-233N or ALD-235N)",https://www.jaquar.com/en/exposed-part-kit-of-single-lever-basin-mixer-wall-mounted-3?Id=5498,"Kubix Prime, KUP-GRF-35233NKPM, Graphite"
Faucets,Kubix Prime,5498,Exposed Part Kit of Single Lever Basin Mixer Wall Mounted,Variant,2729,Exposed Part Kit of Single Lever Basin Mixer Wall Mounted - Stainless Steel,KUP-SSF-35233NKPM,Stainless Steel,https://www.jaquar.com/images/thumbs/0060516_exposed-part-kit-of-single-lever-basin-mixer-wall-mounted-stainless-steel_960.jpeg,9250.00,"Exposed Part Kit of Single Lever Basin Mixer Wall Mounted Consisting of Operating Lever, Cartridge Sleeve, Wall Flange, Nipple & Spout (Compatible with ALD-233N or ALD-235N)",https://www.jaquar.com/en/exposed-part-kit-of-single-lever-basin-mixer-wall-mounted-3?Id=5498,"Kubix Prime, KUP-SSF-35233NKPM, Stainless Steel"
Faucets,Kubix Prime,5498,Exposed Part Kit of Single Lever Basin Mixer Wall Mounted,Variant,2729,Exposed Part Kit of Single Lever Basin Mixer Wall Mounted - Gold Matt PVD,KUP-GMP-35233NKPM,Gold Matt PVD,https://www.jaquar.com/images/thumbs/0055570_exposed-part-kit-of-single-lever-basin-mixer-wall-mounted-gold-matt-pvd_960.jpeg,9500.00,"Exposed Part Kit of Single Lever Basin Mixer Wall Mounted Consisting of Operating Lever, Cartridge Sleeve, Wall Flange, Nipple & Spout (Compatible with ALD-233N or ALD-235N)",https://www.jaquar.com/en/exposed-part-kit-of-single-lever-basin-mixer-wall-mounted-3?Id=5498,"Kubix Prime, KUP-GMP-35233NKPM, Gold Matt PVD"
Faucets,Kubix Prime,5498,Exposed Part Kit of Single Lever Basin Mixer Wall Mounted,Variant,2729,Exposed Part Kit of Single Lever Basin Mixer Wall Mounted - Gold Bright PVD,KUP-GBP-35233NKPM,Gold Bright PVD,https://www.jaquar.com/images/thumbs/0055887_exposed-part-kit-of-single-lever-basin-mixer-wall-mounted-gold-bright-pvd_960.jpeg,9500.00,"Exposed Part Kit of Single Lever Basin Mixer Wall Mounted Consisting of Operating Lever, Cartridge Sleeve, Wall Flange, Nipple & Spout (Compatible with ALD-233N or ALD-235N)",https://www.jaquar.com/en/exposed-part-kit-of-single-lever-basin-mixer-wall-mounted-3?Id=5498,"Kubix Prime, KUP-GBP-35233NKPM, Gold Bright PVD"
Faucets,Kubix Prime,5498,Exposed Part Kit of Single Lever Basin Mixer Wall Mounted,Variant,2729,Exposed Part Kit of Single Lever Basin Mixer Wall Mounted - Blush Gold Bright PVD,KUP-BGP-35233NKPM,Blush Gold PVD,https://www.jaquar.com/images/thumbs/0055993_exposed-part-kit-of-single-lever-basin-mixer-wall-mounted-blush-gold-pvd_960.jpeg,8400.00,"Exposed Part Kit of Single Lever Basin Mixer Wall Mounted Consisting of Operating Lever, Cartridge Sleeve, Wall Flange, Nipple & Spout (Compatible with ALD-233N or ALD-235N)",https://www.jaquar.com/en/exposed-part-kit-of-single-lever-basin-mixer-wall-mounted-3?Id=5498,"Kubix Prime, KUP-BGP-35233NKPM, Blush Gold PVD"
Faucets,Kubix Prime,3334,Single Lever Wall Mixer,Parent,2147,Single Lever Wall Mixer - Chrome,KUP-CHR-35115PM,Chrome,https://www.jaquar.com/images/thumbs/0013964_single-lever-wall-mixer-chrome_960.jpeg,11700.00,Single Lever Wall Mixer with Provision for Connection to Exposed Shower Pipe (SHA-1211N) with Connecting Legs & Wall Flanges ,https://www.jaquar.com/en/kubix-prime-wall-mixer-with-overhead-shower-provision-chrome?Id=3334,"Kubix Prime, KUP-CHR-35115PM, Chrome"
Faucets,Kubix Prime,3334,Single Lever Wall Mixer,Variant,2147,Single Lever Wall Mixer - Antique Bronze,KUP-ABR-35115PM,Antique Bronze,https://www.jaquar.com/images/thumbs/0052267_single-lever-wall-mixer-antique-bronze_960.jpeg,19500.00,Single Lever Wall Mixer with Provision for Connection to Exposed Shower Pipe (SHA-1211N) with Connecting Legs & Wall Flanges ,https://www.jaquar.com/en/kubix-prime-wall-mixer-with-overhead-shower-provision-chrome?Id=3334,"Kubix Prime, KUP-ABR-35115PM, Antique Bronze"
Faucets,Kubix Prime,3334,Single Lever Wall Mixer,Variant,2147,Single Lever Wall Mixer - Antique Copper,KUP-ACR-35115PM,Antique Copper,https://www.jaquar.com/images/thumbs/0053738_single-lever-wall-mixer-antique-copper_960.jpeg,19500.00,Single Lever Wall Mixer with Provision for Connection to Exposed Shower Pipe (SHA-1211N) with Connecting Legs & Wall Flanges ,https://www.jaquar.com/en/kubix-prime-wall-mixer-with-overhead-shower-provision-chrome?Id=3334,"Kubix Prime, KUP-ACR-35115PM, Antique Copper"
Faucets,Kubix Prime,3334,Single Lever Wall Mixer,Variant,2147,Single Lever Wall Mixer - Black Chrome,KUP-BCH-35115PM,Black Chrome,https://www.jaquar.com/images/thumbs/0053804_single-lever-wall-mixer-black-chrome_960.jpeg,17100.00,Single Lever Wall Mixer with Provision for Connection to Exposed Shower Pipe (SHA-1211N) with Connecting Legs & Wall Flanges ,https://www.jaquar.com/en/kubix-prime-wall-mixer-with-overhead-shower-provision-chrome?Id=3334,"Kubix Prime, KUP-BCH-35115PM, Black Chrome"
Faucets,Kubix Prime,3334,Single Lever Wall Mixer,Variant,2147,Single Lever Wall Mixer - Black Matt,KUP-BLM-35115PM,Black Matt,https://www.jaquar.com/images/thumbs/0052268_single-lever-wall-mixer-black-matt_960.jpeg,17100.00,Single Lever Wall Mixer with Provision for Connection to Exposed Shower Pipe (SHA-1211N) with Connecting Legs & Wall Flanges ,https://www.jaquar.com/en/kubix-prime-wall-mixer-with-overhead-shower-provision-chrome?Id=3334,"Kubix Prime, KUP-BLM-35115PM, Black Matt"
Faucets,Kubix Prime,3334,Single Lever Wall Mixer,Variant,2147,Single Lever Wall Mixer - Graphite,KUP-GRF-35115PM,Graphite,https://www.jaquar.com/images/thumbs/0060339_single-lever-wall-mixer-graphite_960.jpeg,19500.00,Single Lever Wall Mixer with Provision for Connection to Exposed Shower Pipe (SHA-1211N) with Connecting Legs & Wall Flanges ,https://www.jaquar.com/en/kubix-prime-wall-mixer-with-overhead-shower-provision-chrome?Id=3334,"Kubix Prime, KUP-GRF-35115PM, Graphite"
Faucets,Kubix Prime,3334,Single Lever Wall Mixer,Variant,2147,Single Lever Wall Mixer - Stainless Steel,KUP-SSF-35115PM,Stainless Steel,https://www.jaquar.com/images/thumbs/0060513_single-lever-wall-mixer-stainless-steel_960.jpeg,19500.00,Single Lever Wall Mixer with Provision for Connection to Exposed Shower Pipe (SHA-1211N) with Connecting Legs & Wall Flanges ,https://www.jaquar.com/en/kubix-prime-wall-mixer-with-overhead-shower-provision-chrome?Id=3334,"Kubix Prime, KUP-SSF-35115PM, Stainless Steel"
Faucets,Kubix Prime,3354,Single Lever Wall Mixer,Parent,2138,Single Lever Wall Mixer - Chrome,KUP-CHR-35119PM,Chrome,https://www.jaquar.com/images/thumbs/0014002_single-lever-wall-mixer-chrome_960.jpeg,12500.00,"Single Lever Wall Mixer with Provision of Hand Shower, But without Hand Shower",https://www.jaquar.com/en/kubix-prime-wall-mixer-with-hand-shower-provision-chrome?Id=3354,"Kubix Prime, KUP-CHR-35119PM, Chrome"
Faucets,Kubix Prime,3354,Single Lever Wall Mixer,Variant,2138,Single Lever Wall Mixer - Antique Bronze,KUP-ABR-35119PM,Antique Bronze,https://www.jaquar.com/images/thumbs/0052271_single-lever-wall-mixer-antique-bronze_960.jpeg,20600.00,"Single Lever Wall Mixer with Provision of Hand Shower, But without Hand Shower",https://www.jaquar.com/en/kubix-prime-wall-mixer-with-hand-shower-provision-chrome?Id=3354,"Kubix Prime, KUP-ABR-35119PM, Antique Bronze"
Faucets,Kubix Prime,3354,Single Lever Wall Mixer,Variant,2138,Single Lever Wall Mixer - Antique Copper,KUP-ACR-35119PM,Antique Copper,https://www.jaquar.com/images/thumbs/0053901_single-lever-wall-mixer-antique-copper_960.jpeg,20600.00,"Single Lever Wall Mixer with Provision of Hand Shower, But without Hand Shower",https://www.jaquar.com/en/kubix-prime-wall-mixer-with-hand-shower-provision-chrome?Id=3354,"Kubix Prime, KUP-ACR-35119PM, Antique Copper"
Faucets,Kubix Prime,3354,Single Lever Wall Mixer,Variant,2138,Single Lever Wall Mixer - Black Chrome,KUP-BCH-35119PM,Black Chrome,https://www.jaquar.com/images/thumbs/0053806_single-lever-wall-mixer-black-chrome_960.jpeg,18000.00,"Single Lever Wall Mixer with Provision of Hand Shower, But without Hand Shower",https://www.jaquar.com/en/kubix-prime-wall-mixer-with-hand-shower-provision-chrome?Id=3354,"Kubix Prime, KUP-BCH-35119PM, Black Chrome"
Faucets,Kubix Prime,3354,Single Lever Wall Mixer,Variant,2138,Single Lever Wall Mixer - Black Matt,KUP-BLM-35119PM,Black Matt,https://www.jaquar.com/images/thumbs/0060344_single-lever-wall-mixer-black-matt_960.jpeg,18000.00,"Single Lever Wall Mixer with Provision of Hand Shower, But without Hand Shower",https://www.jaquar.com/en/kubix-prime-wall-mixer-with-hand-shower-provision-chrome?Id=3354,"Kubix Prime, KUP-BLM-35119PM, Black Matt"
Faucets,Kubix Prime,3354,Single Lever Wall Mixer,Variant,2138,Single Lever Wall Mixer - Graphite,KUP-GRF-35119PM,Graphite,https://www.jaquar.com/images/thumbs/0060343_single-lever-wall-mixer-graphite_960.jpeg,20600.00,"Single Lever Wall Mixer with Provision of Hand Shower, But without Hand Shower",https://www.jaquar.com/en/kubix-prime-wall-mixer-with-hand-shower-provision-chrome?Id=3354,"Kubix Prime, KUP-GRF-35119PM, Graphite"
Faucets,Kubix Prime,3354,Single Lever Wall Mixer,Variant,2138,Single Lever Wall Mixer - Stainless Steel,KUP-SSF-35119PM,Stainless Steel,https://www.jaquar.com/images/thumbs/0038620_single-lever-wall-mixer-stainless-steel_960.jpeg,20600.00,"Single Lever Wall Mixer with Provision of Hand Shower, But without Hand Shower",https://www.jaquar.com/en/kubix-prime-wall-mixer-with-hand-shower-provision-chrome?Id=3354,"Kubix Prime, KUP-SSF-35119PM, Stainless Steel"
Faucets,Kubix Prime,3354,Single Lever Wall Mixer,Variant,2138,Single Lever Wall Mixer - Gold Bright PVD,KUP-GBP-35119PM,Gold Bright PVD,https://www.jaquar.com/images/thumbs/0059656_single-lever-wall-mixer-gold-bright-pvd_960.jpeg,21200.00,"Single Lever Wall Mixer with Provision of Hand Shower, But without Hand Shower",https://www.jaquar.com/en/kubix-prime-wall-mixer-with-hand-shower-provision-chrome?Id=3354,"Kubix Prime, KUP-GBP-35119PM, Gold Bright PVD"
Faucets,Kubix Prime,3354,Single Lever Wall Mixer,Variant,2138,Single Lever Wall Mixer - Gold Matt PVD,KUP-GMP-35119PM,Gold Matt PVD,https://www.jaquar.com/images/thumbs/0059655_single-lever-wall-mixer-gold-matt-pvd_960.jpeg,21200.00,"Single Lever Wall Mixer with Provision of Hand Shower, But without Hand Shower",https://www.jaquar.com/en/kubix-prime-wall-mixer-with-hand-shower-provision-chrome?Id=3354,"Kubix Prime, KUP-GMP-35119PM, Gold Matt PVD"
Faucets,Kubix Prime,3354,Single Lever Wall Mixer,Variant,2138,Single Lever Wall Mixer - Blush Gold Bright PVD,KUP-BGP-35119PM,Blush Gold PVD,https://www.jaquar.com/images/thumbs/0059657_single-lever-wall-mixer-blush-gold-pvd_960.jpeg,18700.00,"Single Lever Wall Mixer with Provision of Hand Shower, But without Hand Shower",https://www.jaquar.com/en/kubix-prime-wall-mixer-with-hand-shower-provision-chrome?Id=3354,"Kubix Prime, KUP-BGP-35119PM, Blush Gold PVD"
Faucets,Kubix Prime,3344,Single Lever Wall Mixer,Parent,2148,Single Lever Wall Mixer - Chrome,KUP-CHR-35117PM,Chrome,https://www.jaquar.com/images/thumbs/0013983_single-lever-wall-mixer-chrome_960.jpeg,12900.00,"Single Lever Wall Mixer with Provision For Overhead Shower with 115mm Long Bend Pipe On Upper Side, Connecting Legs & Wall Flanges",https://www.jaquar.com/en/kubix-prime-single-lever-exposed-shower-mixer-bend-pipe-chrome?Id=3344,"Kubix Prime, KUP-CHR-35117PM, Chrome"
Faucets,Kubix Prime,3344,Single Lever Wall Mixer,Variant,2148,Single Lever Wall Mixer - Antique Bronze,KUP-ABR-35117PM,Antique Bronze,https://www.jaquar.com/images/thumbs/0052269_single-lever-wall-mixer-antique-bronze_960.jpeg,21500.00,"Single Lever Wall Mixer with Provision For Overhead Shower with 115mm Long Bend Pipe On Upper Side, Connecting Legs & Wall Flanges",https://www.jaquar.com/en/kubix-prime-single-lever-exposed-shower-mixer-bend-pipe-chrome?Id=3344,"Kubix Prime, KUP-ABR-35117PM, Antique Bronze"
Faucets,Kubix Prime,3344,Single Lever Wall Mixer,Variant,2148,Single Lever Wall Mixer - Antique Copper,KUP-ACR-35117PM,Antique Copper,https://www.jaquar.com/images/thumbs/0060342_single-lever-wall-mixer-antique-copper_960.jpeg,21500.00,"Single Lever Wall Mixer with Provision For Overhead Shower with 115mm Long Bend Pipe On Upper Side, Connecting Legs & Wall Flanges",https://www.jaquar.com/en/kubix-prime-single-lever-exposed-shower-mixer-bend-pipe-chrome?Id=3344,"Kubix Prime, KUP-ACR-35117PM, Antique Copper"
Faucets,Kubix Prime,3344,Single Lever Wall Mixer,Variant,2148,Single Lever Wall Mixer -Black Chrome,KUP-BCH-35117PM,Black Chrome,https://www.jaquar.com/images/thumbs/0053805_single-lever-wall-mixer-black-chrome_960.jpeg,18800.00,"Single Lever Wall Mixer with Provision For Overhead Shower with 115mm Long Bend Pipe On Upper Side, Connecting Legs & Wall Flanges",https://www.jaquar.com/en/kubix-prime-single-lever-exposed-shower-mixer-bend-pipe-chrome?Id=3344,"Kubix Prime, KUP-BCH-35117PM, Black Chrome"
Faucets,Kubix Prime,3344,Single Lever Wall Mixer,Variant,2148,Single Lever Wall Mixer - Black Matt,KUP-BLM-35117PM,Black Matt,https://www.jaquar.com/images/thumbs/0060341_single-lever-wall-mixer-black-matt_960.jpeg,18800.00,"Single Lever Wall Mixer with Provision For Overhead Shower with 115mm Long Bend Pipe On Upper Side, Connecting Legs & Wall Flanges",https://www.jaquar.com/en/kubix-prime-single-lever-exposed-shower-mixer-bend-pipe-chrome?Id=3344,"Kubix Prime, KUP-BLM-35117PM, Black Matt"
Faucets,Kubix Prime,3344,Single Lever Wall Mixer,Variant,2148,Single Lever Wall Mixer - Graphite,KUP-GRF-35117PM,Graphite,https://www.jaquar.com/images/thumbs/0060340_single-lever-wall-mixer-graphite_960.jpeg,21500.00,"Single Lever Wall Mixer with Provision For Overhead Shower with 115mm Long Bend Pipe On Upper Side, Connecting Legs & Wall Flanges",https://www.jaquar.com/en/kubix-prime-single-lever-exposed-shower-mixer-bend-pipe-chrome?Id=3344,"Kubix Prime, KUP-GRF-35117PM, Graphite"
Faucets,Kubix Prime,3344,Single Lever Wall Mixer,Variant,2148,Single Lever Wall Mixer - Stainless Steel,KUP-SSF-35117PM,Stainless Steel,https://www.jaquar.com/images/thumbs/0060514_single-lever-wall-mixer-stainless-steel_960.jpeg,21500.00,"Single Lever Wall Mixer with Provision For Overhead Shower with 115mm Long Bend Pipe On Upper Side, Connecting Legs & Wall Flanges",https://www.jaquar.com/en/kubix-prime-single-lever-exposed-shower-mixer-bend-pipe-chrome?Id=3344,"Kubix Prime, KUP-SSF-35117PM, Stainless Steel"
Faucets,Kubix Prime,3364,Single Lever Wall Mixer 3-in-1 System,Parent,2149,Single Lever Wall Mixer 3-in-1 System - Chrome,KUP-CHR-35125PM,Chrome,https://www.jaquar.com/images/thumbs/0014022_single-lever-wall-mixer-3-in-1-system-chrome_960.jpeg,13600.00,"Single Lever Wall Mixer 3-in-1 System with Provision for both Hand Shower and Overhead Shower Complete with 115mm Long Bend Pipe, Connecting Legs & Wall Flange (without Hand & Overhead Shower)",https://www.jaquar.com/en/chrome-single-lever-exposed-3-in-1-mixer-kubix-prime?Id=3364,"Kubix Prime, KUP-CHR-35125PM, Chrome"
Faucets,Kubix Prime,3364,Single Lever Wall Mixer 3-in-1 System,Variant,2149,Single Lever Wall Mixer 3-in-1 System - Antique Bronze,KUP-ABR-35125PM,Antique Bronze,https://www.jaquar.com/images/thumbs/0054824_single-lever-wall-mixer-3-in-1-system-antique-bronze_960.jpeg,22700.00,"Single Lever Wall Mixer 3-in-1 System with Provision for both Hand Shower and Overhead Shower Complete with 115mm Long Bend Pipe, Connecting Legs & Wall Flange (without Hand & Overhead Shower)",https://www.jaquar.com/en/chrome-single-lever-exposed-3-in-1-mixer-kubix-prime?Id=3364,"Kubix Prime, KUP-ABR-35125PM, Antique Bronze"
Faucets,Kubix Prime,3364,Single Lever Wall Mixer 3-in-1 System,Variant,2149,Single Lever Wall Mixer 3-in-1 System - Antique Copper,KUP-ACR-35125PM,Antique Copper,https://www.jaquar.com/images/thumbs/0055986_single-lever-wall-mixer-3-in-1-system-antique-copper_960.jpeg,22700.00,"Single Lever Wall Mixer 3-in-1 System with Provision for both Hand Shower and Overhead Shower Complete with 115mm Long Bend Pipe, Connecting Legs & Wall Flange (without Hand & Overhead Shower)",https://www.jaquar.com/en/chrome-single-lever-exposed-3-in-1-mixer-kubix-prime?Id=3364,"Kubix Prime, KUP-ACR-35125PM, Antique Copper"
Faucets,Kubix Prime,3364,Single Lever Wall Mixer 3-in-1 System,Variant,2149,Single Lever Wall Mixer 3-in-1 System - Black Chrome,KUP-BCH-35125PM,Black Chrome,https://www.jaquar.com/images/thumbs/0055987_single-lever-wall-mixer-3-in-1-system-black-chrome_960.jpeg,19800.00,"Single Lever Wall Mixer 3-in-1 System with Provision for both Hand Shower and Overhead Shower Complete with 115mm Long Bend Pipe, Connecting Legs & Wall Flange (without Hand & Overhead Shower)",https://www.jaquar.com/en/chrome-single-lever-exposed-3-in-1-mixer-kubix-prime?Id=3364,"Kubix Prime, KUP-BCH-35125PM, Black Chrome"
Faucets,Kubix Prime,3364,Single Lever Wall Mixer 3-in-1 System,Variant,2149,Single Lever Wall Mixer 3-in-1 System - Black Matt,KUP-BLM-35125PM,Black Matt,https://www.jaquar.com/images/thumbs/0054669_single-lever-wall-mixer-3-in-1-system-black-matt_960.jpeg,19800.00,"Single Lever Wall Mixer 3-in-1 System with Provision for both Hand Shower and Overhead Shower Complete with 115mm Long Bend Pipe, Connecting Legs & Wall Flange (without Hand & Overhead Shower)",https://www.jaquar.com/en/chrome-single-lever-exposed-3-in-1-mixer-kubix-prime?Id=3364,"Kubix Prime, KUP-BLM-35125PM, Black Matt"
Faucets,Kubix Prime,3364,Single Lever Wall Mixer 3-in-1 System,Variant,2149,Single Lever Wall Mixer 3-in-1 System - Graphite,KUP-GRF-35125PM,Graphite,https://www.jaquar.com/images/thumbs/0054743_single-lever-wall-mixer-3-in-1-system-graphite_960.jpeg,22700.00,"Single Lever Wall Mixer 3-in-1 System with Provision for both Hand Shower and Overhead Shower Complete with 115mm Long Bend Pipe, Connecting Legs & Wall Flange (without Hand & Overhead Shower)",https://www.jaquar.com/en/chrome-single-lever-exposed-3-in-1-mixer-kubix-prime?Id=3364,"Kubix Prime, KUP-GRF-35125PM, Graphite"
Faucets,Kubix Prime,3364,Single Lever Wall Mixer 3-in-1 System,Variant,2149,Single Lever Wall Mixer 3-in-1 System - Stainless Steel,KUP-SSF-35125PM,Stainless Steel,https://www.jaquar.com/images/thumbs/0059454_single-lever-wall-mixer-3-in-1-system-stainless-steel_960.jpeg,22700.00,"Single Lever Wall Mixer 3-in-1 System with Provision for both Hand Shower and Overhead Shower Complete with 115mm Long Bend Pipe, Connecting Legs & Wall Flange (without Hand & Overhead Shower)",https://www.jaquar.com/en/chrome-single-lever-exposed-3-in-1-mixer-kubix-prime?Id=3364,"Kubix Prime, KUP-SSF-35125PM, Stainless Steel"
Faucets,Kubix Prime,3364,Single Lever Wall Mixer 3-in-1 System,Variant,2149,Single Lever Wall Mixer 3-in-1 System - Gold Matt PVD,KUP-GMP-35125PM,Gold Matt PVD,https://www.jaquar.com/images/thumbs/0054915_single-lever-wall-mixer-3-in-1-system-gold-matt-pvd_960.jpeg,23400.00,"Single Lever Wall Mixer 3-in-1 System with Provision for both Hand Shower and Overhead Shower Complete with 115mm Long Bend Pipe, Connecting Legs & Wall Flange (without Hand & Overhead Shower)",https://www.jaquar.com/en/chrome-single-lever-exposed-3-in-1-mixer-kubix-prime?Id=3364,"Kubix Prime, KUP-GMP-35125PM, Gold Matt PVD"
Faucets,Kubix Prime,3364,Single Lever Wall Mixer 3-in-1 System,Variant,2149,Single Lever Wall Mixer 3-in-1 System - Gold Bright PVD,KUP-GBP-35125PM,Gold Bright PVD,https://www.jaquar.com/images/thumbs/0054914_single-lever-wall-mixer-3-in-1-system-gold-bright-pvd_960.jpeg,23400.00,"Single Lever Wall Mixer 3-in-1 System with Provision for both Hand Shower and Overhead Shower Complete with 115mm Long Bend Pipe, Connecting Legs & Wall Flange (without Hand & Overhead Shower)",https://www.jaquar.com/en/chrome-single-lever-exposed-3-in-1-mixer-kubix-prime?Id=3364,"Kubix Prime, KUP-GBP-35125PM, Gold Bright PVD"
Faucets,Kubix Prime,3364,Single Lever Wall Mixer 3-in-1 System,Variant,2149,Single Lever Wall Mixer 3-in-1 System - Blush Gold Bright PVD,KUP-BGP-35125PM,Blush Gold PVD,https://www.jaquar.com/images/thumbs/0054913_single-lever-wall-mixer-3-in-1-system-blush-gold-pvd_960.jpeg,20500.00,"Single Lever Wall Mixer 3-in-1 System with Provision for both Hand Shower and Overhead Shower Complete with 115mm Long Bend Pipe, Connecting Legs & Wall Flange (without Hand & Overhead Shower)",https://www.jaquar.com/en/chrome-single-lever-exposed-3-in-1-mixer-kubix-prime?Id=3364,"Kubix Prime, KUP-BGP-35125PM, Blush Gold PVD"
Faucets,Kubix Prime,3374,Single Lever Exposed Shower Mixer,Parent,2150,Single Lever Exposed Shower Mixer - Chrome,KUP-CHR-35149PM,Chrome,https://www.jaquar.com/images/thumbs/0014041_single-lever-exposed-shower-mixer-chrome_960.jpeg,7500.00,Single Lever Exposed Shower Mixer for Connection to Hand Shower with Connecting Legs & Wall Flanges,https://www.jaquar.com/en/kubix-prime-chrome-exposed-hand-shower-mixer?Id=3374,"Kubix Prime, KUP-CHR-35149PM, Chrome"
Faucets,Kubix Prime,3374,Single Lever Exposed Shower Mixer,Variant,2150,Single Lever Exposed Shower Mixer - Antique Bronze,KUP-ABR-35149PM,Antique Bronze,https://www.jaquar.com/images/thumbs/0054825_single-lever-exposed-shower-mixer-antique-bronze_960.jpeg,12400.00,Single Lever Exposed Shower Mixer for Connection to Hand Shower with Connecting Legs & Wall Flanges,https://www.jaquar.com/en/kubix-prime-chrome-exposed-hand-shower-mixer?Id=3374,"Kubix Prime, KUP-ABR-35149PM, Antique Bronze"
Faucets,Kubix Prime,3374,Single Lever Exposed Shower Mixer,Variant,2150,Single Lever Exposed Shower Mixer - Antique Copper,KUP-ACR-35149PM,Antique Copper,https://www.jaquar.com/images/thumbs/0055087_single-lever-exposed-shower-mixer-antique-copper_960.jpeg,12400.00,Single Lever Exposed Shower Mixer for Connection to Hand Shower with Connecting Legs & Wall Flanges,https://www.jaquar.com/en/kubix-prime-chrome-exposed-hand-shower-mixer?Id=3374,"Kubix Prime, KUP-ACR-35149PM, Antique Copper"
Faucets,Kubix Prime,3374,Single Lever Exposed Shower Mixer,Variant,2150,Single Lever Exposed Shower Mixer - Black Chrome,KUP-BCH-35149PM,Black Chrome,https://www.jaquar.com/images/thumbs/0060347_single-lever-exposed-shower-mixer-black-chrome_960.jpeg,10800.00,Single Lever Exposed Shower Mixer for Connection to Hand Shower with Connecting Legs & Wall Flanges,https://www.jaquar.com/en/kubix-prime-chrome-exposed-hand-shower-mixer?Id=3374,"Kubix Prime, KUP-BCH-35149PM, Black Chrome"
Faucets,Kubix Prime,3374,Single Lever Exposed Shower Mixer,Variant,2150,Single Lever Exposed Shower Mixer - Black Matt,KUP-BLM-35149PM,Black Matt,https://www.jaquar.com/images/thumbs/0054670_single-lever-exposed-shower-mixer-black-matt_960.jpeg,10800.00,Single Lever Exposed Shower Mixer for Connection to Hand Shower with Connecting Legs & Wall Flanges,https://www.jaquar.com/en/kubix-prime-chrome-exposed-hand-shower-mixer?Id=3374,"Kubix Prime, KUP-BLM-35149PM, Black Matt"
Faucets,Kubix Prime,3374,Single Lever Exposed Shower Mixer,Variant,2150,Single Lever Exposed Shower Mixer - Graphite,KUP-GRF-35149PM,Graphite,https://www.jaquar.com/images/thumbs/0054745_single-lever-exposed-shower-mixer-graphite_960.jpeg,12400.00,Single Lever Exposed Shower Mixer for Connection to Hand Shower with Connecting Legs & Wall Flanges,https://www.jaquar.com/en/kubix-prime-chrome-exposed-hand-shower-mixer?Id=3374,"Kubix Prime, KUP-GRF-35149PM, Graphite"
Faucets,Kubix Prime,3374,Single Lever Exposed Shower Mixer,Variant,2150,Single Lever Exposed Shower Mixer - Stainless Steel,KUP-SSF-35149PM,Stainless Steel,https://www.jaquar.com/images/thumbs/0059455_single-lever-exposed-shower-mixer-stainless-steel_960.jpeg,12400.00,Single Lever Exposed Shower Mixer for Connection to Hand Shower with Connecting Legs & Wall Flanges,https://www.jaquar.com/en/kubix-prime-chrome-exposed-hand-shower-mixer?Id=3374,"Kubix Prime, KUP-SSF-35149PM, Stainless Steel"
Faucets,Kubix Prime,3454,Single Lever Concealed Deusch Mixer,Parent,2152,Single Lever Concealed Deusch Mixer - Chrome,KUP-CHR-35227KPM,Chrome,https://www.jaquar.com/images/thumbs/0067326_single-lever-concealed-deusch-mixer-chrome_960.jpeg,1975.00,"Single Lever Exposed Parts Kit of Deusch Mixer Consisting of Operating Lever, Cartridge Sleeve & Wall Flange with Seals (Compatible with ALD-227 or ALD-229)",https://www.jaquar.com/en/kubix-prime-chrome-deusch-shower-mixer?Id=3454,"Kubix Prime, KUP-CHR-35227KPM, Chrome"
Faucets,Kubix Prime,3454,Single Lever Concealed Deusch Mixer,Variant,2152,Single Lever Exposed Parts Kit of Deusch Mixer - Antique Bronze,KUP-ABR-35227KPM,Antique Bronze,https://www.jaquar.com/images/thumbs/0052022_single-lever-exposed-parts-kit-of-deusch-mixer-antique-bronze_960.jpeg,3725.00,"Single Lever Exposed Parts Kit of Deusch Mixer Consisting of Operating Lever, Cartridge Sleeve & Wall Flange with Seals (Compatible with ALD-227 or ALD-229)",https://www.jaquar.com/en/kubix-prime-chrome-deusch-shower-mixer?Id=3454,"Kubix Prime, KUP-ABR-35227KPM, Antique Bronze"
Faucets,Kubix Prime,3454,Single Lever Concealed Deusch Mixer,Variant,2152,Single Lever Exposed Parts Kit of Deusch Mixer - Antique Copper,KUP-ACR-35227KPM,Antique Copper,https://www.jaquar.com/images/thumbs/0053347_single-lever-exposed-parts-kit-of-deusch-mixer-antique-copper_960.jpeg,3725.00,"Single Lever Exposed Parts Kit of Deusch Mixer Consisting of Operating Lever, Cartridge Sleeve & Wall Flange with Seals (Compatible with ALD-227 or ALD-229)",https://www.jaquar.com/en/kubix-prime-chrome-deusch-shower-mixer?Id=3454,"Kubix Prime, KUP-ACR-35227KPM, Antique Copper"
Faucets,Kubix Prime,3454,Single Lever Concealed Deusch Mixer,Variant,2152,Single Lever Exposed Parts Kit of Deusch Mixer - Black Chrome,KUP-BCH-35227KPM,Black Chrome,https://www.jaquar.com/images/thumbs/0053113_single-lever-exposed-parts-kit-of-deusch-mixer-black-chrome_960.jpeg,3000.00,"Single Lever Exposed Parts Kit of Deusch Mixer Consisting of Operating Lever, Cartridge Sleeve & Wall Flange with Seals (Compatible with ALD-227 or ALD-229)",https://www.jaquar.com/en/kubix-prime-chrome-deusch-shower-mixer?Id=3454,"Kubix Prime, KUP-BCH-35227KPM, Black Chrome"
Faucets,Kubix Prime,3454,Single Lever Concealed Deusch Mixer,Variant,2152,Single Lever Exposed Parts Kit of Deusch Mixer - Black Matt,KUP-BLM-35227KPM,Black Matt,https://www.jaquar.com/images/thumbs/0052647_single-lever-exposed-parts-kit-of-deusch-mixer-black-matt_960.jpeg,3000.00,"Single Lever Exposed Parts Kit of Deusch Mixer Consisting of Operating Lever, Cartridge Sleeve & Wall Flange with Seals (Compatible with ALD-227 or ALD-229)",https://www.jaquar.com/en/kubix-prime-chrome-deusch-shower-mixer?Id=3454,"Kubix Prime, KUP-BLM-35227KPM, Black Matt"
Faucets,Kubix Prime,3454,Single Lever Concealed Deusch Mixer,Variant,2152,Single Lever Exposed Parts Kit of Deusch Mixer - Graphite,KUP-GRF-35227KPM,Graphite,https://www.jaquar.com/images/thumbs/0060348_single-lever-exposed-parts-kit-of-deusch-mixer-graphite_960.jpeg,3725.00,"Single Lever Exposed Parts Kit of Deusch Mixer Consisting of Operating Lever, Cartridge Sleeve & Wall Flange with Seals (Compatible with ALD-227 or ALD-229)",https://www.jaquar.com/en/kubix-prime-chrome-deusch-shower-mixer?Id=3454,"Kubix Prime, KUP-GRF-35227KPM, Graphite"
Faucets,Kubix Prime,3454,Single Lever Concealed Deusch Mixer,Variant,2152,Single Lever Exposed Parts Kit of Deusch Mixer - Stainless Steel,KUP-SSF-35227KPM,Stainless Steel,https://www.jaquar.com/images/thumbs/0067323_single-lever-exposed-parts-kit-of-deusch-mixer-stainless-steel_960.jpeg,3725.00,"Single Lever Exposed Parts Kit of Deusch Mixer Consisting of Operating Lever, Cartridge Sleeve & Wall Flange with Seals (Compatible with ALD-227 or ALD-229)",https://www.jaquar.com/en/kubix-prime-chrome-deusch-shower-mixer?Id=3454,"Kubix Prime, KUP-SSF-35227KPM, Stainless Steel"
Faucets,Kubix Prime,3454,Single Lever Concealed Deusch Mixer,Variant,2152,Single Lever Concealed Deusch Mixer - Blush Gold Bright PVD,KUP-BGP-35227KPM,Blush Gold PVD,https://www.jaquar.com/images/thumbs/0055992_single-lever-concealed-deusch-mixer-blush-gold-pvd_960.jpeg,3225.00,"Single Lever Exposed Parts Kit of Deusch Mixer Consisting of Operating Lever, Cartridge Sleeve & Wall Flange with Seals (Compatible with ALD-227 or ALD-229)",https://www.jaquar.com/en/kubix-prime-chrome-deusch-shower-mixer?Id=3454,"Kubix Prime, KUP-BGP-35227KPM, Blush Gold PVD"
Faucets,Kubix Prime,3454,Single Lever Concealed Deusch Mixer,Variant,2152,Single Lever Concealed Deusch Mixer - Gold Bright PVD,KUP-GBP-35227KPM,Gold Bright PVD,https://www.jaquar.com/images/thumbs/0055886_single-lever-concealed-deusch-mixer-gold-bright-pvd_960.jpeg,3900.00,"Single Lever Exposed Parts Kit of Deusch Mixer Consisting of Operating Lever, Cartridge Sleeve & Wall Flange with Seals (Compatible with ALD-227 or ALD-229)",https://www.jaquar.com/en/kubix-prime-chrome-deusch-shower-mixer?Id=3454,"Kubix Prime, KUP-GBP-35227KPM, Gold Bright PVD"
Faucets,Kubix Prime,3454,Single Lever Concealed Deusch Mixer,Variant,2152,Single Lever Concealed Deusch Mixer - Gold Matt PVD,KUP-GMP-35227KPM,Gold Matt PVD,https://www.jaquar.com/images/thumbs/0055569_single-lever-concealed-deusch-mixer-gold-matt-pvd_960.jpeg,3900.00,"Single Lever Exposed Parts Kit of Deusch Mixer Consisting of Operating Lever, Cartridge Sleeve & Wall Flange with Seals (Compatible with ALD-227 or ALD-229)",https://www.jaquar.com/en/kubix-prime-chrome-deusch-shower-mixer?Id=3454,"Kubix Prime, KUP-GMP-35227KPM, Gold Matt PVD"
Faucets,Kubix Prime,3314,Single Lever Exposed Parts Kit of Diverter,Parent,2140,Single Lever Exposed Parts Kit of Diverter - Chrome,KUP-CHR-35065MKPM,Chrome,https://www.jaquar.com/images/thumbs/0067330_single-lever-exposed-parts-kit-of-diverter-chrome_960.jpeg,2925.00,"Single Lever Exposed Parts Kit of Diverter Consisting of Operating Lever, Cartridge Sleeve, Wall Flange (with Seals) & Button Assembly Sleeve & Button (Compatible with ALD-065M)",https://www.jaquar.com/en/single-lever-chrome-exposed-parts-kit?Id=3314,"Kubix Prime, KUP-CHR-35065MKPM, Chrome"
Faucets,Kubix Prime,3314,Single Lever Exposed Parts Kit of Diverter,Variant,2140,Single Lever Exposed Parts Kit of Diverter - Antique Bronze,KUP-ABR-35065MKPM,Antique Bronze,https://www.jaquar.com/images/thumbs/0054823_single-lever-exposed-parts-kit-of-diverter-antique-bronze_960.jpeg,4800.00,"Single Lever Exposed Parts Kit of Diverter Consisting of Operating Lever, Cartridge Sleeve, Wall Flange (with Seals) & Button Assembly Sleeve & Button (Compatible with ALD-065M)",https://www.jaquar.com/en/single-lever-chrome-exposed-parts-kit?Id=3314,"Kubix Prime, KUP-ABR-35065MKPM, Antique Bronze"
Faucets,Kubix Prime,3314,Single Lever Exposed Parts Kit of Diverter,Variant,2140,Single Lever Exposed Parts Kit of Diverter - Antique Copper,KUP-ACR-35065MKPM,Antique Copper,https://www.jaquar.com/images/thumbs/0055085_single-lever-exposed-parts-kit-of-diverter-antique-copper_960.jpeg,4800.00,"Single Lever Exposed Parts Kit of Diverter Consisting of Operating Lever, Cartridge Sleeve, Wall Flange (with Seals) & Button Assembly Sleeve & Button (Compatible with ALD-065M)",https://www.jaquar.com/en/single-lever-chrome-exposed-parts-kit?Id=3314,"Kubix Prime, KUP-ACR-35065MKPM, Antique Copper"
Faucets,Kubix Prime,3314,Single Lever Exposed Parts Kit of Diverter,Variant,2140,Single Lever Exposed Parts Kit of Diverter - Black Chrome,KUP-BCH-35065MKPM,Black Chrome,https://www.jaquar.com/images/thumbs/0060338_single-lever-exposed-parts-kit-of-diverter-black-chrome_960.jpeg,4200.00,"Single Lever Exposed Parts Kit of Diverter Consisting of Operating Lever, Cartridge Sleeve, Wall Flange (with Seals) & Button Assembly Sleeve & Button (Compatible with ALD-065M)",https://www.jaquar.com/en/single-lever-chrome-exposed-parts-kit?Id=3314,"Kubix Prime, KUP-BCH-35065MKPM, Black Chrome"
Faucets,Kubix Prime,3314,Single Lever Exposed Parts Kit of Diverter,Variant,2140,Single Lever Exposed Parts Kit of Diverter - Black Matt,KUP-BLM-35065MKPM,Black Matt,https://www.jaquar.com/images/thumbs/0055086_single-lever-exposed-parts-kit-of-diverter-black-matt_960.jpeg,4200.00,"Single Lever Exposed Parts Kit of Diverter Consisting of Operating Lever, Cartridge Sleeve, Wall Flange (with Seals) & Button Assembly Sleeve & Button (Compatible with ALD-065M)",https://www.jaquar.com/en/single-lever-chrome-exposed-parts-kit?Id=3314,"Kubix Prime, KUP-BLM-35065MKPM, Black Matt"
Faucets,Kubix Prime,3314,Single Lever Exposed Parts Kit of Diverter,Variant,2140,Single Lever Exposed Parts Kit of Diverter - Graphite,KUP-GRF-35065MKPM,Graphite,https://www.jaquar.com/images/thumbs/0054741_single-lever-exposed-parts-kit-of-diverter-graphite_960.jpeg,4800.00,"Single Lever Exposed Parts Kit of Diverter Consisting of Operating Lever, Cartridge Sleeve, Wall Flange (with Seals) & Button Assembly Sleeve & Button (Compatible with ALD-065M)",https://www.jaquar.com/en/single-lever-chrome-exposed-parts-kit?Id=3314,"Kubix Prime, KUP-GRF-35065MKPM, Graphite"
Faucets,Kubix Prime,3314,Single Lever Exposed Parts Kit of Diverter,Variant,2140,Single Lever Exposed Parts Kit of Diverter - Stainless Steel,KUP-SSF-35065MKPM,Stainless Steel,https://www.jaquar.com/images/thumbs/0054742_single-lever-exposed-parts-kit-of-diverter-stainless-steel_960.jpeg,4800.00,"Single Lever Exposed Parts Kit of Diverter Consisting of Operating Lever, Cartridge Sleeve, Wall Flange (with Seals) & Button Assembly Sleeve & Button (Compatible with ALD-065M)",https://www.jaquar.com/en/single-lever-chrome-exposed-parts-kit?Id=3314,"Kubix Prime, KUP-SSF-35065MKPM, Stainless Steel"
Faucets,Kubix Prime,3314,Single Lever Exposed Parts Kit of Diverter,Variant,2140,Single Lever Exposed Parts Kit of Diverter - Gold Bright PVD,KUP-GBP-35065MKPM,Gold Bright PVD,https://www.jaquar.com/images/thumbs/0054911_single-lever-exposed-parts-kit-of-diverter-gold-bright-pvd_960.jpeg,4950.00,"Single Lever Exposed Parts Kit of Diverter Consisting of Operating Lever, Cartridge Sleeve, Wall Flange (with Seals) & Button Assembly Sleeve & Button (Compatible with ALD-065M)",https://www.jaquar.com/en/single-lever-chrome-exposed-parts-kit?Id=3314,"Kubix Prime, KUP-GBP-35065MKPM, Gold Bright PVD"
Faucets,Kubix Prime,3314,Single Lever Exposed Parts Kit of Diverter,Variant,2140,Single Lever Exposed Parts Kit of Diverter - Gold Matt PVD,KUP-GMP-35065MKPM,Gold Matt PVD,https://www.jaquar.com/images/thumbs/0054912_single-lever-exposed-parts-kit-of-diverter-gold-matt-pvd_960.jpeg,4950.00,"Single Lever Exposed Parts Kit of Diverter Consisting of Operating Lever, Cartridge Sleeve, Wall Flange (with Seals) & Button Assembly Sleeve & Button (Compatible with ALD-065M)",https://www.jaquar.com/en/single-lever-chrome-exposed-parts-kit?Id=3314,"Kubix Prime, KUP-GMP-35065MKPM, Gold Matt PVD"
Faucets,Kubix Prime,3314,Single Lever Exposed Parts Kit of Diverter,Variant,2140,Single Lever Exposed Parts Kit of Diverter - Blush Gold Bright PVD,KUP-BGP-35065MKPM,Blush Gold PVD,https://www.jaquar.com/images/thumbs/0054910_single-lever-exposed-parts-kit-of-diverter-blush-gold-pvd_960.jpeg,4350.00,"Single Lever Exposed Parts Kit of Diverter Consisting of Operating Lever, Cartridge Sleeve, Wall Flange (with Seals) & Button Assembly Sleeve & Button (Compatible with ALD-065M)",https://www.jaquar.com/en/single-lever-chrome-exposed-parts-kit?Id=3314,"Kubix Prime, KUP-BGP-35065MKPM, Blush Gold PVD"
Faucets,Kubix Prime,3324,Single Lever Exposed Parts Kit of Hi-flow Diverter,Parent,2141,Single Lever Exposed Parts Kit of Hi-flow Diverter - Chrome,KUP-CHR-35079NKPM,Chrome,https://www.jaquar.com/images/thumbs/0060252_single-lever-exposed-parts-kit-of-hi-flow-diverter-chrome_960.jpeg,2800.00,"Single Lever Exposed Parts Kit of Hi-flow Diverter Consisting of Operating Lever, Cartridge Sleeve, Wall Flange (with Seals), Button Assembly Sleeve & Button (Compatible with ALD-079N)",https://www.jaquar.com/en/single-lever-chrome-exposed-parts-kit-of-hi-flow-diverter?Id=3324,"Kubix Prime, KUP-CHR-35079NKPM, Chrome"
Faucets,Kubix Prime,3324,Single Lever Exposed Parts Kit of Hi-flow Diverter,Variant,2141,Single Lever Exposed Parts Kit of Hi-flow Diverter - Antique Bronze,KUP-ABR-35079NKPM,Antique Bronze,https://www.jaquar.com/images/thumbs/0052738_single-lever-exposed-parts-kit-of-hi-flow-diverter-antique-bronze_960.jpeg,4900.00,"Single Lever Exposed Parts Kit of Hi-flow Diverter Consisting of Operating Lever, Cartridge Sleeve, Wall Flange (with Seals), Button Assembly Sleeve & Button (Compatible with ALD-079N)",https://www.jaquar.com/en/single-lever-chrome-exposed-parts-kit-of-hi-flow-diverter?Id=3324,"Kubix Prime, KUP-ABR-35079NKPM, Antique Bronze"
Faucets,Kubix Prime,3324,Single Lever Exposed Parts Kit of Hi-flow Diverter,Variant,2141,Single Lever Exposed Parts Kit of Hi-flow Diverter - Antique Copper,KUP-ACR-35079NKPM,Antique Copper,https://www.jaquar.com/images/thumbs/0052739_single-lever-exposed-parts-kit-of-hi-flow-diverter-antique-copper_960.jpeg,4900.00,"Single Lever Exposed Parts Kit of Hi-flow Diverter Consisting of Operating Lever, Cartridge Sleeve, Wall Flange (with Seals), Button Assembly Sleeve & Button (Compatible with ALD-079N)",https://www.jaquar.com/en/single-lever-chrome-exposed-parts-kit-of-hi-flow-diverter?Id=3324,"Kubix Prime, KUP-ACR-35079NKPM, Antique Copper"
Faucets,Kubix Prime,3324,Single Lever Exposed Parts Kit of Hi-flow Diverter,Variant,2141,Single Lever Exposed Parts Kit of Hi-flow Diverter - Black Chrome,KUP-BCH-35079NKPM,Black Chrome,https://www.jaquar.com/images/thumbs/0052740_single-lever-exposed-parts-kit-of-hi-flow-diverter-black-chrome_960.jpeg,4050.00,"Single Lever Exposed Parts Kit of Hi-flow Diverter Consisting of Operating Lever, Cartridge Sleeve, Wall Flange (with Seals), Button Assembly Sleeve & Button (Compatible with ALD-079N)",https://www.jaquar.com/en/single-lever-chrome-exposed-parts-kit-of-hi-flow-diverter?Id=3324,"Kubix Prime, KUP-BCH-35079NKPM, Black Chrome"
Faucets,Kubix Prime,3324,Single Lever Exposed Parts Kit of Hi-flow Diverter,Variant,2141,Single Lever Exposed Parts Kit of Hi-flow Diverter - Black Matt,KUP-BLM-35079NKPM,Black Matt,https://www.jaquar.com/images/thumbs/0052741_single-lever-exposed-parts-kit-of-hi-flow-diverter-black-matt_960.jpeg,4050.00,"Single Lever Exposed Parts Kit of Hi-flow Diverter Consisting of Operating Lever, Cartridge Sleeve, Wall Flange (with Seals), Button Assembly Sleeve & Button (Compatible with ALD-079N)",https://www.jaquar.com/en/single-lever-chrome-exposed-parts-kit-of-hi-flow-diverter?Id=3324,"Kubix Prime, KUP-BLM-35079NKPM, Black Matt"
Faucets,Kubix Prime,3324,Single Lever Exposed Parts Kit of Hi-flow Diverter,Variant,2141,Single Lever Exposed Parts Kit of Hi-flow Diverter - Graphite,KUP-GRF-35079NKPM,Graphite,https://www.jaquar.com/images/thumbs/0052744_single-lever-exposed-parts-kit-of-hi-flow-diverter-graphite_960.jpeg,4900.00,"Single Lever Exposed Parts Kit of Hi-flow Diverter Consisting of Operating Lever, Cartridge Sleeve, Wall Flange (with Seals), Button Assembly Sleeve & Button (Compatible with ALD-079N)",https://www.jaquar.com/en/single-lever-chrome-exposed-parts-kit-of-hi-flow-diverter?Id=3324,"Kubix Prime, KUP-GRF-35079NKPM, Graphite"
Faucets,Kubix Prime,3324,Single Lever Exposed Parts Kit of Hi-flow Diverter,Variant,2141,Single Lever Exposed Parts Kit of Hi-flow Diverter - Stainless Steel,KUP-SSF-35079NKPM,Stainless Steel,https://www.jaquar.com/images/thumbs/0060679_single-lever-exposed-parts-kit-of-hi-flow-diverter-stainless-steel_960.jpeg,4900.00,"Single Lever Exposed Parts Kit of Hi-flow Diverter Consisting of Operating Lever, Cartridge Sleeve, Wall Flange (with Seals), Button Assembly Sleeve & Button (Compatible with ALD-079N)",https://www.jaquar.com/en/single-lever-chrome-exposed-parts-kit-of-hi-flow-diverter?Id=3324,"Kubix Prime, KUP-SSF-35079NKPM, Stainless Steel"
Faucets,Kubix Prime,3324,Single Lever Exposed Parts Kit of Hi-flow Diverter,Variant,2141,Single Lever Exposed Parts Kit of Hi-flow Diverter - Gold Matt PVD,KUP-GMP-35079NKPM,Gold Matt PVD,https://www.jaquar.com/images/thumbs/0055565_single-lever-exposed-parts-kit-of-hi-flow-diverter-gold-matt-pvd_960.jpeg,5050.00,"Single Lever Exposed Parts Kit of Hi-flow Diverter Consisting of Operating Lever, Cartridge Sleeve, Wall Flange (with Seals), Button Assembly Sleeve & Button (Compatible with ALD-079N)",https://www.jaquar.com/en/single-lever-chrome-exposed-parts-kit-of-hi-flow-diverter?Id=3324,"Kubix Prime, KUP-GMP-35079NKPM, Gold Matt PVD"
Faucets,Kubix Prime,3324,Single Lever Exposed Parts Kit of Hi-flow Diverter,Variant,2141,Single Lever Exposed Parts Kit of Hi-flow Diverter - Gold Bright PVD,KUP-GBP-35079NKPM,Gold Bright PVD,https://www.jaquar.com/images/thumbs/0059193_single-lever-exposed-parts-kit-of-hi-flow-diverter-gold-bright-pvd_960.jpeg,5050.00,"Single Lever Exposed Parts Kit of Hi-flow Diverter Consisting of Operating Lever, Cartridge Sleeve, Wall Flange (with Seals), Button Assembly Sleeve & Button (Compatible with ALD-079N)",https://www.jaquar.com/en/single-lever-chrome-exposed-parts-kit-of-hi-flow-diverter?Id=3324,"Kubix Prime, KUP-GBP-35079NKPM, Gold Bright PVD"
Faucets,Kubix Prime,3324,Single Lever Exposed Parts Kit of Hi-flow Diverter,Variant,2141,Single Lever Exposed Parts Kit of Hi-flow Diverter - Blush Gold Bright PVD,KUP-BGP-35079NKPM,Blush Gold PVD,https://www.jaquar.com/images/thumbs/0055643_single-lever-exposed-parts-kit-of-hi-flow-diverter-blush-gold-pvd_960.jpeg,4200.00,"Single Lever Exposed Parts Kit of Hi-flow Diverter Consisting of Operating Lever, Cartridge Sleeve, Wall Flange (with Seals), Button Assembly Sleeve & Button (Compatible with ALD-079N)",https://www.jaquar.com/en/single-lever-chrome-exposed-parts-kit-of-hi-flow-diverter?Id=3324,"Kubix Prime, KUP-BGP-35079NKPM, Blush Gold PVD"
Faucets,Kubix Prime,3444,Single Lever 3-inlet Diverter Exposed parts kit,Parent,2142,Single Lever 3-inlet Diverter Exposed parts kit - Chrome,KUP-CHR-35193NKPM,Chrome,https://www.jaquar.com/images/thumbs/0060258_single-lever-3-inlet-diverter-exposed-parts-kit-chrome_960.jpeg,3275.00,"Single Lever 3-inlet Diverter Exposed parts kit Consisting of Operating Lever, Cartridge Sleeve, Wall Flange (with Seals), Button Assembly Sleeve and Button Cap (Compatible with ALD-193N)",https://www.jaquar.com/en/chrome-single-lever-3-inlet-diverter-exposed-parts-kit?Id=3444,"Kubix Prime, KUP-CHR-35193NKPM, Chrome"
Faucets,Kubix Prime,3444,Single Lever 3-inlet Diverter Exposed parts kit,Variant,2142,Single Lever 3-inlet Diverter - Antique Bronze,KUP-ABR-35193NKPM,Antique Bronze,https://www.jaquar.com/images/thumbs/0054828_single-lever-3-inlet-diverter-antique-bronze_960.jpeg,5600.00,"Single Lever 3-inlet Diverter Exposed parts kit Consisting of Operating Lever, Cartridge Sleeve, Wall Flange (with Seals), Button Assembly Sleeve and Button Cap (Compatible with ALD-193N)",https://www.jaquar.com/en/chrome-single-lever-3-inlet-diverter-exposed-parts-kit?Id=3444,"Kubix Prime, KUP-ABR-35193NKPM, Antique Bronze"
Faucets,Kubix Prime,3444,Single Lever 3-inlet Diverter Exposed parts kit,Variant,2142,Single Lever 3-inlet Diverter - Antique Copper,KUP-ACR-35193NKPM,Antique Copper,https://www.jaquar.com/images/thumbs/0057054_single-lever-3-inlet-diverter-antique-copper_960.jpeg,5600.00,"Single Lever 3-inlet Diverter Exposed parts kit Consisting of Operating Lever, Cartridge Sleeve, Wall Flange (with Seals), Button Assembly Sleeve and Button Cap (Compatible with ALD-193N)",https://www.jaquar.com/en/chrome-single-lever-3-inlet-diverter-exposed-parts-kit?Id=3444,"Kubix Prime, KUP-ACR-35193NKPM, Antique Copper"
Faucets,Kubix Prime,3444,Single Lever 3-inlet Diverter Exposed parts kit,Variant,2142,Single Lever 3-inlet Diverter - Black Chrome,KUP-BCH-35193NKPM,Black Chrome,https://www.jaquar.com/images/thumbs/0057055_single-lever-3-inlet-diverter-black-chrome_960.jpeg,4750.00,"Single Lever 3-inlet Diverter Exposed parts kit Consisting of Operating Lever, Cartridge Sleeve, Wall Flange (with Seals), Button Assembly Sleeve and Button Cap (Compatible with ALD-193N)",https://www.jaquar.com/en/chrome-single-lever-3-inlet-diverter-exposed-parts-kit?Id=3444,"Kubix Prime, KUP-BCH-35193NKPM, Black Chrome"
Faucets,Kubix Prime,3444,Single Lever 3-inlet Diverter Exposed parts kit,Variant,2142,Single Lever 3-inlet Diverter - Black Matt,KUP-BLM-35193NKPM,Black Matt,https://www.jaquar.com/images/thumbs/0054672_single-lever-3-inlet-diverter-black-matt_960.jpeg,4750.00,"Single Lever 3-inlet Diverter Exposed parts kit Consisting of Operating Lever, Cartridge Sleeve, Wall Flange (with Seals), Button Assembly Sleeve and Button Cap (Compatible with ALD-193N)",https://www.jaquar.com/en/chrome-single-lever-3-inlet-diverter-exposed-parts-kit?Id=3444,"Kubix Prime, KUP-BLM-35193NKPM, Black Matt"
Faucets,Kubix Prime,3444,Single Lever 3-inlet Diverter Exposed parts kit,Variant,2142,Single Lever 3-inlet Diverter - Graphite,KUP-GRF-35193NKPM,Graphite,https://www.jaquar.com/images/thumbs/0054751_single-lever-3-inlet-diverter-graphite_960.jpeg,5600.00,"Single Lever 3-inlet Diverter Exposed parts kit Consisting of Operating Lever, Cartridge Sleeve, Wall Flange (with Seals), Button Assembly Sleeve and Button Cap (Compatible with ALD-193N)",https://www.jaquar.com/en/chrome-single-lever-3-inlet-diverter-exposed-parts-kit?Id=3444,"Kubix Prime, KUP-GRF-35193NKPM, Graphite"
Faucets,Kubix Prime,3444,Single Lever 3-inlet Diverter Exposed parts kit,Variant,2142,Single Lever 3-inlet Diverter - Stainless Steel,KUP-SSF-35193NKPM,Stainless Steel,https://www.jaquar.com/images/thumbs/0054752_single-lever-3-inlet-diverter-stainless-steel_960.jpeg,5600.00,"Single Lever 3-inlet Diverter Exposed parts kit Consisting of Operating Lever, Cartridge Sleeve, Wall Flange (with Seals), Button Assembly Sleeve and Button Cap (Compatible with ALD-193N)",https://www.jaquar.com/en/chrome-single-lever-3-inlet-diverter-exposed-parts-kit?Id=3444,"Kubix Prime, KUP-SSF-35193NKPM, Stainless Steel"
Faucets,Kubix Prime,3444,Single Lever 3-inlet Diverter Exposed parts kit,Variant,2142,Single Lever 3-inlet Diverter - Gold Matt PVD,KUP-GMP-35193NKPM,Gold Matt PVD,https://www.jaquar.com/images/thumbs/0055568_single-lever-3-inlet-diverter-gold-matt-pvd_960.jpeg,5750.00,"Single Lever 3-inlet Diverter Exposed parts kit Consisting of Operating Lever, Cartridge Sleeve, Wall Flange (with Seals), Button Assembly Sleeve and Button Cap (Compatible with ALD-193N)",https://www.jaquar.com/en/chrome-single-lever-3-inlet-diverter-exposed-parts-kit?Id=3444,"Kubix Prime, KUP-GMP-35193NKPM, Gold Matt PVD"
Faucets,Kubix Prime,3444,Single Lever 3-inlet Diverter Exposed parts kit,Variant,2142,Single Lever 3-inlet Diverter - Gold Bright PVD,KUP-GBP-35193NKPM,Gold Bright PVD,https://www.jaquar.com/images/thumbs/0059195_single-lever-3-inlet-diverter-gold-bright-pvd_960.jpeg,5750.00,"Single Lever 3-inlet Diverter Exposed parts kit Consisting of Operating Lever, Cartridge Sleeve, Wall Flange (with Seals), Button Assembly Sleeve and Button Cap (Compatible with ALD-193N)",https://www.jaquar.com/en/chrome-single-lever-3-inlet-diverter-exposed-parts-kit?Id=3444,"Kubix Prime, KUP-GBP-35193NKPM, Gold Bright PVD"
Faucets,Kubix Prime,3444,Single Lever 3-inlet Diverter Exposed parts kit,Variant,2142,Single Lever 3-inlet Diverter - Blush Gold Bright PVD,KUP-BGP-35193NKPM,Blush Gold PVD,https://www.jaquar.com/images/thumbs/0055989_single-lever-3-inlet-diverter-blush-gold-pvd_960.jpeg,4900.00,"Single Lever 3-inlet Diverter Exposed parts kit Consisting of Operating Lever, Cartridge Sleeve, Wall Flange (with Seals), Button Assembly Sleeve and Button Cap (Compatible with ALD-193N)",https://www.jaquar.com/en/chrome-single-lever-3-inlet-diverter-exposed-parts-kit?Id=3444,"Kubix Prime, KUP-BGP-35193NKPM, Blush Gold PVD"
Faucets,Kubix Prime,3514,Aquamax Exposed Part Kit of Single Lever Shower Mixer,Parent,2754,Aquamax Exposed Part Kit of Single Lever Shower Mixer - Chrome,KUP-CHR-35783NKPM,Chrome,https://www.jaquar.com/images/thumbs/0060260_aquamax-exposed-part-kit-of-single-lever-shower-mixer-chrome_960.jpeg,4550.00,Aquamax Exposed Part Kit of Single Lever Shower Mixer with 3-way diverter (Compatible with ALD-783N),https://www.jaquar.com/en/aquamax-kubix-prime-3-way-thermostatic-single-lever-diverter-mixer-chrome?Id=3514,"Kubix Prime, KUP-CHR-35783NKPM, Chrome"
Faucets,Kubix Prime,3514,Aquamax Exposed Part Kit of Single Lever Shower Mixer,Variant,2754,Aquamax Exposed Part Kit of Single Lever Shower Mixer - Antique Bronze,KUP-ABR-35783NKPM,Antique Bronze,https://www.jaquar.com/images/thumbs/0052780_aquamax-exposed-part-kit-of-single-lever-shower-mixer-antique-bronze_960.jpeg,7900.00,Aquamax Exposed Part Kit of Single Lever Shower Mixer with 3-way diverter (Compatible with ALD-783N),https://www.jaquar.com/en/aquamax-kubix-prime-3-way-thermostatic-single-lever-diverter-mixer-chrome?Id=3514,"Kubix Prime, KUP-ABR-35783NKPM, Antique Bronze"
Faucets,Kubix Prime,3514,Aquamax Exposed Part Kit of Single Lever Shower Mixer,Variant,2754,Aquamax Exposed Part Kit of Single Lever Shower Mixer  - Antique Copper,KUP-ACR-35783NKPM,Antique Copper,https://www.jaquar.com/images/thumbs/0052962_aquamax-exposed-part-kit-of-single-lever-shower-mixer-antique-copper_960.jpeg,7900.00,Aquamax Exposed Part Kit of Single Lever Shower Mixer with 3-way diverter (Compatible with ALD-783N),https://www.jaquar.com/en/aquamax-kubix-prime-3-way-thermostatic-single-lever-diverter-mixer-chrome?Id=3514,"Kubix Prime, KUP-ACR-35783NKPM, Antique Copper"
Faucets,Kubix Prime,3514,Aquamax Exposed Part Kit of Single Lever Shower Mixer,Variant,2754,Aquamax Exposed Part Kit of Single Lever Shower Mixer - Black Chrome,KUP-BCH-35783NKPM,Black Chrome,https://www.jaquar.com/images/thumbs/0053856_aquamax-exposed-part-kit-of-single-lever-shower-mixer-black-chrome_960.jpeg,6600.00,Aquamax Exposed Part Kit of Single Lever Shower Mixer with 3-way diverter (Compatible with ALD-783N),https://www.jaquar.com/en/aquamax-kubix-prime-3-way-thermostatic-single-lever-diverter-mixer-chrome?Id=3514,"Kubix Prime, KUP-BCH-35783NKPM, Black Chrome"
Faucets,Kubix Prime,3514,Aquamax Exposed Part Kit of Single Lever Shower Mixer,Variant,2754,Aquamax Exposed Part Kit of Single Lever Shower Mixer - Black Matt,KUP-BLM-35783NKPM,Black Matt,https://www.jaquar.com/images/thumbs/0052783_aquamax-exposed-part-kit-of-single-lever-shower-mixer-black-matt_960.jpeg,6600.00,Aquamax Exposed Part Kit of Single Lever Shower Mixer with 3-way diverter (Compatible with ALD-783N),https://www.jaquar.com/en/aquamax-kubix-prime-3-way-thermostatic-single-lever-diverter-mixer-chrome?Id=3514,"Kubix Prime, KUP-BLM-35783NKPM, Black Matt"
Faucets,Kubix Prime,3514,Aquamax Exposed Part Kit of Single Lever Shower Mixer,Variant,2754,Aquamax Exposed Part Kit of Single Lever Shower Mixer - Graphite,KUP-GRF-35783NKPM,Graphite,https://www.jaquar.com/images/thumbs/0052786_aquamax-exposed-part-kit-of-single-lever-shower-mixer-graphite_960.jpeg,7900.00,Aquamax Exposed Part Kit of Single Lever Shower Mixer with 3-way diverter (Compatible with ALD-783N),https://www.jaquar.com/en/aquamax-kubix-prime-3-way-thermostatic-single-lever-diverter-mixer-chrome?Id=3514,"Kubix Prime, KUP-GRF-35783NKPM, Graphite"
Faucets,Kubix Prime,3514,Aquamax Exposed Part Kit of Single Lever Shower Mixer,Variant,2754,Aquamax Exposed Part Kit of Single Lever Shower Mixer - Stainless Steel,KUP-SSF-35783NKPM,Stainless Steel,https://www.jaquar.com/images/thumbs/0067321_aquamax-exposed-part-kit-of-single-lever-shower-mixer-stainless-steel_960.jpeg,7900.00,Aquamax Exposed Part Kit of Single Lever Shower Mixer with 3-way diverter (Compatible with ALD-783N),https://www.jaquar.com/en/aquamax-kubix-prime-3-way-thermostatic-single-lever-diverter-mixer-chrome?Id=3514,"Kubix Prime, KUP-SSF-35783NKPM, Stainless Steel"
Faucets,Kubix Prime,3514,Aquamax Exposed Part Kit of Single Lever Shower Mixer,Variant,2754,Aquamax Exposed Part Kit of Single Lever Shower Mixer - Gold Matt PVD,KUP-GMP-35783NKPM,Gold Matt PVD,https://www.jaquar.com/images/thumbs/0055573_aquamax-exposed-part-kit-of-single-lever-shower-mixer-gold-matt-pvd_960.jpeg,8050.00,Aquamax Exposed Part Kit of Single Lever Shower Mixer with 3-way diverter (Compatible with ALD-783N),https://www.jaquar.com/en/aquamax-kubix-prime-3-way-thermostatic-single-lever-diverter-mixer-chrome?Id=3514,"Kubix Prime, KUP-GMP-35783NKPM, Gold Matt PVD"
Faucets,Kubix Prime,3514,Aquamax Exposed Part Kit of Single Lever Shower Mixer,Variant,2754,Aquamax Exposed Part Kit of Single Lever Shower Mixer - Gold Bright PVD,KUP-GBP-35783NKPM,Gold Bright PVD,https://www.jaquar.com/images/thumbs/0059209_aquamax-exposed-part-kit-of-single-lever-shower-mixer-gold-bright-pvd_960.jpeg,8050.00,Aquamax Exposed Part Kit of Single Lever Shower Mixer with 3-way diverter (Compatible with ALD-783N),https://www.jaquar.com/en/aquamax-kubix-prime-3-way-thermostatic-single-lever-diverter-mixer-chrome?Id=3514,"Kubix Prime, KUP-GBP-35783NKPM, Gold Bright PVD"
Faucets,Kubix Prime,3514,Aquamax Exposed Part Kit of Single Lever Shower Mixer,Variant,2754,Aquamax Exposed Part Kit of Single Lever Shower Mixer - Blush Gold Bright PVD,KUP-BGP-35783NKPM,Blush Gold PVD,https://www.jaquar.com/images/thumbs/0052791_aquamax-exposed-part-kit-of-single-lever-shower-mixer-blush-gold-pvd_960.jpeg,6800.00,Aquamax Exposed Part Kit of Single Lever Shower Mixer with 3-way diverter (Compatible with ALD-783N),https://www.jaquar.com/en/aquamax-kubix-prime-3-way-thermostatic-single-lever-diverter-mixer-chrome?Id=3514,"Kubix Prime, KUP-BGP-35783NKPM, Blush Gold PVD"
Faucets,Kubix Prime,6092,Exposed Parts of Floor Mounted Single Lever Bath Mixer,Parent,4029,Exposed Parts of Floor Mounted Single Lever Bath Mixer - Chrome,KUP-CHR-35121KPM,Chrome,https://www.jaquar.com/images/thumbs/0060256_exposed-parts-of-floor-mounted-single-lever-bath-mixer-chrome_960.jpeg,44500.00,"Exposed Parts of Floor Mounted Single Lever Bath Mixer with Provision for Hand Shower, without Hand Shower & Shower Hose (Compatible with ALD-121)",https://www.jaquar.com/en/kubix-prime-floor-mounted-bath-lever?Id=6092,"Kubix Prime, KUP-CHR-35121KPM, Chrome"
Faucets,Kubix Prime,6092,Exposed Parts of Floor Mounted Single Lever Bath Mixer,Variant,4029,Exposed Parts of Floor Mounted Single Lever Bath Mixer - Antique Bronze,KUP-ABR-35121KPM,Antique Bronze,https://www.jaquar.com/images/thumbs/0052273_exposed-parts-of-floor-mounted-single-lever-bath-mixer-antique-bronze_960.jpeg,73400.00,"Exposed Parts of Floor Mounted Single Lever Bath Mixer with Provision for Hand Shower, without Hand Shower & Shower Hose (Compatible with ALD-121)",https://www.jaquar.com/en/kubix-prime-floor-mounted-bath-lever?Id=6092,"Kubix Prime, KUP-ABR-35121KPM, Antique Bronze"
Faucets,Kubix Prime,6092,Exposed Parts of Floor Mounted Single Lever Bath Mixer,Variant,4029,Exposed Parts of Floor Mounted Single Lever Bath Mixer - Antique Copper,KUP-ACR-35121KPM,Antique Copper,https://www.jaquar.com/images/thumbs/0060346_exposed-parts-of-floor-mounted-single-lever-bath-mixer-antique-copper_960.jpeg,73400.00,"Exposed Parts of Floor Mounted Single Lever Bath Mixer with Provision for Hand Shower, without Hand Shower & Shower Hose (Compatible with ALD-121)",https://www.jaquar.com/en/kubix-prime-floor-mounted-bath-lever?Id=6092,"Kubix Prime, KUP-ACR-35121KPM, Antique Copper"
Faucets,Kubix Prime,6092,Exposed Parts of Floor Mounted Single Lever Bath Mixer,Variant,4029,Exposed Parts of Floor Mounted Single Lever Bath Mixer - Black Chrome,KUP-BCH-35121KPM,Black Chrome,https://www.jaquar.com/images/thumbs/0053349_exposed-parts-of-floor-mounted-single-lever-bath-mixer-black-chrome_960.jpeg,64200.00,"Exposed Parts of Floor Mounted Single Lever Bath Mixer with Provision for Hand Shower, without Hand Shower & Shower Hose (Compatible with ALD-121)",https://www.jaquar.com/en/kubix-prime-floor-mounted-bath-lever?Id=6092,"Kubix Prime, KUP-BCH-35121KPM, Black Chrome"
Faucets,Kubix Prime,6092,Exposed Parts of Floor Mounted Single Lever Bath Mixer,Variant,4029,Exposed Parts of Floor Mounted Single Lever Bath Mixer - Black Matt,KUP-BLM-35121KPM,Black Matt,https://www.jaquar.com/images/thumbs/0052274_exposed-parts-of-floor-mounted-single-lever-bath-mixer-black-matt_960.jpeg,64200.00,"Exposed Parts of Floor Mounted Single Lever Bath Mixer with Provision for Hand Shower, without Hand Shower & Shower Hose (Compatible with ALD-121)",https://www.jaquar.com/en/kubix-prime-floor-mounted-bath-lever?Id=6092,"Kubix Prime, KUP-BLM-35121KPM, Black Matt"
Faucets,Kubix Prime,6092,Exposed Parts of Floor Mounted Single Lever Bath Mixer,Variant,4029,Exposed Parts of Floor Mounted Single Lever Bath Mixer - Graphite,KUP-GRF-35121KPM,Graphite,https://www.jaquar.com/images/thumbs/0060345_exposed-parts-of-floor-mounted-single-lever-bath-mixer-graphite_960.jpeg,73400.00,"Exposed Parts of Floor Mounted Single Lever Bath Mixer with Provision for Hand Shower, without Hand Shower & Shower Hose (Compatible with ALD-121)",https://www.jaquar.com/en/kubix-prime-floor-mounted-bath-lever?Id=6092,"Kubix Prime, KUP-GRF-35121KPM, Graphite"
Faucets,Kubix Prime,6092,Exposed Parts of Floor Mounted Single Lever Bath Mixer,Variant,4029,Exposed Parts of Floor Mounted Single Lever Bath Mixer - Stainless Steel,KUP-SSF-35121KPM,Stainless Steel,https://www.jaquar.com/images/thumbs/0060680_exposed-parts-of-floor-mounted-single-lever-bath-mixer-stainless-steel_960.jpeg,73400.00,"Exposed Parts of Floor Mounted Single Lever Bath Mixer with Provision for Hand Shower, without Hand Shower & Shower Hose (Compatible with ALD-121)",https://www.jaquar.com/en/kubix-prime-floor-mounted-bath-lever?Id=6092,"Kubix Prime, KUP-SSF-35121KPM, Stainless Steel"
Faucets,Kubix Prime,6092,Exposed Parts of Floor Mounted Single Lever Bath Mixer,Variant,4029,Exposed Parts of Floor Mounted Single Lever Bath Mixer - Blush Gold Bright PVD,KUP-BGP-35121KPM,Blush Gold PVD,https://www.jaquar.com/images/thumbs/0059194_exposed-parts-of-floor-mounted-single-lever-bath-mixer-blush-gold-pvd_960.jpeg,66500.00,"Exposed Parts of Floor Mounted Single Lever Bath Mixer with Provision for Hand Shower, without Hand Shower & Shower Hose (Compatible with ALD-121)",https://www.jaquar.com/en/kubix-prime-floor-mounted-bath-lever?Id=6092,"Kubix Prime, KUP-BGP-35121KPM, Blush Gold PVD"
Faucets,Kubix Prime,6092,Exposed Parts of Floor Mounted Single Lever Bath Mixer,Variant,4029,Exposed Parts of Floor Mounted Single Lever Bath Mixer - Gold Bright PVD,KUP-GBP-35121KPM,Gold Bright PVD,https://www.jaquar.com/images/thumbs/0055885_exposed-parts-of-floor-mounted-single-lever-bath-mixer-gold-bright-pvd_960.jpeg,75700.00,"Exposed Parts of Floor Mounted Single Lever Bath Mixer with Provision for Hand Shower, without Hand Shower & Shower Hose (Compatible with ALD-121)",https://www.jaquar.com/en/kubix-prime-floor-mounted-bath-lever?Id=6092,"Kubix Prime, KUP-GBP-35121KPM, Gold Bright PVD"
Faucets,Kubix Prime,6092,Exposed Parts of Floor Mounted Single Lever Bath Mixer,Variant,4029,Exposed Parts of Floor Mounted Single Lever Bath Mixer - Gold Matt PVD,KUP-GMP-35121KPM,Gold Matt PVD,https://www.jaquar.com/images/thumbs/0055567_exposed-parts-of-floor-mounted-single-lever-bath-mixer-gold-matt-pvd_960.jpeg,75700.00,"Exposed Parts of Floor Mounted Single Lever Bath Mixer with Provision for Hand Shower, without Hand Shower & Shower Hose (Compatible with ALD-121)",https://www.jaquar.com/en/kubix-prime-floor-mounted-bath-lever?Id=6092,"Kubix Prime, KUP-GMP-35121KPM, Gold Matt PVD"
Faucets,Kubix Prime,3384,Single Lever 1-Hole Bidet Mixer,Parent,2151,Single Lever 1-Hole Bidet Mixer - Chrome,KUP-CHR-35213BPM,Chrome,https://www.jaquar.com/images/thumbs/0014062_single-lever-1-hole-bidet-mixer-chrome_960.jpeg,9100.00,Single Lever 1-Hole Bidet Mixer with Popup Waste System with 375mm Long Braided Hoses,https://www.jaquar.com/en/chrome-single-lever-bidet-mixer-kubix-prime?Id=3384,"Kubix Prime, KUP-CHR-35213BPM, Chrome"
Faucets,Kubix Prime,3384,Single Lever 1-Hole Bidet Mixer,Variant,2151,Single Lever 1-Hole Bidet Mixer - Antique Bronze,KUP-ABR-35213BPM,Antique Bronze,https://www.jaquar.com/images/thumbs/0055090_single-lever-1-hole-bidet-mixer-antique-bronze_960.jpeg,15000.00,Single Lever 1-Hole Bidet Mixer with Popup Waste System with 375mm Long Braided Hoses,https://www.jaquar.com/en/chrome-single-lever-bidet-mixer-kubix-prime?Id=3384,"Kubix Prime, KUP-ABR-35213BPM, Antique Bronze"
Faucets,Kubix Prime,3384,Single Lever 1-Hole Bidet Mixer,Variant,2151,Single Lever 1-Hole Bidet Mixer - Antique Copper,KUP-ACR-35213BPM,Antique Copper,https://www.jaquar.com/images/thumbs/0057056_single-lever-1-hole-bidet-mixer-antique-copper_960.jpeg,15000.00,Single Lever 1-Hole Bidet Mixer with Popup Waste System with 375mm Long Braided Hoses,https://www.jaquar.com/en/chrome-single-lever-bidet-mixer-kubix-prime?Id=3384,"Kubix Prime, KUP-ACR-35213BPM, Antique Copper"
Faucets,Kubix Prime,3384,Single Lever 1-Hole Bidet Mixer,Variant,2151,Single Lever 1-Hole Bidet Mixer - Black Chrome,KUP-BCH-35213BPM,Black Chrome,https://www.jaquar.com/images/thumbs/0054922_single-lever-1-hole-bidet-mixer-black-chrome_960.jpeg,13100.00,Single Lever 1-Hole Bidet Mixer with Popup Waste System with 375mm Long Braided Hoses,https://www.jaquar.com/en/chrome-single-lever-bidet-mixer-kubix-prime?Id=3384,"Kubix Prime, KUP-BCH-35213BPM, Black Chrome"
Faucets,Kubix Prime,3384,Single Lever 1-Hole Bidet Mixer,Variant,2151,Single Lever 1-Hole Bidet Mixer - Black Matt,KUP-BLM-35213BPM,Black Matt,https://www.jaquar.com/images/thumbs/0055091_single-lever-1-hole-bidet-mixer-black-matt_960.jpeg,13100.00,Single Lever 1-Hole Bidet Mixer with Popup Waste System with 375mm Long Braided Hoses,https://www.jaquar.com/en/chrome-single-lever-bidet-mixer-kubix-prime?Id=3384,"Kubix Prime, KUP-BLM-35213BPM, Black Matt"
Faucets,Kubix Prime,3384,Single Lever 1-Hole Bidet Mixer,Variant,2151,Single Lever 1-Hole Bidet Mixer - Graphite,KUP-GRF-35213BPM,Graphite,https://www.jaquar.com/images/thumbs/0055092_single-lever-1-hole-bidet-mixer-graphite_960.jpeg,15000.00,Single Lever 1-Hole Bidet Mixer with Popup Waste System with 375mm Long Braided Hoses,https://www.jaquar.com/en/chrome-single-lever-bidet-mixer-kubix-prime?Id=3384,"Kubix Prime, KUP-GRF-35213BPM, Graphite"
Faucets,Kubix Prime,3384,Single Lever 1-Hole Bidet Mixer,Variant,2151,Single Lever 1-Hole Bidet Mixer - Stainless Steel,KUP-SSF-35213BPM,Stainless Steel,https://www.jaquar.com/images/thumbs/0059459_single-lever-1-hole-bidet-mixer-stainless-steel_960.jpeg,15000.00,Single Lever 1-Hole Bidet Mixer with Popup Waste System with 375mm Long Braided Hoses,https://www.jaquar.com/en/chrome-single-lever-bidet-mixer-kubix-prime?Id=3384,"Kubix Prime, KUP-SSF-35213BPM, Stainless Steel"
Faucets,Kubix Prime,3384,Single Lever 1-Hole Bidet Mixer,Variant,2151,Single Lever 1-Hole Bidet Mixer - Gold Matt PVD,KUP-GMP-35213BPM,Gold Matt PVD,https://www.jaquar.com/images/thumbs/0057022_single-lever-1-hole-bidet-mixer-gold-matt-pvd_960.jpeg,15500.00,Single Lever 1-Hole Bidet Mixer with Popup Waste System with 375mm Long Braided Hoses,https://www.jaquar.com/en/chrome-single-lever-bidet-mixer-kubix-prime?Id=3384,"Kubix Prime, KUP-GMP-35213BPM, Gold Matt PVD"
Faucets,Kubix Prime,3384,Single Lever 1-Hole Bidet Mixer,Variant,2151,Single Lever 1-Hole Bidet Mixer - Gold Bright PVD,KUP-GBP-35213BPM,Gold Bright PVD,https://www.jaquar.com/images/thumbs/0055991_single-lever-1-hole-bidet-mixer-gold-bright-pvd_960.jpeg,15500.00,Single Lever 1-Hole Bidet Mixer with Popup Waste System with 375mm Long Braided Hoses,https://www.jaquar.com/en/chrome-single-lever-bidet-mixer-kubix-prime?Id=3384,"Kubix Prime, KUP-GBP-35213BPM, Gold Bright PVD"
Faucets,Kubix Prime,3384,Single Lever 1-Hole Bidet Mixer,Variant,2151,Single Lever 1-Hole Bidet Mixer - Blush Gold Bright PVD,KUP-BGP-35213BPM,Blush Gold PVD,https://www.jaquar.com/images/thumbs/0057057_single-lever-1-hole-bidet-mixer-blush-gold-pvd_960.jpeg,13600.00,Single Lever 1-Hole Bidet Mixer with Popup Waste System with 375mm Long Braided Hoses,https://www.jaquar.com/en/chrome-single-lever-bidet-mixer-kubix-prime?Id=3384,"Kubix Prime, KUP-BGP-35213BPM, Blush Gold PVD"
Faucets,Kubix Prime,3273,Pillar Cock,Parent,2154,Pillar Cock - Chrome,KUP-CHR-35001PM,Chrome,https://www.jaquar.com/images/thumbs/0060241_pillar-cock-chrome_960.jpeg,2975.00,Pillar Cock ,https://www.jaquar.com/en/chrome-kubix-prime-pillar-cock?Id=3273,"Kubix Prime, KUP-CHR-35001PM, Chrome"
Faucets,Kubix Prime,3273,Pillar Cock,Variant,2154,Pillar Cock - Antique Bronze,KUP-ABR-35001PM,Antique Bronze,https://www.jaquar.com/images/thumbs/0057348_pillar-cock-antique-bronze_960.jpeg,5050.00,Pillar Cock ,https://www.jaquar.com/en/chrome-kubix-prime-pillar-cock?Id=3273,"Kubix Prime, KUP-ABR-35001PM, Antique Bronze"
Faucets,Kubix Prime,3273,Pillar Cock,Variant,2154,Pillar Cock - Antique Copper,KUP-ACR-35001PM,Antique Copper,https://www.jaquar.com/images/thumbs/0057349_pillar-cock-antique-copper_960.jpeg,5050.00,Pillar Cock ,https://www.jaquar.com/en/chrome-kubix-prime-pillar-cock?Id=3273,"Kubix Prime, KUP-ACR-35001PM, Antique Copper"
Faucets,Kubix Prime,3273,Pillar Cock,Variant,2154,Pillar Cock - Black Chrome,KUP-BCH-35001PM,Black Chrome,https://www.jaquar.com/images/thumbs/0054907_pillar-cock-black-chrome_960.jpeg,4400.00,Pillar Cock ,https://www.jaquar.com/en/chrome-kubix-prime-pillar-cock?Id=3273,"Kubix Prime, KUP-BCH-35001PM, Black Chrome"
Faucets,Kubix Prime,3273,Pillar Cock,Variant,2154,Pillar Cock - Black Matt,KUP-BLM-35001PM,Black Matt,https://www.jaquar.com/images/thumbs/0054666_pillar-cock-black-matt_960.jpeg,4400.00,Pillar Cock ,https://www.jaquar.com/en/chrome-kubix-prime-pillar-cock?Id=3273,"Kubix Prime, KUP-BLM-35001PM, Black Matt"
Faucets,Kubix Prime,3273,Pillar Cock,Variant,2154,Pillar Cock - Graphite,KUP-GRF-35001PM,Graphite,https://www.jaquar.com/images/thumbs/0054634_pillar-cock-graphite_960.jpeg,5050.00,Pillar Cock ,https://www.jaquar.com/en/chrome-kubix-prime-pillar-cock?Id=3273,"Kubix Prime, KUP-GRF-35001PM, Graphite"
Faucets,Kubix Prime,3273,Pillar Cock,Variant,2154,Pillar Cock - Stainless Steel,KUP-SSF-35001PM,Stainless Steel,https://www.jaquar.com/images/thumbs/0059453_pillar-cock-stainless-steel_960.jpeg,5050.00,Pillar Cock ,https://www.jaquar.com/en/chrome-kubix-prime-pillar-cock?Id=3273,"Kubix Prime, KUP-SSF-35001PM, Stainless Steel"
Faucets,Kubix Prime,3404,Pillar Cock,Parent,2155,Pillar Cock - Chrome,KUP-CHR-35021PM,Chrome,https://www.jaquar.com/images/thumbs/0059643_pillar-cock-chrome_960.jpeg,4550.00,Pillar Cock with 190mm Extension Body,https://www.jaquar.com/en/chrome-long-body-pillar-cock-kubix-prime?Id=3404,"Kubix Prime, KUP-CHR-35021PM, Chrome"
Faucets,Kubix Prime,3404,Pillar Cock,Variant,2155,Pillar Cock - Antique Bronze,KUP-ABR-35021PM,Antique Bronze,https://www.jaquar.com/images/thumbs/0059647_pillar-cock-antique-bronze_960.jpeg,7650.00,Pillar Cock with 190mm Extension Body,https://www.jaquar.com/en/chrome-long-body-pillar-cock-kubix-prime?Id=3404,"Kubix Prime, KUP-ABR-35021PM, Antique Bronze"
Faucets,Kubix Prime,3404,Pillar Cock,Variant,2155,Pillar Cock - Antique Copper,KUP-ACR-35021PM,Antique Copper,https://www.jaquar.com/images/thumbs/0059646_pillar-cock-antique-copper_960.jpeg,7650.00,Pillar Cock with 190mm Extension Body,https://www.jaquar.com/en/chrome-long-body-pillar-cock-kubix-prime?Id=3404,"Kubix Prime, KUP-ACR-35021PM, Antique Copper"
Faucets,Kubix Prime,3404,Pillar Cock,Variant,2155,Pillar Cock - Black Chrome,KUP-BCH-35021PM,Black Chrome,https://www.jaquar.com/images/thumbs/0059645_pillar-cock-black-chrome_960.jpeg,6700.00,Pillar Cock with 190mm Extension Body,https://www.jaquar.com/en/chrome-long-body-pillar-cock-kubix-prime?Id=3404,"Kubix Prime, KUP-BCH-35021PM, Black Chrome"
Faucets,Kubix Prime,3404,Pillar Cock,Variant,2155,Pillar Cock - Black Matt,KUP-BLM-35021PM,Black Matt,https://www.jaquar.com/images/thumbs/0059644_pillar-cock-black-matt_960.jpeg,6700.00,Pillar Cock with 190mm Extension Body,https://www.jaquar.com/en/chrome-long-body-pillar-cock-kubix-prime?Id=3404,"Kubix Prime, KUP-BLM-35021PM, Black Matt"
Faucets,Kubix Prime,3404,Pillar Cock,Variant,2155,Pillar Cock - Graphite,KUP-GRF-35021PM,Graphite,https://www.jaquar.com/images/thumbs/0059641_pillar-cock-graphite_960.jpeg,7650.00,Pillar Cock with 190mm Extension Body,https://www.jaquar.com/en/chrome-long-body-pillar-cock-kubix-prime?Id=3404,"Kubix Prime, KUP-GRF-35021PM, Graphite"
Faucets,Kubix Prime,3404,Pillar Cock,Variant,2155,Pillar Cock - Stainless Steel,KUP-SSF-35021PM,Stainless Steel,https://www.jaquar.com/images/thumbs/0059640_pillar-cock-stainless-steel_960.jpeg,7650.00,Pillar Cock with 190mm Extension Body,https://www.jaquar.com/en/chrome-long-body-pillar-cock-kubix-prime?Id=3404,"Kubix Prime, KUP-SSF-35021PM, Stainless Steel"
Faucets,Kubix Prime,3424,3-Hole Basin Mixer,Parent,2882,3-Hole Basin Mixer - Chrome,KUP-CHR-35189PM,Chrome,https://www.jaquar.com/images/thumbs/0054748_3-hole-basin-mixer-chrome_960.jpeg,10900.00,"3-Hole Basin Mixer without Popup Waste System, 15mm Cartridge Size",https://www.jaquar.com/en/kubix-prime-chrome-3-hole-basin-mixer?Id=3424,"Kubix Prime, KUP-CHR-35189PM, Chrome"
Faucets,Kubix Prime,3424,3-Hole Basin Mixer,Variant,2882,3-Hole Basin Mixer - Antique Bronze,KUP-ABR-35189PM,Antique Bronze,https://www.jaquar.com/images/thumbs/0054826_3-hole-basin-mixer-antique-bronze_960.jpeg,16900.00,"3-Hole Basin Mixer without Popup Waste System, 15mm Cartridge Size",https://www.jaquar.com/en/kubix-prime-chrome-3-hole-basin-mixer?Id=3424,"Kubix Prime, KUP-ABR-35189PM, Antique Bronze"
Faucets,Kubix Prime,3424,3-Hole Basin Mixer,Variant,2882,3-Hole Basin Mixer - Antique Copper,KUP-ACR-35189PM,Antique Copper,https://www.jaquar.com/images/thumbs/0055088_3-hole-basin-mixer-antique-copper_960.jpeg,16900.00,"3-Hole Basin Mixer without Popup Waste System, 15mm Cartridge Size",https://www.jaquar.com/en/kubix-prime-chrome-3-hole-basin-mixer?Id=3424,"Kubix Prime, KUP-ACR-35189PM, Antique Copper"
Faucets,Kubix Prime,3424,3-Hole Basin Mixer,Variant,2882,3-Hole Basin Mixer - Black Chrome,KUP-BCH-35189PM,Black Chrome,https://www.jaquar.com/images/thumbs/0054917_3-hole-basin-mixer-black-chrome_960.jpeg,14600.00,"3-Hole Basin Mixer without Popup Waste System, 15mm Cartridge Size",https://www.jaquar.com/en/kubix-prime-chrome-3-hole-basin-mixer?Id=3424,"Kubix Prime, KUP-BCH-35189PM, Black Chrome"
Faucets,Kubix Prime,3424,3-Hole Basin Mixer,Variant,2882,3-Hole Basin Mixer - Black Matt,KUP-BLM-35189PM,Black Matt,https://www.jaquar.com/images/thumbs/0054671_3-hole-basin-mixer-black-matt_960.jpeg,14600.00,"3-Hole Basin Mixer without Popup Waste System, 15mm Cartridge Size",https://www.jaquar.com/en/kubix-prime-chrome-3-hole-basin-mixer?Id=3424,"Kubix Prime, KUP-BLM-35189PM, Black Matt"
Faucets,Kubix Prime,3424,3-Hole Basin Mixer,Variant,2882,3-Hole Basin Mixer - Graphite,KUP-GRF-35189PM,Graphite,https://www.jaquar.com/images/thumbs/0054636_3-hole-basin-mixer-graphite_960.jpeg,16900.00,"3-Hole Basin Mixer without Popup Waste System, 15mm Cartridge Size",https://www.jaquar.com/en/kubix-prime-chrome-3-hole-basin-mixer?Id=3424,"Kubix Prime, KUP-GRF-35189PM, Graphite"
Faucets,Kubix Prime,3424,3-Hole Basin Mixer,Variant,2882,3-Hole Basin Mixer - Stainless Steel,KUP-SSF-35189PM,Stainless Steel,https://www.jaquar.com/images/thumbs/0059456_3-hole-basin-mixer-stainless-steel_960.jpeg,16900.00,"3-Hole Basin Mixer without Popup Waste System, 15mm Cartridge Size",https://www.jaquar.com/en/kubix-prime-chrome-3-hole-basin-mixer?Id=3424,"Kubix Prime, KUP-SSF-35189PM, Stainless Steel"
Faucets,Kubix Prime,3434,3-Hole Basin Mixer,Parent,2883,3-Hole Basin Mixer - Chrome,KUP-CHR-35191PM,Chrome,https://www.jaquar.com/images/thumbs/0046479_3-hole-basin-mixer-chrome_960.jpeg,11900.00,"3-Hole Basin Mixer with Popup Waste System, 15mm Cartridge Size",https://www.jaquar.com/en/kubix-prime-chrome-3-hole-basin-mixer-popup-waste?Id=3434,"Kubix Prime, KUP-CHR-35191PM, Chrome"
Faucets,Kubix Prime,3434,3-Hole Basin Mixer,Variant,2883,3-Hole Basin Mixer - Antique Bronze,KUP-ABR-35191PM,Antique Bronze,https://www.jaquar.com/images/thumbs/0054827_3-hole-basin-mixer-antique-bronze_960.jpeg,18400.00,"3-Hole Basin Mixer with Popup Waste System, 15mm Cartridge Size",https://www.jaquar.com/en/kubix-prime-chrome-3-hole-basin-mixer-popup-waste?Id=3434,"Kubix Prime, KUP-ABR-35191PM, Antique Bronze"
Faucets,Kubix Prime,3434,3-Hole Basin Mixer,Variant,2883,3-Hole Basin Mixer - Antique Copper,KUP-ACR-35191PM,Antique Copper,https://www.jaquar.com/images/thumbs/0055089_3-hole-basin-mixer-antique-copper_960.jpeg,18400.00,"3-Hole Basin Mixer with Popup Waste System, 15mm Cartridge Size",https://www.jaquar.com/en/kubix-prime-chrome-3-hole-basin-mixer-popup-waste?Id=3434,"Kubix Prime, KUP-ACR-35191PM, Antique Copper"
Faucets,Kubix Prime,3434,3-Hole Basin Mixer,Variant,2883,3-Hole Basin Mixer - Black Chrome,KUP-BCH-35191PM,Black Chrome,https://www.jaquar.com/images/thumbs/0054918_3-hole-basin-mixer-black-chrome_960.jpeg,16000.00,"3-Hole Basin Mixer with Popup Waste System, 15mm Cartridge Size",https://www.jaquar.com/en/kubix-prime-chrome-3-hole-basin-mixer-popup-waste?Id=3434,"Kubix Prime, KUP-BCH-35191PM, Black Chrome"
Faucets,Kubix Prime,3434,3-Hole Basin Mixer,Variant,2883,3-Hole Basin Mixer - Black Matt,KUP-BLM-35191PM,Black Matt,https://www.jaquar.com/images/thumbs/0055988_3-hole-basin-mixer-black-matt_960.jpeg,16000.00,"3-Hole Basin Mixer with Popup Waste System, 15mm Cartridge Size",https://www.jaquar.com/en/kubix-prime-chrome-3-hole-basin-mixer-popup-waste?Id=3434,"Kubix Prime, KUP-BLM-35191PM, Black Matt"
Faucets,Kubix Prime,3434,3-Hole Basin Mixer,Variant,2883,3-Hole Basin Mixer - Graphite,KUP-GRF-35191PM,Graphite,https://www.jaquar.com/images/thumbs/0054638_3-hole-basin-mixer-graphite_960.jpeg,18400.00,"3-Hole Basin Mixer with Popup Waste System, 15mm Cartridge Size",https://www.jaquar.com/en/kubix-prime-chrome-3-hole-basin-mixer-popup-waste?Id=3434,"Kubix Prime, KUP-GRF-35191PM, Graphite"
Faucets,Kubix Prime,3434,3-Hole Basin Mixer,Variant,2883,3-Hole Basin Mixer - Stainless Steel,KUP-SSF-35191PM,Stainless Steel,https://www.jaquar.com/images/thumbs/0059458_3-hole-basin-mixer-stainless-steel_960.jpeg,18400.00,"3-Hole Basin Mixer with Popup Waste System, 15mm Cartridge Size",https://www.jaquar.com/en/kubix-prime-chrome-3-hole-basin-mixer-popup-waste?Id=3434,"Kubix Prime, KUP-SSF-35191PM, Stainless Steel"
Faucets,Kubix Prime,3474,Two Concealed Stop Cocks,Parent,2156,Two Concealed Stop Cocks - Chrome,KUP-CHR-35433PM,Chrome,https://www.jaquar.com/images/thumbs/0046482_two-concealed-stop-cocks-chrome_960.jpeg,7500.00,Two Concealed Stop Cocks with Basin Spout (Composite One Piece Body),https://www.jaquar.com/en/kubix-prime-chrome-concealed-2-lever-wall-basin-mixer?Id=3474,"Kubix Prime, KUP-CHR-35433PM, Chrome"
Faucets,Kubix Prime,3474,Two Concealed Stop Cocks,Variant,2156,Two Concealed Stop Cocks - Antique Bronze,KUP-ABR-35433PM,Antique Bronze,https://www.jaquar.com/images/thumbs/0055995_two-concealed-stop-cocks-antique-bronze_960.jpeg,11700.00,Two Concealed Stop Cocks with Basin Spout (Composite One Piece Body),https://www.jaquar.com/en/kubix-prime-chrome-concealed-2-lever-wall-basin-mixer?Id=3474,"Kubix Prime, KUP-ABR-35433PM, Antique Bronze"
Faucets,Kubix Prime,3474,Two Concealed Stop Cocks,Variant,2156,Two Concealed Stop Cocks - Antique Copper,KUP-ACR-35433PM,Antique Copper,https://www.jaquar.com/images/thumbs/0055093_two-concealed-stop-cocks-antique-copper_960.jpeg,11700.00,Two Concealed Stop Cocks with Basin Spout (Composite One Piece Body),https://www.jaquar.com/en/kubix-prime-chrome-concealed-2-lever-wall-basin-mixer?Id=3474,"Kubix Prime, KUP-ACR-35433PM, Antique Copper"
Faucets,Kubix Prime,3474,Two Concealed Stop Cocks,Variant,2156,Two Concealed Stop Cocks - Black Chrome,KUP-BCH-35433PM,Black Chrome,https://www.jaquar.com/images/thumbs/0054923_two-concealed-stop-cocks-black-chrome_960.jpeg,10200.00,Two Concealed Stop Cocks with Basin Spout (Composite One Piece Body),https://www.jaquar.com/en/kubix-prime-chrome-concealed-2-lever-wall-basin-mixer?Id=3474,"Kubix Prime, KUP-BCH-35433PM, Black Chrome"
Faucets,Kubix Prime,3474,Two Concealed Stop Cocks,Variant,2156,Two Concealed Stop Cocks - Black Matt,KUP-BLM-35433PM,Black Matt,https://www.jaquar.com/images/thumbs/0054673_two-concealed-stop-cocks-black-matt_960.jpeg,10200.00,Two Concealed Stop Cocks with Basin Spout (Composite One Piece Body),https://www.jaquar.com/en/kubix-prime-chrome-concealed-2-lever-wall-basin-mixer?Id=3474,"Kubix Prime, KUP-BLM-35433PM, Black Matt"
Faucets,Kubix Prime,3474,Two Concealed Stop Cocks,Variant,2156,Two Concealed Stop Cocks - Graphite,KUP-GRF-35433PM,Graphite,https://www.jaquar.com/images/thumbs/0054639_two-concealed-stop-cocks-graphite_960.jpeg,11700.00,Two Concealed Stop Cocks with Basin Spout (Composite One Piece Body),https://www.jaquar.com/en/kubix-prime-chrome-concealed-2-lever-wall-basin-mixer?Id=3474,"Kubix Prime, KUP-GRF-35433PM, Graphite"
Faucets,Kubix Prime,3474,Two Concealed Stop Cocks,Variant,2156,Two Concealed Stop Cocks - Stainless Steel,KUP-SSF-35433PM,Stainless Steel,https://www.jaquar.com/images/thumbs/0055996_two-concealed-stop-cocks-stainless-steel_960.jpeg,11700.00,Two Concealed Stop Cocks with Basin Spout (Composite One Piece Body),https://www.jaquar.com/en/kubix-prime-chrome-concealed-2-lever-wall-basin-mixer?Id=3474,"Kubix Prime, KUP-SSF-35433PM, Stainless Steel"
Faucets,Kubix Prime,3394,Exposed Part Kit of Single Concealed Stop Cock,Parent,2157,Exposed Part Kit of Single Concealed Stop Cock - Chrome,KUP-CHR-35441KPM,Chrome,https://www.jaquar.com/images/thumbs/0046484_exposed-part-kit-of-single-concealed-stop-cock-chrome_960.jpeg,3050.00,"Exposed Part Kit of Single Concealed Stop Cock Consisting of Operating Lever, Cartridge Sleeve, Wall Flange (with Seals) & Basin Spout (Compatible with ALD-441)",https://www.jaquar.com/en/kubix-prime-exposed-chrome-plate-for-stop-cock-with-spout?Id=3394,"Kubix Prime, KUP-CHR-35441KPM, Chrome"
Faucets,Kubix Prime,3394,Exposed Part Kit of Single Concealed Stop Cock,Variant,2157,Exposed Part Kit of Single Concealed Stop Cock - Antique Bronze,KUP-ABR-35441KPM,Antique Bronze,https://www.jaquar.com/images/thumbs/0055997_exposed-part-kit-of-single-concealed-stop-cock-antique-bronze_960.jpeg,5050.00,"Exposed Part Kit of Single Concealed Stop Cock Consisting of Operating Lever, Cartridge Sleeve, Wall Flange (with Seals) & Basin Spout (Compatible with ALD-441)",https://www.jaquar.com/en/kubix-prime-exposed-chrome-plate-for-stop-cock-with-spout?Id=3394,"Kubix Prime, KUP-ABR-35441KPM, Antique Bronze"
Faucets,Kubix Prime,3394,Exposed Part Kit of Single Concealed Stop Cock,Variant,2157,Exposed Part Kit of Single Concealed Stop Cock - Antique Copper,KUP-ACR-35441KPM,Antique Copper,https://www.jaquar.com/images/thumbs/0055998_exposed-part-kit-of-single-concealed-stop-cock-antique-copper_960.jpeg,5050.00,"Exposed Part Kit of Single Concealed Stop Cock Consisting of Operating Lever, Cartridge Sleeve, Wall Flange (with Seals) & Basin Spout (Compatible with ALD-441)",https://www.jaquar.com/en/kubix-prime-exposed-chrome-plate-for-stop-cock-with-spout?Id=3394,"Kubix Prime, KUP-ACR-35441KPM, Antique Copper"
Faucets,Kubix Prime,3394,Exposed Part Kit of Single Concealed Stop Cock,Variant,2157,Exposed Part Kit of Single Concealed Stop Cock - Black Chrome,KUP-BCH-35441KPM,Black Chrome,https://www.jaquar.com/images/thumbs/0054924_exposed-part-kit-of-single-concealed-stop-cock-black-chrome_960.jpeg,4450.00,"Exposed Part Kit of Single Concealed Stop Cock Consisting of Operating Lever, Cartridge Sleeve, Wall Flange (with Seals) & Basin Spout (Compatible with ALD-441)",https://www.jaquar.com/en/kubix-prime-exposed-chrome-plate-for-stop-cock-with-spout?Id=3394,"Kubix Prime, KUP-BCH-35441KPM, Black Chrome"
Faucets,Kubix Prime,3394,Exposed Part Kit of Single Concealed Stop Cock,Variant,2157,Exposed Part Kit of Single Concealed Stop Cock - Black Matt,KUP-BLM-35441KPM,Black Matt,https://www.jaquar.com/images/thumbs/0055094_exposed-part-kit-of-single-concealed-stop-cock-black-matt_960.jpeg,4450.00,"Exposed Part Kit of Single Concealed Stop Cock Consisting of Operating Lever, Cartridge Sleeve, Wall Flange (with Seals) & Basin Spout (Compatible with ALD-441)",https://www.jaquar.com/en/kubix-prime-exposed-chrome-plate-for-stop-cock-with-spout?Id=3394,"Kubix Prime, KUP-BLM-35441KPM, Black Matt"
Faucets,Kubix Prime,3394,Exposed Part Kit of Single Concealed Stop Cock,Variant,2157,Exposed Part Kit of Single Concealed Stop Cock - Graphite,KUP-GRF-35441KPM,Graphite,https://www.jaquar.com/images/thumbs/0054754_exposed-part-kit-of-single-concealed-stop-cock-graphite_960.jpeg,5050.00,"Exposed Part Kit of Single Concealed Stop Cock Consisting of Operating Lever, Cartridge Sleeve, Wall Flange (with Seals) & Basin Spout (Compatible with ALD-441)",https://www.jaquar.com/en/kubix-prime-exposed-chrome-plate-for-stop-cock-with-spout?Id=3394,"Kubix Prime, KUP-GRF-35441KPM, Graphite"
Faucets,Kubix Prime,3394,Exposed Part Kit of Single Concealed Stop Cock,Variant,2157,Exposed Part Kit of Single Concealed Stop Cock - Stainless Steel,KUP-SSF-35441KPM,Stainless Steel,https://www.jaquar.com/images/thumbs/0055999_exposed-part-kit-of-single-concealed-stop-cock-stainless-steel_960.jpeg,5050.00,"Exposed Part Kit of Single Concealed Stop Cock Consisting of Operating Lever, Cartridge Sleeve, Wall Flange (with Seals) & Basin Spout (Compatible with ALD-441)",https://www.jaquar.com/en/kubix-prime-exposed-chrome-plate-for-stop-cock-with-spout?Id=3394,"Kubix Prime, KUP-SSF-35441KPM, Stainless Steel"
Faucets,Kubix Prime,3283,Bib Cock,Parent,2144,Bib Cock - Chrome,KUP-CHR-35037PM,Chrome,https://www.jaquar.com/images/thumbs/0046471_bib-cock-chrome_960.jpeg,2650.00,Bib Cock with Wall Flange,https://www.jaquar.com/en/chrome-angular-bib-cock-kubix-prime?Id=3283,"Kubix Prime, KUP-CHR-35037PM, Chrome"
Faucets,Kubix Prime,3283,Bib Cock,Variant,2144,Bib Cock - Antique Bronze,KUP-ABR-35037PM,Antique Bronze,https://www.jaquar.com/images/thumbs/0060336_bib-cock-antique-bronze_960.jpeg,4450.00,Bib Cock with Wall Flange,https://www.jaquar.com/en/chrome-angular-bib-cock-kubix-prime?Id=3283,"Kubix Prime, KUP-ABR-35037PM, Antique Bronze"
Faucets,Kubix Prime,3283,Bib Cock,Variant,2144,Bib Cock - Antique Copper,KUP-ACR-35037PM,Antique Copper,https://www.jaquar.com/images/thumbs/0060335_bib-cock-antique-copper_960.jpeg,4450.00,Bib Cock with Wall Flange,https://www.jaquar.com/en/chrome-angular-bib-cock-kubix-prime?Id=3283,"Kubix Prime, KUP-ACR-35037PM, Antique Copper"
Faucets,Kubix Prime,3283,Bib Cock,Variant,2144,Bib Cock - Black Chrome,KUP-BCH-35037PM,Black Chrome,https://www.jaquar.com/images/thumbs/0060334_bib-cock-black-chrome_960.jpeg,3900.00,Bib Cock with Wall Flange,https://www.jaquar.com/en/chrome-angular-bib-cock-kubix-prime?Id=3283,"Kubix Prime, KUP-BCH-35037PM, Black Chrome"
Faucets,Kubix Prime,3283,Bib Cock,Variant,2144,Bib Cock - Black Matt,KUP-BLM-35037PM,Black Matt,https://www.jaquar.com/images/thumbs/0060333_bib-cock-black-matt_960.jpeg,3900.00,Bib Cock with Wall Flange,https://www.jaquar.com/en/chrome-angular-bib-cock-kubix-prime?Id=3283,"Kubix Prime, KUP-BLM-35037PM, Black Matt"
Faucets,Kubix Prime,3283,Bib Cock,Variant,2144,Bib Cock - Graphite,KUP-GRF-35037PM,Graphite,https://www.jaquar.com/images/thumbs/0060332_bib-cock-graphite_960.jpeg,4450.00,Bib Cock with Wall Flange,https://www.jaquar.com/en/chrome-angular-bib-cock-kubix-prime?Id=3283,"Kubix Prime, KUP-GRF-35037PM, Graphite"
Faucets,Kubix Prime,3283,Bib Cock,Variant,2144,Bib Cock - Stainless Steel,KUP-SSF-35037PM,Stainless Steel,https://www.jaquar.com/images/thumbs/0060508_bib-cock-stainless-steel_960.jpeg,4450.00,Bib Cock with Wall Flange,https://www.jaquar.com/en/chrome-angular-bib-cock-kubix-prime?Id=3283,"Kubix Prime, KUP-SSF-35037PM, Stainless Steel"
Faucets,Kubix Prime,3294,2 Way Bib Cock,Parent,2143,2 Way Bib Cock - Chrome,KUP-CHR-35041PM,Chrome,https://www.jaquar.com/images/thumbs/0060246_2-way-bib-cock-chrome_960.jpeg,3200.00,2 Way Bib Cock with Wall Flange,https://www.jaquar.com/en/kubix-prime-2-way-bib-cock-chrome?Id=3294,"Kubix Prime, KUP-CHR-35041PM, Chrome"
Faucets,Kubix Prime,3294,2 Way Bib Cock,Variant,2143,2 Way Bib Cock - Antique Bronze,KUP-ABR-35041PM,Antique Bronze,https://www.jaquar.com/images/thumbs/0052724_2-way-bib-cock-antique-bronze_960.jpeg,5350.00,2 Way Bib Cock with Wall Flange,https://www.jaquar.com/en/kubix-prime-2-way-bib-cock-chrome?Id=3294,"Kubix Prime, KUP-ABR-35041PM, Antique Bronze"
Faucets,Kubix Prime,3294,2 Way Bib Cock,Variant,2143,2 Way Bib Cock - Antique Copper,KUP-ACR-35041PM,Antique Copper,https://www.jaquar.com/images/thumbs/0052725_2-way-bib-cock-antique-copper_960.jpeg,5350.00,2 Way Bib Cock with Wall Flange,https://www.jaquar.com/en/kubix-prime-2-way-bib-cock-chrome?Id=3294,"Kubix Prime, KUP-ACR-35041PM, Antique Copper"
Faucets,Kubix Prime,3294,2 Way Bib Cock,Variant,2143,2 Way Bib Cock - Black Chrome,KUP-BCH-35041PM,Black Chrome,https://www.jaquar.com/images/thumbs/0052726_2-way-bib-cock-black-chrome_960.jpeg,4700.00,2 Way Bib Cock with Wall Flange,https://www.jaquar.com/en/kubix-prime-2-way-bib-cock-chrome?Id=3294,"Kubix Prime, KUP-BCH-35041PM, Black Chrome"
Faucets,Kubix Prime,3294,2 Way Bib Cock,Variant,2143,2 Way Bib Cock - Black Matt,KUP-BLM-35041PM,Black Matt,https://www.jaquar.com/images/thumbs/0052727_2-way-bib-cock-black-matt_960.jpeg,4700.00,2 Way Bib Cock with Wall Flange,https://www.jaquar.com/en/kubix-prime-2-way-bib-cock-chrome?Id=3294,"Kubix Prime, KUP-BLM-35041PM, Black Matt"
Faucets,Kubix Prime,3294,2 Way Bib Cock,Variant,2143,2 Way Bib Cock - Graphite,KUP-GRF-35041PM,Graphite,https://www.jaquar.com/images/thumbs/0060509_2-way-bib-cock-graphite_960.jpeg,5350.00,2 Way Bib Cock with Wall Flange,https://www.jaquar.com/en/kubix-prime-2-way-bib-cock-chrome?Id=3294,"Kubix Prime, KUP-GRF-35041PM, Graphite"
Faucets,Kubix Prime,3294,2 Way Bib Cock,Variant,2143,2 Way Bib Cock - Stainless Steel,KUP-SSF-35041PM,Stainless Steel,https://www.jaquar.com/images/thumbs/0052732_2-way-bib-cock-stainless-steel_960.jpeg,5350.00,2 Way Bib Cock with Wall Flange,https://www.jaquar.com/en/kubix-prime-2-way-bib-cock-chrome?Id=3294,"Kubix Prime, KUP-SSF-35041PM, Stainless Steel"
Faucets,Kubix Prime,3294,2 Way Bib Cock,Variant,2143,2 Way Bib Cock - Gold Matt PVD,KUP-GMP-35041PM,Gold Matt PVD,https://www.jaquar.com/images/thumbs/0055563_2-way-bib-cock-gold-matt-pvd_960.jpeg,5500.00,2 Way Bib Cock with Wall Flange,https://www.jaquar.com/en/kubix-prime-2-way-bib-cock-chrome?Id=3294,"Kubix Prime, KUP-GMP-35041PM, Gold Matt PVD"
Faucets,Kubix Prime,3294,2 Way Bib Cock,Variant,2143,2 Way Bib Cock - Gold Bright PVD,KUP-GBP-35041PM,Gold Bright PVD,https://www.jaquar.com/images/thumbs/0055709_2-way-bib-cock-gold-bright-pvd_960.jpeg,5500.00,2 Way Bib Cock with Wall Flange,https://www.jaquar.com/en/kubix-prime-2-way-bib-cock-chrome?Id=3294,"Kubix Prime, KUP-GBP-35041PM, Gold Bright PVD"
Faucets,Kubix Prime,3294,2 Way Bib Cock,Variant,2143,2 Way Bib Cock - Blush Gold Bright PVD,KUP-BGP-35041PM,Blush Gold PVD,https://www.jaquar.com/images/thumbs/0055641_2-way-bib-cock-blush-gold-pvd_960.jpeg,4850.00,2 Way Bib Cock with Wall Flange,https://www.jaquar.com/en/kubix-prime-2-way-bib-cock-chrome?Id=3294,"Kubix Prime, KUP-BGP-35041PM, Blush Gold PVD"
Faucets,Kubix Prime,3304,Angular Stop Cock,Parent,2145,Angular Stop Cock - Chrome,KUP-CHR-35053PM,Chrome,https://www.jaquar.com/images/thumbs/0060248_angular-stop-cock-chrome_960.jpeg,2000.00,Angular Stop Cock with Wall Flange,https://www.jaquar.com/en/kubix-prime-chrome-color-angle-valve?Id=3304,"Kubix Prime, KUP-CHR-35053PM, Chrome"
Faucets,Kubix Prime,3304,Angular Stop Cock,Variant,2145,Angular Stop Cock - Antique Bronze,KUP-ABR-35053PM,Antique Bronze,https://www.jaquar.com/images/thumbs/0053532_angular-stop-cock-antique-bronze_960.jpeg,3300.00,Angular Stop Cock with Wall Flange,https://www.jaquar.com/en/kubix-prime-chrome-color-angle-valve?Id=3304,"Kubix Prime, KUP-ABR-35053PM, Antique Bronze"
Faucets,Kubix Prime,3304,Angular Stop Cock,Variant,2145,Angular Stop Cock - Antique Copper,KUP-ACR-35053PM,Antique Copper,https://www.jaquar.com/images/thumbs/0053382_angular-stop-cock-antique-copper_960.jpeg,3300.00,Angular Stop Cock with Wall Flange,https://www.jaquar.com/en/kubix-prime-chrome-color-angle-valve?Id=3304,"Kubix Prime, KUP-ACR-35053PM, Antique Copper"
Faucets,Kubix Prime,3304,Angular Stop Cock,Variant,2145,Angular Stop Cock - Black Chrome,KUP-BCH-35053PM,Black Chrome,https://www.jaquar.com/images/thumbs/0053112_angular-stop-cock-black-chrome_960.jpeg,2875.00,Angular Stop Cock with Wall Flange,https://www.jaquar.com/en/kubix-prime-chrome-color-angle-valve?Id=3304,"Kubix Prime, KUP-BCH-35053PM, Black Chrome"
Faucets,Kubix Prime,3304,Angular Stop Cock,Variant,2145,Angular Stop Cock - Black Matt,KUP-BLM-35053PM,Black Matt,https://www.jaquar.com/images/thumbs/0060337_angular-stop-cock-black-matt_960.jpeg,2875.00,Angular Stop Cock with Wall Flange,https://www.jaquar.com/en/kubix-prime-chrome-color-angle-valve?Id=3304,"Kubix Prime, KUP-BLM-35053PM, Black Matt"
Faucets,Kubix Prime,3304,Angular Stop Cock,Variant,2145,Angular Stop Cock - Graphite,KUP-GRF-35053PM,Graphite,https://www.jaquar.com/images/thumbs/0060511_angular-stop-cock-graphite_960.jpeg,3300.00,Angular Stop Cock with Wall Flange,https://www.jaquar.com/en/kubix-prime-chrome-color-angle-valve?Id=3304,"Kubix Prime, KUP-GRF-35053PM, Graphite"
Faucets,Kubix Prime,3304,Angular Stop Cock,Variant,2145,Angular Stop Cock - Stainless Steel,KUP-SSF-35053PM,Stainless Steel,https://www.jaquar.com/images/thumbs/0060510_angular-stop-cock-stainless-steel_960.jpeg,3300.00,Angular Stop Cock with Wall Flange,https://www.jaquar.com/en/kubix-prime-chrome-color-angle-valve?Id=3304,"Kubix Prime, KUP-SSF-35053PM, Stainless Steel"
Faucets,Kubix Prime,3304,Angular Stop Cock,Variant,2145,Angular Stop Cock - Gold Matt PVD,KUP-GMP-35053PM,Gold Matt PVD,https://www.jaquar.com/images/thumbs/0055564_angular-stop-cock-gold-matt-pvd_960.jpeg,3400.00,Angular Stop Cock with Wall Flange,https://www.jaquar.com/en/kubix-prime-chrome-color-angle-valve?Id=3304,"Kubix Prime, KUP-GMP-35053PM, Gold Matt PVD"
Faucets,Kubix Prime,3304,Angular Stop Cock,Variant,2145,Angular Stop Cock - Gold Bright PVD,KUP-GBP-35053PM,Gold Bright PVD,https://www.jaquar.com/images/thumbs/0055710_angular-stop-cock-gold-bright-pvd_960.jpeg,3400.00,Angular Stop Cock with Wall Flange,https://www.jaquar.com/en/kubix-prime-chrome-color-angle-valve?Id=3304,"Kubix Prime, KUP-GBP-35053PM, Gold Bright PVD"
Faucets,Kubix Prime,3304,Angular Stop Cock,Variant,2145,Angular Stop Cock - Blush Gold Bright PVD,KUP-BGP-35053PM,Blush Gold PVD,https://www.jaquar.com/images/thumbs/0055642_angular-stop-cock-blush-gold-pvd_960.jpeg,2975.00,Angular Stop Cock with Wall Flange,https://www.jaquar.com/en/kubix-prime-chrome-color-angle-valve?Id=3304,"Kubix Prime, KUP-BGP-35053PM, Blush Gold PVD"
Faucets,Kubix Prime,3414,Exposed Part Kit of Concealed Stop Cock & Flush Cock,Parent,2158,Exposed Part Kit of Concealed Stop Cock & Flush Cock - Chrome,KUP-CHR-35083KPM,Chrome,https://www.jaquar.com/images/thumbs/0067328_exposed-part-kit-of-concealed-stop-cock-flush-cock-chrome_960.jpeg,950.00,"Exposed Part Kit of Concealed Stop Cock & Flush Cock with Fitting Sleeve, Operating Lever & Adjustable Wall Flange with Seal (compatible with ALD-083R, ALD-083L, ALD-089R, ALD-089L or ALD-081)",https://www.jaquar.com/en/kubix-prime-exposed-stop-cock_ald-083_ald-089_ald-081?Id=3414,"Kubix Prime, KUP-CHR-35083KPM, Chrome"
Faucets,Kubix Prime,3414,Exposed Part Kit of Concealed Stop Cock & Flush Cock,Variant,2158,Exposed Part Kit of Concealed Stop Cock & Flush Cock - Antique Bronze,KUP-ABR-35083KPM,Antique Bronze,https://www.jaquar.com/images/thumbs/0052752_exposed-part-kit-of-concealed-stop-cock-flush-cock-antique-bronze_960.jpeg,1900.00,"Exposed Part Kit of Concealed Stop Cock & Flush Cock with Fitting Sleeve, Operating Lever & Adjustable Wall Flange with Seal (compatible with ALD-083R, ALD-083L, ALD-089R, ALD-089L or ALD-081)",https://www.jaquar.com/en/kubix-prime-exposed-stop-cock_ald-083_ald-089_ald-081?Id=3414,"Kubix Prime, KUP-ABR-35083KPM, Antique Bronze"
Faucets,Kubix Prime,3414,Exposed Part Kit of Concealed Stop Cock & Flush Cock,Variant,2158,Exposed Part Kit of Concealed Stop Cock & Flush Cock - Antique Copper,KUP-ACR-35083KPM,Antique Copper,https://www.jaquar.com/images/thumbs/0052960_exposed-part-kit-of-concealed-stop-cock-flush-cock-antique-copper_960.jpeg,1900.00,"Exposed Part Kit of Concealed Stop Cock & Flush Cock with Fitting Sleeve, Operating Lever & Adjustable Wall Flange with Seal (compatible with ALD-083R, ALD-083L, ALD-089R, ALD-089L or ALD-081)",https://www.jaquar.com/en/kubix-prime-exposed-stop-cock_ald-083_ald-089_ald-081?Id=3414,"Kubix Prime, KUP-ACR-35083KPM, Antique Copper"
Faucets,Kubix Prime,3414,Exposed Part Kit of Concealed Stop Cock & Flush Cock,Variant,2158,Exposed Part Kit of Concealed Stop Cock & Flush Cock - Black Chrome,KUP-BCH-35083KPM,Black Chrome,https://www.jaquar.com/images/thumbs/0053832_exposed-part-kit-of-concealed-stop-cock-flush-cock-black-chrome_960.jpeg,1600.00,"Exposed Part Kit of Concealed Stop Cock & Flush Cock with Fitting Sleeve, Operating Lever & Adjustable Wall Flange with Seal (compatible with ALD-083R, ALD-083L, ALD-089R, ALD-089L or ALD-081)",https://www.jaquar.com/en/kubix-prime-exposed-stop-cock_ald-083_ald-089_ald-081?Id=3414,"Kubix Prime, KUP-BCH-35083KPM, Black Chrome"
Faucets,Kubix Prime,3414,Exposed Part Kit of Concealed Stop Cock & Flush Cock,Variant,2158,Exposed Part Kit of Concealed Stop Cock & Flush Cock - Black Matt,KUP-BLM-35083KPM,Black Matt,https://www.jaquar.com/images/thumbs/0052755_exposed-part-kit-of-concealed-stop-cock-flush-cock-black-matt_960.jpeg,1600.00,"Exposed Part Kit of Concealed Stop Cock & Flush Cock with Fitting Sleeve, Operating Lever & Adjustable Wall Flange with Seal (compatible with ALD-083R, ALD-083L, ALD-089R, ALD-089L or ALD-081)",https://www.jaquar.com/en/kubix-prime-exposed-stop-cock_ald-083_ald-089_ald-081?Id=3414,"Kubix Prime, KUP-BLM-35083KPM, Black Matt"
Faucets,Kubix Prime,3414,Exposed Part Kit of Concealed Stop Cock & Flush Cock,Variant,2158,Exposed Part Kit of Concealed Stop Cock & Flush Cock - Graphite,KUP-GRF-35083KPM,Graphite,https://www.jaquar.com/images/thumbs/0052758_exposed-part-kit-of-concealed-stop-cock-flush-cock-graphite_960.jpeg,1900.00,"Exposed Part Kit of Concealed Stop Cock & Flush Cock with Fitting Sleeve, Operating Lever & Adjustable Wall Flange with Seal (compatible with ALD-083R, ALD-083L, ALD-089R, ALD-089L or ALD-081)",https://www.jaquar.com/en/kubix-prime-exposed-stop-cock_ald-083_ald-089_ald-081?Id=3414,"Kubix Prime, KUP-GRF-35083KPM, Graphite"
Faucets,Kubix Prime,3414,Exposed Part Kit of Concealed Stop Cock & Flush Cock,Variant,2158,Exposed Part Kit of Concealed Stop Cock & Flush Cock - Stainless Steel,KUP-SSF-35083KPM,Stainless Steel,https://www.jaquar.com/images/thumbs/0067324_exposed-part-kit-of-concealed-stop-cock-flush-cock-stainless-steel_960.jpeg,1900.00,"Exposed Part Kit of Concealed Stop Cock & Flush Cock with Fitting Sleeve, Operating Lever & Adjustable Wall Flange with Seal (compatible with ALD-083R, ALD-083L, ALD-089R, ALD-089L or ALD-081)",https://www.jaquar.com/en/kubix-prime-exposed-stop-cock_ald-083_ald-089_ald-081?Id=3414,"Kubix Prime, KUP-SSF-35083KPM, Stainless Steel"
Faucets,Kubix Prime,3414,Exposed Part Kit of Concealed Stop Cock & Flush Cock,Variant,2158,Exposed Part Kit of Concealed Stop Cock & Flush Cock - Blush Gold Bright PVD,KUP-BGP-35083KPM,Blush Gold PVD,https://www.jaquar.com/images/thumbs/0055644_exposed-part-kit-of-concealed-stop-cock-flush-cock-blush-gold-pvd_960.jpeg,1650.00,"Exposed Part Kit of Concealed Stop Cock & Flush Cock with Fitting Sleeve, Operating Lever & Adjustable Wall Flange with Seal (compatible with ALD-083R, ALD-083L, ALD-089R, ALD-089L or ALD-081)",https://www.jaquar.com/en/kubix-prime-exposed-stop-cock_ald-083_ald-089_ald-081?Id=3414,"Kubix Prime, KUP-BGP-35083KPM, Blush Gold PVD"
Faucets,Kubix Prime,3414,Exposed Part Kit of Concealed Stop Cock & Flush Cock,Variant,2158,Exposed Part Kit of Concealed Stop Cock & Flush Cock - Gold Bright PVD,KUP-GBP-35083KPM,Gold Bright PVD,https://www.jaquar.com/images/thumbs/0055788_exposed-part-kit-of-concealed-stop-cock-flush-cock-gold-bright-pvd_960.jpeg,1925.00,"Exposed Part Kit of Concealed Stop Cock & Flush Cock with Fitting Sleeve, Operating Lever & Adjustable Wall Flange with Seal (compatible with ALD-083R, ALD-083L, ALD-089R, ALD-089L or ALD-081)",https://www.jaquar.com/en/kubix-prime-exposed-stop-cock_ald-083_ald-089_ald-081?Id=3414,"Kubix Prime, KUP-GBP-35083KPM, Gold Bright PVD"
Faucets,Kubix Prime,3414,Exposed Part Kit of Concealed Stop Cock & Flush Cock,Variant,2158,Exposed Part Kit of Concealed Stop Cock & Flush Cock - Gold Matt PVD,KUP-GMP-35083KPM,Gold Matt PVD,https://www.jaquar.com/images/thumbs/0055566_exposed-part-kit-of-concealed-stop-cock-flush-cock-gold-matt-pvd_960.jpeg,1925.00,"Exposed Part Kit of Concealed Stop Cock & Flush Cock with Fitting Sleeve, Operating Lever & Adjustable Wall Flange with Seal (compatible with ALD-083R, ALD-083L, ALD-089R, ALD-089L or ALD-081)",https://www.jaquar.com/en/kubix-prime-exposed-stop-cock_ald-083_ald-089_ald-081?Id=3414,"Kubix Prime, KUP-GMP-35083KPM, Gold Matt PVD"
Faucets,Kubix Prime,3484,Aquamax Exposed Part Kit of Thermostatic Shower Mixer,Parent,2390,Aquamax Exposed Part Kit of Thermostatic Shower Mixer - Chrome,KUP-CHR-35661NKPM,Chrome,https://www.jaquar.com/images/thumbs/0014266_aquamax-exposed-part-kit-of-thermostatic-shower-mixer-chrome_960.jpeg,6550.00,"Aquamax Exposed Part Kit of Thermostatic Shower Mixer (Compatible with ALD-661N)
",https://www.jaquar.com/en/chrome-aquamax-mixer-kubix-prime?Id=3484,"Kubix Prime, KUP-CHR-35661NKPM, Chrome"
Faucets,Kubix Prime,3484,Aquamax Exposed Part Kit of Thermostatic Shower Mixer,Variant,2390,Thermostatic Shower Mixer - Antique Bronze,KUP-ABR-35661NKPM,Antique Bronze,https://www.jaquar.com/images/thumbs/0052026_thermostatic-shower-mixer-antique-bronze_960.jpeg,11300.00,"Aquamax Exposed Part Kit of Thermostatic Shower Mixer (Compatible with ALD-661N)
",https://www.jaquar.com/en/chrome-aquamax-mixer-kubix-prime?Id=3484,"Kubix Prime, KUP-ABR-35661NKPM, Antique Bronze"
Faucets,Kubix Prime,3484,Aquamax Exposed Part Kit of Thermostatic Shower Mixer,Variant,2390,Thermostatic Shower Mixer - Antique Copper,KUP-ACR-35661NKPM,Antique Copper,https://www.jaquar.com/images/thumbs/0060528_thermostatic-shower-mixer-antique-copper_960.jpeg,11300.00,"Aquamax Exposed Part Kit of Thermostatic Shower Mixer (Compatible with ALD-661N)
",https://www.jaquar.com/en/chrome-aquamax-mixer-kubix-prime?Id=3484,"Kubix Prime, KUP-ACR-35661NKPM, Antique Copper"
Faucets,Kubix Prime,3484,Aquamax Exposed Part Kit of Thermostatic Shower Mixer,Variant,2390,Thermostatic Shower Mixer - Black Chrome,KUP-BCH-35661NKPM,Black Chrome,https://www.jaquar.com/images/thumbs/0053114_thermostatic-shower-mixer-black-chrome_960.jpeg,9550.00,"Aquamax Exposed Part Kit of Thermostatic Shower Mixer (Compatible with ALD-661N)
",https://www.jaquar.com/en/chrome-aquamax-mixer-kubix-prime?Id=3484,"Kubix Prime, KUP-BCH-35661NKPM, Black Chrome"
Faucets,Kubix Prime,3484,Aquamax Exposed Part Kit of Thermostatic Shower Mixer,Variant,2390,Thermostatic Shower Mixer - Black Matt,KUP-BLM-35661NKPM,Black Matt,https://www.jaquar.com/images/thumbs/0052581_thermostatic-shower-mixer-black-matt_960.jpeg,9550.00,"Aquamax Exposed Part Kit of Thermostatic Shower Mixer (Compatible with ALD-661N)
",https://www.jaquar.com/en/chrome-aquamax-mixer-kubix-prime?Id=3484,"Kubix Prime, KUP-BLM-35661NKPM, Black Matt"
Faucets,Kubix Prime,3484,Aquamax Exposed Part Kit of Thermostatic Shower Mixer,Variant,2390,Thermostatic Shower Mixer - Graphite,KUP-GRF-35661NKPM,Graphite,https://www.jaquar.com/images/thumbs/0060527_thermostatic-shower-mixer-graphite_960.jpeg,11300.00,"Aquamax Exposed Part Kit of Thermostatic Shower Mixer (Compatible with ALD-661N)
",https://www.jaquar.com/en/chrome-aquamax-mixer-kubix-prime?Id=3484,"Kubix Prime, KUP-GRF-35661NKPM, Graphite"
Faucets,Kubix Prime,3484,Aquamax Exposed Part Kit of Thermostatic Shower Mixer,Variant,2390,Thermostatic Shower Mixer - Stainless Steel,KUP-SSF-35661NKPM,Stainless Steel,https://www.jaquar.com/images/thumbs/0067322_thermostatic-shower-mixer-stainless-steel_960.jpeg,11300.00,"Aquamax Exposed Part Kit of Thermostatic Shower Mixer (Compatible with ALD-661N)
",https://www.jaquar.com/en/chrome-aquamax-mixer-kubix-prime?Id=3484,"Kubix Prime, KUP-SSF-35661NKPM, Stainless Steel"
Faucets,Kubix Prime,3494,Aquamax Exposed Part Kit of  Thermostatic Shower Mixer,Parent,2391,Aquamax Exposed Part Kit of  Thermostatic Shower Mixer - Chrome,KUP-CHR-35681NKPM,Chrome,https://www.jaquar.com/images/thumbs/0014288_aquamax-exposed-part-kit-of-thermostatic-shower-mixer-chrome_960.jpeg,6550.00,Aquamax Exposed Part Kit of Thermostatic Shower Mixer with 2-way diverter (Compatible with ALD-681N),https://www.jaquar.com/en/aquamax-exposed-chrome-part-kit-3-way-diverter?Id=3494,"Kubix Prime, KUP-CHR-35681NKPM, Chrome"
Faucets,Kubix Prime,3494,Aquamax Exposed Part Kit of  Thermostatic Shower Mixer,Variant,2391,Aquamax Thermostatic Shower Mixer - Antique Bronze,KUP-ABR-35681NKPM,Antique Bronze,https://www.jaquar.com/images/thumbs/0053948_aquamax-thermostatic-shower-mixer-antique-bronze_960.jpeg,11600.00,Aquamax Exposed Part Kit of Thermostatic Shower Mixer with 2-way diverter (Compatible with ALD-681N),https://www.jaquar.com/en/aquamax-exposed-chrome-part-kit-3-way-diverter?Id=3494,"Kubix Prime, KUP-ABR-35681NKPM, Antique Bronze"
Faucets,Kubix Prime,3494,Aquamax Exposed Part Kit of  Thermostatic Shower Mixer,Variant,2391,Aquamax Thermostatic Shower Mixer - Antique Copper,KUP-ACR-35681NKPM,Antique Copper,https://www.jaquar.com/images/thumbs/0053348_aquamax-thermostatic-shower-mixer-antique-copper_960.jpeg,11600.00,Aquamax Exposed Part Kit of Thermostatic Shower Mixer with 2-way diverter (Compatible with ALD-681N),https://www.jaquar.com/en/aquamax-exposed-chrome-part-kit-3-way-diverter?Id=3494,"Kubix Prime, KUP-ACR-35681NKPM, Antique Copper"
Faucets,Kubix Prime,3494,Aquamax Exposed Part Kit of  Thermostatic Shower Mixer,Variant,2391,Aquamax Thermostatic Shower Mixer - Black Chrome,KUP-BCH-35681NKPM,Black Chrome,https://www.jaquar.com/images/thumbs/0053350_aquamax-thermostatic-shower-mixer-black-chrome_960.jpeg,9550.00,Aquamax Exposed Part Kit of Thermostatic Shower Mixer with 2-way diverter (Compatible with ALD-681N),https://www.jaquar.com/en/aquamax-exposed-chrome-part-kit-3-way-diverter?Id=3494,"Kubix Prime, KUP-BCH-35681NKPM, Black Chrome"
Faucets,Kubix Prime,3494,Aquamax Exposed Part Kit of  Thermostatic Shower Mixer,Variant,2391,Aquamax Thermostatic Shower Mixer - Black Matt,KUP-BLM-35681NKPM,Black Matt,https://www.jaquar.com/images/thumbs/0052282_aquamax-thermostatic-shower-mixer-black-matt_960.jpeg,9550.00,Aquamax Exposed Part Kit of Thermostatic Shower Mixer with 2-way diverter (Compatible with ALD-681N),https://www.jaquar.com/en/aquamax-exposed-chrome-part-kit-3-way-diverter?Id=3494,"Kubix Prime, KUP-BLM-35681NKPM, Black Matt"
Faucets,Kubix Prime,3494,Aquamax Exposed Part Kit of  Thermostatic Shower Mixer,Variant,2391,Aquamax Thermostatic Shower Mixer - Graphite,KUP-GRF-35681NKPM,Graphite,https://www.jaquar.com/images/thumbs/0060350_aquamax-thermostatic-shower-mixer-graphite_960.jpeg,11600.00,Aquamax Exposed Part Kit of Thermostatic Shower Mixer with 2-way diverter (Compatible with ALD-681N),https://www.jaquar.com/en/aquamax-exposed-chrome-part-kit-3-way-diverter?Id=3494,"Kubix Prime, KUP-GRF-35681NKPM, Graphite"
Faucets,Kubix Prime,3494,Aquamax Exposed Part Kit of  Thermostatic Shower Mixer,Variant,2391,Aquamax Thermostatic Shower Mixer - Stainless Steel,KUP-SSF-35681NKPM,Stainless Steel,https://www.jaquar.com/images/thumbs/0060682_aquamax-thermostatic-shower-mixer-stainless-steel_960.jpeg,11600.00,Aquamax Exposed Part Kit of Thermostatic Shower Mixer with 2-way diverter (Compatible with ALD-681N),https://www.jaquar.com/en/aquamax-exposed-chrome-part-kit-3-way-diverter?Id=3494,"Kubix Prime, KUP-SSF-35681NKPM, Stainless Steel"
Faucets,Kubix Prime,3494,Aquamax Exposed Part Kit of  Thermostatic Shower Mixer,Variant,2391,Aquamax Thermostatic Shower Mixer - Gold Matt PVD,KUP-GMP-35681NKPM,Gold Matt PVD,https://www.jaquar.com/images/thumbs/0055571_aquamax-thermostatic-shower-mixer-gold-matt-pvd_960.jpeg,11850.00,Aquamax Exposed Part Kit of Thermostatic Shower Mixer with 2-way diverter (Compatible with ALD-681N),https://www.jaquar.com/en/aquamax-exposed-chrome-part-kit-3-way-diverter?Id=3494,"Kubix Prime, KUP-GMP-35681NKPM, Gold Matt PVD"
Faucets,Kubix Prime,3494,Aquamax Exposed Part Kit of  Thermostatic Shower Mixer,Variant,2391,Aquamax Thermostatic Shower Mixer - Gold Bright PVD,KUP-GBP-35681NKPM,Gold Bright PVD,https://www.jaquar.com/images/thumbs/0055889_aquamax-thermostatic-shower-mixer-gold-bright-pvd_960.jpeg,11850.00,Aquamax Exposed Part Kit of Thermostatic Shower Mixer with 2-way diverter (Compatible with ALD-681N),https://www.jaquar.com/en/aquamax-exposed-chrome-part-kit-3-way-diverter?Id=3494,"Kubix Prime, KUP-GBP-35681NKPM, Gold Bright PVD"
Faucets,Kubix Prime,3494,Aquamax Exposed Part Kit of  Thermostatic Shower Mixer,Variant,2391,Aquamax Thermostatic Shower Mixer - Blush Gold Bright PVD,KUP-BGP-35681NKPM,Blush Gold PVD,https://www.jaquar.com/images/thumbs/0056000_aquamax-thermostatic-shower-mixer-blush-gold-pvd_960.jpeg,9900.00,Aquamax Exposed Part Kit of Thermostatic Shower Mixer with 2-way diverter (Compatible with ALD-681N),https://www.jaquar.com/en/aquamax-exposed-chrome-part-kit-3-way-diverter?Id=3494,"Kubix Prime, KUP-BGP-35681NKPM, Blush Gold PVD"
Faucets,Kubix Prime,3504,Aquamax Exposed Part Kit of Thermostatic Shower Mixer with 3-way diverter,Parent,2392,Aquamax Exposed Part Kit of Thermostatic Shower Mixer with 3-way diverter - Chrome,KUP-CHR-35683NKPM,Chrome,https://www.jaquar.com/images/thumbs/0052765_aquamax-exposed-part-kit-of-thermostatic-shower-mixer-with-3-way-diverter-chrome_960.jpeg,6550.00,"Aquamax Exposed Part Kit of Thermostatic Shower Mixer with 3-way diverter (Compatible with ALD-683N)
",https://www.jaquar.com/en/aquamax-chrome-exposed-part-kit-of-thermostatic-shower-mixer-with-3-way-diverter?Id=3504,"Kubix Prime, KUP-CHR-35683NKPM, Chrome"
Faucets,Kubix Prime,3504,Aquamax Exposed Part Kit of Thermostatic Shower Mixer with 3-way diverter,Variant,2392,Aquamax Thermostatic Shower Mixer - Antique Bronze,KUP-ABR-35683NKPM,Antique Bronze,https://www.jaquar.com/images/thumbs/0052283_aquamax-thermostatic-shower-mixer-antique-bronze_960.jpeg,12300.00,"Aquamax Exposed Part Kit of Thermostatic Shower Mixer with 3-way diverter (Compatible with ALD-683N)
",https://www.jaquar.com/en/aquamax-chrome-exposed-part-kit-of-thermostatic-shower-mixer-with-3-way-diverter?Id=3504,"Kubix Prime, KUP-ABR-35683NKPM, Antique Bronze"
Faucets,Kubix Prime,3504,Aquamax Exposed Part Kit of Thermostatic Shower Mixer with 3-way diverter,Variant,2392,Aquamax Thermostatic Shower Mixer - Antique Copper,KUP-ACR-35683NKPM,Antique Copper,https://www.jaquar.com/images/thumbs/0053090_aquamax-thermostatic-shower-mixer-antique-copper_960.jpeg,12300.00,"Aquamax Exposed Part Kit of Thermostatic Shower Mixer with 3-way diverter (Compatible with ALD-683N)
",https://www.jaquar.com/en/aquamax-chrome-exposed-part-kit-of-thermostatic-shower-mixer-with-3-way-diverter?Id=3504,"Kubix Prime, KUP-ACR-35683NKPM, Antique Copper"
Faucets,Kubix Prime,3504,Aquamax Exposed Part Kit of Thermostatic Shower Mixer with 3-way diverter,Variant,2392,Aquamax Thermostatic Shower Mixer - Black Chrome,KUP-BCH-35683NKPM,Black Chrome,https://www.jaquar.com/images/thumbs/0053115_aquamax-thermostatic-shower-mixer-black-chrome_960.jpeg,9900.00,"Aquamax Exposed Part Kit of Thermostatic Shower Mixer with 3-way diverter (Compatible with ALD-683N)
",https://www.jaquar.com/en/aquamax-chrome-exposed-part-kit-of-thermostatic-shower-mixer-with-3-way-diverter?Id=3504,"Kubix Prime, KUP-BCH-35683NKPM, Black Chrome"
Faucets,Kubix Prime,3504,Aquamax Exposed Part Kit of Thermostatic Shower Mixer with 3-way diverter,Variant,2392,Aquamax Thermostatic Shower Mixer - Black Matt,KUP-BLM-35683NKPM,Black Matt,https://www.jaquar.com/images/thumbs/0052769_aquamax-thermostatic-shower-mixer-black-matt_960.jpeg,9900.00,"Aquamax Exposed Part Kit of Thermostatic Shower Mixer with 3-way diverter (Compatible with ALD-683N)
",https://www.jaquar.com/en/aquamax-chrome-exposed-part-kit-of-thermostatic-shower-mixer-with-3-way-diverter?Id=3504,"Kubix Prime, KUP-BLM-35683NKPM, Black Matt"
Faucets,Kubix Prime,3504,Aquamax Exposed Part Kit of Thermostatic Shower Mixer with 3-way diverter,Variant,2392,Aquamax Thermostatic Shower Mixer - Graphite,KUP-GRF-35683NKPM,Graphite,https://www.jaquar.com/images/thumbs/0052772_aquamax-thermostatic-shower-mixer-graphite_960.jpeg,12300.00,"Aquamax Exposed Part Kit of Thermostatic Shower Mixer with 3-way diverter (Compatible with ALD-683N)
",https://www.jaquar.com/en/aquamax-chrome-exposed-part-kit-of-thermostatic-shower-mixer-with-3-way-diverter?Id=3504,"Kubix Prime, KUP-GRF-35683NKPM, Graphite"
Faucets,Kubix Prime,3504,Aquamax Exposed Part Kit of Thermostatic Shower Mixer with 3-way diverter,Variant,2392,Aquamax Thermostatic Shower Mixer - Stainless Steel,KUP-SSF-35683NKPM,Stainless Steel,https://www.jaquar.com/images/thumbs/0060683_aquamax-thermostatic-shower-mixer-stainless-steel_960.jpeg,12300.00,"Aquamax Exposed Part Kit of Thermostatic Shower Mixer with 3-way diverter (Compatible with ALD-683N)
",https://www.jaquar.com/en/aquamax-chrome-exposed-part-kit-of-thermostatic-shower-mixer-with-3-way-diverter?Id=3504,"Kubix Prime, KUP-SSF-35683NKPM, Stainless Steel"
Faucets,Kubix Prime,3504,Aquamax Exposed Part Kit of Thermostatic Shower Mixer with 3-way diverter,Variant,2392,Aquamax Thermostatic Shower Mixer - Gold Matt PVD,KUP-GMP-35683NKPM,Gold Matt PVD,https://www.jaquar.com/images/thumbs/0055572_aquamax-thermostatic-shower-mixer-gold-matt-pvd_960.jpeg,12550.00,"Aquamax Exposed Part Kit of Thermostatic Shower Mixer with 3-way diverter (Compatible with ALD-683N)
",https://www.jaquar.com/en/aquamax-chrome-exposed-part-kit-of-thermostatic-shower-mixer-with-3-way-diverter?Id=3504,"Kubix Prime, KUP-GMP-35683NKPM, Gold Matt PVD"
Faucets,Kubix Prime,3504,Aquamax Exposed Part Kit of Thermostatic Shower Mixer with 3-way diverter,Variant,2392,Aquamax Thermostatic Shower Mixer - Gold Bright PVD,KUP-GBP-35683NKPM,Gold Bright PVD,https://www.jaquar.com/images/thumbs/0055890_aquamax-thermostatic-shower-mixer-gold-bright-pvd_960.jpeg,12550.00,"Aquamax Exposed Part Kit of Thermostatic Shower Mixer with 3-way diverter (Compatible with ALD-683N)
",https://www.jaquar.com/en/aquamax-chrome-exposed-part-kit-of-thermostatic-shower-mixer-with-3-way-diverter?Id=3504,"Kubix Prime, KUP-GBP-35683NKPM, Gold Bright PVD"
Faucets,Kubix Prime,3504,Aquamax Exposed Part Kit of Thermostatic Shower Mixer with 3-way diverter,Variant,2392,Aquamax Thermostatic Shower Mixer - Blush Gold Bright PVD,KUP-BGP-35683NKPM,Blush Gold PVD,https://www.jaquar.com/images/thumbs/0056001_aquamax-thermostatic-shower-mixer-blush-gold-pvd_960.jpeg,10150.00,"Aquamax Exposed Part Kit of Thermostatic Shower Mixer with 3-way diverter (Compatible with ALD-683N)
",https://www.jaquar.com/en/aquamax-chrome-exposed-part-kit-of-thermostatic-shower-mixer-with-3-way-diverter?Id=3504,"Kubix Prime, KUP-BGP-35683NKPM, Blush Gold PVD"
