category,series,parent_product_id,parent_name,is_parent,variant_id,product_name,product_code,color,image_url,mrp,description,product_url,bullet_points
Faucets,Laguna,10529,Single Lever Tall Boy,Parent,7351,Single Lever Tall Boy - Chrome,LAG-CHR-91005BWF,Chrome,https://www.jaquar.com/images/thumbs/0060611_single-lever-tall-boy-chrome_960.jpeg,15425.00,"Single Lever Tall Boy without Popup Waste System, with 600mm Long Braided Hoses and Base Flange",https://www.jaquar.com/en/single-lever-tall-boy-7?Id=10529,"Laguna, LAG-CHR-91005BWF, Chrome"
Faucets,Laguna,10529,Single Lever Tall Boy,Variant,7351,Single Lever Tall Boy - Black Chrome,LAG-BCH-91005BWF,Black Chrome,https://www.jaquar.com/images/thumbs/0060619_single-lever-tall-boy-black-chrome_960.jpeg,22300.00,"Single Lever Tall Boy without Popup Waste System, with 600mm Long Braided Hoses and Base Flange",https://www.jaquar.com/en/single-lever-tall-boy-7?Id=10529,"Laguna, LAG-BCH-91005BWF, Black Chrome"
Faucets,Laguna,10529,Single Lever Tall Boy,Variant,7351,Single Lever Tall Boy - Black Matt,LAG-BLM-91005BWF,Black Matt,https://www.jaquar.com/images/thumbs/0060613_single-lever-tall-boy-black-matt_960.jpeg,22300.00,"Single Lever Tall Boy without Popup Waste System, with 600mm Long Braided Hoses and Base Flange",https://www.jaquar.com/en/single-lever-tall-boy-7?Id=10529,"Laguna, LAG-BLM-91005BWF, Black Matt"
Faucets,Laguna,10529,Single Lever Tall Boy,Variant,7351,Single Lever Tall Boy - Black Chrome | Body: Black Matt,LAG-BBC-91005BWF,Lever: Black Chrome | Body: Black Matt,https://www.jaquar.com/images/thumbs/0060621_single-lever-tall-boy-black-chrome-body-black-matt_960.jpeg,22300.00,"Single Lever Tall Boy without Popup Waste System, with 600mm Long Braided Hoses and Base Flange",https://www.jaquar.com/en/single-lever-tall-boy-7?Id=10529,"Laguna, LAG-BBC-91005BWF, Lever: Black Chrome | Body: Black Matt"
Faucets,Laguna,10529,Single Lever Tall Boy,Variant,7351,Single Lever Tall Boy - Lever: Gold Matt PVD | Body: Black Matt,LAG-BGM-91005BWF,Lever: Gold Matt PVD | Body: Black Matt,https://www.jaquar.com/images/thumbs/0060617_single-lever-tall-boy-lever-gold-matt-pvd-body-black-matt_960.jpeg,23100.00,"Single Lever Tall Boy without Popup Waste System, with 600mm Long Braided Hoses and Base Flange",https://www.jaquar.com/en/single-lever-tall-boy-7?Id=10529,"Laguna, LAG-BGM-91005BWF, Lever: Gold Matt PVD | Body: Black Matt"
Faucets,Laguna,10529,Single Lever Tall Boy,Variant,7351,Single Lever Tall Boy - Gold Bright PVD,LAG-GBP-91005BWF,Gold Bright PVD,https://www.jaquar.com/images/thumbs/0060607_single-lever-tall-boy-gold-bright-pvd_960.jpeg,26300.00,"Single Lever Tall Boy without Popup Waste System, with 600mm Long Braided Hoses and Base Flange",https://www.jaquar.com/en/single-lever-tall-boy-7?Id=10529,"Laguna, LAG-GBP-91005BWF, Gold Bright PVD"
Faucets,Laguna,10529,Single Lever Tall Boy,Variant,7351,Single Lever Tall Boy - Lever: Gold Bright PVD | Body: Gold Matt PVD,LAG-GMG-91005BWF,Lever: Gold Bright PVD | Body: Gold Matt PVD,https://www.jaquar.com/images/thumbs/0060605_single-lever-tall-boy-lever-gold-bright-pvd-body-gold-matt-pvd_960.jpeg,26300.00,"Single Lever Tall Boy without Popup Waste System, with 600mm Long Braided Hoses and Base Flange",https://www.jaquar.com/en/single-lever-tall-boy-7?Id=10529,"Laguna, LAG-GMG-91005BWF, Lever: Gold Bright PVD | Body: Gold Matt PVD"
Faucets,Laguna,10529,Single Lever Tall Boy,Variant,7351,Single Lever Tall Boy - Gold Matt PVD,LAG-GMP-91005BWF,Gold Matt PVD,https://www.jaquar.com/images/thumbs/0060603_single-lever-tall-boy-gold-matt-pvd_960.jpeg,26300.00,"Single Lever Tall Boy without Popup Waste System, with 600mm Long Braided Hoses and Base Flange",https://www.jaquar.com/en/single-lever-tall-boy-7?Id=10529,"Laguna, LAG-GMP-91005BWF, Gold Matt PVD"
Faucets,Laguna,10529,Single Lever Tall Boy,Variant,7351,Single Lever Tall Boy - Blush Gold Bright PVD,LAG-BGP-91005BWF,Blush Gold PVD,https://www.jaquar.com/images/thumbs/0060615_single-lever-tall-boy-blush-gold-pvd_960.jpeg,23100.00,"Single Lever Tall Boy without Popup Waste System, with 600mm Long Braided Hoses and Base Flange",https://www.jaquar.com/en/single-lever-tall-boy-7?Id=10529,"Laguna, LAG-BGP-91005BWF, Blush Gold PVD"
Faucets,Laguna,12223,Single Lever Tall Boy,Parent,4738,Single Lever Tall Boy - Chrome.,LAG-CHR-91005B,Chrome,https://www.jaquar.com/images/thumbs/0060609_single-lever-tall-boy-chrome_960.jpeg,15300.00,Single Lever Tall Boy without Popup Waste System with 600mm Long Braided Hoses,https://www.jaquar.com/en/laguna-600mm-single-lever-tall-boy-mixer?Id=12223,"Laguna, LAG-CHR-91005B, Chrome"
Faucets,Laguna,12223,Single Lever Tall Boy,Variant,4738,Single Lever Tall Boy - Black Chrome,LAG-BCH-91005B,Black Chrome,https://www.jaquar.com/images/thumbs/0060618_single-lever-tall-boy-black-chrome_960.jpeg,22100.00,Single Lever Tall Boy without Popup Waste System with 600mm Long Braided Hoses,https://www.jaquar.com/en/laguna-600mm-single-lever-tall-boy-mixer?Id=12223,"Laguna, LAG-BCH-91005B, Black Chrome"
Faucets,Laguna,12223,Single Lever Tall Boy,Variant,4738,Single Lever Tall Boy - Black Matt,LAG-BLM-91005B,Black Matt,https://www.jaquar.com/images/thumbs/0060612_single-lever-tall-boy-black-matt_960.jpeg,22100.00,Single Lever Tall Boy without Popup Waste System with 600mm Long Braided Hoses,https://www.jaquar.com/en/laguna-600mm-single-lever-tall-boy-mixer?Id=12223,"Laguna, LAG-BLM-91005B, Black Matt"
Faucets,Laguna,12223,Single Lever Tall Boy,Variant,4738,Single Lever Tall Boy - Gold Bright PVD,LAG-GBP-91005B,Gold Bright PVD,https://www.jaquar.com/images/thumbs/0060606_single-lever-tall-boy-gold-bright-pvd_960.jpeg,26100.00,Single Lever Tall Boy without Popup Waste System with 600mm Long Braided Hoses,https://www.jaquar.com/en/laguna-600mm-single-lever-tall-boy-mixer?Id=12223,"Laguna, LAG-GBP-91005B, Gold Bright PVD"
Faucets,Laguna,12223,Single Lever Tall Boy,Variant,4738,Single Lever Tall Boy - Gold Matt PVD,LAG-GMP-91005B,Gold Matt PVD,https://www.jaquar.com/images/thumbs/0060602_single-lever-tall-boy-gold-matt-pvd_960.jpeg,26100.00,Single Lever Tall Boy without Popup Waste System with 600mm Long Braided Hoses,https://www.jaquar.com/en/laguna-600mm-single-lever-tall-boy-mixer?Id=12223,"Laguna, LAG-GMP-91005B, Gold Matt PVD"
Faucets,Laguna,12223,Single Lever Tall Boy,Variant,4738,Single Lever Tall Boy - Lever: Black Chrome | Body: Black Matt,LAG-BBC-91005B,Lever: Black Chrome | Body: Black Matt,https://www.jaquar.com/images/thumbs/0060620_single-lever-tall-boy-lever-black-chrome-body-black-matt_960.jpeg,22100.00,Single Lever Tall Boy without Popup Waste System with 600mm Long Braided Hoses,https://www.jaquar.com/en/laguna-600mm-single-lever-tall-boy-mixer?Id=12223,"Laguna, LAG-BBC-91005B, Lever: Black Chrome | Body: Black Matt"
Faucets,Laguna,12223,Single Lever Tall Boy,Variant,4738,Single Lever Tall Boy - Lever: Gold Bright PVD | Body: Gold Matt PVD,LAG-GMG-91005B,Lever: Gold Bright PVD | Body: Gold Matt PVD,https://www.jaquar.com/images/thumbs/0060604_single-lever-tall-boy-lever-gold-bright-pvd-body-gold-matt-pvd_960.jpeg,26100.00,Single Lever Tall Boy without Popup Waste System with 600mm Long Braided Hoses,https://www.jaquar.com/en/laguna-600mm-single-lever-tall-boy-mixer?Id=12223,"Laguna, LAG-GMG-91005B, Lever: Gold Bright PVD | Body: Gold Matt PVD"
Faucets,Laguna,12223,Single Lever Tall Boy,Variant,4738,Single Lever Tall Boy - Blush Gold Bright PVD,LAG-BGP-91005B,Blush Gold Bright PVD,https://www.jaquar.com/images/thumbs/0060614_single-lever-tall-boy-blush-gold-pvd_960.jpeg,22900.00,Single Lever Tall Boy without Popup Waste System with 600mm Long Braided Hoses,https://www.jaquar.com/en/laguna-600mm-single-lever-tall-boy-mixer?Id=12223,"Laguna, LAG-BGP-91005B, Blush Gold Bright PVD"
Faucets,Laguna,12223,Single Lever Tall Boy,Variant,4738,Single Lever Tall Boy - Lever: Gold Matt PVD | Body: Black Matt,LAG-BGM-91005B,Lever: Gold Matt PVD | Body: Black Matt,https://www.jaquar.com/images/thumbs/0060616_single-lever-tall-boy-lever-gold-matt-pvd-body-black-matt_960.jpeg,22900.00,Single Lever Tall Boy without Popup Waste System with 600mm Long Braided Hoses,https://www.jaquar.com/en/laguna-600mm-single-lever-tall-boy-mixer?Id=12223,"Laguna, LAG-BGM-91005B, Lever: Gold Matt PVD | Body: Black Matt"
Faucets,Laguna,8337,Single Lever 3-inlet Diverter Exposed parts kit,Parent,4748,Single Lever 3-inlet Diverter Exposed parts kit - Chrome,LAG-CHR-91193NK,Chrome,https://www.jaquar.com/images/thumbs/0060730_single-lever-3-inlet-diverter-exposed-parts-kit-chrome_960.jpeg,6150.00,"Single Lever 3-inlet Diverter Exposed parts kit Consisting of Operating Lever, Cartridge Sleeve, Wall Flange (with Seals), Button Assembly Sleeve and Button Cap (Compatible with ALD-193N)",https://www.jaquar.com/en/single-lever-3-inlet-diverter-exposed-parts-kit-2?Id=8337,"Laguna, LAG-CHR-91193NK, Chrome"
Faucets,Laguna,8337,Single Lever 3-inlet Diverter Exposed parts kit,Variant,4748,3-Inlet Single Lever Concealed Diverter - Black Chrome,LAG-BCH-91193NK,Black Chrome,https://www.jaquar.com/images/thumbs/0060731_3-inlet-single-lever-concealed-diverter-black-chrome_960.jpeg,9100.00,"Single Lever 3-inlet Diverter Exposed parts kit Consisting of Operating Lever, Cartridge Sleeve, Wall Flange (with Seals), Button Assembly Sleeve and Button Cap (Compatible with ALD-193N)",https://www.jaquar.com/en/single-lever-3-inlet-diverter-exposed-parts-kit-2?Id=8337,"Laguna, LAG-BCH-91193NK, Black Chrome"
Faucets,Laguna,8337,Single Lever 3-inlet Diverter Exposed parts kit,Variant,4748,3-Inlet Single Lever Concealed Diverter - Black Matt,LAG-BLM-91193NK,Black Matt,https://www.jaquar.com/images/thumbs/0060732_3-inlet-single-lever-concealed-diverter-black-matt_960.jpeg,9100.00,"Single Lever 3-inlet Diverter Exposed parts kit Consisting of Operating Lever, Cartridge Sleeve, Wall Flange (with Seals), Button Assembly Sleeve and Button Cap (Compatible with ALD-193N)",https://www.jaquar.com/en/single-lever-3-inlet-diverter-exposed-parts-kit-2?Id=8337,"Laguna, LAG-BLM-91193NK, Black Matt"
Faucets,Laguna,8337,Single Lever 3-inlet Diverter Exposed parts kit,Variant,4748,3-Inlet Single Lever Concealed Diverter - Lever: Black Chrome | Body: Black Matt,LAG-BBC-91193NK,Lever: Black Chrome | Body: Black Matt,https://www.jaquar.com/images/thumbs/0060735_3-inlet-single-lever-concealed-diverter-lever-black-chrome-body-black-matt_960.jpeg,9100.00,"Single Lever 3-inlet Diverter Exposed parts kit Consisting of Operating Lever, Cartridge Sleeve, Wall Flange (with Seals), Button Assembly Sleeve and Button Cap (Compatible with ALD-193N)",https://www.jaquar.com/en/single-lever-3-inlet-diverter-exposed-parts-kit-2?Id=8337,"Laguna, LAG-BBC-91193NK, Lever: Black Chrome | Body: Black Matt"
Faucets,Laguna,8337,Single Lever 3-inlet Diverter Exposed parts kit,Variant,4748,3-Inlet Single Lever Concealed Diverter - Lever: Gold Matt PVD | Body: Black Matt,LAG-BGM-91193NK,Lever: Gold Matt PVD | Body: Black Matt,https://www.jaquar.com/images/thumbs/0060736_3-inlet-single-lever-concealed-diverter-lever-gold-matt-pvd-body-black-matt_960.jpeg,9250.00,"Single Lever 3-inlet Diverter Exposed parts kit Consisting of Operating Lever, Cartridge Sleeve, Wall Flange (with Seals), Button Assembly Sleeve and Button Cap (Compatible with ALD-193N)",https://www.jaquar.com/en/single-lever-3-inlet-diverter-exposed-parts-kit-2?Id=8337,"Laguna, LAG-BGM-91193NK, Lever: Gold Matt PVD | Body: Black Matt"
Faucets,Laguna,8337,Single Lever 3-inlet Diverter Exposed parts kit,Variant,4748,3-Inlet Single Lever Concealed Diverter - Lever: Gold Bright PVD | Body: Gold Matt PVD,LAG-GMG-91193NK,Lever: Gold Bright PVD | Body: Gold Matt PVD,https://www.jaquar.com/images/thumbs/0060737_3-inlet-single-lever-concealed-diverter-lever-gold-bright-pvd-body-gold-matt-pvd_960.jpeg,10650.00,"Single Lever 3-inlet Diverter Exposed parts kit Consisting of Operating Lever, Cartridge Sleeve, Wall Flange (with Seals), Button Assembly Sleeve and Button Cap (Compatible with ALD-193N)",https://www.jaquar.com/en/single-lever-3-inlet-diverter-exposed-parts-kit-2?Id=8337,"Laguna, LAG-GMG-91193NK, Lever: Gold Bright PVD | Body: Gold Matt PVD"
Faucets,Laguna,8337,Single Lever 3-inlet Diverter Exposed parts kit,Variant,4748,3-Inlet Single Lever Concealed Diverter - Gold Matt PVD,LAG-GMP-91193NK,Gold Matt PVD,https://www.jaquar.com/images/thumbs/0060733_3-inlet-single-lever-concealed-diverter-gold-matt-pvd_960.jpeg,10650.00,"Single Lever 3-inlet Diverter Exposed parts kit Consisting of Operating Lever, Cartridge Sleeve, Wall Flange (with Seals), Button Assembly Sleeve and Button Cap (Compatible with ALD-193N)",https://www.jaquar.com/en/single-lever-3-inlet-diverter-exposed-parts-kit-2?Id=8337,"Laguna, LAG-GMP-91193NK, Gold Matt PVD"
Faucets,Laguna,8337,Single Lever 3-inlet Diverter Exposed parts kit,Variant,4748,3-Inlet Single Lever Concealed Diverter - Gold Bright PVD,LAG-GBP-91193NK,Gold Bright PVD,https://www.jaquar.com/images/thumbs/0060734_3-inlet-single-lever-concealed-diverter-gold-bright-pvd_960.jpeg,10650.00,"Single Lever 3-inlet Diverter Exposed parts kit Consisting of Operating Lever, Cartridge Sleeve, Wall Flange (with Seals), Button Assembly Sleeve and Button Cap (Compatible with ALD-193N)",https://www.jaquar.com/en/single-lever-3-inlet-diverter-exposed-parts-kit-2?Id=8337,"Laguna, LAG-GBP-91193NK, Gold Bright PVD"
Faucets,Laguna,8337,Single Lever 3-inlet Diverter Exposed parts kit,Variant,4748,3-Inlet Single Lever Concealed Diverter - Blush Gold Bright PVD,LAG-BGP-91193NK,Bush Gold PVD,https://www.jaquar.com/images/thumbs/0055650_3-inlet-single-lever-concealed-diverter-blush-gold-bright-pvd_960.jpeg,9250.00,"Single Lever 3-inlet Diverter Exposed parts kit Consisting of Operating Lever, Cartridge Sleeve, Wall Flange (with Seals), Button Assembly Sleeve and Button Cap (Compatible with ALD-193N)",https://www.jaquar.com/en/single-lever-3-inlet-diverter-exposed-parts-kit-2?Id=8337,"Laguna, LAG-BGP-91193NK, Bush Gold PVD"
Faucets,Laguna,10530,Single Lever 1-Hole Bidet Mixer,Parent,7352,Single Lever 1-Hole Bidet Mixer - Chrome,LAG-CHR-91213BWF,Chrome,https://www.jaquar.com/images/thumbs/0060688_single-lever-1-hole-bidet-mixer-chrome_960.jpeg,12125.00,"Single Lever 1-Hole Bidet Mixer with Popup Waste System, 375mm Long Braided Hoses and Base Flange",https://www.jaquar.com/en/single-lever-1-hole-bidet-mixer-4?Id=10530,"Laguna, LAG-CHR-91213BWF, Chrome"
Faucets,Laguna,10530,Single Lever 1-Hole Bidet Mixer,Variant,7352,Single Lever 1-Hole Bidet Mixer - Black Chrome,LAG-BCH-91213BWF,Black Chrome,https://www.jaquar.com/images/thumbs/0059137_single-lever-1-hole-bidet-mixer-black-chrome_960.jpeg,17500.00,"Single Lever 1-Hole Bidet Mixer with Popup Waste System, 375mm Long Braided Hoses and Base Flange",https://www.jaquar.com/en/single-lever-1-hole-bidet-mixer-4?Id=10530,"Laguna, LAG-BCH-91213BWF, Black Chrome"
Faucets,Laguna,10530,Single Lever 1-Hole Bidet Mixer,Variant,7352,Single Lever 1-Hole Bidet Mixer - Black Matt,LAG-BLM-91213BWF,Black Matt,https://www.jaquar.com/images/thumbs/0059138_single-lever-1-hole-bidet-mixer-black-matt_960.jpeg,17500.00,"Single Lever 1-Hole Bidet Mixer with Popup Waste System, 375mm Long Braided Hoses and Base Flange",https://www.jaquar.com/en/single-lever-1-hole-bidet-mixer-4?Id=10530,"Laguna, LAG-BLM-91213BWF, Black Matt"
Faucets,Laguna,10530,Single Lever 1-Hole Bidet Mixer,Variant,7352,Single Lever 1-Hole Bidet Mixer - Lever: Black Chrome | Body: Black Matt,LAG-BCH-91213BWF,Lever: Black Chrome | Body: Black Matt,https://www.jaquar.com/images/thumbs/0059137_single-lever-1-hole-bidet-mixer-black-chrome_960.jpeg,17500.00,"Single Lever 1-Hole Bidet Mixer with Popup Waste System, 375mm Long Braided Hoses and Base Flange",https://www.jaquar.com/en/single-lever-1-hole-bidet-mixer-4?Id=10530,"Laguna, LAG-BCH-91213BWF, Lever: Black Chrome | Body: Black Matt"
Faucets,Laguna,10530,Single Lever 1-Hole Bidet Mixer,Variant,7352,Single Lever 1-Hole Bidet Mixer - Lever: Gold Matt PVD | Body: Black Matt,LAG-BGM-91213BWF,Lever: Gold Matt PVD | Body: Black Matt,https://www.jaquar.com/images/thumbs/0059141_single-lever-1-hole-bidet-mixer-lever-gold-matt-pvd-body-black-matt_960.jpeg,18200.00,"Single Lever 1-Hole Bidet Mixer with Popup Waste System, 375mm Long Braided Hoses and Base Flange",https://www.jaquar.com/en/single-lever-1-hole-bidet-mixer-4?Id=10530,"Laguna, LAG-BGM-91213BWF, Lever: Gold Matt PVD | Body: Black Matt"
Faucets,Laguna,10530,Single Lever 1-Hole Bidet Mixer,Variant,7352,Single Lever 1-Hole Bidet Mixer - Gold Bright PVD,LAG-GBP-91213BWF,Gold Bright PVD,https://www.jaquar.com/images/thumbs/0059375_single-lever-1-hole-bidet-mixer-gold-bright-pvd_960.jpeg,20700.00,"Single Lever 1-Hole Bidet Mixer with Popup Waste System, 375mm Long Braided Hoses and Base Flange",https://www.jaquar.com/en/single-lever-1-hole-bidet-mixer-4?Id=10530,"Laguna, LAG-GBP-91213BWF, Gold Bright PVD"
Faucets,Laguna,10530,Single Lever 1-Hole Bidet Mixer,Variant,7352,Single Lever 1-Hole Bidet Mixer - Lever: Gold Bright PVD | Body: Gold Matt PVD,LAG-GMG-91213BWF,Lever: Gold Bright PVD | Body: Gold Matt PVD,https://www.jaquar.com/images/thumbs/0059143_single-lever-1-hole-bidet-mixer-lever-gold-bright-pvd-body-gold-matt-pvd_960.jpeg,20700.00,"Single Lever 1-Hole Bidet Mixer with Popup Waste System, 375mm Long Braided Hoses and Base Flange",https://www.jaquar.com/en/single-lever-1-hole-bidet-mixer-4?Id=10530,"Laguna, LAG-GMG-91213BWF, Lever: Gold Bright PVD | Body: Gold Matt PVD"
Faucets,Laguna,10530,Single Lever 1-Hole Bidet Mixer,Variant,7352,Single Lever 1-Hole Bidet Mixer - Gold Matt PVD,LAG-GMP-91213BWF,Gold Matt PVD,https://www.jaquar.com/images/thumbs/0059377_single-lever-1-hole-bidet-mixer-gold-matt-pvd_960.jpeg,20700.00,"Single Lever 1-Hole Bidet Mixer with Popup Waste System, 375mm Long Braided Hoses and Base Flange",https://www.jaquar.com/en/single-lever-1-hole-bidet-mixer-4?Id=10530,"Laguna, LAG-GMP-91213BWF, Gold Matt PVD"
Faucets,Laguna,10530,Single Lever 1-Hole Bidet Mixer,Variant,7352,Single Lever 1-Hole Bidet Mixer - Blush Gold Bright PVD,LAG-BGP-91213BWF,Blush Gold PVD,https://www.jaquar.com/images/thumbs/0059373_single-lever-1-hole-bidet-mixer-blush-gold-pvd_960.jpeg,18200.00,"Single Lever 1-Hole Bidet Mixer with Popup Waste System, 375mm Long Braided Hoses and Base Flange",https://www.jaquar.com/en/single-lever-1-hole-bidet-mixer-4?Id=10530,"Laguna, LAG-BGP-91213BWF, Blush Gold PVD"
Faucets,Laguna,10532,Exposed Part Kit of Two Concealed Stop Cocks,Parent,4759,Exposed Part Kit of Two Concealed Stop Cocks - Chrome,LAG-CHR-91423K,Chrome,https://www.jaquar.com/images/thumbs/0060779_exposed-part-kit-of-two-concealed-stop-cocks-chrome_960.jpeg,11600.00,Exposed Part Kit of Two Concealed Stop Cocks with Two Handles & Basin Spout with Wall Flange (Compatible with LAG-91423C),https://www.jaquar.com/en/exposed-part-kit-of-two-concealed-stop-cocks?Id=10532,"Laguna, LAG-CHR-91423K, Chrome"
Faucets,Laguna,10532,Exposed Part Kit of Two Concealed Stop Cocks,Variant,4759,Exposed Part Kit of Two Concealed Stop Cocks - Black Chrome,LAG-BCH-91423K,Black Chrome,https://www.jaquar.com/images/thumbs/0053116_exposed-part-kit-of-two-concealed-stop-cocks-black-chrome_960.jpeg,16800.00,Exposed Part Kit of Two Concealed Stop Cocks with Two Handles & Basin Spout with Wall Flange (Compatible with LAG-91423C),https://www.jaquar.com/en/exposed-part-kit-of-two-concealed-stop-cocks?Id=10532,"Laguna, LAG-BCH-91423K, Black Chrome"
Faucets,Laguna,10532,Exposed Part Kit of Two Concealed Stop Cocks,Variant,4759,Exposed Part Kit of Two Concealed Stop Cocks - Black Matt,LAG-BLM-91423K,Black Matt,https://www.jaquar.com/images/thumbs/0060780_exposed-part-kit-of-two-concealed-stop-cocks-black-matt_960.jpeg,16800.00,Exposed Part Kit of Two Concealed Stop Cocks with Two Handles & Basin Spout with Wall Flange (Compatible with LAG-91423C),https://www.jaquar.com/en/exposed-part-kit-of-two-concealed-stop-cocks?Id=10532,"Laguna, LAG-BLM-91423K, Black Matt"
Faucets,Laguna,10532,Exposed Part Kit of Two Concealed Stop Cocks,Variant,4759,Exposed Part Kit of Two Concealed Stop Cocks - Lever: Black Chrome | Body: Black Matt,LAG-BBC-91423K,Lever: Black Chrome | Body: Black Matt,https://www.jaquar.com/images/thumbs/0060783_exposed-part-kit-of-two-concealed-stop-cocks-lever-black-chrome-body-black-matt_960.jpeg,16800.00,Exposed Part Kit of Two Concealed Stop Cocks with Two Handles & Basin Spout with Wall Flange (Compatible with LAG-91423C),https://www.jaquar.com/en/exposed-part-kit-of-two-concealed-stop-cocks?Id=10532,"Laguna, LAG-BBC-91423K, Lever: Black Chrome | Body: Black Matt"
Faucets,Laguna,10532,Exposed Part Kit of Two Concealed Stop Cocks,Variant,4759,Exposed Part Kit of Two Concealed Stop Cocks - Gold Bright PVD,LAG-GBP-91423K,Gold Bright PVD,https://www.jaquar.com/images/thumbs/0060785_exposed-part-kit-of-two-concealed-stop-cocks-gold-bright-pvd_960.jpeg,19700.00,Exposed Part Kit of Two Concealed Stop Cocks with Two Handles & Basin Spout with Wall Flange (Compatible with LAG-91423C),https://www.jaquar.com/en/exposed-part-kit-of-two-concealed-stop-cocks?Id=10532,"Laguna, LAG-GBP-91423K, Gold Bright PVD"
Faucets,Laguna,10532,Exposed Part Kit of Two Concealed Stop Cocks,Variant,4759,Exposed Part Kit of Two Concealed Stop Cocks - Lever: Gold Bright PVD | Body: Gold Matt PVD,LAG-GMG-91423K,Lever: Gold Bright PVD | Body: Gold Matt PVD,https://www.jaquar.com/images/thumbs/0060784_exposed-part-kit-of-two-concealed-stop-cocks-lever-gold-bright-pvd-body-gold-matt-pvd_960.jpeg,19700.00,Exposed Part Kit of Two Concealed Stop Cocks with Two Handles & Basin Spout with Wall Flange (Compatible with LAG-91423C),https://www.jaquar.com/en/exposed-part-kit-of-two-concealed-stop-cocks?Id=10532,"Laguna, LAG-GMG-91423K, Lever: Gold Bright PVD | Body: Gold Matt PVD"
Faucets,Laguna,10532,Exposed Part Kit of Two Concealed Stop Cocks,Variant,4759,Exposed Part Kit of Two Concealed Stop Cocks - Gold Matt PVD,LAG-GMP-91423K,Gold Matt PVD,https://www.jaquar.com/images/thumbs/0060781_exposed-part-kit-of-two-concealed-stop-cocks-gold-matt-pvd_960.jpeg,19700.00,Exposed Part Kit of Two Concealed Stop Cocks with Two Handles & Basin Spout with Wall Flange (Compatible with LAG-91423C),https://www.jaquar.com/en/exposed-part-kit-of-two-concealed-stop-cocks?Id=10532,"Laguna, LAG-GMP-91423K, Gold Matt PVD"
Faucets,Laguna,10532,Exposed Part Kit of Two Concealed Stop Cocks,Variant,4759,Exposed Part Kit of Two Concealed Stop Cocks - Lever: Gold Matt PVD | Body: Black Matt,LAG-BGM-91423K,Lever: Gold Matt PVD | Body: Black Matt,https://www.jaquar.com/images/thumbs/0060782_exposed-part-kit-of-two-concealed-stop-cocks-lever-gold-matt-pvd-body-black-matt_960.jpeg,17300.00,Exposed Part Kit of Two Concealed Stop Cocks with Two Handles & Basin Spout with Wall Flange (Compatible with LAG-91423C),https://www.jaquar.com/en/exposed-part-kit-of-two-concealed-stop-cocks?Id=10532,"Laguna, LAG-BGM-91423K, Lever: Gold Matt PVD | Body: Black Matt"
Faucets,Laguna,10532,Exposed Part Kit of Two Concealed Stop Cocks,Variant,4759,Exposed Part Kit of Two Concealed Stop Cocks - Blush Gold Bright PVD,LAG-BGP-91423K,Blush Gold PVD,https://www.jaquar.com/images/thumbs/0060786_exposed-part-kit-of-two-concealed-stop-cocks-blush-gold-pvd_960.jpeg,17300.00,Exposed Part Kit of Two Concealed Stop Cocks with Two Handles & Basin Spout with Wall Flange (Compatible with LAG-91423C),https://www.jaquar.com/en/exposed-part-kit-of-two-concealed-stop-cocks?Id=10532,"Laguna, LAG-BGP-91423K, Blush Gold PVD"
Faucets,Laguna,10750,Aquamax Exposed Part Kit of Single Lever Shower Mixer with 3-way diverter,Parent,10741,Aquamax Exposed Part Kit of Single Lever Shower Mixer with 3-way diverter - Chrome,LAG-CHR-91783NK,Chrome,https://www.jaquar.com/images/thumbs/0060925_aquamax-exposed-part-kit-of-single-lever-shower-mixer-with-3-way-diverter-chrome_960.jpeg,5350.00,Aquamax Exposed Part Kit of Single Lever Shower Mixer with 3-way diverter (Compatible with ALD-783N),https://www.jaquar.com/en/aquamax-exposed-part-kit-of-single-lever-shower-mixer-with-3-way-diverter?Id=10750,"Laguna, LAG-CHR-91783NK, Chrome"
Faucets,Laguna,10750,Aquamax Exposed Part Kit of Single Lever Shower Mixer with 3-way diverter,Variant,10741,Aquamax Exposed Part Kit of Single Lever Shower Mixer with 3-way diverter - Black Chrome,LAG-BCH-91783NK,Black Chrome,https://www.jaquar.com/images/thumbs/0060916_aquamax-exposed-part-kit-of-single-lever-shower-mixer-with-3-way-diverter-black-chrome_960.jpeg,9050.00,Aquamax Exposed Part Kit of Single Lever Shower Mixer with 3-way diverter (Compatible with ALD-783N),https://www.jaquar.com/en/aquamax-exposed-part-kit-of-single-lever-shower-mixer-with-3-way-diverter?Id=10750,"Laguna, LAG-BCH-91783NK, Black Chrome"
Faucets,Laguna,10750,Aquamax Exposed Part Kit of Single Lever Shower Mixer with 3-way diverter,Variant,10741,Aquamax Exposed Part Kit of Single Lever Shower Mixer with 3-way diverter - Black Matt,LAG-BLM-91783NK,Black Matt,https://www.jaquar.com/images/thumbs/0060917_aquamax-exposed-part-kit-of-single-lever-shower-mixer-with-3-way-diverter-black-matt_960.jpeg,9050.00,Aquamax Exposed Part Kit of Single Lever Shower Mixer with 3-way diverter (Compatible with ALD-783N),https://www.jaquar.com/en/aquamax-exposed-part-kit-of-single-lever-shower-mixer-with-3-way-diverter?Id=10750,"Laguna, LAG-BLM-91783NK, Black Matt"
Faucets,Laguna,10750,Aquamax Exposed Part Kit of Single Lever Shower Mixer with 3-way diverter,Variant,10741,Aquamax Exposed Part Kit of Single Lever Shower Mixer with 3-way diverter - Blush Gold Bright PVD,LAG-BGP-91783NK,Blush Gold PVD,https://www.jaquar.com/images/thumbs/0064880_aquamax-exposed-part-kit-of-single-lever-shower-mixer-with-3-way-diverter-blush-gold-pvd_960.jpeg,9350.00,Aquamax Exposed Part Kit of Single Lever Shower Mixer with 3-way diverter (Compatible with ALD-783N),https://www.jaquar.com/en/aquamax-exposed-part-kit-of-single-lever-shower-mixer-with-3-way-diverter?Id=10750,"Laguna, LAG-BGP-91783NK, Blush Gold PVD"
Faucets,Laguna,10750,Aquamax Exposed Part Kit of Single Lever Shower Mixer with 3-way diverter,Variant,10741,Aquamax Exposed Part Kit of Single Lever Shower Mixer with 3-way diverter - Gold Matt PVD,LAG-GMP-91783NK,Gold Matt PVD,https://www.jaquar.com/images/thumbs/0060921_aquamax-exposed-part-kit-of-single-lever-shower-mixer-with-3-way-diverter-gold-matt-pvd_960.jpeg,11050.00,Aquamax Exposed Part Kit of Single Lever Shower Mixer with 3-way diverter (Compatible with ALD-783N),https://www.jaquar.com/en/aquamax-exposed-part-kit-of-single-lever-shower-mixer-with-3-way-diverter?Id=10750,"Laguna, LAG-GMP-91783NK, Gold Matt PVD"
Faucets,Laguna,10750,Aquamax Exposed Part Kit of Single Lever Shower Mixer with 3-way diverter,Variant,10741,Aquamax Exposed Part Kit of Single Lever Shower Mixer with 3-way diverter - Gold Bright PVD,LAG-GBP-91783NK,Gold Bright PVD,https://www.jaquar.com/images/thumbs/0060922_aquamax-exposed-part-kit-of-single-lever-shower-mixer-with-3-way-diverter-gold-bright-pvd_960.jpeg,11050.00,Aquamax Exposed Part Kit of Single Lever Shower Mixer with 3-way diverter (Compatible with ALD-783N),https://www.jaquar.com/en/aquamax-exposed-part-kit-of-single-lever-shower-mixer-with-3-way-diverter?Id=10750,"Laguna, LAG-GBP-91783NK, Gold Bright PVD"
Faucets,Laguna,10750,Aquamax Exposed Part Kit of Single Lever Shower Mixer with 3-way diverter,Variant,10741,Aquamax Exposed Part Kit of Single Lever Shower Mixer with 3-way diverter - Lever: Black Chrome | Body: Black Matt,LAG-BBC-91783NK,Lever: Black Chrome | Body: Black Matt,https://www.jaquar.com/images/thumbs/0060918_aquamax-exposed-part-kit-of-single-lever-shower-mixer-with-3-way-diverter-lever-black-chrome-body-bl_960.jpeg,9050.00,Aquamax Exposed Part Kit of Single Lever Shower Mixer with 3-way diverter (Compatible with ALD-783N),https://www.jaquar.com/en/aquamax-exposed-part-kit-of-single-lever-shower-mixer-with-3-way-diverter?Id=10750,"Laguna, LAG-BBC-91783NK, Lever: Black Chrome | Body: Black Matt"
Faucets,Laguna,10750,Aquamax Exposed Part Kit of Single Lever Shower Mixer with 3-way diverter,Variant,10741,Aquamax Exposed Part Kit of Single Lever Shower Mixer with 3-way diverter -  Lever: Gold Bright PVD | Body: Gold Matt PVD,LAG-GMG-91783NK,Lever: Gold Bright PVD | Body: Gold Matt PVD,https://www.jaquar.com/images/thumbs/0060919_aquamax-exposed-part-kit-of-single-lever-shower-mixer-with-3-way-diverter-lever-gold-bright-pvd-body_960.jpeg,11050.00,Aquamax Exposed Part Kit of Single Lever Shower Mixer with 3-way diverter (Compatible with ALD-783N),https://www.jaquar.com/en/aquamax-exposed-part-kit-of-single-lever-shower-mixer-with-3-way-diverter?Id=10750,"Laguna, LAG-GMG-91783NK, Lever: Gold Bright PVD | Body: Gold Matt PVD"
Faucets,Laguna,10750,Aquamax Exposed Part Kit of Single Lever Shower Mixer with 3-way diverter,Variant,10741,Aquamax Exposed Part Kit of Single Lever Shower Mixer with 3-way diverter -  Lever: Gold Matt PVD | Body: Black Matt,LAG-BGM-91783NK,Lever: Gold Matt PVD | Body: Black Matt,https://www.jaquar.com/images/thumbs/0060920_aquamax-exposed-part-kit-of-single-lever-shower-mixer-with-3-way-diverter-lever-gold-matt-pvd-body-b_960.jpeg,9350.00,Aquamax Exposed Part Kit of Single Lever Shower Mixer with 3-way diverter (Compatible with ALD-783N),https://www.jaquar.com/en/aquamax-exposed-part-kit-of-single-lever-shower-mixer-with-3-way-diverter?Id=10750,"Laguna, LAG-BGM-91783NK, Lever: Gold Matt PVD | Body: Black Matt"
Faucets,Laguna,10544,Bathtub Spout,Parent,4765,Bathtub Spout - Chrome,SPJ-CHR-91429,Chrome,https://www.jaquar.com/images/thumbs/0055041_bathtub-spout-chrome_960.jpeg,4350.00,Bathtub Spout with Wall Flange,https://www.jaquar.com/en/bathtub-spout-2?Id=10544,"Laguna, SPJ-CHR-91429, Chrome"
Faucets,Laguna,10544,Bathtub Spout,Variant,4765,Bathtub Spout - Black Chrome,SPJ-BCH-91429,Black Chrome,https://www.jaquar.com/images/thumbs/0055035_bathtub-spout-black-chrome_960.jpeg,6300.00,Bathtub Spout with Wall Flange,https://www.jaquar.com/en/bathtub-spout-2?Id=10544,"Laguna, SPJ-BCH-91429, Black Chrome"
Faucets,Laguna,10544,Bathtub Spout,Variant,4765,Bathtub Spout - Black Matt,SPJ-BLM-91429,Black Matt,https://www.jaquar.com/images/thumbs/0052615_bathtub-spout-black-matt_960.jpeg,6300.00,Bathtub Spout with Wall Flange,https://www.jaquar.com/en/bathtub-spout-2?Id=10544,"Laguna, SPJ-BLM-91429, Black Matt"
Faucets,Laguna,10544,Bathtub Spout,Variant,4765,Bathtub Spout - Gold Bright PVD,SPJ-GBP-91429,Gold Bright PVD,https://www.jaquar.com/images/thumbs/0055043_bathtub-spout-gold-bright-pvd_960.jpeg,7400.00,Bathtub Spout with Wall Flange,https://www.jaquar.com/en/bathtub-spout-2?Id=10544,"Laguna, SPJ-GBP-91429, Gold Bright PVD"
Faucets,Laguna,10544,Bathtub Spout,Variant,4765,Bathtub Spout - Gold Matt PVD,SPJ-GMP-91429,Gold Matt PVD,https://www.jaquar.com/images/thumbs/0055701_bathtub-spout-gold-matt-pvd_960.jpeg,7400.00,Bathtub Spout with Wall Flange,https://www.jaquar.com/en/bathtub-spout-2?Id=10544,"Laguna, SPJ-GMP-91429, Gold Matt PVD"
Faucets,Laguna,10544,Bathtub Spout,Variant,4765,Bathtub Spout - Blush Gold Bright PVD,SPJ-BGP-91429,Blush Gold PVD,https://www.jaquar.com/images/thumbs/0055037_bathtub-spout-blush-gold-pvd_960.jpeg,6500.00,Bathtub Spout with Wall Flange,https://www.jaquar.com/en/bathtub-spout-2?Id=10544,"Laguna, SPJ-BGP-91429, Blush Gold PVD"
Faucets,Laguna,10168,3-Hole Basin Mixer,Parent,4754,3-Hole Basin Mixer - Chrome,LAG-CHR-91189CSL,Chrome,https://www.jaquar.com/images/thumbs/0026106_3-hole-basin-mixer-chrome_960.jpeg,19800.00,"3-Hole Basin Mixer with Casted Spout, Lever Handle and without Popup Waste System",https://www.jaquar.com/en/laguna-3hole-lever-handle-washbasin-mixer?Id=10168,"Laguna, LAG-CHR-91189CSL, Chrome"
Faucets,Laguna,10168,3-Hole Basin Mixer,Variant,4754,3-Hole Basin Mixer - Black Chrome,LAG-BCH-91189CSL,Black Chrome,https://www.jaquar.com/images/thumbs/0053808_3-hole-basin-mixer-black-chrome_960.jpeg,26600.00,"3-Hole Basin Mixer with Casted Spout, Lever Handle and without Popup Waste System",https://www.jaquar.com/en/laguna-3hole-lever-handle-washbasin-mixer?Id=10168,"Laguna, LAG-BCH-91189CSL, Black Chrome"
Faucets,Laguna,10168,3-Hole Basin Mixer,Variant,4754,3-Hole Basin Mixer - Black Matt,LAG-BLM-91189CSL,Black Matt,https://www.jaquar.com/images/thumbs/0052589_3-hole-basin-mixer-black-matt_960.jpeg,26600.00,"3-Hole Basin Mixer with Casted Spout, Lever Handle and without Popup Waste System",https://www.jaquar.com/en/laguna-3hole-lever-handle-washbasin-mixer?Id=10168,"Laguna, LAG-BLM-91189CSL, Black Matt"
Faucets,Laguna,10168,3-Hole Basin Mixer,Variant,4754,3-Hole Basin Mixer - Lever: Black Chrome | Body: Black Matt,LAG-BBC-91189CSL,Lever: Black Chrome | Body: Black Matt,https://www.jaquar.com/images/thumbs/0056119_3-hole-basin-mixer-lever-black-chrome-body-black-matt_960.jpeg,26600.00,"3-Hole Basin Mixer with Casted Spout, Lever Handle and without Popup Waste System",https://www.jaquar.com/en/laguna-3hole-lever-handle-washbasin-mixer?Id=10168,"Laguna, LAG-BBC-91189CSL, Lever: Black Chrome | Body: Black Matt"
Faucets,Laguna,10168,3-Hole Basin Mixer,Variant,4754,3-Hole Basin Mixer - Gold Bright PVD,LAG-GBP-91189CSL,Gold Bright PVD,https://www.jaquar.com/images/thumbs/0059223_3-hole-basin-mixer-gold-bright-pvd_960.jpeg,31700.00,"3-Hole Basin Mixer with Casted Spout, Lever Handle and without Popup Waste System",https://www.jaquar.com/en/laguna-3hole-lever-handle-washbasin-mixer?Id=10168,"Laguna, LAG-GBP-91189CSL, Gold Bright PVD"
Faucets,Laguna,10168,3-Hole Basin Mixer,Variant,4754,3-Hole Basin Mixer - Lever: Gold Bright PVD | Body: Gold Matt PVD,LAG-GMG-91189CSL,Lever: Gold Bright PVD | Body: Gold Matt PVD,https://www.jaquar.com/images/thumbs/0055727_3-hole-basin-mixer-lever-gold-bright-pvd-body-gold-matt-pvd_960.jpeg,31700.00,"3-Hole Basin Mixer with Casted Spout, Lever Handle and without Popup Waste System",https://www.jaquar.com/en/laguna-3hole-lever-handle-washbasin-mixer?Id=10168,"Laguna, LAG-GMG-91189CSL, Lever: Gold Bright PVD | Body: Gold Matt PVD"
Faucets,Laguna,10168,3-Hole Basin Mixer,Variant,4754,3-Hole Basin Mixer - Gold Matt PVD,LAG-GMP-91189CSL,Gold Matt PVD,https://www.jaquar.com/images/thumbs/0055728_3-hole-basin-mixer-gold-matt-pvd_960.jpeg,31700.00,"3-Hole Basin Mixer with Casted Spout, Lever Handle and without Popup Waste System",https://www.jaquar.com/en/laguna-3hole-lever-handle-washbasin-mixer?Id=10168,"Laguna, LAG-GMP-91189CSL, Gold Matt PVD"
Faucets,Laguna,10168,3-Hole Basin Mixer,Variant,4754,3-Hole Basin Mixer - Lever: Gold Matt PVD | Body: Black Matt,LAG-BGM-91189CSL,Lever: Gold Matt PVD | Body: Black Matt,https://www.jaquar.com/images/thumbs/0056120_3-hole-basin-mixer-lever-gold-matt-pvd-body-black-matt_960.jpeg,27600.00,"3-Hole Basin Mixer with Casted Spout, Lever Handle and without Popup Waste System",https://www.jaquar.com/en/laguna-3hole-lever-handle-washbasin-mixer?Id=10168,"Laguna, LAG-BGM-91189CSL, Lever: Gold Matt PVD | Body: Black Matt"
Faucets,Laguna,10168,3-Hole Basin Mixer,Variant,4754,3-Hole Basin Mixer - Blush Gold Bright PVD,LAG-BGP-91189CSL,Blush Gold PVD,https://www.jaquar.com/images/thumbs/0055647_3-hole-basin-mixer-blush-gold-pvd_960.jpeg,27600.00,"3-Hole Basin Mixer with Casted Spout, Lever Handle and without Popup Waste System",https://www.jaquar.com/en/laguna-3hole-lever-handle-washbasin-mixer?Id=10168,"Laguna, LAG-BGP-91189CSL, Blush Gold PVD"
Faucets,Laguna,10169,3-Hole Basin Mixer,Parent,4752,3-Hole Basin Mixer - Chrome,LAG-CHR-91189CSR,Chrome,https://www.jaquar.com/images/thumbs/0026209_3-hole-basin-mixer-chrome_960.jpeg,19800.00,"3-Hole Basin Mixer with Casted Spout, Round Handle and without Popup Waste System",https://www.jaquar.com/en/laguna-3hole-round-handle-washbasin-mixer?Id=10169,"Laguna, LAG-CHR-91189CSR, Chrome"
Faucets,Laguna,10169,3-Hole Basin Mixer,Variant,4752,3-Hole Basin Mixer - Black Chrome,LAG-BCH-91189CSR,Black Chrome,https://www.jaquar.com/images/thumbs/0053809_3-hole-basin-mixer-black-chrome_960.jpeg,26600.00,"3-Hole Basin Mixer with Casted Spout, Round Handle and without Popup Waste System",https://www.jaquar.com/en/laguna-3hole-round-handle-washbasin-mixer?Id=10169,"Laguna, LAG-BCH-91189CSR, Black Chrome"
Faucets,Laguna,10169,3-Hole Basin Mixer,Variant,4752,3-Hole Basin Mixer - Black Matt,LAG-BLM-91189CSR,Black Matt,https://www.jaquar.com/images/thumbs/0052590_3-hole-basin-mixer-black-matt_960.jpeg,26600.00,"3-Hole Basin Mixer with Casted Spout, Round Handle and without Popup Waste System",https://www.jaquar.com/en/laguna-3hole-round-handle-washbasin-mixer?Id=10169,"Laguna, LAG-BLM-91189CSR, Black Matt"
Faucets,Laguna,10169,3-Hole Basin Mixer,Variant,4752,3-Hole Basin Mixer - Lever: Black Chrome | Body: Black Matt,LAG-BBC-91189CSR,Lever: Black Chrome | Body: Black Matt,https://www.jaquar.com/images/thumbs/0055729_3-hole-basin-mixer-lever-black-chrome-body-black-matt_960.jpeg,26600.00,"3-Hole Basin Mixer with Casted Spout, Round Handle and without Popup Waste System",https://www.jaquar.com/en/laguna-3hole-round-handle-washbasin-mixer?Id=10169,"Laguna, LAG-BBC-91189CSR, Lever: Black Chrome | Body: Black Matt"
Faucets,Laguna,10169,3-Hole Basin Mixer,Variant,4752,3-Hole Basin Mixer - Gold Bright PVD,LAG-GBP-91189CSR,Gold Bright PVD,https://www.jaquar.com/images/thumbs/0059225_3-hole-basin-mixer-gold-bright-pvd_960.jpeg,31700.00,"3-Hole Basin Mixer with Casted Spout, Round Handle and without Popup Waste System",https://www.jaquar.com/en/laguna-3hole-round-handle-washbasin-mixer?Id=10169,"Laguna, LAG-GBP-91189CSR, Gold Bright PVD"
Faucets,Laguna,10169,3-Hole Basin Mixer,Variant,4752,3-Hole Basin Mixer - Lever: Gold Bright PVD | Body: Gold Matt PVD,LAG-GMG-91189CSR,Lever: Gold Bright PVD | Body: Gold Matt PVD,https://www.jaquar.com/images/thumbs/0059125_3-hole-basin-mixer-lever-gold-bright-pvd-body-gold-matt-pvd_960.jpeg,31700.00,"3-Hole Basin Mixer with Casted Spout, Round Handle and without Popup Waste System",https://www.jaquar.com/en/laguna-3hole-round-handle-washbasin-mixer?Id=10169,"Laguna, LAG-GMG-91189CSR, Lever: Gold Bright PVD | Body: Gold Matt PVD"
Faucets,Laguna,10169,3-Hole Basin Mixer,Variant,4752,3-Hole Basin Mixer - Gold Matt PVD,LAG-GMP-91189CSR,Gold Matt PVD,https://www.jaquar.com/images/thumbs/0059654_3-hole-basin-mixer-gold-matt-pvd_960.jpeg,31700.00,"3-Hole Basin Mixer with Casted Spout, Round Handle and without Popup Waste System",https://www.jaquar.com/en/laguna-3hole-round-handle-washbasin-mixer?Id=10169,"Laguna, LAG-GMP-91189CSR, Gold Matt PVD"
Faucets,Laguna,10169,3-Hole Basin Mixer,Variant,4752,3-Hole Basin Mixer - Lever: Gold Matt PVD | Body: Black Matt,LAG-BGM-91189CSR,Lever: Gold Matt PVD | Body: Black Matt,https://www.jaquar.com/images/thumbs/0055730_3-hole-basin-mixer-lever-gold-matt-pvd-body-black-matt_960.jpeg,27600.00,"3-Hole Basin Mixer with Casted Spout, Round Handle and without Popup Waste System",https://www.jaquar.com/en/laguna-3hole-round-handle-washbasin-mixer?Id=10169,"Laguna, LAG-BGM-91189CSR, Lever: Gold Matt PVD | Body: Black Matt"
Faucets,Laguna,10169,3-Hole Basin Mixer,Variant,4752,3-Hole Basin Mixer - Blush Gold Bright PVD,LAG-BGP-91189CSR,Blush Gold PVD,https://www.jaquar.com/images/thumbs/0059224_3-hole-basin-mixer-blush-gold-pvd_960.jpeg,27600.00,"3-Hole Basin Mixer with Casted Spout, Round Handle and without Popup Waste System",https://www.jaquar.com/en/laguna-3hole-round-handle-washbasin-mixer?Id=10169,"Laguna, LAG-BGP-91189CSR, Blush Gold PVD"
Faucets,Laguna,10170,3-Hole Basin Mixer with Pipe Spout,Parent,4756,3-Hole Basin Mixer with Pipe Spout - Chrome,LAG-CHR-91189PSL,Chrome,https://www.jaquar.com/images/thumbs/0026262_3-hole-basin-mixer-with-pipe-spout-chrome_960.jpeg,20300.00,"3-Hole Basin Mixer with Pipe Spout, Lever Handle and without Popup Waste System",https://www.jaquar.com/en/3-hole-basin-mixer-with-pipe-spout?Id=10170,"Laguna, LAG-CHR-91189PSL, Chrome"
Faucets,Laguna,10170,3-Hole Basin Mixer with Pipe Spout,Variant,4756,3-Hole Basin Mixer with Pipe Spout - Black Chrome,LAG-BCH-91189PSL,Black Chrome,https://www.jaquar.com/images/thumbs/0053811_3-hole-basin-mixer-with-pipe-spout-black-chrome_960.jpeg,27200.00,"3-Hole Basin Mixer with Pipe Spout, Lever Handle and without Popup Waste System",https://www.jaquar.com/en/3-hole-basin-mixer-with-pipe-spout?Id=10170,"Laguna, LAG-BCH-91189PSL, Black Chrome"
Faucets,Laguna,10170,3-Hole Basin Mixer with Pipe Spout,Variant,4756,3-Hole Basin Mixer with Pipe Spout - Black Matt,LAG-BLM-91189PSL,Black Matt,https://www.jaquar.com/images/thumbs/0054953_3-hole-basin-mixer-with-pipe-spout-black-matt_960.jpeg,27200.00,"3-Hole Basin Mixer with Pipe Spout, Lever Handle and without Popup Waste System",https://www.jaquar.com/en/3-hole-basin-mixer-with-pipe-spout?Id=10170,"Laguna, LAG-BLM-91189PSL, Black Matt"
Faucets,Laguna,10170,3-Hole Basin Mixer with Pipe Spout,Variant,4756,3-Hole Basin Mixer with Pipe Spout - Lever: Black Chrome | Body: Black Matt,LAG-BBC-91189PSL,Lever: Black Chrome | Body: Black Matt,https://www.jaquar.com/images/thumbs/0055731_3-hole-basin-mixer-with-pipe-spout-lever-black-chrome-body-black-matt_960.jpeg,27200.00,"3-Hole Basin Mixer with Pipe Spout, Lever Handle and without Popup Waste System",https://www.jaquar.com/en/3-hole-basin-mixer-with-pipe-spout?Id=10170,"Laguna, LAG-BBC-91189PSL, Lever: Black Chrome | Body: Black Matt"
Faucets,Laguna,10170,3-Hole Basin Mixer with Pipe Spout,Variant,4756,3-Hole Basin Mixer with Pipe Spout - Gold Bright PVD,LAG-GBP-91189PSL,Gold Bright PVD,https://www.jaquar.com/images/thumbs/0059226_3-hole-basin-mixer-with-pipe-spout-gold-bright-pvd_960.jpeg,32500.00,"3-Hole Basin Mixer with Pipe Spout, Lever Handle and without Popup Waste System",https://www.jaquar.com/en/3-hole-basin-mixer-with-pipe-spout?Id=10170,"Laguna, LAG-GBP-91189PSL, Gold Bright PVD"
Faucets,Laguna,10170,3-Hole Basin Mixer with Pipe Spout,Variant,4756,3-Hole Basin Mixer with Pipe Spout - Lever: Gold Bright PVD | Body: Gold Matt PVD,LAG-GMG-91189PSL,Lever: Gold Bright PVD | Body: Gold Matt PVD,https://www.jaquar.com/images/thumbs/0056123_3-hole-basin-mixer-with-pipe-spout-lever-gold-bright-pvd-body-gold-matt-pvd_960.jpeg,32500.00,"3-Hole Basin Mixer with Pipe Spout, Lever Handle and without Popup Waste System",https://www.jaquar.com/en/3-hole-basin-mixer-with-pipe-spout?Id=10170,"Laguna, LAG-GMG-91189PSL, Lever: Gold Bright PVD | Body: Gold Matt PVD"
Faucets,Laguna,10170,3-Hole Basin Mixer with Pipe Spout,Variant,4756,3-Hole Basin Mixer with Pipe Spout - Gold Matt PVD,LAG-GMP-91189PSL,Gold Matt PVD,https://www.jaquar.com/images/thumbs/0056124_3-hole-basin-mixer-with-pipe-spout-gold-matt-pvd_960.jpeg,32500.00,"3-Hole Basin Mixer with Pipe Spout, Lever Handle and without Popup Waste System",https://www.jaquar.com/en/3-hole-basin-mixer-with-pipe-spout?Id=10170,"Laguna, LAG-GMP-91189PSL, Gold Matt PVD"
Faucets,Laguna,10170,3-Hole Basin Mixer with Pipe Spout,Variant,4756,3-Hole Basin Mixer with Pipe Spout - Lever: Gold Matt PVD | Body: Black Matt,LAG-BGM-91189PSL,Lever: Gold Matt PVD | Body: Black Matt,https://www.jaquar.com/images/thumbs/0056122_3-hole-basin-mixer-with-pipe-spout-lever-gold-matt-pvd-body-black-matt_960.jpeg,28300.00,"3-Hole Basin Mixer with Pipe Spout, Lever Handle and without Popup Waste System",https://www.jaquar.com/en/3-hole-basin-mixer-with-pipe-spout?Id=10170,"Laguna, LAG-BGM-91189PSL, Lever: Gold Matt PVD | Body: Black Matt"
Faucets,Laguna,10170,3-Hole Basin Mixer with Pipe Spout,Variant,4756,3-Hole Basin Mixer with Pipe Spout - Blush Gold Bright PVD,LAG-BGP-91189PSL,Blush Gold PVD,https://www.jaquar.com/images/thumbs/0055648_3-hole-basin-mixer-with-pipe-spout-blush-gold-pvd_960.jpeg,28300.00,"3-Hole Basin Mixer with Pipe Spout, Lever Handle and without Popup Waste System",https://www.jaquar.com/en/3-hole-basin-mixer-with-pipe-spout?Id=10170,"Laguna, LAG-BGP-91189PSL, Blush Gold PVD"
Faucets,Laguna,10171,3-Hole Basin Mixer with Pipe Spout,Parent,4757,3-Hole Basin Mixer with Pipe Spout - Chrome,LAG-CHR-91189PSR,Chrome,https://www.jaquar.com/images/thumbs/0026313_3-hole-basin-mixer-with-pipe-spout-chrome_960.jpeg,22200.00,"3-Hole Basin Mixer with Pipe Spout, Round Handle and without Popup Waste System",https://www.jaquar.com/en/laguna-3hole-pipe-spout-round-handle-washbasin-mixer?Id=10171,"Laguna, LAG-CHR-91189PSR, Chrome"
Faucets,Laguna,10171,3-Hole Basin Mixer with Pipe Spout,Variant,4757,3-Hole Basin Mixer with Pipe Spout - Black Chrome,LAG-BCH-91189PSR,Black Chrome,https://www.jaquar.com/images/thumbs/0053812_3-hole-basin-mixer-with-pipe-spout-black-chrome_960.jpeg,29800.00,"3-Hole Basin Mixer with Pipe Spout, Round Handle and without Popup Waste System",https://www.jaquar.com/en/laguna-3hole-pipe-spout-round-handle-washbasin-mixer?Id=10171,"Laguna, LAG-BCH-91189PSR, Black Chrome"
Faucets,Laguna,10171,3-Hole Basin Mixer with Pipe Spout,Variant,4757,3-Hole Basin Mixer with Pipe Spout - Black Matt,LAG-BLM-91189PSR,Black Matt,https://www.jaquar.com/images/thumbs/0052591_3-hole-basin-mixer-with-pipe-spout-black-matt_960.jpeg,29800.00,"3-Hole Basin Mixer with Pipe Spout, Round Handle and without Popup Waste System",https://www.jaquar.com/en/laguna-3hole-pipe-spout-round-handle-washbasin-mixer?Id=10171,"Laguna, LAG-BLM-91189PSR, Black Matt"
Faucets,Laguna,10171,3-Hole Basin Mixer with Pipe Spout,Variant,4757,3-Hole Basin Mixer with Pipe Spout - Lever: Black Chrome | Body: Black Matt,LAG-BBC-91189PSR,Lever: Black Chrome | Body: Black Matt,https://www.jaquar.com/images/thumbs/0056176_3-hole-basin-mixer-with-pipe-spout-lever-black-chrome-body-black-matt_960.jpeg,29800.00,"3-Hole Basin Mixer with Pipe Spout, Round Handle and without Popup Waste System",https://www.jaquar.com/en/laguna-3hole-pipe-spout-round-handle-washbasin-mixer?Id=10171,"Laguna, LAG-BBC-91189PSR, Lever: Black Chrome | Body: Black Matt"
Faucets,Laguna,10171,3-Hole Basin Mixer with Pipe Spout,Variant,4757,3-Hole Basin Mixer with Pipe Spout - Gold Bright PVD,LAG-GBP-91189PSR,Gold Bright PVD,https://www.jaquar.com/images/thumbs/0059227_3-hole-basin-mixer-with-pipe-spout-gold-bright-pvd_960.jpeg,35500.00,"3-Hole Basin Mixer with Pipe Spout, Round Handle and without Popup Waste System",https://www.jaquar.com/en/laguna-3hole-pipe-spout-round-handle-washbasin-mixer?Id=10171,"Laguna, LAG-GBP-91189PSR, Gold Bright PVD"
Faucets,Laguna,10171,3-Hole Basin Mixer with Pipe Spout,Variant,4757,3-Hole Basin Mixer with Pipe Spout - Lever: Gold Bright PVD | Body: Gold Matt PVD,LAG-GMG-91189PSR,Lever: Gold Bright PVD | Body: Gold Matt PVD,https://www.jaquar.com/images/thumbs/0056178_3-hole-basin-mixer-with-pipe-spout-lever-gold-bright-pvd-body-gold-matt-pvd_960.jpeg,35500.00,"3-Hole Basin Mixer with Pipe Spout, Round Handle and without Popup Waste System",https://www.jaquar.com/en/laguna-3hole-pipe-spout-round-handle-washbasin-mixer?Id=10171,"Laguna, LAG-GMG-91189PSR, Lever: Gold Bright PVD | Body: Gold Matt PVD"
Faucets,Laguna,10171,3-Hole Basin Mixer with Pipe Spout,Variant,4757,3-Hole Basin Mixer with Pipe Spout - Gold Matt PVD,LAG-GMP-91189PSR,Gold Matt PVD,https://www.jaquar.com/images/thumbs/0056179_3-hole-basin-mixer-with-pipe-spout-gold-matt-pvd_960.jpeg,35500.00,"3-Hole Basin Mixer with Pipe Spout, Round Handle and without Popup Waste System",https://www.jaquar.com/en/laguna-3hole-pipe-spout-round-handle-washbasin-mixer?Id=10171,"Laguna, LAG-GMP-91189PSR, Gold Matt PVD"
Faucets,Laguna,10171,3-Hole Basin Mixer with Pipe Spout,Variant,4757,3-Hole Basin Mixer with Pipe Spout - Lever: Gold Matt PVD | Body: Black Matt,LAG-BGM-91189PSR,Lever: Gold Matt PVD | Body: Black Matt,https://www.jaquar.com/images/thumbs/0056177_3-hole-basin-mixer-with-pipe-spout-lever-gold-matt-pvd-body-black-matt_960.jpeg,30900.00,"3-Hole Basin Mixer with Pipe Spout, Round Handle and without Popup Waste System",https://www.jaquar.com/en/laguna-3hole-pipe-spout-round-handle-washbasin-mixer?Id=10171,"Laguna, LAG-BGM-91189PSR, Lever: Gold Matt PVD | Body: Black Matt"
Faucets,Laguna,10171,3-Hole Basin Mixer with Pipe Spout,Variant,4757,3-Hole Basin Mixer with Pipe Spout - Blush Gold Bright PVD,LAG-BGP-91189PSR,Blush Gold PVD,https://www.jaquar.com/images/thumbs/0055649_3-hole-basin-mixer-with-pipe-spout-blush-gold-pvd_960.jpeg,30900.00,"3-Hole Basin Mixer with Pipe Spout, Round Handle and without Popup Waste System",https://www.jaquar.com/en/laguna-3hole-pipe-spout-round-handle-washbasin-mixer?Id=10171,"Laguna, LAG-BGP-91189PSR, Blush Gold PVD"
Faucets,Laguna,10176,5-Hole Bath Tub Mixer,Parent,4761,5-Hole Bath Tub Mixer - Chrome,LAG-CHR-91287,Chrome,https://www.jaquar.com/images/thumbs/0025322_5-hole-bath-tub-mixer-chrome_960.jpeg,37700.00,"5-Hole Bath Tub Mixer with Hot & Cold Control Cocks Spout, Divertor & Hand shower with 8mm dia. & 1.5M Flexible Tube",https://www.jaquar.com/en/5-hole-bath-tub-mixer?Id=10176,"Laguna, LAG-CHR-91287, Chrome"
Faucets,Laguna,10176,5-Hole Bath Tub Mixer,Variant,4761,5-Hole Bath Tub Mixer - Black Chrome,LAG-BCH-91287,Black Chrome,https://www.jaquar.com/images/thumbs/0053355_5-hole-bath-tub-mixer-black-chrome_960.jpeg,50600.00,"5-Hole Bath Tub Mixer with Hot & Cold Control Cocks Spout, Divertor & Hand shower with 8mm dia. & 1.5M Flexible Tube",https://www.jaquar.com/en/5-hole-bath-tub-mixer?Id=10176,"Laguna, LAG-BCH-91287, Black Chrome"
Faucets,Laguna,10176,5-Hole Bath Tub Mixer,Variant,4761,5-Hole Bath Tub Mixer - Black Matt,LAG-BLM-91287,Black Matt,https://www.jaquar.com/images/thumbs/0056135_5-hole-bath-tub-mixer-black-matt_960.jpeg,50600.00,"5-Hole Bath Tub Mixer with Hot & Cold Control Cocks Spout, Divertor & Hand shower with 8mm dia. & 1.5M Flexible Tube",https://www.jaquar.com/en/5-hole-bath-tub-mixer?Id=10176,"Laguna, LAG-BLM-91287, Black Matt"
Faucets,Laguna,10176,5-Hole Bath Tub Mixer,Variant,4761,5-Hole Bath Tub Mixer - Lever: Black Chrome | Body: Black Matt,LAG-BBC-91287,Lever: Black Chrome | Body: Black Matt,https://www.jaquar.com/images/thumbs/0056139_5-hole-bath-tub-mixer-lever-black-chrome-body-black-matt_960.jpeg,50600.00,"5-Hole Bath Tub Mixer with Hot & Cold Control Cocks Spout, Divertor & Hand shower with 8mm dia. & 1.5M Flexible Tube",https://www.jaquar.com/en/5-hole-bath-tub-mixer?Id=10176,"Laguna, LAG-BBC-91287, Lever: Black Chrome | Body: Black Matt"
Faucets,Laguna,10176,5-Hole Bath Tub Mixer,Variant,4761,5-Hole Bath Tub Mixer - Gold Bright PVD,LAG-GBP-91287,Gold Bright PVD,https://www.jaquar.com/images/thumbs/0056141_5-hole-bath-tub-mixer-gold-bright-pvd_960.jpeg,60300.00,"5-Hole Bath Tub Mixer with Hot & Cold Control Cocks Spout, Divertor & Hand shower with 8mm dia. & 1.5M Flexible Tube",https://www.jaquar.com/en/5-hole-bath-tub-mixer?Id=10176,"Laguna, LAG-GBP-91287, Gold Bright PVD"
Faucets,Laguna,10176,5-Hole Bath Tub Mixer,Variant,4761,5-Hole Bath Tub Mixer - Lever: Gold Bright PVD | Body: Gold Matt PVD,LAG-GMG-91287,Lever: Gold Bright PVD | Body: Gold Matt PVD,https://www.jaquar.com/images/thumbs/0056138_5-hole-bath-tub-mixer-lever-gold-bright-pvd-body-gold-matt-pvd_960.jpeg,60300.00,"5-Hole Bath Tub Mixer with Hot & Cold Control Cocks Spout, Divertor & Hand shower with 8mm dia. & 1.5M Flexible Tube",https://www.jaquar.com/en/5-hole-bath-tub-mixer?Id=10176,"Laguna, LAG-GMG-91287, Lever: Gold Bright PVD | Body: Gold Matt PVD"
Faucets,Laguna,10176,5-Hole Bath Tub Mixer,Variant,4761,5-Hole Bath Tub Mixer - Gold Matt PVD,LAG-GMP-91287,Gold Matt PVD,https://www.jaquar.com/images/thumbs/0056137_5-hole-bath-tub-mixer-gold-matt-pvd_960.jpeg,60300.00,"5-Hole Bath Tub Mixer with Hot & Cold Control Cocks Spout, Divertor & Hand shower with 8mm dia. & 1.5M Flexible Tube",https://www.jaquar.com/en/5-hole-bath-tub-mixer?Id=10176,"Laguna, LAG-GMP-91287, Gold Matt PVD"
Faucets,Laguna,10176,5-Hole Bath Tub Mixer,Variant,4761,5-Hole Bath Tub Mixer - Lever: Gold Matt PVD | Body: Black Matt,LAG-BGM-91287,Lever: Gold Matt PVD | Body: Black Matt,https://www.jaquar.com/images/thumbs/0056140_5-hole-bath-tub-mixer-lever-gold-matt-pvd-body-black-matt_960.jpeg,52500.00,"5-Hole Bath Tub Mixer with Hot & Cold Control Cocks Spout, Divertor & Hand shower with 8mm dia. & 1.5M Flexible Tube",https://www.jaquar.com/en/5-hole-bath-tub-mixer?Id=10176,"Laguna, LAG-BGM-91287, Lever: Gold Matt PVD | Body: Black Matt"
Faucets,Laguna,10176,5-Hole Bath Tub Mixer,Variant,4761,5-Hole Bath Tub Mixer - Blush Gold Bright PVD,LAG-BGP-91287,Blush Gold PVD,https://www.jaquar.com/images/thumbs/0055653_5-hole-bath-tub-mixer-blush-gold-pvd_960.jpeg,52500.00,"5-Hole Bath Tub Mixer with Hot & Cold Control Cocks Spout, Divertor & Hand shower with 8mm dia. & 1.5M Flexible Tube",https://www.jaquar.com/en/5-hole-bath-tub-mixer?Id=10176,"Laguna, LAG-BGP-91287, Blush Gold PVD"
Faucets,Laguna,10178,Aquamax Exposed Part Kit of Thermostatic Shower Mixer with 2-way diverter,Parent,4763,Aquamax Exposed Part Kit of Thermostatic Shower Mixer with 2-way diverter - Chrome,LAG-CHR-91681NK,Chrome,https://www.jaquar.com/images/thumbs/0060937_aquamax-exposed-part-kit-of-thermostatic-shower-mixer-with-2-way-diverter-chrome_960.jpeg,8350.00,Aquamax Exposed Part Kit of Thermostatic Shower Mixer with 2-way diverter (Compatible with ALD-681N),https://www.jaquar.com/en/laguna-2way-thermostatic-aquamax-divertor-exposed-part?Id=10178,"Laguna, LAG-CHR-91681NK, Chrome"
Faucets,Laguna,10178,Aquamax Exposed Part Kit of Thermostatic Shower Mixer with 2-way diverter,Variant,4763,Aquamax Exposed Part Kit of Thermostatic Shower Mixer with 2-way diverter - Black Chrome,LAG-BCH-91681NK,Black Chrome,https://www.jaquar.com/images/thumbs/0060938_aquamax-exposed-part-kit-of-thermostatic-shower-mixer-with-2-way-diverter-black-chrome_960.jpeg,12200.00,Aquamax Exposed Part Kit of Thermostatic Shower Mixer with 2-way diverter (Compatible with ALD-681N),https://www.jaquar.com/en/laguna-2way-thermostatic-aquamax-divertor-exposed-part?Id=10178,"Laguna, LAG-BCH-91681NK, Black Chrome"
Faucets,Laguna,10178,Aquamax Exposed Part Kit of Thermostatic Shower Mixer with 2-way diverter,Variant,4763,Aquamax Exposed Part Kit of Thermostatic Shower Mixer with 2-way diverter - Black Matt,LAG-BLM-91681NK,Black Matt,https://www.jaquar.com/images/thumbs/0060939_aquamax-exposed-part-kit-of-thermostatic-shower-mixer-with-2-way-diverter-black-matt_960.jpeg,12200.00,Aquamax Exposed Part Kit of Thermostatic Shower Mixer with 2-way diverter (Compatible with ALD-681N),https://www.jaquar.com/en/laguna-2way-thermostatic-aquamax-divertor-exposed-part?Id=10178,"Laguna, LAG-BLM-91681NK, Black Matt"
Faucets,Laguna,10178,Aquamax Exposed Part Kit of Thermostatic Shower Mixer with 2-way diverter,Variant,4763,Aquamax Exposed Part Kit of Thermostatic Shower Mixer with 2-way diverter - Lever: Black Chrome | Body: Black Matt,LAG-BBC-91681NK,Lever: Black Chrome | Body: Black Matt,https://www.jaquar.com/images/thumbs/0060942_aquamax-exposed-part-kit-of-thermostatic-shower-mixer-with-2-way-diverter-lever-black-chrome-body-bl_960.jpeg,12200.00,Aquamax Exposed Part Kit of Thermostatic Shower Mixer with 2-way diverter (Compatible with ALD-681N),https://www.jaquar.com/en/laguna-2way-thermostatic-aquamax-divertor-exposed-part?Id=10178,"Laguna, LAG-BBC-91681NK, Lever: Black Chrome | Body: Black Matt"
Faucets,Laguna,10178,Aquamax Exposed Part Kit of Thermostatic Shower Mixer with 2-way diverter,Variant,4763,Aquamax Exposed Part Kit of Thermostatic Shower Mixer with 2-way diverter - Gold Bright PVD,LAG-GBP-91681NK,Gold Bright PVD,https://www.jaquar.com/images/thumbs/0060944_aquamax-exposed-part-kit-of-thermostatic-shower-mixer-with-2-way-diverter-gold-bright-pvd_960.jpeg,15000.00,Aquamax Exposed Part Kit of Thermostatic Shower Mixer with 2-way diverter (Compatible with ALD-681N),https://www.jaquar.com/en/laguna-2way-thermostatic-aquamax-divertor-exposed-part?Id=10178,"Laguna, LAG-GBP-91681NK, Gold Bright PVD"
Faucets,Laguna,10178,Aquamax Exposed Part Kit of Thermostatic Shower Mixer with 2-way diverter,Variant,4763,Aquamax Exposed Part Kit of Thermostatic Shower Mixer with 2-way diverter - Lever: Gold Bright PVD | Body: Gold Matt PVD,LAG-GMG-91681NK,Lever: Gold Bright PVD | Body: Gold Matt PVD,https://www.jaquar.com/images/thumbs/0060943_aquamax-exposed-part-kit-of-thermostatic-shower-mixer-with-2-way-diverter-lever-gold-bright-pvd-body_960.jpeg,15000.00,Aquamax Exposed Part Kit of Thermostatic Shower Mixer with 2-way diverter (Compatible with ALD-681N),https://www.jaquar.com/en/laguna-2way-thermostatic-aquamax-divertor-exposed-part?Id=10178,"Laguna, LAG-GMG-91681NK, Lever: Gold Bright PVD | Body: Gold Matt PVD"
Faucets,Laguna,10178,Aquamax Exposed Part Kit of Thermostatic Shower Mixer with 2-way diverter,Variant,4763,Aquamax Exposed Part Kit of Thermostatic Shower Mixer with 2-way diverter - Gold Matt PVD,LAG-GMP-91681NK,Gold Matt PVD,https://www.jaquar.com/images/thumbs/0060940_aquamax-exposed-part-kit-of-thermostatic-shower-mixer-with-2-way-diverter-gold-matt-pvd_960.jpeg,15000.00,Aquamax Exposed Part Kit of Thermostatic Shower Mixer with 2-way diverter (Compatible with ALD-681N),https://www.jaquar.com/en/laguna-2way-thermostatic-aquamax-divertor-exposed-part?Id=10178,"Laguna, LAG-GMP-91681NK, Gold Matt PVD"
Faucets,Laguna,10178,Aquamax Exposed Part Kit of Thermostatic Shower Mixer with 2-way diverter,Variant,4763,Aquamax Exposed Part Kit of Thermostatic Shower Mixer with 2-way diverter - Lever: Gold Matt PVD | Body: Black Matt,LAG-BGM-91681NK,Lever: Gold Matt PVD | Body: Black Matt,https://www.jaquar.com/images/thumbs/0060941_aquamax-exposed-part-kit-of-thermostatic-shower-mixer-with-2-way-diverter-lever-gold-matt-pvd-body-b_960.jpeg,12550.00,Aquamax Exposed Part Kit of Thermostatic Shower Mixer with 2-way diverter (Compatible with ALD-681N),https://www.jaquar.com/en/laguna-2way-thermostatic-aquamax-divertor-exposed-part?Id=10178,"Laguna, LAG-BGM-91681NK, Lever: Gold Matt PVD | Body: Black Matt"
Faucets,Laguna,10178,Aquamax Exposed Part Kit of Thermostatic Shower Mixer with 2-way diverter,Variant,4763,Aquamax Exposed Part Kit of Thermostatic Shower Mixer with 2-way diverter - Blush Gold Bright PVD,LAG-BGP-91681NK,Blush Gold PVD,https://www.jaquar.com/images/thumbs/0060945_aquamax-exposed-part-kit-of-thermostatic-shower-mixer-with-2-way-diverter-blush-gold-pvd_960.jpeg,12550.00,Aquamax Exposed Part Kit of Thermostatic Shower Mixer with 2-way diverter (Compatible with ALD-681N),https://www.jaquar.com/en/laguna-2way-thermostatic-aquamax-divertor-exposed-part?Id=10178,"Laguna, LAG-BGP-91681NK, Blush Gold PVD"
Faucets,Laguna,10177,Aquamax Exposed Part Kit of Thermostatic Shower Mixer,Parent,4762,Aquamax Exposed Part Kit of Thermostatic Shower Mixer - Chrome,LAG-CHR-91661NK,Chrome,https://www.jaquar.com/images/thumbs/0060947_aquamax-exposed-part-kit-of-thermostatic-shower-mixer-chrome_960.jpeg,8350.00,"Aquamax Exposed Part Kit of Thermostatic Shower Mixer (Compatible with ALD-661N)
",https://www.jaquar.com/en/aquamax-3-way-diverter-mixer?Id=10177,"Laguna, LAG-CHR-91661NK, Chrome"
Faucets,Laguna,10177,Aquamax Exposed Part Kit of Thermostatic Shower Mixer,Variant,4762,Aquamax Thermostatic Shower Mixer - Black Chrome,LAG-BCH-91661NK,Black Chrome,https://www.jaquar.com/images/thumbs/0060948_aquamax-thermostatic-shower-mixer-black-chrome_960.jpeg,12100.00,"Aquamax Exposed Part Kit of Thermostatic Shower Mixer (Compatible with ALD-661N)
",https://www.jaquar.com/en/aquamax-3-way-diverter-mixer?Id=10177,"Laguna, LAG-BCH-91661NK, Black Chrome"
Faucets,Laguna,10177,Aquamax Exposed Part Kit of Thermostatic Shower Mixer,Variant,4762,Aquamax Thermostatic Shower Mixer- Black Matt,LAG-BLM-91661NK,Black Matt,https://www.jaquar.com/images/thumbs/0060949_aquamax-thermostatic-shower-mixer-black-matt_960.jpeg,12100.00,"Aquamax Exposed Part Kit of Thermostatic Shower Mixer (Compatible with ALD-661N)
",https://www.jaquar.com/en/aquamax-3-way-diverter-mixer?Id=10177,"Laguna, LAG-BLM-91661NK, Black Matt"
Faucets,Laguna,10177,Aquamax Exposed Part Kit of Thermostatic Shower Mixer,Variant,4762,Aquamax Thermostatic Shower Mixer- Lever: Black Chrome | Body: Black Matt,LAG-BBC-91661NK,Lever: Black Chrome | Body: Black Matt,https://www.jaquar.com/images/thumbs/0060952_aquamax-thermostatic-shower-mixer-lever-black-chrome-body-black-matt_960.jpeg,12100.00,"Aquamax Exposed Part Kit of Thermostatic Shower Mixer (Compatible with ALD-661N)
",https://www.jaquar.com/en/aquamax-3-way-diverter-mixer?Id=10177,"Laguna, LAG-BBC-91661NK, Lever: Black Chrome | Body: Black Matt"
Faucets,Laguna,10177,Aquamax Exposed Part Kit of Thermostatic Shower Mixer,Variant,4762,Aquamax Thermostatic Shower Mixer- Gold Bright PVD,LAG-GBP-91661NK,Gold Bright PVD,https://www.jaquar.com/images/thumbs/0060954_aquamax-thermostatic-shower-mixer-gold-bright-pvd_960.jpeg,14700.00,"Aquamax Exposed Part Kit of Thermostatic Shower Mixer (Compatible with ALD-661N)
",https://www.jaquar.com/en/aquamax-3-way-diverter-mixer?Id=10177,"Laguna, LAG-GBP-91661NK, Gold Bright PVD"
Faucets,Laguna,10177,Aquamax Exposed Part Kit of Thermostatic Shower Mixer,Variant,4762,Aquamax Thermostatic Shower Mixer- Lever: Gold Bright PVD | Body: Gold Matt PVD,LAG-GMG-91661NK,Lever: Gold Bright PVD | Body: Gold Matt PVD,https://www.jaquar.com/images/thumbs/0060953_aquamax-thermostatic-shower-mixer-lever-gold-bright-pvd-body-gold-matt-pvd_960.jpeg,14700.00,"Aquamax Exposed Part Kit of Thermostatic Shower Mixer (Compatible with ALD-661N)
",https://www.jaquar.com/en/aquamax-3-way-diverter-mixer?Id=10177,"Laguna, LAG-GMG-91661NK, Lever: Gold Bright PVD | Body: Gold Matt PVD"
Faucets,Laguna,10177,Aquamax Exposed Part Kit of Thermostatic Shower Mixer,Variant,4762,Aquamax Thermostatic Shower Mixer- Gold Matt PVD,LAG-GMP-91661NK,Gold Matt PVD,https://www.jaquar.com/images/thumbs/0060950_aquamax-thermostatic-shower-mixer-gold-matt-pvd_960.jpeg,14700.00,"Aquamax Exposed Part Kit of Thermostatic Shower Mixer (Compatible with ALD-661N)
",https://www.jaquar.com/en/aquamax-3-way-diverter-mixer?Id=10177,"Laguna, LAG-GMP-91661NK, Gold Matt PVD"
Faucets,Laguna,10177,Aquamax Exposed Part Kit of Thermostatic Shower Mixer,Variant,4762,Aquamax Exposed Part Kit of Thermostatic Shower Mixer - Lever: Gold Matt PVD | Body: Black Matt,LAG-BGM-91661NK,Lever: Gold Matt PVD | Body: Black Matt,https://www.jaquar.com/images/thumbs/0060951_aquamax-exposed-part-kit-of-thermostatic-shower-mixer-lever-gold-matt-pvd-body-black-matt_960.jpeg,12500.00,"Aquamax Exposed Part Kit of Thermostatic Shower Mixer (Compatible with ALD-661N)
",https://www.jaquar.com/en/aquamax-3-way-diverter-mixer?Id=10177,"Laguna, LAG-BGM-91661NK, Lever: Gold Matt PVD | Body: Black Matt"
Faucets,Laguna,10177,Aquamax Exposed Part Kit of Thermostatic Shower Mixer,Variant,4762,Aquamax Thermostatic Shower Mixer- Blush Gold Bright PVD,LAG-BGP-91661NK,Blush Gold PVD,https://www.jaquar.com/images/thumbs/0060955_aquamax-thermostatic-shower-mixer-blush-gold-pvd_960.jpeg,12500.00,"Aquamax Exposed Part Kit of Thermostatic Shower Mixer (Compatible with ALD-661N)
",https://www.jaquar.com/en/aquamax-3-way-diverter-mixer?Id=10177,"Laguna, LAG-BGP-91661NK, Blush Gold PVD"
Faucets,Laguna,10179,Aquamax Exposed Part Kit of Thermostatic Shower Mixer with 3-way diverter,Parent,4764,Aquamax Exposed Part Kit of Thermostatic Shower Mixer with 3-way diverter - Chrome,LAG-CHR-91683NK,Chrome,https://www.jaquar.com/images/thumbs/0060926_aquamax-exposed-part-kit-of-thermostatic-shower-mixer-with-3-way-diverter-chrome_960.jpeg,8350.00,"Aquamax Exposed Part Kit of Thermostatic Shower Mixer with 3-way diverter (Compatible with ALD-683N)
",https://www.jaquar.com/en/aquamax-exposed-part-kit-of-thermostatic-shower-mixer-with-3-way-diverter-2?Id=10179,"Laguna, LAG-CHR-91683NK, Chrome"
Faucets,Laguna,10179,Aquamax Exposed Part Kit of Thermostatic Shower Mixer with 3-way diverter,Variant,4764,Aquamax Thermostatic Shower Mixer With 3-Way Diverter - Black Chrome,LAG-BCH-91683NK,Black Chrome,https://www.jaquar.com/images/thumbs/0060927_aquamax-thermostatic-shower-mixer-with-3-way-diverter-black-chrome_960.jpeg,12600.00,"Aquamax Exposed Part Kit of Thermostatic Shower Mixer with 3-way diverter (Compatible with ALD-683N)
",https://www.jaquar.com/en/aquamax-exposed-part-kit-of-thermostatic-shower-mixer-with-3-way-diverter-2?Id=10179,"Laguna, LAG-BCH-91683NK, Black Chrome"
Faucets,Laguna,10179,Aquamax Exposed Part Kit of Thermostatic Shower Mixer with 3-way diverter,Variant,4764,Aquamax Thermostatic Shower Mixer With 3-Way Diverter - Black Matt,LAG-BLM-91683NK,Black Matt,https://www.jaquar.com/images/thumbs/0060928_aquamax-thermostatic-shower-mixer-with-3-way-diverter-black-matt_960.jpeg,12600.00,"Aquamax Exposed Part Kit of Thermostatic Shower Mixer with 3-way diverter (Compatible with ALD-683N)
",https://www.jaquar.com/en/aquamax-exposed-part-kit-of-thermostatic-shower-mixer-with-3-way-diverter-2?Id=10179,"Laguna, LAG-BLM-91683NK, Black Matt"
Faucets,Laguna,10179,Aquamax Exposed Part Kit of Thermostatic Shower Mixer with 3-way diverter,Variant,4764,Aquamax Thermostatic Shower Mixer With 3-Way Diverter - Lever: Black Chrome | Body: Black Matt,LAG-BBC-91683NK,Lever: Black Chrome | Body: Black Matt,https://www.jaquar.com/images/thumbs/0060932_aquamax-thermostatic-shower-mixer-with-3-way-diverter-lever-black-chrome-body-black-matt_960.jpeg,12600.00,"Aquamax Exposed Part Kit of Thermostatic Shower Mixer with 3-way diverter (Compatible with ALD-683N)
",https://www.jaquar.com/en/aquamax-exposed-part-kit-of-thermostatic-shower-mixer-with-3-way-diverter-2?Id=10179,"Laguna, LAG-BBC-91683NK, Lever: Black Chrome | Body: Black Matt"
Faucets,Laguna,10179,Aquamax Exposed Part Kit of Thermostatic Shower Mixer with 3-way diverter,Variant,4764,Aquamax Thermostatic Shower Mixer With 3-Way Diverter - Gold Bright PVD,LAG-GBP-91683NK,Gold Bright PVD,https://www.jaquar.com/images/thumbs/0060934_aquamax-thermostatic-shower-mixer-with-3-way-diverter-gold-bright-pvd_960.jpeg,15700.00,"Aquamax Exposed Part Kit of Thermostatic Shower Mixer with 3-way diverter (Compatible with ALD-683N)
",https://www.jaquar.com/en/aquamax-exposed-part-kit-of-thermostatic-shower-mixer-with-3-way-diverter-2?Id=10179,"Laguna, LAG-GBP-91683NK, Gold Bright PVD"
Faucets,Laguna,10179,Aquamax Exposed Part Kit of Thermostatic Shower Mixer with 3-way diverter,Variant,4764,Aquamax Thermostatic Shower Mixer With 3-Way Diverter- Lever: Gold Bright PVD | Body: Gold Matt PVD,LAG-GMG-91683NK,Lever: Gold Bright PVD | Body: Gold Matt PVD,https://www.jaquar.com/images/thumbs/0060933_aquamax-thermostatic-shower-mixer-with-3-way-diverter-lever-gold-bright-pvd-body-gold-matt-pvd_960.jpeg,15700.00,"Aquamax Exposed Part Kit of Thermostatic Shower Mixer with 3-way diverter (Compatible with ALD-683N)
",https://www.jaquar.com/en/aquamax-exposed-part-kit-of-thermostatic-shower-mixer-with-3-way-diverter-2?Id=10179,"Laguna, LAG-GMG-91683NK, Lever: Gold Bright PVD | Body: Gold Matt PVD"
Faucets,Laguna,10179,Aquamax Exposed Part Kit of Thermostatic Shower Mixer with 3-way diverter,Variant,4764,Aquamax Thermostatic Shower Mixer With 3-Way Diverter - Gold Matt PVD,LAG-GMP-91683NK,Gold Matt PVD,https://www.jaquar.com/images/thumbs/0060930_aquamax-thermostatic-shower-mixer-with-3-way-diverter-gold-matt-pvd_960.jpeg,15700.00,"Aquamax Exposed Part Kit of Thermostatic Shower Mixer with 3-way diverter (Compatible with ALD-683N)
",https://www.jaquar.com/en/aquamax-exposed-part-kit-of-thermostatic-shower-mixer-with-3-way-diverter-2?Id=10179,"Laguna, LAG-GMP-91683NK, Gold Matt PVD"
Faucets,Laguna,10179,Aquamax Exposed Part Kit of Thermostatic Shower Mixer with 3-way diverter,Variant,4764,Aquamax Thermostatic Shower Mixer With 3-Way Diverter - Lever: Gold Matt PVD | Body: Black Matt,LAG-BGM-91683NK,Lever: Gold Matt PVD | Body: Black Matt,https://www.jaquar.com/images/thumbs/0060931_aquamax-thermostatic-shower-mixer-with-3-way-diverter-lever-gold-matt-pvd-body-black-matt_960.jpeg,12950.00,"Aquamax Exposed Part Kit of Thermostatic Shower Mixer with 3-way diverter (Compatible with ALD-683N)
",https://www.jaquar.com/en/aquamax-exposed-part-kit-of-thermostatic-shower-mixer-with-3-way-diverter-2?Id=10179,"Laguna, LAG-BGM-91683NK, Lever: Gold Matt PVD | Body: Black Matt"
Faucets,Laguna,10179,Aquamax Exposed Part Kit of Thermostatic Shower Mixer with 3-way diverter,Variant,4764,Aquamax Thermostatic Shower Mixer With 3-Way Diverter - Blush Gold Bright PVD,LAG-BGP-91683NK,Blush Gold PVD,https://www.jaquar.com/images/thumbs/0060935_aquamax-thermostatic-shower-mixer-with-3-way-diverter-blush-gold-pvd_960.jpeg,12950.00,"Aquamax Exposed Part Kit of Thermostatic Shower Mixer with 3-way diverter (Compatible with ALD-683N)
",https://www.jaquar.com/en/aquamax-exposed-part-kit-of-thermostatic-shower-mixer-with-3-way-diverter-2?Id=10179,"Laguna, LAG-BGP-91683NK, Blush Gold PVD"
Faucets,Laguna,10218,Bathtub Spout with Button Attachment,Parent,4767,Bathtub Spout with Button Attachment - Chrome,SPJ-CHR-91463,Chrome,https://www.jaquar.com/images/thumbs/0060670_bathtub-spout-with-button-attachment-chrome_960.jpeg,5700.00,Bathtub Spout with Button Attachment For Hand Shower with Wall Flange,https://www.jaquar.com/en/bathtub-spout-with-button-attachment?Id=10218,"Laguna, SPJ-CHR-91463, Chrome"
Faucets,Laguna,10218,Bathtub Spout with Button Attachment,Variant,4767,Bathtub Spout with Button Attachment - Black Chrome,SPJ-BCH-91463,Black Chrome,https://www.jaquar.com/images/thumbs/0055036_bathtub-spout-with-button-attachment-black-chrome_960.jpeg,8250.00,Bathtub Spout with Button Attachment For Hand Shower with Wall Flange,https://www.jaquar.com/en/bathtub-spout-with-button-attachment?Id=10218,"Laguna, SPJ-BCH-91463, Black Chrome"
Faucets,Laguna,10218,Bathtub Spout with Button Attachment,Variant,4767,Bathtub Spout with Button Attachment - Black Matt,SPJ-BLM-91463,Black Matt,https://www.jaquar.com/images/thumbs/0052616_bathtub-spout-with-button-attachment-black-matt_960.jpeg,8250.00,Bathtub Spout with Button Attachment For Hand Shower with Wall Flange,https://www.jaquar.com/en/bathtub-spout-with-button-attachment?Id=10218,"Laguna, SPJ-BLM-91463, Black Matt"
Faucets,Laguna,10218,Bathtub Spout with Button Attachment,Variant,4767,Bathtub Spout with Button Attachment - Gold Bright PVD,SPJ-GBP-91463,Gold Bright PVD,https://www.jaquar.com/images/thumbs/0055044_bathtub-spout-with-button-attachment-gold-bright-pvd_960.jpeg,9700.00,Bathtub Spout with Button Attachment For Hand Shower with Wall Flange,https://www.jaquar.com/en/bathtub-spout-with-button-attachment?Id=10218,"Laguna, SPJ-GBP-91463, Gold Bright PVD"
Faucets,Laguna,10218,Bathtub Spout with Button Attachment,Variant,4767,Bathtub Spout with Button Attachment - Gold Matt PVD,SPJ-GMP-91463,Gold Matt PVD,https://www.jaquar.com/images/thumbs/0055702_bathtub-spout-with-button-attachment-gold-matt-pvd_960.jpeg,9700.00,Bathtub Spout with Button Attachment For Hand Shower with Wall Flange,https://www.jaquar.com/en/bathtub-spout-with-button-attachment?Id=10218,"Laguna, SPJ-GMP-91463, Gold Matt PVD"
Faucets,Laguna,10218,Bathtub Spout with Button Attachment,Variant,4767,Bathtub Spout with Button Attachment - Blush Gold Bright PVD,SPJ-BGP-91463,Blush Gold PVD,https://www.jaquar.com/images/thumbs/0057031_bathtub-spout-with-button-attachment-blush-gold-pvd_960.jpeg,8500.00,Bathtub Spout with Button Attachment For Hand Shower with Wall Flange,https://www.jaquar.com/en/bathtub-spout-with-button-attachment?Id=10218,"Laguna, SPJ-BGP-91463, Blush Gold PVD"
Faucets,Laguna,10044,Exposed Part Kit of Left Hand Side Operated Single Lever Basin Mixer- Chrome,Parent,10034,Exposed Part Kit of Left Hand Side Operated Single Lever Basin Mixer- Chrome,LAG-CHR-91235NK,Chrome,https://www.jaquar.com/images/thumbs/0060769_exposed-part-kit-of-left-hand-side-operated-single-lever-basin-mixer-chrome_960.jpeg,7400.00,"Exposed Part Kit of Left Hand Side Operated Single Lever Basin Mixer Wall Mounted Consisting of Operating Lever, Cartridge Sleeve, Wall Flange, Nipple & Spout (Compatible with ALD-235N)",https://www.jaquar.com/en/exposed-part-kit-of-single-lever-basin-mixer-wall-mounted-7?Id=10044,"Laguna, LAG-CHR-91235NK, Chrome"
Faucets,Laguna,10044,Exposed Part Kit of Left Hand Side Operated Single Lever Basin Mixer- Chrome,Variant,10034,Exposed Part Kit of Left Hand Side Operated Single Lever Basin Mixer - Black Chrome,LAG-BCH-91235NK,Black Chrome,https://www.jaquar.com/images/thumbs/0060770_exposed-part-kit-of-left-hand-side-operated-single-lever-basin-mixer-black-chrome_960.jpeg,10700.00,"Exposed Part Kit of Left Hand Side Operated Single Lever Basin Mixer Wall Mounted Consisting of Operating Lever, Cartridge Sleeve, Wall Flange, Nipple & Spout (Compatible with ALD-235N)",https://www.jaquar.com/en/exposed-part-kit-of-single-lever-basin-mixer-wall-mounted-7?Id=10044,"Laguna, LAG-BCH-91235NK, Black Chrome"
Faucets,Laguna,10044,Exposed Part Kit of Left Hand Side Operated Single Lever Basin Mixer- Chrome,Variant,10034,Exposed Part Kit of Left Hand Side Operated Single Lever Basin Mixer - Black Matt,LAG-BLM-91235NK,Black Matt,https://www.jaquar.com/images/thumbs/0060771_exposed-part-kit-of-left-hand-side-operated-single-lever-basin-mixer-black-matt_960.jpeg,10700.00,"Exposed Part Kit of Left Hand Side Operated Single Lever Basin Mixer Wall Mounted Consisting of Operating Lever, Cartridge Sleeve, Wall Flange, Nipple & Spout (Compatible with ALD-235N)",https://www.jaquar.com/en/exposed-part-kit-of-single-lever-basin-mixer-wall-mounted-7?Id=10044,"Laguna, LAG-BLM-91235NK, Black Matt"
Faucets,Laguna,10044,Exposed Part Kit of Left Hand Side Operated Single Lever Basin Mixer- Chrome,Variant,10034,Exposed Part Kit of Left Hand Side Operated Single Lever Basin Mixer - Lever: Black Chrome | Body: Black Matt,LAG-BBC-91235NK,Lever: Black Chrome | Body: Black Matt,https://www.jaquar.com/images/thumbs/0060774_exposed-part-kit-of-left-hand-side-operated-single-lever-basin-mixer-lever-black-chrome-body-black-m_960.jpeg,10700.00,"Exposed Part Kit of Left Hand Side Operated Single Lever Basin Mixer Wall Mounted Consisting of Operating Lever, Cartridge Sleeve, Wall Flange, Nipple & Spout (Compatible with ALD-235N)",https://www.jaquar.com/en/exposed-part-kit-of-single-lever-basin-mixer-wall-mounted-7?Id=10044,"Laguna, LAG-BBC-91235NK, Lever: Black Chrome | Body: Black Matt"
Faucets,Laguna,10044,Exposed Part Kit of Left Hand Side Operated Single Lever Basin Mixer- Chrome,Variant,10034,Exposed Part Kit of Left Hand Side Operated Single Lever Basin Mixer - Gold Bright PVD,LAG-GBP-91235NK,Gold Bright PVD,https://www.jaquar.com/images/thumbs/0060776_exposed-part-kit-of-left-hand-side-operated-single-lever-basin-mixer-gold-bright-pvd_960.jpeg,12600.00,"Exposed Part Kit of Left Hand Side Operated Single Lever Basin Mixer Wall Mounted Consisting of Operating Lever, Cartridge Sleeve, Wall Flange, Nipple & Spout (Compatible with ALD-235N)",https://www.jaquar.com/en/exposed-part-kit-of-single-lever-basin-mixer-wall-mounted-7?Id=10044,"Laguna, LAG-GBP-91235NK, Gold Bright PVD"
Faucets,Laguna,10044,Exposed Part Kit of Left Hand Side Operated Single Lever Basin Mixer- Chrome,Variant,10034,Exposed Part Kit of Left Hand Side Operated Single Lever Basin Mixer - Lever: Gold Bright PVD | Body: Gold Matt PVD,LAG-GMG-91235NK,Lever: Gold Bright PVD | Body: Gold Matt PVD,https://www.jaquar.com/images/thumbs/0060775_exposed-part-kit-of-left-hand-side-operated-single-lever-basin-mixer-lever-gold-bright-pvd-body-gold_960.jpeg,12600.00,"Exposed Part Kit of Left Hand Side Operated Single Lever Basin Mixer Wall Mounted Consisting of Operating Lever, Cartridge Sleeve, Wall Flange, Nipple & Spout (Compatible with ALD-235N)",https://www.jaquar.com/en/exposed-part-kit-of-single-lever-basin-mixer-wall-mounted-7?Id=10044,"Laguna, LAG-GMG-91235NK, Lever: Gold Bright PVD | Body: Gold Matt PVD"
Faucets,Laguna,10044,Exposed Part Kit of Left Hand Side Operated Single Lever Basin Mixer- Chrome,Variant,10034,Exposed Part Kit of Left Hand Side Operated Single Lever Basin Mixer - Gold Matt PVD,LAG-GMP-91235NK,Gold Matt PVD,https://www.jaquar.com/images/thumbs/0060772_exposed-part-kit-of-left-hand-side-operated-single-lever-basin-mixer-gold-matt-pvd_960.jpeg,12600.00,"Exposed Part Kit of Left Hand Side Operated Single Lever Basin Mixer Wall Mounted Consisting of Operating Lever, Cartridge Sleeve, Wall Flange, Nipple & Spout (Compatible with ALD-235N)",https://www.jaquar.com/en/exposed-part-kit-of-single-lever-basin-mixer-wall-mounted-7?Id=10044,"Laguna, LAG-GMP-91235NK, Gold Matt PVD"
Faucets,Laguna,10044,Exposed Part Kit of Left Hand Side Operated Single Lever Basin Mixer- Chrome,Variant,10034,Exposed Part Kit of Left Hand Side Operated Single Lever Basin Mixer - Lever: Gold Matt PVD | Body: Black Matt,LAG-BGM-91235NK,Lever: Gold Matt PVD | Body: Black Matt,https://www.jaquar.com/images/thumbs/0060773_exposed-part-kit-of-left-hand-side-operated-single-lever-basin-mixer-lever-gold-matt-pvd-body-black-_960.jpeg,11100.00,"Exposed Part Kit of Left Hand Side Operated Single Lever Basin Mixer Wall Mounted Consisting of Operating Lever, Cartridge Sleeve, Wall Flange, Nipple & Spout (Compatible with ALD-235N)",https://www.jaquar.com/en/exposed-part-kit-of-single-lever-basin-mixer-wall-mounted-7?Id=10044,"Laguna, LAG-BGM-91235NK, Lever: Gold Matt PVD | Body: Black Matt"
Faucets,Laguna,10044,Exposed Part Kit of Left Hand Side Operated Single Lever Basin Mixer- Chrome,Variant,10034,Exposed Part Kit of Left Hand Side Operated Single Lever Basin Mixer - Blush Gold Bright PVD,LAG-BGP-91235NK,Blush Gold Bright PVD,https://www.jaquar.com/images/thumbs/0060777_exposed-part-kit-of-left-hand-side-operated-single-lever-basin-mixer-blush-gold-pvd_960.jpeg,11100.00,"Exposed Part Kit of Left Hand Side Operated Single Lever Basin Mixer Wall Mounted Consisting of Operating Lever, Cartridge Sleeve, Wall Flange, Nipple & Spout (Compatible with ALD-235N)",https://www.jaquar.com/en/exposed-part-kit-of-single-lever-basin-mixer-wall-mounted-7?Id=10044,"Laguna, LAG-BGP-91235NK, Blush Gold Bright PVD"
Faucets,Laguna,4907,Exposed Part Kit of Single Lever Basin Mixer Wall Mounted,Parent,4741,Exposed Part Kit of Single Lever Basin Mixer Wall Mounted - Chrome,LAG-CHR-91233NK,Chrome,https://www.jaquar.com/images/thumbs/0060759_exposed-part-kit-of-single-lever-basin-mixer-wall-mounted-chrome_960.jpeg,7400.00,"Exposed Part Kit of Single Lever Basin Mixer Wall Mounted Consisting of Operating Lever, Cartridge Sleeve, Wall Flange, Nipple & Spout (Compatible with ALD-233N)
",https://www.jaquar.com/en/laguna-exposed-part-kit-of-single-lever-basin-mixer?Id=4907,"Laguna, LAG-CHR-91233NK, Chrome"
Faucets,Laguna,4907,Exposed Part Kit of Single Lever Basin Mixer Wall Mounted,Variant,4741,Exposed Part Kit of Single Lever Basin Mixer Wall Mounted - Black Chrome,LAG-BCH-91233NK,Black Chrome,https://www.jaquar.com/images/thumbs/0060760_exposed-part-kit-of-single-lever-basin-mixer-wall-mounted-black-chrome_960.jpeg,10700.00,"Exposed Part Kit of Single Lever Basin Mixer Wall Mounted Consisting of Operating Lever, Cartridge Sleeve, Wall Flange, Nipple & Spout (Compatible with ALD-233N)
",https://www.jaquar.com/en/laguna-exposed-part-kit-of-single-lever-basin-mixer?Id=4907,"Laguna, LAG-BCH-91233NK, Black Chrome"
Faucets,Laguna,4907,Exposed Part Kit of Single Lever Basin Mixer Wall Mounted,Variant,4741,Exposed Part Kit of Single Lever Basin Mixer Wall Mounted - Black Matt,LAG-BLM-91233NK,Black Matt,https://www.jaquar.com/images/thumbs/0060761_exposed-part-kit-of-single-lever-basin-mixer-wall-mounted-black-matt_960.jpeg,10700.00,"Exposed Part Kit of Single Lever Basin Mixer Wall Mounted Consisting of Operating Lever, Cartridge Sleeve, Wall Flange, Nipple & Spout (Compatible with ALD-233N)
",https://www.jaquar.com/en/laguna-exposed-part-kit-of-single-lever-basin-mixer?Id=4907,"Laguna, LAG-BLM-91233NK, Black Matt"
Faucets,Laguna,4907,Exposed Part Kit of Single Lever Basin Mixer Wall Mounted,Variant,4741,Exposed Part Kit of Single Lever Basin Mixer Wall Mounted - Blush Gold Bright PVD,LAG-BGP-91233NK,Blush Gold PVD,https://www.jaquar.com/images/thumbs/0060766_exposed-part-kit-of-single-lever-basin-mixer-wall-mounted-blush-gold-pvd_960.jpeg,11100.00,"Exposed Part Kit of Single Lever Basin Mixer Wall Mounted Consisting of Operating Lever, Cartridge Sleeve, Wall Flange, Nipple & Spout (Compatible with ALD-233N)
",https://www.jaquar.com/en/laguna-exposed-part-kit-of-single-lever-basin-mixer?Id=4907,"Laguna, LAG-BGP-91233NK, Blush Gold PVD"
Faucets,Laguna,4907,Exposed Part Kit of Single Lever Basin Mixer Wall Mounted,Variant,4741,Exposed Part Kit of Single Lever Basin Mixer Wall Mounted - Lever: Black Chrome | Body: Black Matt,LAG-BBC-91233NK,Lever: Black Chrome | Body: Black Matt,https://www.jaquar.com/images/thumbs/0060764_exposed-part-kit-of-single-lever-basin-mixer-wall-mounted-lever-black-chrome-body-black-matt_960.jpeg,10700.00,"Exposed Part Kit of Single Lever Basin Mixer Wall Mounted Consisting of Operating Lever, Cartridge Sleeve, Wall Flange, Nipple & Spout (Compatible with ALD-233N)
",https://www.jaquar.com/en/laguna-exposed-part-kit-of-single-lever-basin-mixer?Id=4907,"Laguna, LAG-BBC-91233NK, Lever: Black Chrome | Body: Black Matt"
Faucets,Laguna,4907,Exposed Part Kit of Single Lever Basin Mixer Wall Mounted,Variant,4741,Exposed Part Kit of Single Lever Basin Mixer Wall Mounted - Gold Bright PVD,LAG-GBP-91233NK,Gold Bright PVD,https://www.jaquar.com/images/thumbs/0060767_exposed-part-kit-of-single-lever-basin-mixer-wall-mounted-gold-bright-pvd_960.jpeg,12600.00,"Exposed Part Kit of Single Lever Basin Mixer Wall Mounted Consisting of Operating Lever, Cartridge Sleeve, Wall Flange, Nipple & Spout (Compatible with ALD-233N)
",https://www.jaquar.com/en/laguna-exposed-part-kit-of-single-lever-basin-mixer?Id=4907,"Laguna, LAG-GBP-91233NK, Gold Bright PVD"
Faucets,Laguna,4907,Exposed Part Kit of Single Lever Basin Mixer Wall Mounted,Variant,4741,Exposed Part Kit of Single Lever Basin Mixer Wall Mounted - Lever: Gold Bright PVD | Body: Gold Matt PVD,LAG-GMG-91233NK,Lever: Gold Bright PVD | Body: Gold Matt PVD,https://www.jaquar.com/images/thumbs/0060765_exposed-part-kit-of-single-lever-basin-mixer-wall-mounted-lever-gold-bright-pvd-body-gold-matt-pvd_960.jpeg,12600.00,"Exposed Part Kit of Single Lever Basin Mixer Wall Mounted Consisting of Operating Lever, Cartridge Sleeve, Wall Flange, Nipple & Spout (Compatible with ALD-233N)
",https://www.jaquar.com/en/laguna-exposed-part-kit-of-single-lever-basin-mixer?Id=4907,"Laguna, LAG-GMG-91233NK, Lever: Gold Bright PVD | Body: Gold Matt PVD"
Faucets,Laguna,4907,Exposed Part Kit of Single Lever Basin Mixer Wall Mounted,Variant,4741,Exposed Part Kit of Single Lever Basin Mixer Wall Mounted - Gold Matt PVD,LAG-GMP-91233NK,Gold Matt PVD,https://www.jaquar.com/images/thumbs/0060762_exposed-part-kit-of-single-lever-basin-mixer-wall-mounted-gold-matt-pvd_960.jpeg,12600.00,"Exposed Part Kit of Single Lever Basin Mixer Wall Mounted Consisting of Operating Lever, Cartridge Sleeve, Wall Flange, Nipple & Spout (Compatible with ALD-233N)
",https://www.jaquar.com/en/laguna-exposed-part-kit-of-single-lever-basin-mixer?Id=4907,"Laguna, LAG-GMP-91233NK, Gold Matt PVD"
Faucets,Laguna,4907,Exposed Part Kit of Single Lever Basin Mixer Wall Mounted,Variant,4741,Exposed Part Kit of Single Lever Basin Mixer Wall Mounted - Lever: Gold Matt PVD | Body: Black Matt,LAG-BGM-91233NK,Lever: Gold Matt PVD | Body: Black Matt,https://www.jaquar.com/images/thumbs/0060763_exposed-part-kit-of-single-lever-basin-mixer-wall-mounted-lever-gold-matt-pvd-body-black-matt_960.jpeg,11100.00,"Exposed Part Kit of Single Lever Basin Mixer Wall Mounted Consisting of Operating Lever, Cartridge Sleeve, Wall Flange, Nipple & Spout (Compatible with ALD-233N)
",https://www.jaquar.com/en/laguna-exposed-part-kit-of-single-lever-basin-mixer?Id=4907,"Laguna, LAG-BGM-91233NK, Lever: Gold Matt PVD | Body: Black Matt"
Faucets,Laguna,10175,Exposed Parts kit of Single Lever Basin Mixer Wall Mounted,Parent,4739,Exposed Parts kit of Single Lever Basin Mixer Wall Mounted - Chrome,LAG-CHR-91231NK,Chrome,https://www.jaquar.com/images/thumbs/0060749_exposed-parts-kit-of-single-lever-basin-mixer-wall-mounted-chrome_960.jpeg,6750.00,"Exposed Parts kit of Single Lever Basin Mixer Wall Mounted Consisting of Operating Lever, Cartridge Sleeve, Nipple, Spout & Two Wall Flanges (Compatible with ALD-233NPSO or ALD-235NPSO)",https://www.jaquar.com/en/laguna-exposed-parts-kit-of-single-lever-basin-mixer-2-flange?Id=10175,"Laguna, LAG-CHR-91231NK, Chrome"
Faucets,Laguna,10175,Exposed Parts kit of Single Lever Basin Mixer Wall Mounted,Variant,4739,Exposed Parts kit of Single Lever Basin Mixer Wall Mounted - Black Chrome,LAG-BCH-91231NK,Black Chrome,https://www.jaquar.com/images/thumbs/0060750_exposed-parts-kit-of-single-lever-basin-mixer-wall-mounted-black-chrome_960.jpeg,9750.00,"Exposed Parts kit of Single Lever Basin Mixer Wall Mounted Consisting of Operating Lever, Cartridge Sleeve, Nipple, Spout & Two Wall Flanges (Compatible with ALD-233NPSO or ALD-235NPSO)",https://www.jaquar.com/en/laguna-exposed-parts-kit-of-single-lever-basin-mixer-2-flange?Id=10175,"Laguna, LAG-BCH-91231NK, Black Chrome"
Faucets,Laguna,10175,Exposed Parts kit of Single Lever Basin Mixer Wall Mounted,Variant,4739,Exposed Parts kit of Single Lever Basin Mixer Wall Mounted - Lever: Gold Matt PVD | Body: Black Matt,LAG-BGM-91231NK,Lever: Gold Matt PVD | Body: Black Matt,https://www.jaquar.com/images/thumbs/0060756_exposed-parts-kit-of-single-lever-basin-mixer-wall-mounted-lever-gold-matt-pvd-body-black-matt_960.jpeg,10100.00,"Exposed Parts kit of Single Lever Basin Mixer Wall Mounted Consisting of Operating Lever, Cartridge Sleeve, Nipple, Spout & Two Wall Flanges (Compatible with ALD-233NPSO or ALD-235NPSO)",https://www.jaquar.com/en/laguna-exposed-parts-kit-of-single-lever-basin-mixer-2-flange?Id=10175,"Laguna, LAG-BGM-91231NK, Lever: Gold Matt PVD | Body: Black Matt"
Faucets,Laguna,10175,Exposed Parts kit of Single Lever Basin Mixer Wall Mounted,Variant,4739,Exposed Parts kit of Single Lever Basin Mixer Wall Mounted - Black Matt,LAG-BLM-91231NK,Black Matt,https://www.jaquar.com/images/thumbs/0060751_exposed-parts-kit-of-single-lever-basin-mixer-wall-mounted-black-matt_960.jpeg,9750.00,"Exposed Parts kit of Single Lever Basin Mixer Wall Mounted Consisting of Operating Lever, Cartridge Sleeve, Nipple, Spout & Two Wall Flanges (Compatible with ALD-233NPSO or ALD-235NPSO)",https://www.jaquar.com/en/laguna-exposed-parts-kit-of-single-lever-basin-mixer-2-flange?Id=10175,"Laguna, LAG-BLM-91231NK, Black Matt"
Faucets,Laguna,10175,Exposed Parts kit of Single Lever Basin Mixer Wall Mounted,Variant,4739,Exposed Parts kit of Single Lever Basin Mixer Wall Mounted - Gold Bright PVD,LAG-GBP-91231NK,Gold Bright PVD,https://www.jaquar.com/images/thumbs/0060755_exposed-parts-kit-of-single-lever-basin-mixer-wall-mounted-gold-bright-pvd_960.jpeg,11500.00,"Exposed Parts kit of Single Lever Basin Mixer Wall Mounted Consisting of Operating Lever, Cartridge Sleeve, Nipple, Spout & Two Wall Flanges (Compatible with ALD-233NPSO or ALD-235NPSO)",https://www.jaquar.com/en/laguna-exposed-parts-kit-of-single-lever-basin-mixer-2-flange?Id=10175,"Laguna, LAG-GBP-91231NK, Gold Bright PVD"
Faucets,Laguna,10175,Exposed Parts kit of Single Lever Basin Mixer Wall Mounted,Variant,4739,Exposed Parts kit of Single Lever Basin Mixer Wall Mounted - Gold Matt PVD,LAG-GMP-91231NK,Gold Matt PVD,https://www.jaquar.com/images/thumbs/0060752_exposed-parts-kit-of-single-lever-basin-mixer-wall-mounted-gold-matt-pvd_960.jpeg,11500.00,"Exposed Parts kit of Single Lever Basin Mixer Wall Mounted Consisting of Operating Lever, Cartridge Sleeve, Nipple, Spout & Two Wall Flanges (Compatible with ALD-233NPSO or ALD-235NPSO)",https://www.jaquar.com/en/laguna-exposed-parts-kit-of-single-lever-basin-mixer-2-flange?Id=10175,"Laguna, LAG-GMP-91231NK, Gold Matt PVD"
Faucets,Laguna,10175,Exposed Parts kit of Single Lever Basin Mixer Wall Mounted,Variant,4739,Exposed Parts kit of Single Lever Basin Mixer Wall Mounted - Lever: Black Chrome | Body: Black Matt,LAG-BBC-91231NK,Lever: Black Chrome | Body: Black Matt,https://www.jaquar.com/images/thumbs/0060753_exposed-parts-kit-of-single-lever-basin-mixer-wall-mounted-lever-black-chrome-body-black-matt_960.jpeg,9750.00,"Exposed Parts kit of Single Lever Basin Mixer Wall Mounted Consisting of Operating Lever, Cartridge Sleeve, Nipple, Spout & Two Wall Flanges (Compatible with ALD-233NPSO or ALD-235NPSO)",https://www.jaquar.com/en/laguna-exposed-parts-kit-of-single-lever-basin-mixer-2-flange?Id=10175,"Laguna, LAG-BBC-91231NK, Lever: Black Chrome | Body: Black Matt"
Faucets,Laguna,10175,Exposed Parts kit of Single Lever Basin Mixer Wall Mounted,Variant,4739,Exposed Parts kit of Single Lever Basin Mixer Wall Mounted - Lever: Gold Bright PVD | Body: Gold Matt PVD,LAG-GMG-91231NK,Lever: Gold Bright PVD | Body: Gold Matt PVD,https://www.jaquar.com/images/thumbs/0060754_exposed-parts-kit-of-single-lever-basin-mixer-wall-mounted-lever-gold-bright-pvd-body-gold-matt-pvd_960.jpeg,11500.00,"Exposed Parts kit of Single Lever Basin Mixer Wall Mounted Consisting of Operating Lever, Cartridge Sleeve, Nipple, Spout & Two Wall Flanges (Compatible with ALD-233NPSO or ALD-235NPSO)",https://www.jaquar.com/en/laguna-exposed-parts-kit-of-single-lever-basin-mixer-2-flange?Id=10175,"Laguna, LAG-GMG-91231NK, Lever: Gold Bright PVD | Body: Gold Matt PVD"
Faucets,Laguna,10175,Exposed Parts kit of Single Lever Basin Mixer Wall Mounted,Variant,4739,Exposed Parts kit of Single Lever Basin Mixer Wall Mounted - Blush Gold Bright PVD,LAG-BGP-91231NK,Blush Gold PVD,https://www.jaquar.com/images/thumbs/0060757_exposed-parts-kit-of-single-lever-basin-mixer-wall-mounted-blush-gold-pvd_960.jpeg,10100.00,"Exposed Parts kit of Single Lever Basin Mixer Wall Mounted Consisting of Operating Lever, Cartridge Sleeve, Nipple, Spout & Two Wall Flanges (Compatible with ALD-233NPSO or ALD-235NPSO)",https://www.jaquar.com/en/laguna-exposed-parts-kit-of-single-lever-basin-mixer-2-flange?Id=10175,"Laguna, LAG-BGP-91231NK, Blush Gold PVD"
Faucets,Laguna,10167,Exposed Parts of Floor Mounted Single Lever Bath Mixer,Parent,4750,Exposed Parts of Floor Mounted Single Lever Bath Mixer - Chrome,LAG-CHR-91121K,Chrome,https://www.jaquar.com/images/thumbs/0060720_exposed-parts-of-floor-mounted-single-lever-bath-mixer-chrome_960.jpeg,66500.00,"Exposed Parts of Floor Mounted Single Lever Bath Mixer with Provision for Hand Shower, without Hand Shower & Shower Hose (Compatible with ALD-121)",https://www.jaquar.com/en/exposed-parts-of-floor-mounted-single-lever-bath-mixer-13?Id=10167,"Laguna, LAG-CHR-91121K, Chrome"
Faucets,Laguna,10167,Exposed Parts of Floor Mounted Single Lever Bath Mixer,Variant,4750,Exposed Parts of Floor Mounted Single Lever Bath Mixer - Black Chrome,LAG-BCH-91121K,Black Chrome,https://www.jaquar.com/images/thumbs/0060721_exposed-parts-of-floor-mounted-single-lever-bath-mixer-black-chrome_960.jpeg,96100.00,"Exposed Parts of Floor Mounted Single Lever Bath Mixer with Provision for Hand Shower, without Hand Shower & Shower Hose (Compatible with ALD-121)",https://www.jaquar.com/en/exposed-parts-of-floor-mounted-single-lever-bath-mixer-13?Id=10167,"Laguna, LAG-BCH-91121K, Black Chrome"
Faucets,Laguna,10167,Exposed Parts of Floor Mounted Single Lever Bath Mixer,Variant,4750,Exposed Parts of Floor Mounted Single Lever Bath Mixer - Black Matt,LAG-BLM-91121K,Black Matt,https://www.jaquar.com/images/thumbs/0060722_exposed-parts-of-floor-mounted-single-lever-bath-mixer-black-matt_960.jpeg,96100.00,"Exposed Parts of Floor Mounted Single Lever Bath Mixer with Provision for Hand Shower, without Hand Shower & Shower Hose (Compatible with ALD-121)",https://www.jaquar.com/en/exposed-parts-of-floor-mounted-single-lever-bath-mixer-13?Id=10167,"Laguna, LAG-BLM-91121K, Black Matt"
Faucets,Laguna,10167,Exposed Parts of Floor Mounted Single Lever Bath Mixer,Variant,4750,Exposed Parts of Floor Mounted Single Lever Bath Mixer - Lever: Black Chrome | Body: Black Matt,LAG-BBC-91121K,Lever: Black Chrome | Body: Black Matt,https://www.jaquar.com/images/thumbs/0060725_exposed-parts-of-floor-mounted-single-lever-bath-mixer-lever-black-chrome-body-black-matt_960.jpeg,96100.00,"Exposed Parts of Floor Mounted Single Lever Bath Mixer with Provision for Hand Shower, without Hand Shower & Shower Hose (Compatible with ALD-121)",https://www.jaquar.com/en/exposed-parts-of-floor-mounted-single-lever-bath-mixer-13?Id=10167,"Laguna, LAG-BBC-91121K, Lever: Black Chrome | Body: Black Matt"
Faucets,Laguna,10167,Exposed Parts of Floor Mounted Single Lever Bath Mixer,Variant,4750,Exposed Parts of Floor Mounted Single Lever Bath Mixer - Gold Bright PVD,LAG-GBP-91121K,Gold Bright PVD,https://www.jaquar.com/images/thumbs/0060727_exposed-parts-of-floor-mounted-single-lever-bath-mixer-gold-bright-pvd_960.jpeg,113300.00,"Exposed Parts of Floor Mounted Single Lever Bath Mixer with Provision for Hand Shower, without Hand Shower & Shower Hose (Compatible with ALD-121)",https://www.jaquar.com/en/exposed-parts-of-floor-mounted-single-lever-bath-mixer-13?Id=10167,"Laguna, LAG-GBP-91121K, Gold Bright PVD"
Faucets,Laguna,10167,Exposed Parts of Floor Mounted Single Lever Bath Mixer,Variant,4750,Exposed Parts of Floor Mounted Single Lever Bath Mixer - Lever: Gold Bright PVD | Body: Gold Matt PVD,LAG-GMG-91121K,Lever: Gold Bright PVD | Body: Gold Matt PVD,https://www.jaquar.com/images/thumbs/0060726_exposed-parts-of-floor-mounted-single-lever-bath-mixer-lever-gold-bright-pvd-body-gold-matt-pvd_960.jpeg,113300.00,"Exposed Parts of Floor Mounted Single Lever Bath Mixer with Provision for Hand Shower, without Hand Shower & Shower Hose (Compatible with ALD-121)",https://www.jaquar.com/en/exposed-parts-of-floor-mounted-single-lever-bath-mixer-13?Id=10167,"Laguna, LAG-GMG-91121K, Lever: Gold Bright PVD | Body: Gold Matt PVD"
Faucets,Laguna,10167,Exposed Parts of Floor Mounted Single Lever Bath Mixer,Variant,4750,Exposed Parts of Floor Mounted Single Lever Bath Mixer - Gold Matt PVD,LAG-GMP-91121K,Gold Matt PVD,https://www.jaquar.com/images/thumbs/0060723_exposed-parts-of-floor-mounted-single-lever-bath-mixer-gold-matt-pvd_960.jpeg,113300.00,"Exposed Parts of Floor Mounted Single Lever Bath Mixer with Provision for Hand Shower, without Hand Shower & Shower Hose (Compatible with ALD-121)",https://www.jaquar.com/en/exposed-parts-of-floor-mounted-single-lever-bath-mixer-13?Id=10167,"Laguna, LAG-GMP-91121K, Gold Matt PVD"
Faucets,Laguna,10167,Exposed Parts of Floor Mounted Single Lever Bath Mixer,Variant,4750,Exposed Parts of Floor Mounted Single Lever Bath Mixer - Lever: Gold Matt PVD | Body: Black Matt,LAG-BGM-91121K,Lever: Gold Matt PVD | Body: Black Matt,https://www.jaquar.com/images/thumbs/0060724_exposed-parts-of-floor-mounted-single-lever-bath-mixer-lever-gold-matt-pvd-body-black-matt_960.jpeg,99500.00,"Exposed Parts of Floor Mounted Single Lever Bath Mixer with Provision for Hand Shower, without Hand Shower & Shower Hose (Compatible with ALD-121)",https://www.jaquar.com/en/exposed-parts-of-floor-mounted-single-lever-bath-mixer-13?Id=10167,"Laguna, LAG-BGM-91121K, Lever: Gold Matt PVD | Body: Black Matt"
Faucets,Laguna,10167,Exposed Parts of Floor Mounted Single Lever Bath Mixer,Variant,4750,Exposed Parts of Floor Mounted Single Lever Bath Mixer - Blush Gold Bright PVD,LAG-BGP-91121K,Blush Gold PVD,https://www.jaquar.com/images/thumbs/0060728_exposed-parts-of-floor-mounted-single-lever-bath-mixer-blush-gold-pvd_960.jpeg,99500.00,"Exposed Parts of Floor Mounted Single Lever Bath Mixer with Provision for Hand Shower, without Hand Shower & Shower Hose (Compatible with ALD-121)",https://www.jaquar.com/en/exposed-parts-of-floor-mounted-single-lever-bath-mixer-13?Id=10167,"Laguna, LAG-BGP-91121K, Blush Gold PVD"
Faucets,Laguna,10213,Shower Arm,Parent,4768,Shower Arm - Chrome,SHA-CHR-91483,Chrome,https://www.jaquar.com/images/thumbs/0043134_shower-arm-chrome_960.jpeg,5800.00,Shower Arm for operating Overhead Shower and Holding Shower Enclosure,https://www.jaquar.com/en/shower-arm-5?Id=10213,"Laguna, SHA-CHR-91483, Chrome"
Faucets,Laguna,10213,Shower Arm,Variant,4768,Shower Arm - Black Chrome,SHA-BCH-91483,Black Chrome,https://www.jaquar.com/images/thumbs/0025645_shower-arm-black-chrome_960.jpeg,8350.00,Shower Arm for operating Overhead Shower and Holding Shower Enclosure,https://www.jaquar.com/en/shower-arm-5?Id=10213,"Laguna, SHA-BCH-91483, Black Chrome"
Faucets,Laguna,10213,Shower Arm,Variant,4768,Shower Arm - Black Matt,SHA-BLM-91483,Black Matt,https://www.jaquar.com/images/thumbs/0052612_shower-arm-black-matt_960.jpeg,8350.00,Shower Arm for operating Overhead Shower and Holding Shower Enclosure,https://www.jaquar.com/en/shower-arm-5?Id=10213,"Laguna, SHA-BLM-91483, Black Matt"
Faucets,Laguna,10213,Shower Arm,Variant,4768,Shower Arm - Gold Bright PVD,SHA-GBP-91483,Gold Bright PVD,https://www.jaquar.com/images/thumbs/0055865_shower-arm-gold-bright-pvd_960.jpeg,9850.00,Shower Arm for operating Overhead Shower and Holding Shower Enclosure,https://www.jaquar.com/en/shower-arm-5?Id=10213,"Laguna, SHA-GBP-91483, Gold Bright PVD"
Faucets,Laguna,10213,Shower Arm,Variant,4768,Shower Arm - Gold Matt PVD,SHA-GMP-91483,Gold Matt PVD,https://www.jaquar.com/images/thumbs/0055682_shower-arm-gold-matt-pvd_960.jpeg,9850.00,Shower Arm for operating Overhead Shower and Holding Shower Enclosure,https://www.jaquar.com/en/shower-arm-5?Id=10213,"Laguna, SHA-GMP-91483, Gold Matt PVD"
Faucets,Laguna,10213,Shower Arm,Variant,4768,Shower Arm - Blush Gold Bright PVD,SHA-BGP-91483,Blush Gold PVD,https://www.jaquar.com/images/thumbs/0055929_shower-arm-blush-gold-pvd_960.jpeg,8650.00,Shower Arm for operating Overhead Shower and Holding Shower Enclosure,https://www.jaquar.com/en/shower-arm-5?Id=10213,"Laguna, SHA-BGP-91483, Blush Gold PVD"
Faucets,Laguna,10173,Single Lever 1-Hole Bidet Mixer with Popup Waste System,Parent,4751,Single Lever 1-Hole Bidet Mixer with Popup Waste System - Chrome,LAG-CHR-91213B,Chrome,https://www.jaquar.com/images/thumbs/0060686_single-lever-1-hole-bidet-mixer-with-popup-waste-system-chrome_960.jpeg,12000.00,Single Lever 1-Hole Bidet Mixer with Popup Waste System with 375mm Long Braided Hoses,https://www.jaquar.com/en/laguna-single-lever-1-hole-bidet-mixer-with-popup-waste-system?Id=10173,"Laguna, LAG-CHR-91213B, Chrome"
Faucets,Laguna,10173,Single Lever 1-Hole Bidet Mixer with Popup Waste System,Variant,4751,Single Lever 1-Hole Bidet Mixer with Popup Waste System - Black Chrome,LAG-BCH-91213B,Black Chrome,https://www.jaquar.com/images/thumbs/0059129_single-lever-1-hole-bidet-mixer-with-popup-waste-system-black-chrome_960.jpeg,17300.00,Single Lever 1-Hole Bidet Mixer with Popup Waste System with 375mm Long Braided Hoses,https://www.jaquar.com/en/laguna-single-lever-1-hole-bidet-mixer-with-popup-waste-system?Id=10173,"Laguna, LAG-BCH-91213B, Black Chrome"
Faucets,Laguna,10173,Single Lever 1-Hole Bidet Mixer with Popup Waste System,Variant,4751,Single Lever 1-Hole Bidet Mixer with Popup Waste System - Black Matt,LAG-BLM-91213B,Black Matt,https://www.jaquar.com/images/thumbs/0059134_single-lever-1-hole-bidet-mixer-with-popup-waste-system-black-matt_960.jpeg,17300.00,Single Lever 1-Hole Bidet Mixer with Popup Waste System with 375mm Long Braided Hoses,https://www.jaquar.com/en/laguna-single-lever-1-hole-bidet-mixer-with-popup-waste-system?Id=10173,"Laguna, LAG-BLM-91213B, Black Matt"
Faucets,Laguna,10173,Single Lever 1-Hole Bidet Mixer with Popup Waste System,Variant,4751,Single Lever 1-Hole Bidet Mixer with Popup Waste System - Lever: Black Chrome | Body: Black Matt,LAG-BBC-91213B,Lever: Black Chrome | Body: Black Matt,https://www.jaquar.com/images/thumbs/0059126_single-lever-1-hole-bidet-mixer-with-popup-waste-system-lever-black-chrome-body-black-matt_960.jpeg,17300.00,Single Lever 1-Hole Bidet Mixer with Popup Waste System with 375mm Long Braided Hoses,https://www.jaquar.com/en/laguna-single-lever-1-hole-bidet-mixer-with-popup-waste-system?Id=10173,"Laguna, LAG-BBC-91213B, Lever: Black Chrome | Body: Black Matt"
Faucets,Laguna,10173,Single Lever 1-Hole Bidet Mixer with Popup Waste System,Variant,4751,Single Lever 1-Hole Bidet Mixer with Popup Waste System - Gold Bright PVD,LAG-GBP-91213B,Gold Bright PVD,https://www.jaquar.com/images/thumbs/0059374_single-lever-1-hole-bidet-mixer-with-popup-waste-system-gold-bright-pvd_960.jpeg,20400.00,Single Lever 1-Hole Bidet Mixer with Popup Waste System with 375mm Long Braided Hoses,https://www.jaquar.com/en/laguna-single-lever-1-hole-bidet-mixer-with-popup-waste-system?Id=10173,"Laguna, LAG-GBP-91213B, Gold Bright PVD"
Faucets,Laguna,10173,Single Lever 1-Hole Bidet Mixer with Popup Waste System,Variant,4751,Single Lever 1-Hole Bidet Mixer with Popup Waste System - Lever: Gold Bright PVD | Body: Gold Matt PVD,LAG-GMG-91213B,Lever: Gold Bright PVD | Body: Gold Matt PVD,https://www.jaquar.com/images/thumbs/0059132_single-lever-1-hole-bidet-mixer-with-popup-waste-system-lever-gold-bright-pvd-body-gold-matt-pvd_960.jpeg,20400.00,Single Lever 1-Hole Bidet Mixer with Popup Waste System with 375mm Long Braided Hoses,https://www.jaquar.com/en/laguna-single-lever-1-hole-bidet-mixer-with-popup-waste-system?Id=10173,"Laguna, LAG-GMG-91213B, Lever: Gold Bright PVD | Body: Gold Matt PVD"
Faucets,Laguna,10173,Single Lever 1-Hole Bidet Mixer with Popup Waste System,Variant,4751,Single Lever 1-Hole Bidet Mixer with Popup Waste System - Gold Matt PVD,LAG-GMP-91213B,Gold Matt PVD,https://www.jaquar.com/images/thumbs/0059376_single-lever-1-hole-bidet-mixer-with-popup-waste-system-gold-matt-pvd_960.jpeg,20400.00,Single Lever 1-Hole Bidet Mixer with Popup Waste System with 375mm Long Braided Hoses,https://www.jaquar.com/en/laguna-single-lever-1-hole-bidet-mixer-with-popup-waste-system?Id=10173,"Laguna, LAG-GMP-91213B, Gold Matt PVD"
Faucets,Laguna,10173,Single Lever 1-Hole Bidet Mixer with Popup Waste System,Variant,4751,Single Lever 1-Hole Bidet Mixer with Popup Waste System - Lever: Gold Matt PVD | Body: Black Matt,LAG-BGM-91213B,Lever: Gold Matt PVD | Body: Black Matt,https://www.jaquar.com/images/thumbs/0059131_single-lever-1-hole-bidet-mixer-with-popup-waste-system-lever-gold-matt-pvd-body-black-matt_960.jpeg,18000.00,Single Lever 1-Hole Bidet Mixer with Popup Waste System with 375mm Long Braided Hoses,https://www.jaquar.com/en/laguna-single-lever-1-hole-bidet-mixer-with-popup-waste-system?Id=10173,"Laguna, LAG-BGM-91213B, Lever: Gold Matt PVD | Body: Black Matt"
Faucets,Laguna,10173,Single Lever 1-Hole Bidet Mixer with Popup Waste System,Variant,4751,Single Lever 1-Hole Bidet Mixer with Popup Waste System - Blush Gold Bright PVD,LAG-BGP-91213B,Blush Gold PVD,https://www.jaquar.com/images/thumbs/0059372_single-lever-1-hole-bidet-mixer-with-popup-waste-system-blush-gold-pvd_960.jpeg,18000.00,Single Lever 1-Hole Bidet Mixer with Popup Waste System with 375mm Long Braided Hoses,https://www.jaquar.com/en/laguna-single-lever-1-hole-bidet-mixer-with-popup-waste-system?Id=10173,"Laguna, LAG-BGP-91213B, Blush Gold PVD"
Faucets,Laguna,10158,Single Lever Basin Mixer,Parent,4734,Single Lever Basin Mixer - Chrome,LAG-CHR-91011B,Chrome,https://www.jaquar.com/images/thumbs/0060630_single-lever-basin-mixer-chrome_960.jpeg,11000.00,Single Lever Basin Mixer without Popup Waste with 450mm Long Braided Hoses,https://www.jaquar.com/en/laguna-single-lever-basin-mixer-450mm?Id=10158,"Laguna, LAG-CHR-91011B, Chrome"
Faucets,Laguna,10158,Single Lever Basin Mixer,Variant,4734,Single Lever Basin Mixer - Black Chrome,LAG-BCH-91011B,Black Chrome,https://www.jaquar.com/images/thumbs/0060639_single-lever-basin-mixer-black-chrome_960.jpeg,15900.00,Single Lever Basin Mixer without Popup Waste with 450mm Long Braided Hoses,https://www.jaquar.com/en/laguna-single-lever-basin-mixer-450mm?Id=10158,"Laguna, LAG-BCH-91011B, Black Chrome"
Faucets,Laguna,10158,Single Lever Basin Mixer,Variant,4734,Single Lever Basin Mixer - Black Matt,LAG-BLM-91011B,Black Matt,https://www.jaquar.com/images/thumbs/0060633_single-lever-basin-mixer-black-matt_960.jpeg,15900.00,Single Lever Basin Mixer without Popup Waste with 450mm Long Braided Hoses,https://www.jaquar.com/en/laguna-single-lever-basin-mixer-450mm?Id=10158,"Laguna, LAG-BLM-91011B, Black Matt"
Faucets,Laguna,10158,Single Lever Basin Mixer,Variant,4734,Single Lever Basin Mixer - Gold Bright PVD,LAG-GBP-91011B,Gold Bright PVD,https://www.jaquar.com/images/thumbs/0060626_single-lever-basin-mixer-gold-bright-pvd_960.jpeg,18700.00,"Single Lever Basin Mixer without Popup Waste with 450mm Long Braided Hoses
",https://www.jaquar.com/en/laguna-single-lever-basin-mixer-450mm?Id=10158,"Laguna, LAG-GBP-91011B, Gold Bright PVD"
Faucets,Laguna,10158,Single Lever Basin Mixer,Variant,4734,Single Lever Basin Mixer - Gold Matt PVD,LAG-GMP-91011B,Gold Matt PVD,https://www.jaquar.com/images/thumbs/0060622_single-lever-basin-mixer-gold-matt-pvd_960.jpeg,18700.00,Single Lever Basin Mixer without Popup Waste with 450mm Long Braided Hoses,https://www.jaquar.com/en/laguna-single-lever-basin-mixer-450mm?Id=10158,"Laguna, LAG-GMP-91011B, Gold Matt PVD"
Faucets,Laguna,10158,Single Lever Basin Mixer,Variant,4734,Single Lever Basin Mixer - Lever: Black Chrome | Body: Black Matt,LAG-BBC-91011B,Lever: Black Chrome | Body: Black Matt,https://www.jaquar.com/images/thumbs/0060641_single-lever-basin-mixer-lever-black-chrome-body-black-matt_960.jpeg,15900.00,Single Lever Basin Mixer without Popup Waste with 450mm Long Braided Hoses,https://www.jaquar.com/en/laguna-single-lever-basin-mixer-450mm?Id=10158,"Laguna, LAG-BBC-91011B, Lever: Black Chrome | Body: Black Matt"
Faucets,Laguna,10158,Single Lever Basin Mixer,Variant,4734,Single Lever Basin Mixer - Lever: Gold Bright PVD | Body: Gold Matt PVD,LAG-GMG-91011B,Lever: Gold Bright PVD | Body: Gold Matt PVD,https://www.jaquar.com/images/thumbs/0060624_single-lever-basin-mixer-lever-gold-bright-pvd-body-gold-matt-pvd_960.jpeg,18700.00,Single Lever Basin Mixer without Popup Waste with 450mm Long Braided Hoses,https://www.jaquar.com/en/laguna-single-lever-basin-mixer-450mm?Id=10158,"Laguna, LAG-GMG-91011B, Lever: Gold Bright PVD | Body: Gold Matt PVD"
Faucets,Laguna,10158,Single Lever Basin Mixer,Variant,4734,Single Lever Basin Mixer - Lever: Gold Matt PVD | Body: Black Matt,LAG-BGM-91011B,Lever: Gold Matt PVD | Body: Black Matt,https://www.jaquar.com/images/thumbs/0060637_single-lever-basin-mixer-lever-gold-matt-pvd-body-black-matt_960.jpeg,16400.00,"Single Lever Basin Mixer without Popup Waste with 450mm Long Braided Hoses
",https://www.jaquar.com/en/laguna-single-lever-basin-mixer-450mm?Id=10158,"Laguna, LAG-BGM-91011B, Lever: Gold Matt PVD | Body: Black Matt"
Faucets,Laguna,10158,Single Lever Basin Mixer,Variant,4734,Single Lever Basin Mixer - Blush Gold Bright PVD,LAG-BGP-91011B,Blush Gold PVD,https://www.jaquar.com/images/thumbs/0060635_single-lever-basin-mixer-blush-gold-pvd_960.jpeg,16400.00,"Single Lever Basin Mixer without Popup Waste with 450mm Long Braided Hoses
",https://www.jaquar.com/en/laguna-single-lever-basin-mixer-450mm?Id=10158,"Laguna, LAG-BGP-91011B, Blush Gold PVD"
Faucets,Laguna,10159,Single Lever Basin Mixer,Parent,7349,Single Lever Basin Mixer - Chrome,LAG-CHR-91011BWF,Chrome,https://www.jaquar.com/images/thumbs/0060632_single-lever-basin-mixer-chrome_960.jpeg,11125.00,"Single Lever Basin Mixer without Popup Waste, with 450mm Long Braided Hoses and Base Flange",https://www.jaquar.com/en/laguna-single-lever-basin-mixer-braided-hoses-base-flange?Id=10159,"Laguna, LAG-CHR-91011BWF, Chrome"
Faucets,Laguna,10159,Single Lever Basin Mixer,Variant,7349,Single Lever Basin Mixer - Black Chrome,LAG-BCH-91011BWF,Black Chrome,https://www.jaquar.com/images/thumbs/0060640_single-lever-basin-mixer-black-chrome_960.jpeg,16100.00,"Single Lever Basin Mixer without Popup Waste, with 450mm Long Braided Hoses and Base Flange",https://www.jaquar.com/en/laguna-single-lever-basin-mixer-braided-hoses-base-flange?Id=10159,"Laguna, LAG-BCH-91011BWF, Black Chrome"
Faucets,Laguna,10159,Single Lever Basin Mixer,Variant,7349,Single Lever Basin Mixer - Black Matt,LAG-BLM-91011BWF,Black Matt,https://www.jaquar.com/images/thumbs/0060634_single-lever-basin-mixer-black-matt_960.jpeg,16100.00,"Single Lever Basin Mixer without Popup Waste, with 450mm Long Braided Hoses and Base Flange",https://www.jaquar.com/en/laguna-single-lever-basin-mixer-braided-hoses-base-flange?Id=10159,"Laguna, LAG-BLM-91011BWF, Black Matt"
Faucets,Laguna,10159,Single Lever Basin Mixer,Variant,7349,Single Lever Basin Mixer - Lever: Gold Matt PVD | Body: Black Matt,LAG-BGM-91011BWF,Lever: Gold Matt PVD | Body: Black Matt,https://www.jaquar.com/images/thumbs/0060638_single-lever-basin-mixer-lever-gold-matt-pvd-body-black-matt_960.jpeg,16700.00,"Single Lever Basin Mixer without Popup Waste, with 450mm Long Braided Hoses and Base Flange",https://www.jaquar.com/en/laguna-single-lever-basin-mixer-braided-hoses-base-flange?Id=10159,"Laguna, LAG-BGM-91011BWF, Lever: Gold Matt PVD | Body: Black Matt"
Faucets,Laguna,10159,Single Lever Basin Mixer,Variant,7349,Single Lever Basin Mixer - Lever: Black Chrome | Body: Black Matt,LAG-BBC-91011BWF,Lever: Black Chrome | Body: Black Matt,https://www.jaquar.com/images/thumbs/0060642_single-lever-basin-mixer-lever-black-chrome-body-black-matt_960.jpeg,16100.00,"Single Lever Basin Mixer without Popup Waste, with 450mm Long Braided Hoses and Base Flange",https://www.jaquar.com/en/laguna-single-lever-basin-mixer-braided-hoses-base-flange?Id=10159,"Laguna, LAG-BBC-91011BWF, Lever: Black Chrome | Body: Black Matt"
Faucets,Laguna,10159,Single Lever Basin Mixer,Variant,7349,Single Lever Basin Mixer - Gold Matt PVD,LAG-GMP-91011BWF,Gold Matt PVD,https://www.jaquar.com/images/thumbs/0060623_single-lever-basin-mixer-gold-matt-pvd_960.jpeg,19000.00,"Single Lever Basin Mixer without Popup Waste, with 450mm Long Braided Hoses and Base Flange",https://www.jaquar.com/en/laguna-single-lever-basin-mixer-braided-hoses-base-flange?Id=10159,"Laguna, LAG-GMP-91011BWF, Gold Matt PVD"
Faucets,Laguna,10159,Single Lever Basin Mixer,Variant,7349,Single Lever Basin Mixer -Lever: Gold Bright PVD | Body: Gold Matt PVD,LAG-GMG-91011BWF,Lever: Gold Bright PVD | Body: Gold Matt PVD,https://www.jaquar.com/images/thumbs/0060625_single-lever-basin-mixer-lever-gold-bright-pvd-body-gold-matt-pvd_960.jpeg,19000.00,"Single Lever Basin Mixer without Popup Waste, with 450mm Long Braided Hoses and Base Flange",https://www.jaquar.com/en/laguna-single-lever-basin-mixer-braided-hoses-base-flange?Id=10159,"Laguna, LAG-GMG-91011BWF, Lever: Gold Bright PVD | Body: Gold Matt PVD"
Faucets,Laguna,10159,Single Lever Basin Mixer,Variant,7349,Single Lever Basin Mixer - Gold Bright PVD,LAG-GBP-91011BWF,Gold Bright PVD,https://www.jaquar.com/images/thumbs/0060628_single-lever-basin-mixer-gold-bright-pvd_960.jpeg,19000.00,"Single Lever Basin Mixer without Popup Waste, with 450mm Long Braided Hoses and Base Flange",https://www.jaquar.com/en/laguna-single-lever-basin-mixer-braided-hoses-base-flange?Id=10159,"Laguna, LAG-GBP-91011BWF, Gold Bright PVD"
Faucets,Laguna,10159,Single Lever Basin Mixer,Variant,7349,Single Lever Basin Mixer - Blush Gold Bright PVD,LAG-BGP-91011BWF,Blush Gold PVD,https://www.jaquar.com/images/thumbs/0060636_single-lever-basin-mixer-blush-gold-pvd_960.jpeg,16700.00,"Single Lever Basin Mixer without Popup Waste, with 450mm Long Braided Hoses and Base Flange",https://www.jaquar.com/en/laguna-single-lever-basin-mixer-braided-hoses-base-flange?Id=10159,"Laguna, LAG-BGP-91011BWF, Blush Gold PVD"
Faucets,Laguna,10165,Single Lever Exposed Parts Kit of Diverter,Parent,4745,Single Lever Exposed Parts Kit of Diverter - Chrome,LAG-CHR-91065MK,Chrome,https://www.jaquar.com/images/thumbs/0060700_single-lever-exposed-parts-kit-of-diverter-chrome_960.jpeg,4250.00,"Single Lever Exposed Parts Kit of Diverter Consisting of Operating Lever, Cartridge Sleeve, Wall Flange (with Seals) & Button Assembly Sleeve & Button (Compatible with ALD-065M)",https://www.jaquar.com/en/laguna-single-lever-exposed-parts-kit-of-40mm-button-on-top-diverter?Id=10165,"Laguna, LAG-CHR-91065MK, Chrome"
Faucets,Laguna,10165,Single Lever Exposed Parts Kit of Diverter,Variant,4745,Single Lever Concealed Divertor - Black Chrome,LAG-BCH-91065MK,Black Chrome,https://www.jaquar.com/images/thumbs/0060701_single-lever-concealed-divertor-black-chrome_960.jpeg,6150.00,"Single Lever Exposed Parts Kit of Diverter Consisting of Operating Lever, Cartridge Sleeve, Wall Flange (with Seals) & Button Assembly Sleeve & Button (Compatible with ALD-065M)",https://www.jaquar.com/en/laguna-single-lever-exposed-parts-kit-of-40mm-button-on-top-diverter?Id=10165,"Laguna, LAG-BCH-91065MK, Black Chrome"
Faucets,Laguna,10165,Single Lever Exposed Parts Kit of Diverter,Variant,4745,Single Lever Concealed Divertor - Black Matt,LAG-BLM-91065MK,Black Matt,https://www.jaquar.com/images/thumbs/0060702_single-lever-concealed-divertor-black-matt_960.jpeg,6150.00,"Single Lever Exposed Parts Kit of Diverter Consisting of Operating Lever, Cartridge Sleeve, Wall Flange (with Seals) & Button Assembly Sleeve & Button (Compatible with ALD-065M)",https://www.jaquar.com/en/laguna-single-lever-exposed-parts-kit-of-40mm-button-on-top-diverter?Id=10165,"Laguna, LAG-BLM-91065MK, Black Matt"
Faucets,Laguna,10165,Single Lever Exposed Parts Kit of Diverter,Variant,4745,Single Lever Concealed Divertor - Lever: Black Chrome | Body: Black Matt,LAG-BBC-91065MK,Lever: Black Chrome | Body: Black Matt,https://www.jaquar.com/images/thumbs/0060705_single-lever-concealed-divertor-lever-black-chrome-body-black-matt_960.jpeg,6150.00,"Single Lever Exposed Parts Kit of Diverter Consisting of Operating Lever, Cartridge Sleeve, Wall Flange (with Seals) & Button Assembly Sleeve & Button (Compatible with ALD-065M)",https://www.jaquar.com/en/laguna-single-lever-exposed-parts-kit-of-40mm-button-on-top-diverter?Id=10165,"Laguna, LAG-BBC-91065MK, Lever: Black Chrome | Body: Black Matt"
Faucets,Laguna,10165,Single Lever Exposed Parts Kit of Diverter,Variant,4745,Single Lever Concealed Divertor - Blush Gold Bright PVD,LAG-BGP-91065MK,Blush Gold PVD,https://www.jaquar.com/images/thumbs/0060708_single-lever-concealed-divertor-blush-gold-pvd_960.jpeg,6350.00,"Single Lever Exposed Parts Kit of Diverter Consisting of Operating Lever, Cartridge Sleeve, Wall Flange (with Seals) & Button Assembly Sleeve & Button (Compatible with ALD-065M)",https://www.jaquar.com/en/laguna-single-lever-exposed-parts-kit-of-40mm-button-on-top-diverter?Id=10165,"Laguna, LAG-BGP-91065MK, Blush Gold PVD"
Faucets,Laguna,10165,Single Lever Exposed Parts Kit of Diverter,Variant,4745,Single Lever Concealed Divertor - Gold Bright PVD,LAG-GBP-91065MK,Gold Bright PVD,https://www.jaquar.com/images/thumbs/0060706_single-lever-concealed-divertor-gold-bright-pvd_960.jpeg,7250.00,"Single Lever Exposed Parts Kit of Diverter Consisting of Operating Lever, Cartridge Sleeve, Wall Flange (with Seals) & Button Assembly Sleeve & Button (Compatible with ALD-065M)",https://www.jaquar.com/en/laguna-single-lever-exposed-parts-kit-of-40mm-button-on-top-diverter?Id=10165,"Laguna, LAG-GBP-91065MK, Gold Bright PVD"
Faucets,Laguna,10165,Single Lever Exposed Parts Kit of Diverter,Variant,4745,Single Lever Concealed Divertor - Lever: Gold Bright PVD | Body: Gold Matt PVD,LAG-GMG-91065MK,Lever: Gold Bright PVD | Body: Gold Matt PVD,https://www.jaquar.com/images/thumbs/0060707_single-lever-concealed-divertor-lever-gold-bright-pvd-body-gold-matt-pvd_960.jpeg,7250.00,"Single Lever Exposed Parts Kit of Diverter Consisting of Operating Lever, Cartridge Sleeve, Wall Flange (with Seals) & Button Assembly Sleeve & Button (Compatible with ALD-065M)",https://www.jaquar.com/en/laguna-single-lever-exposed-parts-kit-of-40mm-button-on-top-diverter?Id=10165,"Laguna, LAG-GMG-91065MK, Lever: Gold Bright PVD | Body: Gold Matt PVD"
Faucets,Laguna,10165,Single Lever Exposed Parts Kit of Diverter,Variant,4745,Single Lever Concealed Divertor - Gold Matt PVD,LAG-GMP-91065MK,Gold Matt PVD,https://www.jaquar.com/images/thumbs/0060703_single-lever-concealed-divertor-gold-matt-pvd_960.jpeg,7250.00,"Single Lever Exposed Parts Kit of Diverter Consisting of Operating Lever, Cartridge Sleeve, Wall Flange (with Seals) & Button Assembly Sleeve & Button (Compatible with ALD-065M)",https://www.jaquar.com/en/laguna-single-lever-exposed-parts-kit-of-40mm-button-on-top-diverter?Id=10165,"Laguna, LAG-GMP-91065MK, Gold Matt PVD"
Faucets,Laguna,10165,Single Lever Exposed Parts Kit of Diverter,Variant,4745,Single Lever Concealed Divertor - Lever: Gold Matt PVD | Body: Black Matt,LAG-BGM-91065MK,Lever: Gold Matt PVD | Body: Black Matt,https://www.jaquar.com/images/thumbs/0060704_single-lever-concealed-divertor-lever-gold-matt-pvd-body-black-matt_960.jpeg,6350.00,"Single Lever Exposed Parts Kit of Diverter Consisting of Operating Lever, Cartridge Sleeve, Wall Flange (with Seals) & Button Assembly Sleeve & Button (Compatible with ALD-065M)",https://www.jaquar.com/en/laguna-single-lever-exposed-parts-kit-of-40mm-button-on-top-diverter?Id=10165,"Laguna, LAG-BGM-91065MK, Lever: Gold Matt PVD | Body: Black Matt"
Faucets,Laguna,10174,Single Lever Exposed Parts Kit of Deusch Mixer,Parent,4749,Single Lever Exposed Parts Kit of Deusch Mixer - Chrome,LAG-CHR-91227K,Chrome,https://www.jaquar.com/images/thumbs/0060739_single-lever-exposed-parts-kit-of-deusch-mixer-chrome_960.jpeg,4050.00,"Single Lever Exposed Parts Kit of Deusch Mixer Consisting of Operating Lever, Cartridge Sleeve & Wall Flange with Seals (Compatible with ALD-227 & ALD-229)",https://www.jaquar.com/en/single-lever-exposed-parts-kit-of-deusch-mixer-2?Id=10174,"Laguna, LAG-CHR-91227K, Chrome"
Faucets,Laguna,10174,Single Lever Exposed Parts Kit of Deusch Mixer,Variant,4749,Single Lever Exposed Parts Kit of Deusch Mixer - Black Chrome,LAG-BCH-91227K,Black Chrome,https://www.jaquar.com/images/thumbs/0060740_single-lever-exposed-parts-kit-of-deusch-mixer-black-chrome_960.jpeg,5850.00,"Single Lever Exposed Parts Kit of Deusch Mixer Consisting of Operating Lever, Cartridge Sleeve & Wall Flange with Seals (Compatible with ALD-227 & ALD-229)",https://www.jaquar.com/en/single-lever-exposed-parts-kit-of-deusch-mixer-2?Id=10174,"Laguna, LAG-BCH-91227K, Black Chrome"
Faucets,Laguna,10174,Single Lever Exposed Parts Kit of Deusch Mixer,Variant,4749,Single Lever Exposed Parts Kit of Deusch Mixer - Black Matt,LAG-BLM-91227K,Black Matt,https://www.jaquar.com/images/thumbs/0060741_single-lever-exposed-parts-kit-of-deusch-mixer-black-matt_960.jpeg,5850.00,"Single Lever Exposed Parts Kit of Deusch Mixer Consisting of Operating Lever, Cartridge Sleeve & Wall Flange with Seals (Compatible with ALD-227 & ALD-229)",https://www.jaquar.com/en/single-lever-exposed-parts-kit-of-deusch-mixer-2?Id=10174,"Laguna, LAG-BLM-91227K, Black Matt"
Faucets,Laguna,10174,Single Lever Exposed Parts Kit of Deusch Mixer,Variant,4749,Single Lever Exposed Parts Kit of Deusch Mixer - Lever: Black Chrome | Body: Black Matt,LAG-BBC-91227K,Lever: Black Chrome | Body: Black Matt,https://www.jaquar.com/images/thumbs/0060744_single-lever-exposed-parts-kit-of-deusch-mixer-lever-black-chrome-body-black-matt_960.jpeg,5850.00,"Single Lever Exposed Parts Kit of Deusch Mixer Consisting of Operating Lever, Cartridge Sleeve & Wall Flange with Seals (Compatible with ALD-227 & ALD-229)",https://www.jaquar.com/en/single-lever-exposed-parts-kit-of-deusch-mixer-2?Id=10174,"Laguna, LAG-BBC-91227K, Lever: Black Chrome | Body: Black Matt"
Faucets,Laguna,10174,Single Lever Exposed Parts Kit of Deusch Mixer,Variant,4749,Single Lever Exposed Parts Kit of Deusch Mixer - Gold Bright PVD,LAG-GBP-91227K,Gold Bright PVD,https://www.jaquar.com/images/thumbs/0060746_single-lever-exposed-parts-kit-of-deusch-mixer-gold-bright-pvd_960.jpeg,6900.00,"Single Lever Exposed Parts Kit of Deusch Mixer Consisting of Operating Lever, Cartridge Sleeve & Wall Flange with Seals (Compatible with ALD-227 & ALD-229)",https://www.jaquar.com/en/single-lever-exposed-parts-kit-of-deusch-mixer-2?Id=10174,"Laguna, LAG-GBP-91227K, Gold Bright PVD"
Faucets,Laguna,10174,Single Lever Exposed Parts Kit of Deusch Mixer,Variant,4749,Single Lever Exposed Parts Kit of Deusch Mixer - Lever: Gold Bright PVD | Body: Gold Matt PVD,LAG-GMG-91227K,Lever: Gold Bright PVD | Body: Gold Matt PVD,https://www.jaquar.com/images/thumbs/0060745_single-lever-exposed-parts-kit-of-deusch-mixer-lever-gold-bright-pvd-body-gold-matt-pvd_960.jpeg,6900.00,"Single Lever Exposed Parts Kit of Deusch Mixer Consisting of Operating Lever, Cartridge Sleeve & Wall Flange with Seals (Compatible with ALD-227 & ALD-229)",https://www.jaquar.com/en/single-lever-exposed-parts-kit-of-deusch-mixer-2?Id=10174,"Laguna, LAG-GMG-91227K, Lever: Gold Bright PVD | Body: Gold Matt PVD"
Faucets,Laguna,10174,Single Lever Exposed Parts Kit of Deusch Mixer,Variant,4749,Single Lever Exposed Parts Kit of Deusch Mixer - Gold Matt PVD,LAG-GMP-91227K,Gold Matt PVD,https://www.jaquar.com/images/thumbs/0060742_single-lever-exposed-parts-kit-of-deusch-mixer-gold-matt-pvd_960.jpeg,6900.00,"Single Lever Exposed Parts Kit of Deusch Mixer Consisting of Operating Lever, Cartridge Sleeve & Wall Flange with Seals (Compatible with ALD-227 & ALD-229)",https://www.jaquar.com/en/single-lever-exposed-parts-kit-of-deusch-mixer-2?Id=10174,"Laguna, LAG-GMP-91227K, Gold Matt PVD"
Faucets,Laguna,10174,Single Lever Exposed Parts Kit of Deusch Mixer,Variant,4749,Single Lever Exposed Parts Kit of Deusch Mixer - Lever: Gold Matt PVD | Body: Black Matt,LAG-BGM-91227K,Lever: Gold Matt PVD | Body: Black Matt,https://www.jaquar.com/images/thumbs/0060743_single-lever-exposed-parts-kit-of-deusch-mixer-lever-gold-matt-pvd-body-black-matt_960.jpeg,6050.00,"Single Lever Exposed Parts Kit of Deusch Mixer Consisting of Operating Lever, Cartridge Sleeve & Wall Flange with Seals (Compatible with ALD-227 & ALD-229)",https://www.jaquar.com/en/single-lever-exposed-parts-kit-of-deusch-mixer-2?Id=10174,"Laguna, LAG-BGM-91227K, Lever: Gold Matt PVD | Body: Black Matt"
Faucets,Laguna,10174,Single Lever Exposed Parts Kit of Deusch Mixer,Variant,4749,Single Lever Exposed Parts Kit of Deusch Mixer - Blush Gold Bright PVD,LAG-BGP-91227K,Blush Gold PVD,https://www.jaquar.com/images/thumbs/0060747_single-lever-exposed-parts-kit-of-deusch-mixer-blush-gold-pvd_960.jpeg,6050.00,"Single Lever Exposed Parts Kit of Deusch Mixer Consisting of Operating Lever, Cartridge Sleeve & Wall Flange with Seals (Compatible with ALD-227 & ALD-229)",https://www.jaquar.com/en/single-lever-exposed-parts-kit-of-deusch-mixer-2?Id=10174,"Laguna, LAG-BGP-91227K, Blush Gold PVD"
Faucets,Laguna,10166,Single Lever Exposed Parts Kit of Hi-flow Diverter,Parent,4746,Single Lever Exposed Parts Kit of Hi-flow Diverter - Chrome,LAG-CHR-91079NK,Chrome,https://www.jaquar.com/images/thumbs/0060710_single-lever-exposed-parts-kit-of-hi-flow-diverter-chrome_960.jpeg,4700.00,"Single Lever Exposed Parts Kit of Hi-flow Diverter Consisting of Operating Lever, Cartridge Sleeve, Wall Flange (with Seals), Button Assembly Sleeve & Button (Compatible with ALD-079N)",https://www.jaquar.com/en/laguna-single-lever-exposed-parts-kit-of-hi-flow-diverter?Id=10166,"Laguna, LAG-CHR-91079NK, Chrome"
Faucets,Laguna,10166,Single Lever Exposed Parts Kit of Hi-flow Diverter,Variant,4746,Single Lever Exposed Parts Kit of Hi-flow Diverter - Black Chrome,LAG-BCH-91079NK,Black Chrome,https://www.jaquar.com/images/thumbs/0060711_single-lever-exposed-parts-kit-of-hi-flow-diverter-black-chrome_960.jpeg,6800.00,"Single Lever Exposed Parts Kit of Hi-flow Diverter Consisting of Operating Lever, Cartridge Sleeve, Wall Flange (with Seals), Button Assembly Sleeve & Button (Compatible with ALD-079N)",https://www.jaquar.com/en/laguna-single-lever-exposed-parts-kit-of-hi-flow-diverter?Id=10166,"Laguna, LAG-BCH-91079NK, Black Chrome"
Faucets,Laguna,10166,Single Lever Exposed Parts Kit of Hi-flow Diverter,Variant,4746,Single Lever Exposed Parts Kit of Hi-flow Diverter - Black Matt,LAG-BLM-91079NK,Black Matt,https://www.jaquar.com/images/thumbs/0060712_single-lever-exposed-parts-kit-of-hi-flow-diverter-black-matt_960.jpeg,6800.00,"Single Lever Exposed Parts Kit of Hi-flow Diverter Consisting of Operating Lever, Cartridge Sleeve, Wall Flange (with Seals), Button Assembly Sleeve & Button (Compatible with ALD-079N)",https://www.jaquar.com/en/laguna-single-lever-exposed-parts-kit-of-hi-flow-diverter?Id=10166,"Laguna, LAG-BLM-91079NK, Black Matt"
Faucets,Laguna,10166,Single Lever Exposed Parts Kit of Hi-flow Diverter,Variant,4746,Single Lever Exposed Parts Kit of Hi-flow Diverter - Lever: Black Chrome | Body: Black Matt,LAG-BBC-91079NK,Lever: Black Chrome | Body: Black Matt,https://www.jaquar.com/images/thumbs/0060715_single-lever-exposed-parts-kit-of-hi-flow-diverter-lever-black-chrome-body-black-matt_960.jpeg,6800.00,"Single Lever Exposed Parts Kit of Hi-flow Diverter Consisting of Operating Lever, Cartridge Sleeve, Wall Flange (with Seals), Button Assembly Sleeve & Button (Compatible with ALD-079N)",https://www.jaquar.com/en/laguna-single-lever-exposed-parts-kit-of-hi-flow-diverter?Id=10166,"Laguna, LAG-BBC-91079NK, Lever: Black Chrome | Body: Black Matt"
Faucets,Laguna,10166,Single Lever Exposed Parts Kit of Hi-flow Diverter,Variant,4746,Single Lever Exposed Parts Kit of Hi-flow Diverter - Gold Bright PVD,LAG-GBP-91079NK,Gold Bright PVD,https://www.jaquar.com/images/thumbs/0060717_single-lever-exposed-parts-kit-of-hi-flow-diverter-gold-bright-pvd_960.jpeg,8000.00,"Single Lever Exposed Parts Kit of Hi-flow Diverter Consisting of Operating Lever, Cartridge Sleeve, Wall Flange (with Seals), Button Assembly Sleeve & Button (Compatible with ALD-079N)",https://www.jaquar.com/en/laguna-single-lever-exposed-parts-kit-of-hi-flow-diverter?Id=10166,"Laguna, LAG-GBP-91079NK, Gold Bright PVD"
Faucets,Laguna,10166,Single Lever Exposed Parts Kit of Hi-flow Diverter,Variant,4746,Single Lever Exposed Parts Kit of Hi-flow Diverter - Lever: Gold Bright PVD | Body: Gold Matt PVD,LAG-GMG-91079NK,Lever: Gold Bright PVD | Body: Gold Matt PVD,https://www.jaquar.com/images/thumbs/0060716_single-lever-exposed-parts-kit-of-hi-flow-diverter-lever-gold-bright-pvd-body-gold-matt-pvd_960.jpeg,8000.00,"Single Lever Exposed Parts Kit of Hi-flow Diverter Consisting of Operating Lever, Cartridge Sleeve, Wall Flange (with Seals), Button Assembly Sleeve & Button (Compatible with ALD-079N)",https://www.jaquar.com/en/laguna-single-lever-exposed-parts-kit-of-hi-flow-diverter?Id=10166,"Laguna, LAG-GMG-91079NK, Lever: Gold Bright PVD | Body: Gold Matt PVD"
Faucets,Laguna,10166,Single Lever Exposed Parts Kit of Hi-flow Diverter,Variant,4746,Single Lever Exposed Parts Kit of Hi-flow Diverter - Gold Matt PVD,LAG-GMP-91079NK,Gold Matt PVD,https://www.jaquar.com/images/thumbs/0060713_single-lever-exposed-parts-kit-of-hi-flow-diverter-gold-matt-pvd_960.jpeg,8000.00,"Single Lever Exposed Parts Kit of Hi-flow Diverter Consisting of Operating Lever, Cartridge Sleeve, Wall Flange (with Seals), Button Assembly Sleeve & Button (Compatible with ALD-079N)",https://www.jaquar.com/en/laguna-single-lever-exposed-parts-kit-of-hi-flow-diverter?Id=10166,"Laguna, LAG-GMP-91079NK, Gold Matt PVD"
Faucets,Laguna,10166,Single Lever Exposed Parts Kit of Hi-flow Diverter,Variant,4746,Single Lever Exposed Parts Kit of Hi-flow Diverter - Lever: Gold Matt PVD | Body: Black Matt,LAG-BGM-91079NK,Lever: Gold Matt PVD | Body: Black Matt,https://www.jaquar.com/images/thumbs/0060714_single-lever-exposed-parts-kit-of-hi-flow-diverter-lever-gold-matt-pvd-body-black-matt_960.jpeg,7050.00,"Single Lever Exposed Parts Kit of Hi-flow Diverter Consisting of Operating Lever, Cartridge Sleeve, Wall Flange (with Seals), Button Assembly Sleeve & Button (Compatible with ALD-079N)",https://www.jaquar.com/en/laguna-single-lever-exposed-parts-kit-of-hi-flow-diverter?Id=10166,"Laguna, LAG-BGM-91079NK, Lever: Gold Matt PVD | Body: Black Matt"
Faucets,Laguna,10166,Single Lever Exposed Parts Kit of Hi-flow Diverter,Variant,4746,Single Lever Exposed Parts Kit of Hi-flow Diverter - Blush Gold Bright PVD,LAG-BGP-91079NK,Blush Gold PVD,https://www.jaquar.com/images/thumbs/0060718_single-lever-exposed-parts-kit-of-hi-flow-diverter-blush-gold-pvd_960.jpeg,7050.00,"Single Lever Exposed Parts Kit of Hi-flow Diverter Consisting of Operating Lever, Cartridge Sleeve, Wall Flange (with Seals), Button Assembly Sleeve & Button (Compatible with ALD-079N)",https://www.jaquar.com/en/laguna-single-lever-exposed-parts-kit-of-hi-flow-diverter?Id=10166,"Laguna, LAG-BGP-91079NK, Blush Gold PVD"
Faucets,Laguna,10160,Single Lever Extended Basin Mixer,Parent,4736,Single Lever Extended Basin Mixer - Chrome,LAG-CHR-91023B,Chrome,https://www.jaquar.com/images/thumbs/0060652_single-lever-extended-basin-mixer-chrome_960.jpeg,13200.00,Single Lever Extended Basin Mixer (Height-128mm) without Popup Waste System with 450mm Long Braided Hoses,https://www.jaquar.com/en/laguna-single-lever-extended-basin-mixer-128mm?Id=10160,"Laguna, LAG-CHR-91023B, Chrome"
Faucets,Laguna,10160,Single Lever Extended Basin Mixer,Variant,4736,Single Lever Extended Basin Mixer - Black Chrome,LAG-BCH-91023B,Black Chrome,https://www.jaquar.com/images/thumbs/0060661_single-lever-extended-basin-mixer-black-chrome_960.jpeg,19100.00,Single Lever Extended Basin Mixer (Height-128mm) without Popup Waste System with 450mm Long Braided Hoses,https://www.jaquar.com/en/laguna-single-lever-extended-basin-mixer-128mm?Id=10160,"Laguna, LAG-BCH-91023B, Black Chrome"
Faucets,Laguna,10160,Single Lever Extended Basin Mixer,Variant,4736,Single Lever Extended Basin Mixer - Black Matt,LAG-BLM-91023B,Black Matt,https://www.jaquar.com/images/thumbs/0060655_single-lever-extended-basin-mixer-black-matt_960.jpeg,19100.00,Single Lever Extended Basin Mixer (Height-128mm) without Popup Waste System with 450mm Long Braided Hoses,https://www.jaquar.com/en/laguna-single-lever-extended-basin-mixer-128mm?Id=10160,"Laguna, LAG-BLM-91023B, Black Matt"
Faucets,Laguna,10160,Single Lever Extended Basin Mixer,Variant,4736,Single Lever Extended Basin Mixer - Lever: Gold Matt PVD | Body: Black Matt,LAG-BGM-91023B,Lever: Gold Matt PVD | Body: Black Matt,https://www.jaquar.com/images/thumbs/0060659_single-lever-extended-basin-mixer-lever-gold-matt-pvd-body-black-matt_960.jpeg,19800.00,Single Lever Extended Basin Mixer (Height-128mm) without Popup Waste System with 450mm Long Braided Hoses,https://www.jaquar.com/en/laguna-single-lever-extended-basin-mixer-128mm?Id=10160,"Laguna, LAG-BGM-91023B, Lever: Gold Matt PVD | Body: Black Matt"
Faucets,Laguna,10160,Single Lever Extended Basin Mixer,Variant,4736,Single Lever Extended Basin Mixer - Gold Bright PVD,LAG-GBP-91023B,Gold Bright PVD,https://www.jaquar.com/images/thumbs/0060648_single-lever-extended-basin-mixer-gold-bright-pvd_960.jpeg,22500.00,Single Lever Extended Basin Mixer (Height-128mm) without Popup Waste System with 450mm Long Braided Hoses,https://www.jaquar.com/en/laguna-single-lever-extended-basin-mixer-128mm?Id=10160,"Laguna, LAG-GBP-91023B, Gold Bright PVD"
Faucets,Laguna,10160,Single Lever Extended Basin Mixer,Variant,4736,Single Lever Extended Basin Mixer - Gold Matt PVD,LAG-GMP-91023B,Gold Matt PVD,https://www.jaquar.com/images/thumbs/0060643_single-lever-extended-basin-mixer-gold-matt-pvd_960.jpeg,22500.00,Single Lever Extended Basin Mixer (Height-128mm) without Popup Waste System with 450mm Long Braided Hoses,https://www.jaquar.com/en/laguna-single-lever-extended-basin-mixer-128mm?Id=10160,"Laguna, LAG-GMP-91023B, Gold Matt PVD"
Faucets,Laguna,10160,Single Lever Extended Basin Mixer,Variant,4736,Single Lever Extended Basin Mixer - Lever: Black Chrome | Body: Black Matt,LAG-BBC-91023B,Lever: Black Chrome | Body: Black Matt,https://www.jaquar.com/images/thumbs/0060663_single-lever-extended-basin-mixer-lever-black-chrome-body-black-matt_960.jpeg,19100.00,Single Lever Extended Basin Mixer (Height-128mm) without Popup Waste System with 450mm Long Braided Hoses,https://www.jaquar.com/en/laguna-single-lever-extended-basin-mixer-128mm?Id=10160,"Laguna, LAG-BBC-91023B, Lever: Black Chrome | Body: Black Matt"
Faucets,Laguna,10160,Single Lever Extended Basin Mixer,Variant,4736,Single Lever Extended Basin Mixer - Lever: Gold Bright PVD | Body: Gold Matt PVD,LAG-GMG-91023B,Lever: Gold Bright PVD | Body: Gold Matt PVD,https://www.jaquar.com/images/thumbs/0060646_single-lever-extended-basin-mixer-lever-gold-bright-pvd-body-gold-matt-pvd_960.jpeg,22500.00,Single Lever Extended Basin Mixer (Height-128mm) without Popup Waste System with 450mm Long Braided Hoses,https://www.jaquar.com/en/laguna-single-lever-extended-basin-mixer-128mm?Id=10160,"Laguna, LAG-GMG-91023B, Lever: Gold Bright PVD | Body: Gold Matt PVD"
Faucets,Laguna,10160,Single Lever Extended Basin Mixer,Variant,4736,Single Lever Extended Basin Mixer - Blush Gold Bright PVD,LAG-BGP-91023B,Blush Gold PVD,https://www.jaquar.com/images/thumbs/0060657_single-lever-extended-basin-mixer-blush-gold-pvd_960.jpeg,19800.00,Single Lever Extended Basin Mixer (Height-128mm) without Popup Waste System with 450mm Long Braided Hoses,https://www.jaquar.com/en/laguna-single-lever-extended-basin-mixer-128mm?Id=10160,"Laguna, LAG-BGP-91023B, Blush Gold PVD"
Faucets,Laguna,10161,Single Lever Extended Basin Mixer,Parent,7350,Single Lever Extended Basin Mixer - Chrome,LAG-CHR-91023BWF,Chrome,https://www.jaquar.com/images/thumbs/0060654_single-lever-extended-basin-mixer-chrome_960.jpeg,13325.00,"Single Lever Extended Basin Mixer (Height-128mm) without Popup Waste System, with 450mm Long Braided Hoses and Base Flange",https://www.jaquar.com/en/single-lever-extended-basin-mixer-2?Id=10161,"Laguna, LAG-CHR-91023BWF, Chrome"
Faucets,Laguna,10161,Single Lever Extended Basin Mixer,Variant,7350,Single Lever Extended Basin Mixer - Black Chrome,LAG-BCH-91023BWF,Black Chrome,https://www.jaquar.com/images/thumbs/0060662_single-lever-extended-basin-mixer-black-chrome_960.jpeg,19200.00,"Single Lever Extended Basin Mixer (Height-128mm) without Popup Waste System, with 450mm Long Braided Hoses and Base Flange",https://www.jaquar.com/en/single-lever-extended-basin-mixer-2?Id=10161,"Laguna, LAG-BCH-91023BWF, Black Chrome"
Faucets,Laguna,10161,Single Lever Extended Basin Mixer,Variant,7350,Single Lever Extended Basin Mixer - Black Matt,LAG-BLM-91023BWF,Black Matt,https://www.jaquar.com/images/thumbs/0060656_single-lever-extended-basin-mixer-black-matt_960.jpeg,19200.00,"Single Lever Extended Basin Mixer (Height-128mm) without Popup Waste System, with 450mm Long Braided Hoses and Base Flange",https://www.jaquar.com/en/single-lever-extended-basin-mixer-2?Id=10161,"Laguna, LAG-BLM-91023BWF, Black Matt"
Faucets,Laguna,10161,Single Lever Extended Basin Mixer,Variant,7350,Single Lever Extended Basin Mixer - Lever: Black Chrome | Body: Black Matt,LAG-BCH-91023BWF,Lever: Black Chrome | Body: Black Matt,https://www.jaquar.com/images/thumbs/0060662_single-lever-extended-basin-mixer-black-chrome_960.jpeg,19200.00,"Single Lever Extended Basin Mixer (Height-128mm) without Popup Waste System, with 450mm Long Braided Hoses and Base Flange",https://www.jaquar.com/en/single-lever-extended-basin-mixer-2?Id=10161,"Laguna, LAG-BCH-91023BWF, Lever: Black Chrome | Body: Black Matt"
Faucets,Laguna,10161,Single Lever Extended Basin Mixer,Variant,7350,Single Lever Extended Basin Mixer - Lever: Gold Matt PVD | Body: Black Matt,LAG-BGM-91023BWF,Lever: Gold Matt PVD | Body: Black Matt,https://www.jaquar.com/images/thumbs/0060660_single-lever-extended-basin-mixer-lever-gold-matt-pvd-body-black-matt_960.jpeg,20000.00,"Single Lever Extended Basin Mixer (Height-128mm) without Popup Waste System, with 450mm Long Braided Hoses and Base Flange",https://www.jaquar.com/en/single-lever-extended-basin-mixer-2?Id=10161,"Laguna, LAG-BGM-91023BWF, Lever: Gold Matt PVD | Body: Black Matt"
Faucets,Laguna,10161,Single Lever Extended Basin Mixer,Variant,7350,Single Lever Extended Basin Mixer - Gold Bright PVD,LAG-GBP-91023BWF,Gold Bright PVD,https://www.jaquar.com/images/thumbs/0060649_single-lever-extended-basin-mixer-gold-bright-pvd_960.jpeg,22700.00,"Single Lever Extended Basin Mixer (Height-128mm) without Popup Waste System, with 450mm Long Braided Hoses and Base Flange",https://www.jaquar.com/en/single-lever-extended-basin-mixer-2?Id=10161,"Laguna, LAG-GBP-91023BWF, Gold Bright PVD"
Faucets,Laguna,10161,Single Lever Extended Basin Mixer,Variant,7350,Single Lever Extended Basin Mixer - Lever: Gold Bright PVD | Body: Gold Matt PVD,LAG-GMG-91023BWF,Lever: Gold Bright PVD | Body: Gold Matt PVD,https://www.jaquar.com/images/thumbs/0060647_single-lever-extended-basin-mixer-lever-gold-bright-pvd-body-gold-matt-pvd_960.jpeg,22700.00,"Single Lever Extended Basin Mixer (Height-128mm) without Popup Waste System, with 450mm Long Braided Hoses and Base Flange",https://www.jaquar.com/en/single-lever-extended-basin-mixer-2?Id=10161,"Laguna, LAG-GMG-91023BWF, Lever: Gold Bright PVD | Body: Gold Matt PVD"
Faucets,Laguna,10161,Single Lever Extended Basin Mixer,Variant,7350,Single Lever Extended Basin Mixer - Gold Matt PVD,LAG-GMP-91023BWF,Gold Matt PVD,https://www.jaquar.com/images/thumbs/0060645_single-lever-extended-basin-mixer-gold-matt-pvd_960.jpeg,22700.00,"Single Lever Extended Basin Mixer (Height-128mm) without Popup Waste System, with 450mm Long Braided Hoses and Base Flange",https://www.jaquar.com/en/single-lever-extended-basin-mixer-2?Id=10161,"Laguna, LAG-GMP-91023BWF, Gold Matt PVD"
Faucets,Laguna,10161,Single Lever Extended Basin Mixer,Variant,7350,Single Lever Extended Basin Mixer - Blush Gold Bright PVD,LAG-BGP-91023BWF,Blush Gold PVD,https://www.jaquar.com/images/thumbs/0060658_single-lever-extended-basin-mixer-blush-gold-pvd_960.jpeg,20000.00,"Single Lever Extended Basin Mixer (Height-128mm) without Popup Waste System, with 450mm Long Braided Hoses and Base Flange",https://www.jaquar.com/en/single-lever-extended-basin-mixer-2?Id=10161,"Laguna, LAG-BGP-91023BWF, Blush Gold PVD"
Faucets,Laguna,10162,Floor Mounted Single Lever Basin Mixer,Parent,7399,Floor Mounted Single Lever Basin Mixer - Chrome,LAG-CHR-91027,Chrome,https://www.jaquar.com/images/thumbs/0060691_floor-mounted-single-lever-basin-mixer-chrome_960.jpeg,60900.00,Floor Mounted Single Lever Basin Mixer,https://www.jaquar.com/en/floor-mounted-single-lever-basin-mixer?Id=10162,"Laguna, LAG-CHR-91027, Chrome"
Faucets,Laguna,10162,Floor Mounted Single Lever Basin Mixer,Variant,7399,Floor Mounted Single Lever Basin Mixer - Black Chrome,LAG-BCH-91027,Black Chrome,https://www.jaquar.com/images/thumbs/0060693_floor-mounted-single-lever-basin-mixer-black-chrome_960.jpeg,88000.00,Floor Mounted Single Lever Basin Mixer,https://www.jaquar.com/en/floor-mounted-single-lever-basin-mixer?Id=10162,"Laguna, LAG-BCH-91027, Black Chrome"
Faucets,Laguna,10162,Floor Mounted Single Lever Basin Mixer,Variant,7399,Floor Mounted Single Lever Basin Mixer - Black Matt,LAG-BLM-91027,Black Matt,https://www.jaquar.com/images/thumbs/0060690_floor-mounted-single-lever-basin-mixer-black-matt_960.jpeg,88000.00,Floor Mounted Single Lever Basin Mixer,https://www.jaquar.com/en/floor-mounted-single-lever-basin-mixer?Id=10162,"Laguna, LAG-BLM-91027, Black Matt"
Faucets,Laguna,10162,Floor Mounted Single Lever Basin Mixer,Variant,7399,Floor Mounted Single Lever Basin Mixer - Lever: Black Chrome | Body: Black Matt,LAG-BBC-91027,Lever: Black Chrome | Body: Black Matt,https://www.jaquar.com/images/thumbs/0060692_floor-mounted-single-lever-basin-mixer-lever-black-chrome-body-black-matt_960.jpeg,88000.00,Floor Mounted Single Lever Basin Mixer,https://www.jaquar.com/en/floor-mounted-single-lever-basin-mixer?Id=10162,"Laguna, LAG-BBC-91027, Lever: Black Chrome | Body: Black Matt"
Faucets,Laguna,10162,Floor Mounted Single Lever Basin Mixer,Variant,7399,Floor Mounted Single Lever Basin Mixer - Lever: Gold Matt PVD | Body: Black Matt,LAG-BGM-91027,Lever: Gold Matt PVD | Body: Black Matt,https://www.jaquar.com/images/thumbs/0060694_floor-mounted-single-lever-basin-mixer-lever-gold-matt-pvd-body-black-matt_960.jpeg,91200.00,Floor Mounted Single Lever Basin Mixer,https://www.jaquar.com/en/floor-mounted-single-lever-basin-mixer?Id=10162,"Laguna, LAG-BGM-91027, Lever: Gold Matt PVD | Body: Black Matt"
Faucets,Laguna,10162,Floor Mounted Single Lever Basin Mixer,Variant,7399,Floor Mounted Single Lever Basin Mixer - Gold Bright PVD,LAG-GBP-91027,Gold Bright PVD,https://www.jaquar.com/images/thumbs/0060695_floor-mounted-single-lever-basin-mixer-gold-bright-pvd_960.jpeg,103700.00,Floor Mounted Single Lever Basin Mixer,https://www.jaquar.com/en/floor-mounted-single-lever-basin-mixer?Id=10162,"Laguna, LAG-GBP-91027, Gold Bright PVD"
Faucets,Laguna,10162,Floor Mounted Single Lever Basin Mixer,Variant,7399,Floor Mounted Single Lever Basin Mixer - Lever: Gold Bright PVD | Body: Gold Matt PVD,LAG-GMG-91027,Lever: Gold Bright PVD | Body: Gold Matt PVD,https://www.jaquar.com/images/thumbs/0060697_floor-mounted-single-lever-basin-mixer-lever-gold-bright-pvd-body-gold-matt-pvd_960.jpeg,103700.00,Floor Mounted Single Lever Basin Mixer,https://www.jaquar.com/en/floor-mounted-single-lever-basin-mixer?Id=10162,"Laguna, LAG-GMG-91027, Lever: Gold Bright PVD | Body: Gold Matt PVD"
Faucets,Laguna,10162,Floor Mounted Single Lever Basin Mixer,Variant,7399,Floor Mounted Single Lever Basin Mixer - Gold Matt PVD,LAG-GMP-91027,Gold Matt PVD,https://www.jaquar.com/images/thumbs/0060696_floor-mounted-single-lever-basin-mixer-gold-matt-pvd_960.jpeg,103700.00,Floor Mounted Single Lever Basin Mixer,https://www.jaquar.com/en/floor-mounted-single-lever-basin-mixer?Id=10162,"Laguna, LAG-GMP-91027, Gold Matt PVD"
Faucets,Laguna,10162,Floor Mounted Single Lever Basin Mixer,Variant,7399,Floor Mounted Single Lever Basin Mixer - Blush Gold Bright PVD,LAG-BGP-91027,Blush Gold PVD,https://www.jaquar.com/images/thumbs/0060698_floor-mounted-single-lever-basin-mixer-blush-gold-pvd_960.jpeg,91200.00,Floor Mounted Single Lever Basin Mixer,https://www.jaquar.com/en/floor-mounted-single-lever-basin-mixer?Id=10162,"Laguna, LAG-BGP-91027, Blush Gold PVD"
Faucets,Laguna,10979,Laguna Sensor Faucet for Wash Basin,Parent,10973,Laguna Sensor Faucet for Wash Basin - Chrome,SNR-CHR-91019,Chrome,https://www.jaquar.com/images/thumbs/0051628_laguna-sensor-faucet-for-wash-basin-chrome_960.jpeg,14100.00,"Laguna Sensor Faucet for Wash Basin (Battery Operated)
",https://www.jaquar.com/en/laguna-sensor-faucet-for-wash-basin?Id=10979,"Laguna, SNR-CHR-91019, Chrome"
Faucets,Laguna,10979,Laguna Sensor Faucet for Wash Basin,Variant,10973,Laguna Sensor Faucet for Wash Basin - Black Chrome,SNR-BCH-91019,Black Chrome,https://www.jaquar.com/images/thumbs/0055001_laguna-sensor-faucet-for-wash-basin-black-chrome_960.jpeg,20400.00,"Laguna Sensor Faucet for Wash Basin (Battery Operated)
",https://www.jaquar.com/en/laguna-sensor-faucet-for-wash-basin?Id=10979,"Laguna, SNR-BCH-91019, Black Chrome"
Faucets,Laguna,10979,Laguna Sensor Faucet for Wash Basin,Variant,10973,Laguna Sensor Faucet for Wash Basin - Black Matt,SNR-BLM-91019,Black Matt,https://www.jaquar.com/images/thumbs/0055009_laguna-sensor-faucet-for-wash-basin-black-matt_960.jpeg,20400.00,"Laguna Sensor Faucet for Wash Basin (Battery Operated)
",https://www.jaquar.com/en/laguna-sensor-faucet-for-wash-basin?Id=10979,"Laguna, SNR-BLM-91019, Black Matt"
Faucets,Laguna,10979,Laguna Sensor Faucet for Wash Basin,Variant,10973,Laguna Sensor Faucet for Wash Basin - Gold Matt PVD,SNR-GMP-91019,Gold Matt PVD,https://www.jaquar.com/images/thumbs/0055021_laguna-sensor-faucet-for-wash-basin-gold-matt-pvd_960.jpeg,24000.00,"Laguna Sensor Faucet for Wash Basin (Battery Operated)
",https://www.jaquar.com/en/laguna-sensor-faucet-for-wash-basin?Id=10979,"Laguna, SNR-GMP-91019, Gold Matt PVD"
Faucets,Laguna,10979,Laguna Sensor Faucet for Wash Basin,Variant,10973,Laguna Sensor Faucet for Wash Basin - Gold Bright PVD,SNR-GBP-91019,Gold Bright PVD,https://www.jaquar.com/images/thumbs/0055017_laguna-sensor-faucet-for-wash-basin-gold-bright-pvd_960.jpeg,24000.00,"Laguna Sensor Faucet for Wash Basin (Battery Operated)
",https://www.jaquar.com/en/laguna-sensor-faucet-for-wash-basin?Id=10979,"Laguna, SNR-GBP-91019, Gold Bright PVD"
Faucets,Laguna,10979,Laguna Sensor Faucet for Wash Basin,Variant,10973,Laguna Sensor Faucet for Wash Basin - Blush Gold Bright PVD,SNR-BGP-91019,Blush Gold PVD,https://www.jaquar.com/images/thumbs/0055005_laguna-sensor-faucet-for-wash-basin-blush-gold-pvd_960.jpeg,21100.00,"Laguna Sensor Faucet for Wash Basin (Battery Operated)
",https://www.jaquar.com/en/laguna-sensor-faucet-for-wash-basin?Id=10979,"Laguna, SNR-BGP-91019, Blush Gold PVD"
Faucets,Laguna,10986,Laguna Sensor Faucet for Wash Basin,Parent,10980,Laguna Sensor Faucet for Wash Basin - Chrome,SNR-CHR-91019PK,Chrome,https://www.jaquar.com/images/thumbs/0051642_laguna-sensor-faucet-for-wash-basin-chrome_960.jpeg,14950.00,"Laguna Sensor Faucet for Wash Basin with Pre-mixed Water Supply Kit (Battery Operated)
",https://www.jaquar.com/en/laguna-sensor-faucet-for-wash-basin-2?Id=10986,"Laguna, SNR-CHR-91019PK, Chrome"
Faucets,Laguna,10986,Laguna Sensor Faucet for Wash Basin,Variant,10980,Laguna Sensor Faucet for Wash Basin - Black Chrome,SNR-BCH-91019PK,Black Chrome,https://www.jaquar.com/images/thumbs/0055002_laguna-sensor-faucet-for-wash-basin-black-chrome_960.jpeg,21600.00,"Laguna Sensor Faucet for Wash Basin with Pre-mixed Water Supply Kit (Battery Operated)
",https://www.jaquar.com/en/laguna-sensor-faucet-for-wash-basin-2?Id=10986,"Laguna, SNR-BCH-91019PK, Black Chrome"
Faucets,Laguna,10986,Laguna Sensor Faucet for Wash Basin,Variant,10980,Laguna Sensor Faucet for Wash Basin - Black Matt,SNR-BLM-91019PK,Black Matt,https://www.jaquar.com/images/thumbs/0055010_laguna-sensor-faucet-for-wash-basin-black-matt_960.jpeg,21600.00,"Laguna Sensor Faucet for Wash Basin with Pre-mixed Water Supply Kit (Battery Operated)
",https://www.jaquar.com/en/laguna-sensor-faucet-for-wash-basin-2?Id=10986,"Laguna, SNR-BLM-91019PK, Black Matt"
Faucets,Laguna,10986,Laguna Sensor Faucet for Wash Basin,Variant,10980,Laguna Sensor Faucet for Wash Basin - Gold Matt PVD,SNR-GMP-91019PK,Gold Matt PVD,https://www.jaquar.com/images/thumbs/0055022_laguna-sensor-faucet-for-wash-basin-gold-matt-pvd_960.jpeg,25500.00,"Laguna Sensor Faucet for Wash Basin with Pre-mixed Water Supply Kit (Battery Operated)
",https://www.jaquar.com/en/laguna-sensor-faucet-for-wash-basin-2?Id=10986,"Laguna, SNR-GMP-91019PK, Gold Matt PVD"
Faucets,Laguna,10986,Laguna Sensor Faucet for Wash Basin,Variant,10980,Laguna Sensor Faucet for Wash Basin - Gold Bright PVD,SNR-GBP-91019PK,Gold Bright PVD,https://www.jaquar.com/images/thumbs/0055018_laguna-sensor-faucet-for-wash-basin-gold-bright-pvd_960.jpeg,25500.00,"Laguna Sensor Faucet for Wash Basin with Pre-mixed Water Supply Kit (Battery Operated)
",https://www.jaquar.com/en/laguna-sensor-faucet-for-wash-basin-2?Id=10986,"Laguna, SNR-GBP-91019PK, Gold Bright PVD"
Faucets,Laguna,10986,Laguna Sensor Faucet for Wash Basin,Variant,10980,Laguna Sensor Faucet for Wash Basin - Blush Gold Bright PVD,SNR-BGP-91019PK,Blush Gold PVD,https://www.jaquar.com/images/thumbs/0055006_laguna-sensor-faucet-for-wash-basin-blush-gold-pvd_960.jpeg,22400.00,"Laguna Sensor Faucet for Wash Basin with Pre-mixed Water Supply Kit (Battery Operated)
",https://www.jaquar.com/en/laguna-sensor-faucet-for-wash-basin-2?Id=10986,"Laguna, SNR-BGP-91019PK, Blush Gold PVD"
Faucets,Laguna,10993,Laguna Tall Boy Sensor Faucet,Parent,10987,Laguna Tall Boy Sensor Faucet - Chrome,SNR-CHR-91017,Chrome,https://www.jaquar.com/images/thumbs/0051660_laguna-tall-boy-sensor-faucet-chrome_960.jpeg,17400.00,"Laguna Tall Boy Sensor Faucet for Wash Basin (Battery Operated)
",https://www.jaquar.com/en/laguna-tall-boy-sensor-faucet-3?Id=10993,"Laguna, SNR-CHR-91017, Chrome"
Faucets,Laguna,10993,Laguna Tall Boy Sensor Faucet,Variant,10987,Laguna Tall Boy Sensor Faucet - Black Chrome,SNR-BCH-91017,Black Chrome,https://www.jaquar.com/images/thumbs/0054999_laguna-tall-boy-sensor-faucet-black-chrome_960.jpeg,25200.00,"Laguna Tall Boy Sensor Faucet for Wash Basin (Battery Operated)
",https://www.jaquar.com/en/laguna-tall-boy-sensor-faucet-3?Id=10993,"Laguna, SNR-BCH-91017, Black Chrome"
Faucets,Laguna,10993,Laguna Tall Boy Sensor Faucet,Variant,10987,Laguna Tall Boy Sensor Faucet - Black Matt,SNR-BLM-91017,Black Matt,https://www.jaquar.com/images/thumbs/0055007_laguna-tall-boy-sensor-faucet-black-matt_960.jpeg,25200.00,"Laguna Tall Boy Sensor Faucet for Wash Basin (Battery Operated)
",https://www.jaquar.com/en/laguna-tall-boy-sensor-faucet-3?Id=10993,"Laguna, SNR-BLM-91017, Black Matt"
Faucets,Laguna,10993,Laguna Tall Boy Sensor Faucet,Variant,10987,Laguna Tall Boy Sensor Faucet - Gold Matt PVD,SNR-GMP-91017,Gold Matt PVD,https://www.jaquar.com/images/thumbs/0055019_laguna-tall-boy-sensor-faucet-gold-matt-pvd_960.jpeg,29700.00,"Laguna Tall Boy Sensor Faucet for Wash Basin (Battery Operated)
",https://www.jaquar.com/en/laguna-tall-boy-sensor-faucet-3?Id=10993,"Laguna, SNR-GMP-91017, Gold Matt PVD"
Faucets,Laguna,10993,Laguna Tall Boy Sensor Faucet,Variant,10987,Laguna Tall Boy Sensor Faucet - Gold Bright PVD,SNR-GBP-91017,Gold Bright PVD,https://www.jaquar.com/images/thumbs/0055015_laguna-tall-boy-sensor-faucet-gold-bright-pvd_960.jpeg,29700.00,"Laguna Tall Boy Sensor Faucet for Wash Basin (Battery Operated)
",https://www.jaquar.com/en/laguna-tall-boy-sensor-faucet-3?Id=10993,"Laguna, SNR-GBP-91017, Gold Bright PVD"
Faucets,Laguna,10993,Laguna Tall Boy Sensor Faucet,Variant,10987,Laguna Tall Boy Sensor Faucet - Blush Gold Bright PVD,SNR-BGP-91017,Blush Gold PVD,https://www.jaquar.com/images/thumbs/0055003_laguna-tall-boy-sensor-faucet-blush-gold-pvd_960.jpeg,26000.00,"Laguna Tall Boy Sensor Faucet for Wash Basin (Battery Operated)
",https://www.jaquar.com/en/laguna-tall-boy-sensor-faucet-3?Id=10993,"Laguna, SNR-BGP-91017, Blush Gold PVD"
Faucets,Laguna,10999,Laguna Tall Boy Sensor Faucet,Parent,11000,Laguna Tall Boy Sensor Faucet - Chrome,SNR-CHR-91017PK,Chrome,https://www.jaquar.com/images/thumbs/0051667_laguna-tall-boy-sensor-faucet-chrome_960.jpeg,18250.00,"Laguna Tall Boy Sensor Faucet for Wash Basin with Pre-mixed Water Supply Kit (Battery Operated)
",https://www.jaquar.com/en/laguna-tall-boy-sensor-faucet-4?Id=10999,"Laguna, SNR-CHR-91017PK, Chrome"
Faucets,Laguna,10999,Laguna Tall Boy Sensor Faucet,Variant,11000,Laguna Tall Boy Sensor Faucet - Black Chrome,SNR-BCH-91017PK,Black Chrome,https://www.jaquar.com/images/thumbs/0055000_laguna-tall-boy-sensor-faucet-black-chrome_960.jpeg,26400.00,"Laguna Tall Boy Sensor Faucet for Wash Basin with Pre-mixed Water Supply Kit (Battery Operated)
",https://www.jaquar.com/en/laguna-tall-boy-sensor-faucet-4?Id=10999,"Laguna, SNR-BCH-91017PK, Black Chrome"
Faucets,Laguna,10999,Laguna Tall Boy Sensor Faucet,Variant,11000,Laguna Tall Boy Sensor Faucet - Black Matt,SNR-BLM-91017PK,Black Matt,https://www.jaquar.com/images/thumbs/0055008_laguna-tall-boy-sensor-faucet-black-matt_960.jpeg,26400.00,"Laguna Tall Boy Sensor Faucet for Wash Basin with Pre-mixed Water Supply Kit (Battery Operated)
",https://www.jaquar.com/en/laguna-tall-boy-sensor-faucet-4?Id=10999,"Laguna, SNR-BLM-91017PK, Black Matt"
Faucets,Laguna,10999,Laguna Tall Boy Sensor Faucet,Variant,11000,Laguna Tall Boy Sensor Faucet - Gold Matt PVD,SNR-GMP-91017PK,Gold Matt PVD,https://www.jaquar.com/images/thumbs/0055020_laguna-tall-boy-sensor-faucet-gold-matt-pvd_960.jpeg,31100.00,"Laguna Tall Boy Sensor Faucet for Wash Basin with Pre-mixed Water Supply Kit (Battery Operated)
",https://www.jaquar.com/en/laguna-tall-boy-sensor-faucet-4?Id=10999,"Laguna, SNR-GMP-91017PK, Gold Matt PVD"
Faucets,Laguna,10999,Laguna Tall Boy Sensor Faucet,Variant,11000,Laguna Tall Boy Sensor Faucet - Gold Bright PVD,SNR-GBP-91017PK,Gold Bright PVD,https://www.jaquar.com/images/thumbs/0055016_laguna-tall-boy-sensor-faucet-gold-bright-pvd_960.jpeg,31100.00,"Laguna Tall Boy Sensor Faucet for Wash Basin with Pre-mixed Water Supply Kit (Battery Operated)
",https://www.jaquar.com/en/laguna-tall-boy-sensor-faucet-4?Id=10999,"Laguna, SNR-GBP-91017PK, Gold Bright PVD"
Faucets,Laguna,10999,Laguna Tall Boy Sensor Faucet,Variant,11000,Laguna Tall Boy Sensor Faucet - Blush Gold Bright PVD,SNR-BGP-91017PK,Blush Gold PVD,https://www.jaquar.com/images/thumbs/0055004_laguna-tall-boy-sensor-faucet-blush-gold-pvd_960.jpeg,27300.00,"Laguna Tall Boy Sensor Faucet for Wash Basin with Pre-mixed Water Supply Kit (Battery Operated)
",https://www.jaquar.com/en/laguna-tall-boy-sensor-faucet-4?Id=10999,"Laguna, SNR-BGP-91017PK, Blush Gold PVD"
