category,series,parent_product_id,parent_name,is_parent,variant_id,product_name,product_code,color,image_url,mrp,description,product_url,bullet_points
Faucets,Opal Prime,2524,Single Lever Basin Mixer,Parent,1973,Single Lever Basin Mixer - Chrome,OPP-CHR-15011BPM,Chrome,https://www.jaquar.com/images/thumbs/0060191_single-lever-basin-mixer-chrome_960.jpeg,5350.00,"Single Lever Basin Mixer without Popup Waste with 450mm Long Braided Hoses

Registered Design No:276010",https://www.jaquar.com/en/opal-prime-basin-mixer?Id=2524,"Opal Prime, OPP-CHR-15011BPM, Chrome"
Faucets,Opal Prime,2524,Single Lever Basin Mixer,Variant,1973,Single Lever Basin Mixer -Antique Bronze,OPP-ABR-15011BPM,Antique Bronze,https://www.jaquar.com/images/thumbs/0052323_single-lever-basin-mixer-antique-bronze_960.jpeg,8900.00,"Single Lever Basin Mixer without Popup Waste with 450mm Long Braided Hoses

Registered Design No:276010",https://www.jaquar.com/en/opal-prime-basin-mixer?Id=2524,"Opal Prime, OPP-ABR-15011BPM, Antique Bronze"
Faucets,Opal Prime,2524,Single Lever Basin Mixer,Variant,1973,Single Lever Basin Mixer -Antique Copper,OPP-ACR-15011BPM,Antique Copper,https://www.jaquar.com/images/thumbs/0060036_single-lever-basin-mixer-antique-copper_960.jpeg,8900.00,"Single Lever Basin Mixer without Popup Waste with 450mm Long Braided Hoses

Registered Design No:276010",https://www.jaquar.com/en/opal-prime-basin-mixer?Id=2524,"Opal Prime, OPP-ACR-15011BPM, Antique Copper"
Faucets,Opal Prime,2524,Single Lever Basin Mixer,Variant,1973,Single Lever Basin Mixer -Black Chrome,OPP-BCH-15011BPM,Black Chrome,https://www.jaquar.com/images/thumbs/0053858_single-lever-basin-mixer-black-chrome_960.jpeg,7800.00,"Single Lever Basin Mixer without Popup Waste with 450mm Long Braided Hoses

Registered Design No:276010",https://www.jaquar.com/en/opal-prime-basin-mixer?Id=2524,"Opal Prime, OPP-BCH-15011BPM, Black Chrome"
Faucets,Opal Prime,2524,Single Lever Basin Mixer,Variant,1973,Single Lever Basin Mixer -Black Matt,OPP-BLM-15011BPM,Black Matt,https://www.jaquar.com/images/thumbs/0052324_single-lever-basin-mixer-black-matt_960.jpeg,7800.00,"Single Lever Basin Mixer without Popup Waste with 450mm Long Braided Hoses

Registered Design No:276010",https://www.jaquar.com/en/opal-prime-basin-mixer?Id=2524,"Opal Prime, OPP-BLM-15011BPM, Black Matt"
Faucets,Opal Prime,2524,Single Lever Basin Mixer,Variant,1973,Single Lever Basin Mixer -Graphite,OPP-GRF-15011BPM,Graphite,https://www.jaquar.com/images/thumbs/0011466_single-lever-basin-mixer-graphite_960.jpeg,8900.00,"Single Lever Basin Mixer without Popup Waste with 450mm Long Braided Hoses

Registered Design No:276010",https://www.jaquar.com/en/opal-prime-basin-mixer?Id=2524,"Opal Prime, OPP-GRF-15011BPM, Graphite"
Faucets,Opal Prime,2524,Single Lever Basin Mixer,Variant,1973,Single Lever Basin Mixer -Stainless Steel,OPP-SSF-15011BPM,Stainless Steel,https://www.jaquar.com/images/thumbs/0067282_single-lever-basin-mixer-stainless-steel_960.jpeg,8900.00,"Single Lever Basin Mixer without Popup Waste with 450mm Long Braided Hoses

Registered Design No:276010",https://www.jaquar.com/en/opal-prime-basin-mixer?Id=2524,"Opal Prime, OPP-SSF-15011BPM, Stainless Steel"
Faucets,Opal Prime,2524,Single Lever Basin Mixer,Variant,1973,Single Lever Basin Mixer - Gold Matt PVD,OPP-GMP-15011BPM,Gold Matt PVD,https://www.jaquar.com/images/thumbs/0059396_single-lever-basin-mixer-gold-matt-pvd_960.jpeg,9200.00,"Single Lever Basin Mixer without Popup Waste with 450mm Long Braided Hoses

Registered Design No:276010",https://www.jaquar.com/en/opal-prime-basin-mixer?Id=2524,"Opal Prime, OPP-GMP-15011BPM, Gold Matt PVD"
Faucets,Opal Prime,2524,Single Lever Basin Mixer,Variant,1973,Single Lever Basin Mixer - Gold Bright PVD,OPP-GBP-15011BPM,Gold Bright PVD,https://www.jaquar.com/images/thumbs/0055869_single-lever-basin-mixer-gold-bright-pvd_960.jpeg,9200.00,"Single Lever Basin Mixer without Popup Waste with 450mm Long Braided Hoses

Registered Design No:276010",https://www.jaquar.com/en/opal-prime-basin-mixer?Id=2524,"Opal Prime, OPP-GBP-15011BPM, Gold Bright PVD"
Faucets,Opal Prime,2524,Single Lever Basin Mixer,Variant,1973,Single Lever Basin Mixer - Blush Gold Bright PVD,OPP-BGP-15011BPM,Blush Gold PVD,https://www.jaquar.com/images/thumbs/0055949_single-lever-basin-mixer-blush-gold-pvd_960.jpeg,8100.00,"Single Lever Basin Mixer without Popup Waste with 450mm Long Braided Hoses

Registered Design No:276010",https://www.jaquar.com/en/opal-prime-basin-mixer?Id=2524,"Opal Prime, OPP-BGP-15011BPM, Blush Gold PVD"
Faucets,Opal Prime,2661,Single Lever Basin Mixer with Popup Waste,Parent,1955,Single Lever Basin Mixer with Popup Waste - Chrome,OPP-CHR-15051BPM,Chrome,https://www.jaquar.com/images/thumbs/0060206_single-lever-basin-mixer-with-popup-waste-chrome_960.jpeg,6350.00,"Single Lever Basin Mixer with Popup Waste, with 450mm Long Braided Hoses",https://www.jaquar.com/en/chrome-opal-prime-mixer-with-pop-up-waste-system?Id=2661,"Opal Prime, OPP-CHR-15051BPM, Chrome"
Faucets,Opal Prime,2661,Single Lever Basin Mixer with Popup Waste,Variant,1955,Single Lever Basin Mixer with Popup Waste - Antique Bronze,OPP-ABR-15051BPM,Antique Bronze,https://www.jaquar.com/images/thumbs/0052027_single-lever-basin-mixer-with-popup-waste-antique-bronze_960.jpeg,10600.00,"Single Lever Basin Mixer with Popup Waste, with 450mm Long Braided Hoses",https://www.jaquar.com/en/chrome-opal-prime-mixer-with-pop-up-waste-system?Id=2661,"Opal Prime, OPP-ABR-15051BPM, Antique Bronze"
Faucets,Opal Prime,2661,Single Lever Basin Mixer with Popup Waste,Variant,1955,Single Lever Basin Mixer with Popup Waste - Antique Copper,OPP-ACR-15051BPM,Antique Copper,https://www.jaquar.com/images/thumbs/0060462_single-lever-basin-mixer-with-popup-waste-antique-copper_960.jpeg,10600.00,"Single Lever Basin Mixer with Popup Waste, with 450mm Long Braided Hoses",https://www.jaquar.com/en/chrome-opal-prime-mixer-with-pop-up-waste-system?Id=2661,"Opal Prime, OPP-ACR-15051BPM, Antique Copper"
Faucets,Opal Prime,2661,Single Lever Basin Mixer with Popup Waste,Variant,1955,Single Lever Basin Mixer with Popup Waste -Black Chrome,OPP-BCH-15051BPM,Black Chrome,https://www.jaquar.com/images/thumbs/0053813_single-lever-basin-mixer-with-popup-waste-black-chrome_960.jpeg,9250.00,"Single Lever Basin Mixer with Popup Waste, with 450mm Long Braided Hoses",https://www.jaquar.com/en/chrome-opal-prime-mixer-with-pop-up-waste-system?Id=2661,"Opal Prime, OPP-BCH-15051BPM, Black Chrome"
Faucets,Opal Prime,2661,Single Lever Basin Mixer with Popup Waste,Variant,1955,Single Lever Basin Mixer with Popup Waste -Black Matt,OPP-BLM-15051BPM,Black Matt,https://www.jaquar.com/images/thumbs/0052536_single-lever-basin-mixer-with-popup-waste-black-matt_960.jpeg,9250.00,"Single Lever Basin Mixer with Popup Waste, with 450mm Long Braided Hoses",https://www.jaquar.com/en/chrome-opal-prime-mixer-with-pop-up-waste-system?Id=2661,"Opal Prime, OPP-BLM-15051BPM, Black Matt"
Faucets,Opal Prime,2661,Single Lever Basin Mixer with Popup Waste,Variant,1955,Single Lever Basin Mixer with Popup Waste -Graphite,OPP-GRF-15051BPM,Graphite,https://www.jaquar.com/images/thumbs/0060306_single-lever-basin-mixer-with-popup-waste-graphite_960.jpeg,10600.00,"Single Lever Basin Mixer with Popup Waste, with 450mm Long Braided Hoses",https://www.jaquar.com/en/chrome-opal-prime-mixer-with-pop-up-waste-system?Id=2661,"Opal Prime, OPP-GRF-15051BPM, Graphite"
Faucets,Opal Prime,2661,Single Lever Basin Mixer with Popup Waste,Variant,1955,Single Lever Basin Mixer with Popup Waste -Stainless Steel,OPP-SSF-15051BPM,Stainless Steel,https://www.jaquar.com/images/thumbs/0067281_single-lever-basin-mixer-with-popup-waste-stainless-steel_960.jpeg,10600.00,"Single Lever Basin Mixer with Popup Waste, with 450mm Long Braided Hoses",https://www.jaquar.com/en/chrome-opal-prime-mixer-with-pop-up-waste-system?Id=2661,"Opal Prime, OPP-SSF-15051BPM, Stainless Steel"
Faucets,Opal Prime,2514,Single Lever Tall Boy,Parent,1956,Single Lever Tall Boy - Chrome,OPP-CHR-15005BPM,Chrome,https://www.jaquar.com/images/thumbs/0060189_single-lever-tall-boy-chrome_960.jpeg,7350.00,Single Lever Tall Boy with 150mm Extension Body Fixed Spout without Popup Waste System with 600mm Long Braided Hoses,https://www.jaquar.com/en/opal-prime-chrome-basin-mixer-tall-boy?Id=2514,"Opal Prime, OPP-CHR-15005BPM, Chrome"
Faucets,Opal Prime,2514,Single Lever Tall Boy,Variant,1956,Single Lever Tall Boy - Antique Bronze,OPP-ABR-15005BPM,Antique Bronze,https://www.jaquar.com/images/thumbs/0052321_single-lever-tall-boy-antique-bronze_960.jpeg,12200.00,Single Lever Tall Boy with 150mm Extension Body Fixed Spout without Popup Waste System with 600mm Long Braided Hoses,https://www.jaquar.com/en/opal-prime-chrome-basin-mixer-tall-boy?Id=2514,"Opal Prime, OPP-ABR-15005BPM, Antique Bronze"
Faucets,Opal Prime,2514,Single Lever Tall Boy,Variant,1956,Single Lever Tall Boy - Antique Copper,OPP-ACR-15005BPM,Antique Copper,https://www.jaquar.com/images/thumbs/0053357_single-lever-tall-boy-antique-copper_960.jpeg,12200.00,"Single Lever Tall Boy with 150mm Extension Body Fixed Spout without Popup Waste System with 600mm Long Braided Hoses
",https://www.jaquar.com/en/opal-prime-chrome-basin-mixer-tall-boy?Id=2514,"Opal Prime, OPP-ACR-15005BPM, Antique Copper"
Faucets,Opal Prime,2514,Single Lever Tall Boy,Variant,1956,Single Lever Tall Boy - Black Chrome,OPP-BCH-15005BPM,Black Chrome,https://www.jaquar.com/images/thumbs/0053118_single-lever-tall-boy-black-chrome_960.jpeg,10600.00,"Single Lever Tall Boy with 150mm Extension Body Fixed Spout without Popup Waste System with 600mm Long Braided Hoses
",https://www.jaquar.com/en/opal-prime-chrome-basin-mixer-tall-boy?Id=2514,"Opal Prime, OPP-BCH-15005BPM, Black Chrome"
Faucets,Opal Prime,2514,Single Lever Tall Boy,Variant,1956,Single Lever Tall Boy - Black Matt,OPP-BLM-15005BPM,Black Matt,https://www.jaquar.com/images/thumbs/0052322_single-lever-tall-boy-black-matt_960.jpeg,10600.00,"Single Lever Tall Boy with 150mm Extension Body Fixed Spout without Popup Waste System with 600mm Long Braided Hoses
",https://www.jaquar.com/en/opal-prime-chrome-basin-mixer-tall-boy?Id=2514,"Opal Prime, OPP-BLM-15005BPM, Black Matt"
Faucets,Opal Prime,2514,Single Lever Tall Boy,Variant,1956,Single Lever Tall Boy - Graphite,OPP-GRF-15005BPM,Graphite,https://www.jaquar.com/images/thumbs/0060459_single-lever-tall-boy-graphite_960.jpeg,12200.00,"Single Lever Tall Boy with 150mm Extension Body Fixed Spout without Popup Waste System with 600mm Long Braided Hoses
",https://www.jaquar.com/en/opal-prime-chrome-basin-mixer-tall-boy?Id=2514,"Opal Prime, OPP-GRF-15005BPM, Graphite"
Faucets,Opal Prime,2514,Single Lever Tall Boy,Variant,1956,Single Lever Tall Boy - Stainless Steel,OPP-SSF-15005BPM,Stainless Steel,https://www.jaquar.com/images/thumbs/0060458_single-lever-tall-boy-stainless-steel_960.jpeg,12200.00,"Single Lever Tall Boy with 150mm Extension Body Fixed Spout without Popup Waste System with 600mm Long Braided Hoses
",https://www.jaquar.com/en/opal-prime-chrome-basin-mixer-tall-boy?Id=2514,"Opal Prime, OPP-SSF-15005BPM, Stainless Steel"
Faucets,Opal Prime,2514,Single Lever Tall Boy,Variant,1956,Single Lever Tall Boy - Gold Matt PVD,OPP-GMP-15005BPM,Gold Matt PVD,https://www.jaquar.com/images/thumbs/0059395_single-lever-tall-boy-gold-matt-pvd_960.jpeg,12500.00,"Single Lever Tall Boy with 150mm Extension Body Fixed Spout without Popup Waste System with 600mm Long Braided Hoses
",https://www.jaquar.com/en/opal-prime-chrome-basin-mixer-tall-boy?Id=2514,"Opal Prime, OPP-GMP-15005BPM, Gold Matt PVD"
Faucets,Opal Prime,2514,Single Lever Tall Boy,Variant,1956,Single Lever Tall Boy - Gold Bright PVD,OPP-GBP-15005BPM,Gold Bright PVD,https://www.jaquar.com/images/thumbs/0055868_single-lever-tall-boy-gold-bright-pvd_960.jpeg,12500.00,"Single Lever Tall Boy with 150mm Extension Body Fixed Spout without Popup Waste System with 600mm Long Braided Hoses
",https://www.jaquar.com/en/opal-prime-chrome-basin-mixer-tall-boy?Id=2514,"Opal Prime, OPP-GBP-15005BPM, Gold Bright PVD"
Faucets,Opal Prime,2514,Single Lever Tall Boy,Variant,1956,Single Lever Tall Boy - Blush Gold Bright PVD,OPP-BGP-15005BPM,Blush Gold PVD,https://www.jaquar.com/images/thumbs/0053189_single-lever-tall-boy-blush-gold-pvd_960.jpeg,11000.00,"Single Lever Tall Boy with 150mm Extension Body Fixed Spout without Popup Waste System with 600mm Long Braided Hoses
",https://www.jaquar.com/en/opal-prime-chrome-basin-mixer-tall-boy?Id=2514,"Opal Prime, OPP-BGP-15005BPM, Blush Gold PVD"
Faucets,Opal Prime,2535,Exposed Part Kit of Single Lever Basin Mixer Wall Mounted,Parent,1957,Exposed Part Kit of Single Lever Basin Mixer Wall Mounted - Chrome,OPP-CHR-15233NKPM,Chrome,https://www.jaquar.com/images/thumbs/0060232_exposed-part-kit-of-single-lever-basin-mixer-wall-mounted-chrome_960.jpeg,4700.00,"Exposed Part Kit of Single Lever Basin Mixer Wall Mounted Consisting of Operating Lever, Cartridge Sleeve, Wall Flange, Nipple & Spout (Compatible with ALD-233N or ALD-235N)",https://www.jaquar.com/en/opal-prime-concealed-wall-basin-mixer-chrome-plate?Id=2535,"Opal Prime, OPP-CHR-15233NKPM, Chrome"
Faucets,Opal Prime,2535,Exposed Part Kit of Single Lever Basin Mixer Wall Mounted,Variant,1957,Exposed Part Kit of Single Lever Basin Mixer Wall Mounted - Antique Bronze,OPP-ABR-15233NKPM,Antique Bronze,https://www.jaquar.com/images/thumbs/0052341_exposed-part-kit-of-single-lever-basin-mixer-wall-mounted-antique-bronze_960.jpeg,7750.00,"Exposed Part Kit of Single Lever Basin Mixer Wall Mounted Consisting of Operating Lever, Cartridge Sleeve, Wall Flange, Nipple & Spout (Compatible with ALD-233N or ALD-235N)",https://www.jaquar.com/en/opal-prime-concealed-wall-basin-mixer-chrome-plate?Id=2535,"Opal Prime, OPP-ABR-15233NKPM, Antique Bronze"
Faucets,Opal Prime,2535,Exposed Part Kit of Single Lever Basin Mixer Wall Mounted,Variant,1957,Exposed Part Kit of Single Lever Basin Mixer Wall Mounted - Antique Copper,OPP-ACR-15233NKPM,Antique Copper,https://www.jaquar.com/images/thumbs/0053384_exposed-part-kit-of-single-lever-basin-mixer-wall-mounted-antique-copper_960.jpeg,7750.00,"Exposed Part Kit of Single Lever Basin Mixer Wall Mounted Consisting of Operating Lever, Cartridge Sleeve, Wall Flange, Nipple & Spout (Compatible with ALD-233N or ALD-235N)",https://www.jaquar.com/en/opal-prime-concealed-wall-basin-mixer-chrome-plate?Id=2535,"Opal Prime, OPP-ACR-15233NKPM, Antique Copper"
Faucets,Opal Prime,2535,Exposed Part Kit of Single Lever Basin Mixer Wall Mounted,Variant,1957,Exposed Part Kit of Single Lever Basin Mixer Wall Mounted - Black Chrome,OPP-BCH-15233NKPM,Black Chrome,https://www.jaquar.com/images/thumbs/0053120_exposed-part-kit-of-single-lever-basin-mixer-wall-mounted-black-chrome_960.jpeg,6800.00,"Exposed Part Kit of Single Lever Basin Mixer Wall Mounted Consisting of Operating Lever, Cartridge Sleeve, Wall Flange, Nipple & Spout (Compatible with ALD-233N or ALD-235N)",https://www.jaquar.com/en/opal-prime-concealed-wall-basin-mixer-chrome-plate?Id=2535,"Opal Prime, OPP-BCH-15233NKPM, Black Chrome"
Faucets,Opal Prime,2535,Exposed Part Kit of Single Lever Basin Mixer Wall Mounted,Variant,1957,Exposed Part Kit of Single Lever Basin Mixer Wall Mounted - Black Matt,OPP-BLM-15233NKPM,Black Matt,https://www.jaquar.com/images/thumbs/0060323_exposed-part-kit-of-single-lever-basin-mixer-wall-mounted-black-matt_960.jpeg,6800.00,"Exposed Part Kit of Single Lever Basin Mixer Wall Mounted Consisting of Operating Lever, Cartridge Sleeve, Wall Flange, Nipple & Spout (Compatible with ALD-233N or ALD-235N)",https://www.jaquar.com/en/opal-prime-concealed-wall-basin-mixer-chrome-plate?Id=2535,"Opal Prime, OPP-BLM-15233NKPM, Black Matt"
Faucets,Opal Prime,2535,Exposed Part Kit of Single Lever Basin Mixer Wall Mounted,Variant,1957,Exposed Part Kit of Single Lever Basin Mixer Wall Mounted - Graphite,OPP-GRF-15233NKPM,Graphite,https://www.jaquar.com/images/thumbs/0060472_exposed-part-kit-of-single-lever-basin-mixer-wall-mounted-graphite_960.jpeg,7750.00,"Exposed Part Kit of Single Lever Basin Mixer Wall Mounted Consisting of Operating Lever, Cartridge Sleeve, Wall Flange, Nipple & Spout (Compatible with ALD-233N or ALD-235N)",https://www.jaquar.com/en/opal-prime-concealed-wall-basin-mixer-chrome-plate?Id=2535,"Opal Prime, OPP-GRF-15233NKPM, Graphite"
Faucets,Opal Prime,2535,Exposed Part Kit of Single Lever Basin Mixer Wall Mounted,Variant,1957,Exposed Part Kit of Single Lever Basin Mixer Wall Mounted - Stainless Steel,OPP-SSF-15233NKPM,Stainless Steel,https://www.jaquar.com/images/thumbs/0067280_exposed-part-kit-of-single-lever-basin-mixer-wall-mounted-stainless-steel_960.jpeg,7750.00,"Exposed Part Kit of Single Lever Basin Mixer Wall Mounted Consisting of Operating Lever, Cartridge Sleeve, Wall Flange, Nipple & Spout (Compatible with ALD-233N or ALD-235N)",https://www.jaquar.com/en/opal-prime-concealed-wall-basin-mixer-chrome-plate?Id=2535,"Opal Prime, OPP-SSF-15233NKPM, Stainless Steel"
Faucets,Opal Prime,2535,Exposed Part Kit of Single Lever Basin Mixer Wall Mounted,Variant,1957,Exposed Part Kit of Single Lever Basin Mixer Wall Mounted - Gold Matt PVD,OPP-GMP-15233NKPM,Gold Matt PVD,https://www.jaquar.com/images/thumbs/0055674_exposed-part-kit-of-single-lever-basin-mixer-wall-mounted-gold-matt-pvd_960.jpeg,8000.00,"Exposed Part Kit of Single Lever Basin Mixer Wall Mounted Consisting of Operating Lever, Cartridge Sleeve, Wall Flange, Nipple & Spout (Compatible with ALD-233N or ALD-235N)",https://www.jaquar.com/en/opal-prime-concealed-wall-basin-mixer-chrome-plate?Id=2535,"Opal Prime, OPP-GMP-15233NKPM, Gold Matt PVD"
Faucets,Opal Prime,2535,Exposed Part Kit of Single Lever Basin Mixer Wall Mounted,Variant,1957,Exposed Part Kit of Single Lever Basin Mixer Wall Mounted - Gold Bright PVD,OPP-GBP-15233NKPM,Gold Bright PVD,https://www.jaquar.com/images/thumbs/0055876_exposed-part-kit-of-single-lever-basin-mixer-wall-mounted-gold-bright-pvd_960.jpeg,8000.00,"Exposed Part Kit of Single Lever Basin Mixer Wall Mounted Consisting of Operating Lever, Cartridge Sleeve, Wall Flange, Nipple & Spout (Compatible with ALD-233N or ALD-235N)",https://www.jaquar.com/en/opal-prime-concealed-wall-basin-mixer-chrome-plate?Id=2535,"Opal Prime, OPP-GBP-15233NKPM, Gold Bright PVD"
Faucets,Opal Prime,2535,Exposed Part Kit of Single Lever Basin Mixer Wall Mounted,Variant,1957,Exposed Part Kit of Single Lever Basin Mixer Wall Mounted - Blush Gold Bright PVD,OPP-BGP-15233NKPM,Blush Gold PVD,https://www.jaquar.com/images/thumbs/0053191_exposed-part-kit-of-single-lever-basin-mixer-wall-mounted-blush-gold-pvd_960.jpeg,7000.00,"Exposed Part Kit of Single Lever Basin Mixer Wall Mounted Consisting of Operating Lever, Cartridge Sleeve, Wall Flange, Nipple & Spout (Compatible with ALD-233N or ALD-235N)",https://www.jaquar.com/en/opal-prime-concealed-wall-basin-mixer-chrome-plate?Id=2535,"Opal Prime, OPP-BGP-15233NKPM, Blush Gold PVD"
Faucets,Opal Prime,3103,Single Lever Bath & Shower Mixer,Parent,1958,Single Lever Bath & Shower Mixer - Chrome,OPP-CHR-15115PM,Chrome,https://www.jaquar.com/images/thumbs/0060218_single-lever-bath-shower-mixer-chrome_960.jpeg,9450.00,Single Lever Wall Mixer with Provision for Connection to Exposed Shower Pipe (SHA-1211N) with Connecting Legs & Wall Flanges ,https://www.jaquar.com/en/opal-prime-chrome-wall-mixer-with-overhead-shower-provision?Id=3103,"Opal Prime, OPP-CHR-15115PM, Chrome"
Faucets,Opal Prime,3103,Single Lever Bath & Shower Mixer,Variant,1958,Single Lever Bath & Shower Mixer - Antique Bronze,OPP-ABR-15115PM,Antique Bronze,https://www.jaquar.com/images/thumbs/0054836_single-lever-bath-shower-mixer-antique-bronze_960.jpeg,15900.00,Single Lever Wall Mixer with Provision for Connection to Exposed Shower Pipe (SHA-1211N) with Connecting Legs & Wall Flanges ,https://www.jaquar.com/en/opal-prime-chrome-wall-mixer-with-overhead-shower-provision?Id=3103,"Opal Prime, OPP-ABR-15115PM, Antique Bronze"
Faucets,Opal Prime,3103,Single Lever Bath & Shower Mixer,Variant,1958,Single Lever Bath & Shower Mixer - Antique Copper,OPP-ACR-15115PM,Antique Bronze,https://www.jaquar.com/images/thumbs/0055073_single-lever-bath-shower-mixer-antique-copper_960.jpeg,15900.00,Single Lever Wall Mixer with Provision for Connection to Exposed Shower Pipe (SHA-1211N) with Connecting Legs & Wall Flanges ,https://www.jaquar.com/en/opal-prime-chrome-wall-mixer-with-overhead-shower-provision?Id=3103,"Opal Prime, OPP-ACR-15115PM, Antique Bronze"
Faucets,Opal Prime,3103,Single Lever Bath & Shower Mixer,Variant,1958,Single Lever Bath & Shower Mixer - Black Chrome,OPP-BCH-15115PM,Black Chrome,https://www.jaquar.com/images/thumbs/0054880_single-lever-bath-shower-mixer-black-chrome_960.jpeg,13900.00,Single Lever Wall Mixer with Provision for Connection to Exposed Shower Pipe (SHA-1211N) with Connecting Legs & Wall Flanges ,https://www.jaquar.com/en/opal-prime-chrome-wall-mixer-with-overhead-shower-provision?Id=3103,"Opal Prime, OPP-BCH-15115PM, Black Chrome"
Faucets,Opal Prime,3103,Single Lever Bath & Shower Mixer,Variant,1958,Single Lever Bath & Shower Mixer - Black Matt,OPP-BLM-15115PM,Black Matt,https://www.jaquar.com/images/thumbs/0054679_single-lever-bath-shower-mixer-black-matt_960.jpeg,13900.00,Single Lever Wall Mixer with Provision for Connection to Exposed Shower Pipe (SHA-1211N) with Connecting Legs & Wall Flanges ,https://www.jaquar.com/en/opal-prime-chrome-wall-mixer-with-overhead-shower-provision?Id=3103,"Opal Prime, OPP-BLM-15115PM, Black Matt"
Faucets,Opal Prime,3103,Single Lever Bath & Shower Mixer,Variant,1958,Single Lever Bath & Shower Mixer - Graphite,OPP-GRF-15115PM,Graphite,https://www.jaquar.com/images/thumbs/0054714_single-lever-bath-shower-mixer-graphite_960.jpeg,15900.00,Single Lever Wall Mixer with Provision for Connection to Exposed Shower Pipe (SHA-1211N) with Connecting Legs & Wall Flanges ,https://www.jaquar.com/en/opal-prime-chrome-wall-mixer-with-overhead-shower-provision?Id=3103,"Opal Prime, OPP-GRF-15115PM, Graphite"
Faucets,Opal Prime,3103,Single Lever Bath & Shower Mixer,Variant,1958,Single Lever Bath & Shower Mixer - Stainless Steel,OPP-SSF-15115PM,Stainless Steel,https://www.jaquar.com/images/thumbs/0059445_single-lever-bath-shower-mixer-stainless-steel_960.jpeg,15900.00,Single Lever Wall Mixer with Provision for Connection to Exposed Shower Pipe (SHA-1211N) with Connecting Legs & Wall Flanges ,https://www.jaquar.com/en/opal-prime-chrome-wall-mixer-with-overhead-shower-provision?Id=3103,"Opal Prime, OPP-SSF-15115PM, Stainless Steel"
Faucets,Opal Prime,3103,Single Lever Bath & Shower Mixer,Variant,1958,Single Lever Bath & Shower Mixer - Gold Matt PVD,OPP-GMP-15115PM,Gold Matt PVD,https://www.jaquar.com/images/thumbs/0054882_single-lever-bath-shower-mixer-gold-matt-pvd_960.jpeg,16400.00,Single Lever Wall Mixer with Provision for Connection to Exposed Shower Pipe (SHA-1211N) with Connecting Legs & Wall Flanges ,https://www.jaquar.com/en/opal-prime-chrome-wall-mixer-with-overhead-shower-provision?Id=3103,"Opal Prime, OPP-GMP-15115PM, Gold Matt PVD"
Faucets,Opal Prime,3103,Single Lever Bath & Shower Mixer,Variant,1958,Single Lever Bath & Shower Mixer - Gold Bright PVD,OPP-GBP-15115PM,Gold Bright PVD,https://www.jaquar.com/images/thumbs/0055957_single-lever-bath-shower-mixer-gold-bright-pvd_960.jpeg,16400.00,Single Lever Wall Mixer with Provision for Connection to Exposed Shower Pipe (SHA-1211N) with Connecting Legs & Wall Flanges ,https://www.jaquar.com/en/opal-prime-chrome-wall-mixer-with-overhead-shower-provision?Id=3103,"Opal Prime, OPP-GBP-15115PM, Gold Bright PVD"
Faucets,Opal Prime,3103,Single Lever Bath & Shower Mixer,Variant,1958,Single Lever Bath & Shower Mixer - Blush Gold Bright PVD,OPP-BGP-15115PM,Blush Gold PVD,https://www.jaquar.com/images/thumbs/0054881_single-lever-bath-shower-mixer-blush-gold-pvd_960.jpeg,14400.00,Single Lever Wall Mixer with Provision for Connection to Exposed Shower Pipe (SHA-1211N) with Connecting Legs & Wall Flanges ,https://www.jaquar.com/en/opal-prime-chrome-wall-mixer-with-overhead-shower-provision?Id=3103,"Opal Prime, OPP-BGP-15115PM, Blush Gold PVD"
Faucets,Opal Prime,3123,Single Lever Wall Mixer,Parent,1961,Single Lever Wall Mixer - Chrome,OPP-CHR-15119PM,Chrome,https://www.jaquar.com/images/thumbs/0060222_single-lever-wall-mixer-chrome_960.jpeg,9350.00,"Single Lever Wall Mixer with Provision of Hand Shower, But without Hand Shower",https://www.jaquar.com/en/chrome-opal-prime-wall-mixer-with-hand-shower-provision?Id=3123,"Opal Prime, OPP-CHR-15119PM, Chrome"
Faucets,Opal Prime,3123,Single Lever Wall Mixer,Variant,1961,Single Lever Wall Mixer - Antique Bronze,OPP-ABR-15119PM,Antique Bronze,https://www.jaquar.com/images/thumbs/0054837_single-lever-wall-mixer-antique-bronze_960.jpeg,15800.00,"Single Lever Wall Mixer with Provision of Hand Shower, But without Hand Shower",https://www.jaquar.com/en/chrome-opal-prime-wall-mixer-with-hand-shower-provision?Id=3123,"Opal Prime, OPP-ABR-15119PM, Antique Bronze"
Faucets,Opal Prime,3123,Single Lever Wall Mixer,Variant,1961,Single Lever Wall Mixer - Antique Copper,OPP-ACR-15119PM,Antique Copper,https://www.jaquar.com/images/thumbs/0055960_single-lever-wall-mixer-antique-copper_960.jpeg,15800.00,"Single Lever Wall Mixer with Provision of Hand Shower, But without Hand Shower",https://www.jaquar.com/en/chrome-opal-prime-wall-mixer-with-hand-shower-provision?Id=3123,"Opal Prime, OPP-ACR-15119PM, Antique Copper"
Faucets,Opal Prime,3123,Single Lever Wall Mixer,Variant,1961,Single Lever Wall Mixer - Black Chrome,OPP-BCH-15119PM,Black Chrome,https://www.jaquar.com/images/thumbs/0054884_single-lever-wall-mixer-black-chrome_960.jpeg,13800.00,"Single Lever Wall Mixer with Provision of Hand Shower, But without Hand Shower",https://www.jaquar.com/en/chrome-opal-prime-wall-mixer-with-hand-shower-provision?Id=3123,"Opal Prime, OPP-BCH-15119PM, Black Chrome"
Faucets,Opal Prime,3123,Single Lever Wall Mixer,Variant,1961,Single Lever Wall Mixer - Black Matt,OPP-BLM-15119PM,Black Matt,https://www.jaquar.com/images/thumbs/0054681_single-lever-wall-mixer-black-matt_960.jpeg,13800.00,"Single Lever Wall Mixer with Provision of Hand Shower, But without Hand Shower",https://www.jaquar.com/en/chrome-opal-prime-wall-mixer-with-hand-shower-provision?Id=3123,"Opal Prime, OPP-BLM-15119PM, Black Matt"
Faucets,Opal Prime,3123,Single Lever Wall Mixer,Variant,1961,Single Lever Wall Mixer - Graphite,OPP-GRF-15119PM,Graphite,https://www.jaquar.com/images/thumbs/0054717_single-lever-wall-mixer-graphite_960.jpeg,15800.00,"Single Lever Wall Mixer with Provision of Hand Shower, But without Hand Shower",https://www.jaquar.com/en/chrome-opal-prime-wall-mixer-with-hand-shower-provision?Id=3123,"Opal Prime, OPP-GRF-15119PM, Graphite"
Faucets,Opal Prime,3123,Single Lever Wall Mixer,Variant,1961,Single Lever Wall Mixer - Stainless Steel,OPP-SSF-15119PM,Stainless Steel,https://www.jaquar.com/images/thumbs/0059446_single-lever-wall-mixer-stainless-steel_960.jpeg,15800.00,"Single Lever Wall Mixer with Provision of Hand Shower, But without Hand Shower",https://www.jaquar.com/en/chrome-opal-prime-wall-mixer-with-hand-shower-provision?Id=3123,"Opal Prime, OPP-SSF-15119PM, Stainless Steel"
Faucets,Opal Prime,3113,Single Lever Wall Mixer,Parent,1959,Single Lever Wall Mixer - Chrome,OPP-CHR-15117PM,Chrome,https://www.jaquar.com/images/thumbs/0060220_single-lever-wall-mixer-chrome_960.jpeg,10400.00,"Single Lever Wall Mixer with Provision For Overhead Shower with 115mm Long Bend Pipe On Upper Side, Connecting Legs & Wall Flanges",https://www.jaquar.com/en/chrome-single-lever-exposed-shower-mixer-opal-prime-bend-pipe?Id=3113,"Opal Prime, OPP-CHR-15117PM, Chrome"
Faucets,Opal Prime,3113,Single Lever Wall Mixer,Variant,1959,Single Lever Wall Mixer - Antique Bronze,OPP-ABR-15117PM,Antique Bronze,https://www.jaquar.com/images/thumbs/0057041_single-lever-wall-mixer-antique-bronze_960.jpeg,17500.00,"Single Lever Wall Mixer with Provision For Overhead Shower with 115mm Long Bend Pipe On Upper Side, Connecting Legs & Wall Flanges",https://www.jaquar.com/en/chrome-single-lever-exposed-shower-mixer-opal-prime-bend-pipe?Id=3113,"Opal Prime, OPP-ABR-15117PM, Antique Bronze"
Faucets,Opal Prime,3113,Single Lever Wall Mixer,Variant,1959,Single Lever Wall Mixer - Antique Copper,OPP-ACR-15117PM,Antique Copper,https://www.jaquar.com/images/thumbs/0057042_single-lever-wall-mixer-antique-copper_960.jpeg,17500.00,"Single Lever Wall Mixer with Provision For Overhead Shower with 115mm Long Bend Pipe On Upper Side, Connecting Legs & Wall Flanges",https://www.jaquar.com/en/chrome-single-lever-exposed-shower-mixer-opal-prime-bend-pipe?Id=3113,"Opal Prime, OPP-ACR-15117PM, Antique Copper"
Faucets,Opal Prime,3113,Single Lever Wall Mixer,Variant,1959,Single Lever Wall Mixer - Black Chrome,OPP-BCH-15117PM,Black Chrome,https://www.jaquar.com/images/thumbs/0055958_single-lever-wall-mixer-black-chrome_960.jpeg,15300.00,"Single Lever Wall Mixer with Provision For Overhead Shower with 115mm Long Bend Pipe On Upper Side, Connecting Legs & Wall Flanges",https://www.jaquar.com/en/chrome-single-lever-exposed-shower-mixer-opal-prime-bend-pipe?Id=3113,"Opal Prime, OPP-BCH-15117PM, Black Chrome"
Faucets,Opal Prime,3113,Single Lever Wall Mixer,Variant,1959,Single Lever Wall Mixer - Black Matt,OPP-BLM-15117PM,Black Matt,https://www.jaquar.com/images/thumbs/0054680_single-lever-wall-mixer-black-matt_960.jpeg,15300.00,"Single Lever Wall Mixer with Provision For Overhead Shower with 115mm Long Bend Pipe On Upper Side, Connecting Legs & Wall Flanges",https://www.jaquar.com/en/chrome-single-lever-exposed-shower-mixer-opal-prime-bend-pipe?Id=3113,"Opal Prime, OPP-BLM-15117PM, Black Matt"
Faucets,Opal Prime,3113,Single Lever Wall Mixer,Variant,1959,Single Lever Wall Mixer - Graphite,OPP-GRF-15117PM,Graphite,https://www.jaquar.com/images/thumbs/0054716_single-lever-wall-mixer-graphite_960.jpeg,17500.00,"Single Lever Wall Mixer with Provision For Overhead Shower with 115mm Long Bend Pipe On Upper Side, Connecting Legs & Wall Flanges",https://www.jaquar.com/en/chrome-single-lever-exposed-shower-mixer-opal-prime-bend-pipe?Id=3113,"Opal Prime, OPP-GRF-15117PM, Graphite"
Faucets,Opal Prime,3113,Single Lever Wall Mixer,Variant,1959,Single Lever Wall Mixer - Stainless Steel,OPP-SSF-15117PM,Stainless Steel,https://www.jaquar.com/images/thumbs/0055959_single-lever-wall-mixer-stainless-steel_960.jpeg,17500.00,"Single Lever Wall Mixer with Provision For Overhead Shower with 115mm Long Bend Pipe On Upper Side, Connecting Legs & Wall Flanges",https://www.jaquar.com/en/chrome-single-lever-exposed-shower-mixer-opal-prime-bend-pipe?Id=3113,"Opal Prime, OPP-SSF-15117PM, Stainless Steel"
Faucets,Opal Prime,3133,Single Lever Wall Mixer 3-in-1 System,Parent,2088,Single Lever Wall Mixer 3-in-1 System - Chrome,OPP-CHR-15125PM,Chrome,https://www.jaquar.com/images/thumbs/0054720_single-lever-wall-mixer-3-in-1-system-chrome_960.jpeg,11100.00,"Single Lever Wall Mixer 3-in-1 System with Provision for both Hand Shower and Overhead Shower Complete with 115mm Long Bend Pipe, Connecting Legs & Wall Flange (without Hand & Overhead Shower)",https://www.jaquar.com/en/chrome-opal-prime-single-lever-exposed-3-in-1-mixer?Id=3133,"Opal Prime, OPP-CHR-15125PM, Chrome"
Faucets,Opal Prime,3133,Single Lever Wall Mixer 3-in-1 System,Variant,2088,Single Lever Wall Mixer 3-in-1 System - Antique Bronze,OPP-ABR-15125PM,Antique Bronze,https://www.jaquar.com/images/thumbs/0054838_single-lever-wall-mixer-3-in-1-system-antique-bronze_960.jpeg,18700.00,"Single Lever Wall Mixer 3-in-1 System with Provision for both Hand Shower and Overhead Shower Complete with 115mm Long Bend Pipe, Connecting Legs & Wall Flange (without Hand & Overhead Shower)",https://www.jaquar.com/en/chrome-opal-prime-single-lever-exposed-3-in-1-mixer?Id=3133,"Opal Prime, OPP-ABR-15125PM, Antique Bronze"
Faucets,Opal Prime,3133,Single Lever Wall Mixer 3-in-1 System,Variant,2088,Single Lever Wall Mixer 3-in-1 System - Antique Copper,OPP-ACR-15125PM,Antique Copper,https://www.jaquar.com/images/thumbs/0055962_single-lever-wall-mixer-3-in-1-system-antique-copper_960.jpeg,18700.00,"Single Lever Wall Mixer 3-in-1 System with Provision for both Hand Shower and Overhead Shower Complete with 115mm Long Bend Pipe, Connecting Legs & Wall Flange (without Hand & Overhead Shower)",https://www.jaquar.com/en/chrome-opal-prime-single-lever-exposed-3-in-1-mixer?Id=3133,"Opal Prime, OPP-ACR-15125PM, Antique Copper"
Faucets,Opal Prime,3133,Single Lever Wall Mixer 3-in-1 System,Variant,2088,Single Lever Wall Mixer 3-in-1 System - Black Chrome,OPP-BCH-15125PM,Black Chrome,https://www.jaquar.com/images/thumbs/0054885_single-lever-wall-mixer-3-in-1-system-black-chrome_960.jpeg,16400.00,"Single Lever Wall Mixer 3-in-1 System with Provision for both Hand Shower and Overhead Shower Complete with 115mm Long Bend Pipe, Connecting Legs & Wall Flange (without Hand & Overhead Shower)",https://www.jaquar.com/en/chrome-opal-prime-single-lever-exposed-3-in-1-mixer?Id=3133,"Opal Prime, OPP-BCH-15125PM, Black Chrome"
Faucets,Opal Prime,3133,Single Lever Wall Mixer 3-in-1 System,Variant,2088,Single Lever Wall Mixer 3-in-1 System - Black Matt,OPP-BLM-15125PM,Black Matt,https://www.jaquar.com/images/thumbs/0054682_single-lever-wall-mixer-3-in-1-system-black-matt_960.jpeg,16400.00,"Single Lever Wall Mixer 3-in-1 System with Provision for both Hand Shower and Overhead Shower Complete with 115mm Long Bend Pipe, Connecting Legs & Wall Flange (without Hand & Overhead Shower)",https://www.jaquar.com/en/chrome-opal-prime-single-lever-exposed-3-in-1-mixer?Id=3133,"Opal Prime, OPP-BLM-15125PM, Black Matt"
Faucets,Opal Prime,3133,Single Lever Wall Mixer 3-in-1 System,Variant,2088,Single Lever Wall Mixer 3-in-1 System - Graphite,OPP-GRF-15125PM,Graphite,https://www.jaquar.com/images/thumbs/0054721_single-lever-wall-mixer-3-in-1-system-graphite_960.jpeg,18700.00,"Single Lever Wall Mixer 3-in-1 System with Provision for both Hand Shower and Overhead Shower Complete with 115mm Long Bend Pipe, Connecting Legs & Wall Flange (without Hand & Overhead Shower)",https://www.jaquar.com/en/chrome-opal-prime-single-lever-exposed-3-in-1-mixer?Id=3133,"Opal Prime, OPP-GRF-15125PM, Graphite"
Faucets,Opal Prime,3133,Single Lever Wall Mixer 3-in-1 System,Variant,2088,Single Lever Wall Mixer 3-in-1 System - Stainless Steel,OPP-SSF-15125PM,Stainless Steel,https://www.jaquar.com/images/thumbs/0059447_single-lever-wall-mixer-3-in-1-system-stainless-steel_960.jpeg,18700.00,"Single Lever Wall Mixer 3-in-1 System with Provision for both Hand Shower and Overhead Shower Complete with 115mm Long Bend Pipe, Connecting Legs & Wall Flange (without Hand & Overhead Shower)",https://www.jaquar.com/en/chrome-opal-prime-single-lever-exposed-3-in-1-mixer?Id=3133,"Opal Prime, OPP-SSF-15125PM, Stainless Steel"
Faucets,Opal Prime,3133,Single Lever Wall Mixer 3-in-1 System,Variant,2088,Single Lever Wall Mixer 3-in-1 System - Gold Matt PVD,OPP-GBP-15125PM,Gold Matt PVD,https://www.jaquar.com/images/thumbs/0054886_single-lever-wall-mixer-3-in-1-system-gold-bright-pvd_960.jpeg,19300.00,"Single Lever Wall Mixer 3-in-1 System with Provision for both Hand Shower and Overhead Shower Complete with 115mm Long Bend Pipe, Connecting Legs & Wall Flange (without Hand & Overhead Shower)",https://www.jaquar.com/en/chrome-opal-prime-single-lever-exposed-3-in-1-mixer?Id=3133,"Opal Prime, OPP-GBP-15125PM, Gold Matt PVD"
Faucets,Opal Prime,3133,Single Lever Wall Mixer 3-in-1 System,Variant,2088,Single Lever Wall Mixer 3-in-1 System - Gold Bright PVD,OPP-GMP-15125PM,Gold Bright PVD,https://www.jaquar.com/images/thumbs/0054887_single-lever-wall-mixer-3-in-1-system-gold-matt-pvd_960.jpeg,19300.00,"Single Lever Wall Mixer 3-in-1 System with Provision for both Hand Shower and Overhead Shower Complete with 115mm Long Bend Pipe, Connecting Legs & Wall Flange (without Hand & Overhead Shower)",https://www.jaquar.com/en/chrome-opal-prime-single-lever-exposed-3-in-1-mixer?Id=3133,"Opal Prime, OPP-GMP-15125PM, Gold Bright PVD"
Faucets,Opal Prime,3133,Single Lever Wall Mixer 3-in-1 System,Variant,2088,Single Lever Wall Mixer 3-in-1 System - Blush Gold Bright PVD,OPP-BGP-15125PM,Blush Gold PVD,https://www.jaquar.com/images/thumbs/0057043_single-lever-wall-mixer-3-in-1-system-blush-gold-pvd_960.jpeg,17000.00,"Single Lever Wall Mixer 3-in-1 System with Provision for both Hand Shower and Overhead Shower Complete with 115mm Long Bend Pipe, Connecting Legs & Wall Flange (without Hand & Overhead Shower)",https://www.jaquar.com/en/chrome-opal-prime-single-lever-exposed-3-in-1-mixer?Id=3133,"Opal Prime, OPP-BGP-15125PM, Blush Gold PVD"
Faucets,Opal Prime,3143,Single Lever Exposed Shower Mixer,Parent,2066,Single Lever Exposed Shower Mixer - Chrome,OPP-CHR-15149PM,Chrome,https://www.jaquar.com/images/thumbs/0060468_single-lever-exposed-shower-mixer-chrome_960.jpeg,5800.00,Single Lever Exposed Shower Mixer for Connection to Hand Shower with Connecting Legs & Wall Flanges ,https://www.jaquar.com/en/chrome-single-lever-exposed-hand-shower-mixer-opal-prime?Id=3143,"Opal Prime, OPP-CHR-15149PM, Chrome"
Faucets,Opal Prime,3143,Single Lever Exposed Shower Mixer,Variant,2066,Single Lever Exposed Shower Mixer - Antique Bronze,OPP-ABR-15149PM,Antique Bronze,https://www.jaquar.com/images/thumbs/0052337_single-lever-exposed-shower-mixer-antique-bronze_960.jpeg,9550.00,Single Lever Exposed Shower Mixer for Connection to Hand Shower with Connecting Legs & Wall Flanges ,https://www.jaquar.com/en/chrome-single-lever-exposed-hand-shower-mixer-opal-prime?Id=3143,"Opal Prime, OPP-ABR-15149PM, Antique Bronze"
Faucets,Opal Prime,3143,Single Lever Exposed Shower Mixer,Variant,2066,Single Lever Exposed Shower Mixer - Antique Copper,OPP-ACR-15149PM,Antique Copper,https://www.jaquar.com/images/thumbs/0053741_single-lever-exposed-shower-mixer-antique-copper_960.jpeg,9550.00,Single Lever Exposed Shower Mixer for Connection to Hand Shower with Connecting Legs & Wall Flanges ,https://www.jaquar.com/en/chrome-single-lever-exposed-hand-shower-mixer-opal-prime?Id=3143,"Opal Prime, OPP-ACR-15149PM, Antique Copper"
Faucets,Opal Prime,3143,Single Lever Exposed Shower Mixer,Variant,2066,Single Lever Exposed Shower Mixer - Black Chrome,OPP-BCH-15149PM,Black Chrome,https://www.jaquar.com/images/thumbs/0053859_single-lever-exposed-shower-mixer-black-chrome_960.jpeg,8350.00,Single Lever Exposed Shower Mixer for Connection to Hand Shower with Connecting Legs & Wall Flanges ,https://www.jaquar.com/en/chrome-single-lever-exposed-hand-shower-mixer-opal-prime?Id=3143,"Opal Prime, OPP-BCH-15149PM, Black Chrome"
Faucets,Opal Prime,3143,Single Lever Exposed Shower Mixer,Variant,2066,Single Lever Exposed Shower Mixer - Black Matt,OPP-BLM-15149PM,Black Matt,https://www.jaquar.com/images/thumbs/0052338_single-lever-exposed-shower-mixer-black-matt_960.jpeg,8350.00,Single Lever Exposed Shower Mixer for Connection to Hand Shower with Connecting Legs & Wall Flanges ,https://www.jaquar.com/en/chrome-single-lever-exposed-hand-shower-mixer-opal-prime?Id=3143,"Opal Prime, OPP-BLM-15149PM, Black Matt"
Faucets,Opal Prime,3143,Single Lever Exposed Shower Mixer,Variant,2066,Single Lever Exposed Shower Mixer - Graphite,OPP-GRF-15149PM,Graphite,https://www.jaquar.com/images/thumbs/0060319_single-lever-exposed-shower-mixer-graphite_960.jpeg,9550.00,Single Lever Exposed Shower Mixer for Connection to Hand Shower with Connecting Legs & Wall Flanges ,https://www.jaquar.com/en/chrome-single-lever-exposed-hand-shower-mixer-opal-prime?Id=3143,"Opal Prime, OPP-GRF-15149PM, Graphite"
Faucets,Opal Prime,3143,Single Lever Exposed Shower Mixer,Variant,2066,Single Lever Exposed Shower Mixer - Stainless Steel,OPP-SSF-15149PM,Stainless Steel,https://www.jaquar.com/images/thumbs/0060466_single-lever-exposed-shower-mixer-stainless-steel_960.jpeg,9550.00,Single Lever Exposed Shower Mixer for Connection to Hand Shower with Connecting Legs & Wall Flanges ,https://www.jaquar.com/en/chrome-single-lever-exposed-hand-shower-mixer-opal-prime?Id=3143,"Opal Prime, OPP-SSF-15149PM, Stainless Steel"
Faucets,Opal Prime,3183,Single Lever Concealed Manual Shower Valve,Parent,1962,Single Lever Concealed Manual Shower Valve - Chrome,OPP-CHR-15227KPM,Chrome,https://www.jaquar.com/images/thumbs/0060230_single-lever-concealed-manual-shower-valve-chrome_960.jpeg,1800.00,"Single Lever Exposed Parts Kit of Deusch Mixer Consisting of Operating Lever, Cartridge Sleeve & Wall Flange with Seals (Compatible with ALD-227 or ALD-229)",https://www.jaquar.com/en/chrome-opal-prime-deusch-shower-mixer?Id=3183,"Opal Prime, OPP-CHR-15227KPM, Chrome"
Faucets,Opal Prime,3183,Single Lever Concealed Manual Shower Valve,Variant,1962,Single Lever Exposed Parts Kit of Deusch Mixer - Antique Bronze,OPP-ABR-15227KPM,Antique Bronze,https://www.jaquar.com/images/thumbs/0060322_single-lever-exposed-parts-kit-of-deusch-mixer-antique-bronze_960.jpeg,3300.00,"Single Lever Exposed Parts Kit of Deusch Mixer Consisting of Operating Lever, Cartridge Sleeve & Wall Flange with Seals (Compatible with ALD-227 or ALD-229)",https://www.jaquar.com/en/chrome-opal-prime-deusch-shower-mixer?Id=3183,"Opal Prime, OPP-ABR-15227KPM, Antique Bronze"
Faucets,Opal Prime,3183,Single Lever Concealed Manual Shower Valve,Variant,1962,Single Lever Exposed Parts Kit of Deusch Mixer - Antique Copper,OPP-ACR-15227KPM,Antique Copper,https://www.jaquar.com/images/thumbs/0053359_single-lever-exposed-parts-kit-of-deusch-mixer-antique-copper_960.jpeg,3300.00,"Single Lever Exposed Parts Kit of Deusch Mixer Consisting of Operating Lever, Cartridge Sleeve & Wall Flange with Seals (Compatible with ALD-227 or ALD-229)",https://www.jaquar.com/en/chrome-opal-prime-deusch-shower-mixer?Id=3183,"Opal Prime, OPP-ACR-15227KPM, Antique Copper"
Faucets,Opal Prime,3183,Single Lever Concealed Manual Shower Valve,Variant,1962,Single Lever Exposed Parts Kit of Deusch Mixer - Black Chrome,OPP-BCH-15227KPM,Black Chrome,https://www.jaquar.com/images/thumbs/0053387_single-lever-exposed-parts-kit-of-deusch-mixer-black-chrome_960.jpeg,2600.00,"Single Lever Exposed Parts Kit of Deusch Mixer Consisting of Operating Lever, Cartridge Sleeve & Wall Flange with Seals (Compatible with ALD-227 or ALD-229)",https://www.jaquar.com/en/chrome-opal-prime-deusch-shower-mixer?Id=3183,"Opal Prime, OPP-BCH-15227KPM, Black Chrome"
Faucets,Opal Prime,3183,Single Lever Concealed Manual Shower Valve,Variant,1962,Single Lever Exposed Parts Kit of Deusch Mixer - Black Matt,OPP-BLM-15227KPM,Black Matt,https://www.jaquar.com/images/thumbs/0052601_single-lever-exposed-parts-kit-of-deusch-mixer-black-matt_960.jpeg,2600.00,"Single Lever Exposed Parts Kit of Deusch Mixer Consisting of Operating Lever, Cartridge Sleeve, Wall Flange (with Seals), (Compatible with ALD-227 & ALD-229)",https://www.jaquar.com/en/chrome-opal-prime-deusch-shower-mixer?Id=3183,"Opal Prime, OPP-BLM-15227KPM, Black Matt"
Faucets,Opal Prime,3183,Single Lever Concealed Manual Shower Valve,Variant,1962,Single Lever Exposed Parts Kit of Deusch Mixer - Graphite,OPP-GRF-15227KPM,Graphite,https://www.jaquar.com/images/thumbs/0060321_single-lever-exposed-parts-kit-of-deusch-mixer-graphite_960.jpeg,3300.00,"Single Lever Exposed Parts Kit of Deusch Mixer Consisting of Operating Lever, Cartridge Sleeve & Wall Flange with Seals (Compatible with ALD-227 or ALD-229)",https://www.jaquar.com/en/chrome-opal-prime-deusch-shower-mixer?Id=3183,"Opal Prime, OPP-GRF-15227KPM, Graphite"
Faucets,Opal Prime,3183,Single Lever Concealed Manual Shower Valve,Variant,1962,Single Lever Exposed Parts Kit of Deusch Mixer - Stainless Steel,OPP-SSF-15227KPM,Stainless Steel,https://www.jaquar.com/images/thumbs/0060675_single-lever-exposed-parts-kit-of-deusch-mixer-stainless-steel_960.jpeg,3300.00,"Single Lever Exposed Parts Kit of Deusch Mixer Consisting of Operating Lever, Cartridge Sleeve & Wall Flange with Seals (Compatible with ALD-227 or ALD-229)",https://www.jaquar.com/en/chrome-opal-prime-deusch-shower-mixer?Id=3183,"Opal Prime, OPP-SSF-15227KPM, Stainless Steel"
Faucets,Opal Prime,3183,Single Lever Concealed Manual Shower Valve,Variant,1962,Single Lever Concealed Manual Shower Valve - Blush Gold Bright PVD,OPP-BGP-15227KPM,Blush Gold PVD,https://www.jaquar.com/images/thumbs/0055966_single-lever-concealed-manual-shower-valve-blush-gold-pvd_960.jpeg,2825.00,"Single Lever Exposed Parts Kit of Deusch Mixer Consisting of Operating Lever, Cartridge Sleeve & Wall Flange with Seals (Compatible with ALD-227 or ALD-229)",https://www.jaquar.com/en/chrome-opal-prime-deusch-shower-mixer?Id=3183,"Opal Prime, OPP-BGP-15227KPM, Blush Gold PVD"
Faucets,Opal Prime,3183,Single Lever Concealed Manual Shower Valve,Variant,1962,Single Lever Concealed Manual Shower Valve - Gold Bright PVD,OPP-GBP-15227KPM,Gold Bright PVD,https://www.jaquar.com/images/thumbs/0055875_single-lever-concealed-manual-shower-valve-gold-bright-pvd_960.jpeg,3475.00,"Single Lever Exposed Parts Kit of Deusch Mixer Consisting of Operating Lever, Cartridge Sleeve & Wall Flange with Seals (Compatible with ALD-227 or ALD-229)",https://www.jaquar.com/en/chrome-opal-prime-deusch-shower-mixer?Id=3183,"Opal Prime, OPP-GBP-15227KPM, Gold Bright PVD"
Faucets,Opal Prime,3183,Single Lever Concealed Manual Shower Valve,Variant,1962,Single Lever Concealed Manual Shower Valve - Gold Matt PVD,OPP-GMP-15227KPM,Gold Matt PVD,https://www.jaquar.com/images/thumbs/0059174_single-lever-concealed-manual-shower-valve-gold-matt-pvd_960.jpeg,3475.00,"Single Lever Exposed Parts Kit of Deusch Mixer Consisting of Operating Lever, Cartridge Sleeve & Wall Flange with Seals (Compatible with ALD-227 or ALD-229)",https://www.jaquar.com/en/chrome-opal-prime-deusch-shower-mixer?Id=3183,"Opal Prime, OPP-GMP-15227KPM, Gold Matt PVD"
Faucets,Opal Prime,3073,Single Lever Exposed Part Kit of Diverter,Parent,1975,Single Lever Exposed Part Kit of Diverter - Chrome,OPP-CHR-15065MKPM,Chrome,https://www.jaquar.com/images/thumbs/0060212_single-lever-exposed-part-kit-of-diverter-chrome_960.jpeg,2625.00,"Single Lever Exposed Parts Kit of Diverter Consisting of Operating Lever, Cartridge Sleeve, Wall Flange (with Seals) & Button Assembly Sleeve & Button (Compatible with ALD-065M)",https://www.jaquar.com/en/opal-prime-chrome-divertor-plate?Id=3073,"Opal Prime, OPP-CHR-15065MKPM, Chrome"
Faucets,Opal Prime,3073,Single Lever Exposed Part Kit of Diverter,Variant,1975,Single Lever Exposed Part Kit of Diverter - Antique Bronze,OPP-ABR-15065MKPM,Antique Bronze,https://www.jaquar.com/images/thumbs/0057038_single-lever-exposed-part-kit-of-diverter-antique-bronze_960.jpeg,4350.00,"Single Lever Exposed Parts Kit of Diverter Consisting of Operating Lever, Cartridge Sleeve, Wall Flange (with Seals) & Button Assembly Sleeve & Button (Compatible with ALD-065M)",https://www.jaquar.com/en/opal-prime-chrome-divertor-plate?Id=3073,"Opal Prime, OPP-ABR-15065MKPM, Antique Bronze"
Faucets,Opal Prime,3073,Single Lever Exposed Part Kit of Diverter,Variant,1975,Single Lever Exposed Part Kit of Diverter - Antique Copper,OPP-ACR-15065MKPM,Antique Copper,https://www.jaquar.com/images/thumbs/0057039_single-lever-exposed-part-kit-of-diverter-antique-copper_960.jpeg,4350.00,"Single Lever Exposed Parts Kit of Diverter Consisting of Operating Lever, Cartridge Sleeve, Wall Flange (with Seals) & Button Assembly Sleeve & Button (Compatible with ALD-065M)",https://www.jaquar.com/en/opal-prime-chrome-divertor-plate?Id=3073,"Opal Prime, OPP-ACR-15065MKPM, Antique Copper"
Faucets,Opal Prime,3073,Single Lever Exposed Part Kit of Diverter,Variant,1975,Single Lever Exposed Part Kit of Diverter - Black Chrome,OPP-BCH-15065MKPM,Black Chrome,https://www.jaquar.com/images/thumbs/0055953_single-lever-exposed-part-kit-of-diverter-black-chrome_960.jpeg,3800.00,"Single Lever Exposed Parts Kit of Diverter Consisting of Operating Lever, Cartridge Sleeve, Wall Flange (with Seals) & Button Assembly Sleeve & Button (Compatible with ALD-065M)",https://www.jaquar.com/en/opal-prime-chrome-divertor-plate?Id=3073,"Opal Prime, OPP-BCH-15065MKPM, Black Chrome"
Faucets,Opal Prime,3073,Single Lever Exposed Part Kit of Diverter,Variant,1975,Single Lever Exposed Part Kit of Diverter - Black Matt,OPP-BLM-15065MKPM,Black Matt,https://www.jaquar.com/images/thumbs/0054676_single-lever-exposed-part-kit-of-diverter-black-matt_960.jpeg,3800.00,"Single Lever Exposed Parts Kit of Diverter Consisting of Operating Lever, Cartridge Sleeve, Wall Flange (with Seals) & Button Assembly Sleeve & Button (Compatible with ALD-065M)",https://www.jaquar.com/en/opal-prime-chrome-divertor-plate?Id=3073,"Opal Prime, OPP-BLM-15065MKPM, Black Matt"
Faucets,Opal Prime,3073,Single Lever Exposed Part Kit of Diverter,Variant,1975,Single Lever Exposed Part Kit of Diverter - Graphite,OPP-GRF-15065MKPM,Graphite,https://www.jaquar.com/images/thumbs/0054708_single-lever-exposed-part-kit-of-diverter-graphite_960.jpeg,4350.00,"Single Lever Exposed Parts Kit of Diverter Consisting of Operating Lever, Cartridge Sleeve, Wall Flange (with Seals) & Button Assembly Sleeve & Button (Compatible with ALD-065M)",https://www.jaquar.com/en/opal-prime-chrome-divertor-plate?Id=3073,"Opal Prime, OPP-GRF-15065MKPM, Graphite"
Faucets,Opal Prime,3073,Single Lever Exposed Part Kit of Diverter,Variant,1975,Single Lever Exposed Part Kit of Diverter - Stainless Steel,OPP-SSF-15065MKPM,Stainless Steel,https://www.jaquar.com/images/thumbs/0054709_single-lever-exposed-part-kit-of-diverter-stainless-steel_960.jpeg,4350.00,"Single Lever Exposed Parts Kit of Diverter Consisting of Operating Lever, Cartridge Sleeve, Wall Flange (with Seals) & Button Assembly Sleeve & Button (Compatible with ALD-065M)",https://www.jaquar.com/en/opal-prime-chrome-divertor-plate?Id=3073,"Opal Prime, OPP-SSF-15065MKPM, Stainless Steel"
Faucets,Opal Prime,3073,Single Lever Exposed Part Kit of Diverter,Variant,1975,Single Lever Exposed Part Kit of Diverter - Gold Matt PVD,OPP-GMP-15065MKPM,Gold Matt PVD,https://www.jaquar.com/images/thumbs/0060308_single-lever-exposed-part-kit-of-diverter-gold-matt-pvd_960.jpeg,4500.00,"Single Lever Exposed Parts Kit of Diverter Consisting of Operating Lever, Cartridge Sleeve, Wall Flange (with Seals) & Button Assembly Sleeve & Button (Compatible with ALD-065M)",https://www.jaquar.com/en/opal-prime-chrome-divertor-plate?Id=3073,"Opal Prime, OPP-GMP-15065MKPM, Gold Matt PVD"
Faucets,Opal Prime,3073,Single Lever Exposed Part Kit of Diverter,Variant,1975,Single Lever Exposed Part Kit of Diverter - Gold Bright PVD,OPP-GBP-15065MKPM,Gold Bright PVD,https://www.jaquar.com/images/thumbs/0055954_single-lever-exposed-part-kit-of-diverter-gold-bright-pvd_960.jpeg,4500.00,"Single Lever Exposed Parts Kit of Diverter Consisting of Operating Lever, Cartridge Sleeve, Wall Flange (with Seals) & Button Assembly Sleeve & Button (Compatible with ALD-065M)",https://www.jaquar.com/en/opal-prime-chrome-divertor-plate?Id=3073,"Opal Prime, OPP-GBP-15065MKPM, Gold Bright PVD"
Faucets,Opal Prime,3073,Single Lever Exposed Part Kit of Diverter,Variant,1975,Single Lever Exposed Part Kit of Diverter - Blush Gold Bright PVD,OPP-BGP-15065MKPM,Blush Gold PVD,https://www.jaquar.com/images/thumbs/0054872_single-lever-exposed-part-kit-of-diverter-blush-gold-pvd_960.jpeg,3950.00,"Single Lever Exposed Parts Kit of Diverter Consisting of Operating Lever, Cartridge Sleeve, Wall Flange (with Seals) & Button Assembly Sleeve & Button (Compatible with ALD-065M)",https://www.jaquar.com/en/opal-prime-chrome-divertor-plate?Id=3073,"Opal Prime, OPP-BGP-15065MKPM, Blush Gold PVD"
Faucets,Opal Prime,3083,Single Lever Exposed Parts Kit of Hi-flow Diverter,Parent,1976,Single Lever Exposed Parts Kit of Hi-flow Diverter - Gold Bright PVD,OPP-GBP-15079NKPM,Gold Bright PVD,https://www.jaquar.com/images/thumbs/0055871_single-lever-exposed-parts-kit-of-hi-flow-diverter-gold-bright-pvd_960.jpeg,4550.00,"Single Lever Exposed Parts Kit of Hi-flow Diverter Consisting of Operating Lever, Cartridge Sleeve, Wall Flange (with Seals), Button Assembly Sleeve & Button (Compatible with ALD-079N)",https://www.jaquar.com/en/opal-prime-high-flow-chrome-divertor-plate_ald-079?Id=3083,"Opal Prime, OPP-GBP-15079NKPM, Gold Bright PVD"
Faucets,Opal Prime,3083,Single Lever Exposed Parts Kit of Hi-flow Diverter,Variant,1976,Single Lever Exposed Parts Kit of Hi-Flow Diverter - Chrome,OPP-CHR-15079NKPM,Chrome,https://www.jaquar.com/images/thumbs/0067318_single-lever-exposed-parts-kit-of-hi-flow-diverter-chrome_960.jpeg,2500.00,"Single Lever Exposed Parts Kit of Hi-flow Diverter Consisting of Operating Lever, Cartridge Sleeve, Wall Flange (with Seals), Button Assembly Sleeve & Button (Compatible with ALD-079N)",https://www.jaquar.com/en/opal-prime-high-flow-chrome-divertor-plate_ald-079?Id=3083,"Opal Prime, OPP-CHR-15079NKPM, Chrome"
Faucets,Opal Prime,3083,Single Lever Exposed Parts Kit of Hi-flow Diverter,Variant,1976,Single Lever Exposed Parts Kit of Hi-flow Diverter - Antique Bronze,OPP-ABR-15079NKPM,Antique Bronze,https://www.jaquar.com/images/thumbs/0054834_single-lever-exposed-parts-kit-of-hi-flow-diverter-antique-bronze_960.jpeg,4500.00,"Single Lever Exposed Parts Kit of Hi-flow Diverter Consisting of Operating Lever, Cartridge Sleeve, Wall Flange (with Seals), Button Assembly Sleeve & Button (Compatible with ALD-079N)",https://www.jaquar.com/en/opal-prime-high-flow-chrome-divertor-plate_ald-079?Id=3083,"Opal Prime, OPP-ABR-15079NKPM, Antique Bronze"
Faucets,Opal Prime,3083,Single Lever Exposed Parts Kit of Hi-flow Diverter,Variant,1976,Single Lever Exposed Parts Kit of Hi-flow Diverter - Antique Copper,OPP-ACR-15079NKPM,Antique Copper,https://www.jaquar.com/images/thumbs/0055071_single-lever-exposed-parts-kit-of-hi-flow-diverter-antique-copper_960.jpeg,4500.00,"Single Lever Exposed Parts Kit of Hi-flow Diverter Consisting of Operating Lever, Cartridge Sleeve, Wall Flange (with Seals), Button Assembly Sleeve & Button (Compatible with ALD-079N)",https://www.jaquar.com/en/opal-prime-high-flow-chrome-divertor-plate_ald-079?Id=3083,"Opal Prime, OPP-ACR-15079NKPM, Antique Copper"
Faucets,Opal Prime,3083,Single Lever Exposed Parts Kit of Hi-flow Diverter,Variant,1976,Single Lever Exposed Parts Kit of Hi-flow Diverter - Black Chrome,OPP-BCH-15079NKPM,Black Chrome,https://www.jaquar.com/images/thumbs/0054873_single-lever-exposed-parts-kit-of-hi-flow-diverter-black-chrome_960.jpeg,3625.00,"Single Lever Exposed Parts Kit of Hi-flow Diverter Consisting of Operating Lever, Cartridge Sleeve, Wall Flange (with Seals), Button Assembly Sleeve & Button (Compatible with ALD-079N)",https://www.jaquar.com/en/opal-prime-high-flow-chrome-divertor-plate_ald-079?Id=3083,"Opal Prime, OPP-BCH-15079NKPM, Black Chrome"
Faucets,Opal Prime,3083,Single Lever Exposed Parts Kit of Hi-flow Diverter,Variant,1976,Single Lever Exposed Parts Kit of Hi-flow Diverter - Black Matt,OPP-BLM-15079NKPM,Black Matt,https://www.jaquar.com/images/thumbs/0054677_single-lever-exposed-parts-kit-of-hi-flow-diverter-black-matt_960.jpeg,3625.00,"Single Lever Exposed Parts Kit of Hi-flow Diverter Consisting of Operating Lever, Cartridge Sleeve, Wall Flange (with Seals), Button Assembly Sleeve & Button (Compatible with ALD-079N)",https://www.jaquar.com/en/opal-prime-high-flow-chrome-divertor-plate_ald-079?Id=3083,"Opal Prime, OPP-BLM-15079NKPM, Black Matt"
Faucets,Opal Prime,3083,Single Lever Exposed Parts Kit of Hi-flow Diverter,Variant,1976,Single Lever Exposed Parts Kit of Hi-flow Diverter - Graphite,OPP-GRF-15079NKPM,Graphite,https://www.jaquar.com/images/thumbs/0054710_single-lever-exposed-parts-kit-of-hi-flow-diverter-graphite_960.jpeg,4500.00,"Single Lever Exposed Parts Kit of Hi-flow Diverter Consisting of Operating Lever, Cartridge Sleeve, Wall Flange (with Seals), Button Assembly Sleeve & Button (Compatible with ALD-079N)",https://www.jaquar.com/en/opal-prime-high-flow-chrome-divertor-plate_ald-079?Id=3083,"Opal Prime, OPP-GRF-15079NKPM, Graphite"
Faucets,Opal Prime,3083,Single Lever Exposed Parts Kit of Hi-flow Diverter,Variant,1976,Single Lever Exposed Parts Kit of Hi-flow Diverter - Stainless Steel,OPP-SSF-15079NKPM,Stainless Steel,https://www.jaquar.com/images/thumbs/0054711_single-lever-exposed-parts-kit-of-hi-flow-diverter-stainless-steel_960.jpeg,4500.00,"Single Lever Exposed Parts Kit of Hi-flow Diverter Consisting of Operating Lever, Cartridge Sleeve, Wall Flange (with Seals), Button Assembly Sleeve & Button (Compatible with ALD-079N)",https://www.jaquar.com/en/opal-prime-high-flow-chrome-divertor-plate_ald-079?Id=3083,"Opal Prime, OPP-SSF-15079NKPM, Stainless Steel"
Faucets,Opal Prime,3083,Single Lever Exposed Parts Kit of Hi-flow Diverter,Variant,1976,Single Lever Exposed Parts Kit of Hi-flow Diverter - Gold Matt PVD,OPP-GMP-15079NKPM,Gold Matt PVD,https://www.jaquar.com/images/thumbs/0055671_single-lever-exposed-parts-kit-of-hi-flow-diverter-gold-matt-pvd_960.jpeg,4550.00,"Single Lever Exposed Parts Kit of Hi-flow Diverter Consisting of Operating Lever, Cartridge Sleeve, Wall Flange (with Seals), Button Assembly Sleeve & Button (Compatible with ALD-079N)",https://www.jaquar.com/en/opal-prime-high-flow-chrome-divertor-plate_ald-079?Id=3083,"Opal Prime, OPP-GMP-15079NKPM, Gold Matt PVD"
Faucets,Opal Prime,3083,Single Lever Exposed Parts Kit of Hi-flow Diverter,Variant,1976,Single Lever Exposed Parts Kit of Hi-flow Diverter - Blush Gold Bright PVD,OPP-BGP-15079NKPM,Blush Gold PVD,https://www.jaquar.com/images/thumbs/0055955_single-lever-exposed-parts-kit-of-hi-flow-diverter-blush-gold-pvd_960.jpeg,3750.00,"Single Lever Exposed Parts Kit of Hi-flow Diverter Consisting of Operating Lever, Cartridge Sleeve, Wall Flange (with Seals), Button Assembly Sleeve & Button (Compatible with ALD-079N)",https://www.jaquar.com/en/opal-prime-high-flow-chrome-divertor-plate_ald-079?Id=3083,"Opal Prime, OPP-BGP-15079NKPM, Blush Gold PVD"
Faucets,Opal Prime,3253,Aquamax Exposed Part Kit of Single Lever Shower Mixer -Chrome,Parent,2753,Aquamax Exposed Part Kit of Single Lever Shower Mixer -Chrome,OPP-CHR-15783NKPM,Chrome,https://www.jaquar.com/images/thumbs/0013796_aquamax-exposed-part-kit-of-single-lever-shower-mixer-chrome_960.jpeg,4400.00,Aquamax Exposed Part Kit of Single Lever Shower Mixer with 3-way diverter (Compatible with ALD-783N),https://www.jaquar.com/en/aquamax-opal-prime-3-way-thermostatic-single-lever-diverter-mixer-chrome-plate?Id=3253,"Opal Prime, OPP-CHR-15783NKPM, Chrome"
Faucets,Opal Prime,3253,Aquamax Exposed Part Kit of Single Lever Shower Mixer -Chrome,Variant,2753,Aquamax Exposed Part Kit of Single Lever Shower Mixer - Antique Bronze,OPP-ABR-15783NKPM,Antique Bronze,https://www.jaquar.com/images/thumbs/0054843_aquamax-exposed-part-kit-of-single-lever-shower-mixer-antique-bronze_960.jpeg,7400.00,Aquamax Exposed Part Kit of Single Lever Shower Mixer with 3-way diverter (Compatible with ALD-783N),https://www.jaquar.com/en/aquamax-opal-prime-3-way-thermostatic-single-lever-diverter-mixer-chrome-plate?Id=3253,"Opal Prime, OPP-ABR-15783NKPM, Antique Bronze"
Faucets,Opal Prime,3253,Aquamax Exposed Part Kit of Single Lever Shower Mixer -Chrome,Variant,2753,Aquamax Exposed Part Kit of Single Lever Shower Mixer - Antique Copper,OPP-ACR-15783NKPM,Antique Copper,https://www.jaquar.com/images/thumbs/0055082_aquamax-exposed-part-kit-of-single-lever-shower-mixer-antique-copper_960.jpeg,7400.00,Aquamax Exposed Part Kit of Single Lever Shower Mixer with 3-way diverter (Compatible with ALD-783N),https://www.jaquar.com/en/aquamax-opal-prime-3-way-thermostatic-single-lever-diverter-mixer-chrome-plate?Id=3253,"Opal Prime, OPP-ACR-15783NKPM, Antique Copper"
Faucets,Opal Prime,3253,Aquamax Exposed Part Kit of Single Lever Shower Mixer -Chrome,Variant,2753,Aquamax Exposed Part Kit of Single Lever Shower Mixer - Black Chrome,OPP-BCH-15783NKPM,Black Chrome,https://www.jaquar.com/images/thumbs/0054903_aquamax-exposed-part-kit-of-single-lever-shower-mixer-black-chrome_960.jpeg,6350.00,Aquamax Exposed Part Kit of Single Lever Shower Mixer with 3-way diverter (Compatible with ALD-783N),https://www.jaquar.com/en/aquamax-opal-prime-3-way-thermostatic-single-lever-diverter-mixer-chrome-plate?Id=3253,"Opal Prime, OPP-BCH-15783NKPM, Black Chrome"
Faucets,Opal Prime,3253,Aquamax Exposed Part Kit of Single Lever Shower Mixer -Chrome,Variant,2753,Aquamax Exposed Part Kit of Single Lever Shower Mixer - Black Matt,OPP-BLM-15783NKPM,Black Matt,https://www.jaquar.com/images/thumbs/0055083_aquamax-exposed-part-kit-of-single-lever-shower-mixer-black-matt_960.jpeg,6350.00,Aquamax Exposed Part Kit of Single Lever Shower Mixer with 3-way diverter (Compatible with ALD-783N),https://www.jaquar.com/en/aquamax-opal-prime-3-way-thermostatic-single-lever-diverter-mixer-chrome-plate?Id=3253,"Opal Prime, OPP-BLM-15783NKPM, Black Matt"
Faucets,Opal Prime,3253,Aquamax Exposed Part Kit of Single Lever Shower Mixer -Chrome,Variant,2753,Aquamax Exposed Part Kit of Single Lever Shower Mixer - Graphite,OPP-GRF-15783NKPM,Graphite,https://www.jaquar.com/images/thumbs/0054730_aquamax-exposed-part-kit-of-single-lever-shower-mixer-graphite_960.jpeg,7400.00,Aquamax Exposed Part Kit of Single Lever Shower Mixer with 3-way diverter (Compatible with ALD-783N),https://www.jaquar.com/en/aquamax-opal-prime-3-way-thermostatic-single-lever-diverter-mixer-chrome-plate?Id=3253,"Opal Prime, OPP-GRF-15783NKPM, Graphite"
Faucets,Opal Prime,3253,Aquamax Exposed Part Kit of Single Lever Shower Mixer -Chrome,Variant,2753,Aquamax Exposed Part Kit of Single Lever Shower Mixer - Stainless Steel,OPP-SSF-15783NKPM,Stainless Steel,https://www.jaquar.com/images/thumbs/0054776_aquamax-exposed-part-kit-of-single-lever-shower-mixer-stainless-steel_960.jpeg,7400.00,Aquamax Exposed Part Kit of Single Lever Shower Mixer with 3-way diverter (Compatible with ALD-783N),https://www.jaquar.com/en/aquamax-opal-prime-3-way-thermostatic-single-lever-diverter-mixer-chrome-plate?Id=3253,"Opal Prime, OPP-SSF-15783NKPM, Stainless Steel"
Faucets,Opal Prime,3253,Aquamax Exposed Part Kit of Single Lever Shower Mixer -Chrome,Variant,2753,Aquamax Exposed Part Kit of Single Lever Shower Mixer - Gold Matt PVD,OPP-GMP-15783NKPM,Gold Matt PVD,https://www.jaquar.com/images/thumbs/0060505_aquamax-exposed-part-kit-of-single-lever-shower-mixer-gold-matt-pvd_960.jpeg,7500.00,Aquamax Exposed Part Kit of Single Lever Shower Mixer with 3-way diverter (Compatible with ALD-783N),https://www.jaquar.com/en/aquamax-opal-prime-3-way-thermostatic-single-lever-diverter-mixer-chrome-plate?Id=3253,"Opal Prime, OPP-GMP-15783NKPM, Gold Matt PVD"
Faucets,Opal Prime,3253,Aquamax Exposed Part Kit of Single Lever Shower Mixer -Chrome,Variant,2753,Aquamax Exposed Part Kit of Single Lever Shower Mixer - Gold Bright PVD,OPP-GBP-15783NKPM,Gold Bright PVD,https://www.jaquar.com/images/thumbs/0060328_aquamax-exposed-part-kit-of-single-lever-shower-mixer-gold-bright-pvd_960.jpeg,7500.00,Aquamax Exposed Part Kit of Single Lever Shower Mixer with 3-way diverter (Compatible with ALD-783N),https://www.jaquar.com/en/aquamax-opal-prime-3-way-thermostatic-single-lever-diverter-mixer-chrome-plate?Id=3253,"Opal Prime, OPP-GBP-15783NKPM, Gold Bright PVD"
Faucets,Opal Prime,3253,Aquamax Exposed Part Kit of Single Lever Shower Mixer -Chrome,Variant,2753,Aquamax Exposed Part Kit of Single Lever Shower Mixer - Blush Gold Bright PVD,OPP-BGP-15783NKPM,Blush Gold PVD,https://www.jaquar.com/images/thumbs/0060329_aquamax-exposed-part-kit-of-single-lever-shower-mixer-blush-gold-pvd_960.jpeg,6600.00,Aquamax Exposed Part Kit of Single Lever Shower Mixer with 3-way diverter (Compatible with ALD-783N),https://www.jaquar.com/en/aquamax-opal-prime-3-way-thermostatic-single-lever-diverter-mixer-chrome-plate?Id=3253,"Opal Prime, OPP-BGP-15783NKPM, Blush Gold PVD"
Faucets,Opal Prime,3163,Single Lever 3-Inlet Diverter Exposed Parts Kit,Parent,1977,Single Lever 3-Inlet Diverter Exposed Parts Kit - Chrome,OPP-CHR-15193NKPM,Chrome,https://www.jaquar.com/images/thumbs/0067316_single-lever-3-inlet-diverter-exposed-parts-kit-chrome_960.jpeg,2900.00,"Single Lever 3-inlet Diverter Exposed parts kit Consisting of Operating Lever, Cartridge Sleeve, Wall Flange (with Seals), Button Assembly Sleeve and Button Cap (Compatible with ALD-193N)",https://www.jaquar.com/en/opal-prime-chrome-divertor-plate_ald-193?Id=3163,"Opal Prime, OPP-CHR-15193NKPM, Chrome"
Faucets,Opal Prime,3163,Single Lever 3-Inlet Diverter Exposed Parts Kit,Variant,1977,3-Inlet Single Lever Concealed Diverter - Antique Bronze,OPP-ABR-15193NKPM,Antique Bronze,https://www.jaquar.com/images/thumbs/0052622_3-inlet-single-lever-concealed-diverter-antique-bronze_960.jpeg,5000.00,"Single Lever 3-inlet Diverter Exposed parts kit Consisting of Operating Lever, Cartridge Sleeve, Wall Flange (with Seals), Button Assembly Sleeve and Button Cap (Compatible with ALD-193N)",https://www.jaquar.com/en/opal-prime-chrome-divertor-plate_ald-193?Id=3163,"Opal Prime, OPP-ABR-15193NKPM, Antique Bronze"
Faucets,Opal Prime,3163,Single Lever 3-Inlet Diverter Exposed Parts Kit,Variant,1977,3-Inlet Single Lever Concealed Diverter - Antique Copper,OPP-ACR-15193NKPM,Antique Copper,https://www.jaquar.com/images/thumbs/0060320_3-inlet-single-lever-concealed-diverter-antique-copper_960.jpeg,5000.00,"Single Lever 3-inlet Diverter Exposed parts kit Consisting of Operating Lever, Cartridge Sleeve, Wall Flange (with Seals), Button Assembly Sleeve and Button Cap (Compatible with ALD-193N)",https://www.jaquar.com/en/opal-prime-chrome-divertor-plate_ald-193?Id=3163,"Opal Prime, OPP-ACR-15193NKPM, Antique Copper"
Faucets,Opal Prime,3163,Single Lever 3-Inlet Diverter Exposed Parts Kit,Variant,1977,3-Inlet Single Lever Concealed Diverter - Black Chrome,OPP-BCH-15193NKPM,Black Chrome,https://www.jaquar.com/images/thumbs/0053814_3-inlet-single-lever-concealed-diverter-black-chrome_960.jpeg,4200.00,"Single Lever 3-inlet Diverter Exposed parts kit Consisting of Operating Lever, Cartridge Sleeve, Wall Flange (with Seals), Button Assembly Sleeve and Button Cap (Compatible with ALD-193N)",https://www.jaquar.com/en/opal-prime-chrome-divertor-plate_ald-193?Id=3163,"Opal Prime, OPP-BCH-15193NKPM, Black Chrome"
Faucets,Opal Prime,3163,Single Lever 3-Inlet Diverter Exposed Parts Kit,Variant,1977,3-Inlet Single Lever Concealed Diverter - Black Matt,OPP-BLM-15193NKPM,Black Matt,https://www.jaquar.com/images/thumbs/0052623_3-inlet-single-lever-concealed-diverter-black-matt_960.jpeg,4200.00,"Single Lever 3-inlet Diverter Exposed parts kit Consisting of Operating Lever, Cartridge Sleeve, Wall Flange (with Seals), Button Assembly Sleeve and Button Cap (Compatible with ALD-193N)",https://www.jaquar.com/en/opal-prime-chrome-divertor-plate_ald-193?Id=3163,"Opal Prime, OPP-BLM-15193NKPM, Black Matt"
Faucets,Opal Prime,3163,Single Lever 3-Inlet Diverter Exposed Parts Kit,Variant,1977,3-Inlet Single Lever Concealed Diverter - Graphite,OPP-GRF-15193NKPM,Graphite,https://www.jaquar.com/images/thumbs/0067285_3-inlet-single-lever-concealed-diverter-graphite_960.jpeg,5000.00,"Single Lever 3-inlet Diverter Exposed parts kit Consisting of Operating Lever, Cartridge Sleeve, Wall Flange (with Seals), Button Assembly Sleeve and Button Cap (Compatible with ALD-193N)",https://www.jaquar.com/en/opal-prime-chrome-divertor-plate_ald-193?Id=3163,"Opal Prime, OPP-GRF-15193NKPM, Graphite"
Faucets,Opal Prime,3163,Single Lever 3-Inlet Diverter Exposed Parts Kit,Variant,1977,3-Inlet Single Lever Concealed Diverter - Stainless Steel,OPP-SSF-15193NKPM,Stainless Steel,https://www.jaquar.com/images/thumbs/0060470_3-inlet-single-lever-concealed-diverter-stainless-steel_960.jpeg,5000.00,"Single Lever 3-inlet Diverter Exposed parts kit Consisting of Operating Lever, Cartridge Sleeve, Wall Flange (with Seals), Button Assembly Sleeve and Button Cap (Compatible with ALD-193N)",https://www.jaquar.com/en/opal-prime-chrome-divertor-plate_ald-193?Id=3163,"Opal Prime, OPP-SSF-15193NKPM, Stainless Steel"
Faucets,Opal Prime,3163,Single Lever 3-Inlet Diverter Exposed Parts Kit,Variant,1977,3-Inlet Single Lever Concealed Diverter - Gold Bright PVD,OPP-GBP-15193NKPM,Gold Bright PVD,https://www.jaquar.com/images/thumbs/0055874_3-inlet-single-lever-concealed-diverter-gold-bright-pvd_960.jpeg,5100.00,"Single Lever 3-inlet Diverter Exposed parts kit Consisting of Operating Lever, Cartridge Sleeve, Wall Flange (with Seals), Button Assembly Sleeve and Button Cap (Compatible with ALD-193N)",https://www.jaquar.com/en/opal-prime-chrome-divertor-plate_ald-193?Id=3163,"Opal Prime, OPP-GBP-15193NKPM, Gold Bright PVD"
Faucets,Opal Prime,3163,Single Lever 3-Inlet Diverter Exposed Parts Kit,Variant,1977,3-Inlet Single Lever Concealed Diverter - Gold Matt PVD,OPP-GMP-15193NKPM,Gold Matt PVD,https://www.jaquar.com/images/thumbs/0055673_3-inlet-single-lever-concealed-diverter-gold-matt-pvd_960.jpeg,5100.00,"Single Lever 3-inlet Diverter Exposed parts kit Consisting of Operating Lever, Cartridge Sleeve, Wall Flange (with Seals), Button Assembly Sleeve and Button Cap (Compatible with ALD-193N)",https://www.jaquar.com/en/opal-prime-chrome-divertor-plate_ald-193?Id=3163,"Opal Prime, OPP-GMP-15193NKPM, Gold Matt PVD"
Faucets,Opal Prime,3163,Single Lever 3-Inlet Diverter Exposed Parts Kit,Variant,1977,3-Inlet Single Lever Concealed Diverter - Blush Gold Bright PVD,OPP-BGP-15193NKPM,Blush Gold PVD,https://www.jaquar.com/images/thumbs/0055963_3-inlet-single-lever-concealed-diverter-blush-gold-pvd_960.jpeg,4350.00,"Single Lever 3-inlet Diverter Exposed parts kit Consisting of Operating Lever, Cartridge Sleeve, Wall Flange (with Seals), Button Assembly Sleeve and Button Cap (Compatible with ALD-193N)",https://www.jaquar.com/en/opal-prime-chrome-divertor-plate_ald-193?Id=3163,"Opal Prime, OPP-BGP-15193NKPM, Blush Gold PVD"
Faucets,Opal Prime,6102,Exposed Parts of Floor Mounted Single Lever Bath Mixer,Parent,4035,Exposed Parts of Floor Mounted Single Lever Bath Mixer - Chrome,OPP-CHR-15121KPM,Chrome,https://www.jaquar.com/images/thumbs/0031328_exposed-parts-of-floor-mounted-single-lever-bath-mixer-chrome_960.jpeg,41500.00,"Exposed Parts of Floor Mounted Single Lever Bath Mixer with Provision for Hand Shower, without Hand Shower & Shower Hose (Compatible with ALD-121)",https://www.jaquar.com/en/opal-prime-floor-mounted-bath-lever?Id=6102,"Opal Prime, OPP-CHR-15121KPM, Chrome"
Faucets,Opal Prime,6102,Exposed Parts of Floor Mounted Single Lever Bath Mixer,Variant,4035,Exposed Parts of Floor Mounted Single Lever Bath Mixer - Antique Bronze,OPP-ABR-15121KPM,Antique Bronze,https://www.jaquar.com/images/thumbs/0060318_exposed-parts-of-floor-mounted-single-lever-bath-mixer-antique-bronze_960.jpeg,68500.00,"Exposed Parts of Floor Mounted Single Lever Bath Mixer with Provision for Hand Shower, without Hand Shower & Shower Hose (Compatible with ALD-121)",https://www.jaquar.com/en/opal-prime-floor-mounted-bath-lever?Id=6102,"Opal Prime, OPP-ABR-15121KPM, Antique Bronze"
Faucets,Opal Prime,6102,Exposed Parts of Floor Mounted Single Lever Bath Mixer,Variant,4035,Exposed Parts of Floor Mounted Single Lever Bath Mixer - Antique Copper,OPP-ACR-15121KPM,Antique Copper,https://www.jaquar.com/images/thumbs/0060317_exposed-parts-of-floor-mounted-single-lever-bath-mixer-antique-copper_960.jpeg,68500.00,"Exposed Parts of Floor Mounted Single Lever Bath Mixer with Provision for Hand Shower, without Hand Shower & Shower Hose (Compatible with ALD-121)",https://www.jaquar.com/en/opal-prime-floor-mounted-bath-lever?Id=6102,"Opal Prime, OPP-ACR-15121KPM, Antique Copper"
Faucets,Opal Prime,6102,Exposed Parts of Floor Mounted Single Lever Bath Mixer,Variant,4035,Exposed Parts of Floor Mounted Single Lever Bath Mixer - Black Chrome,OPP-BCH-15121KPM,Black Chrome,https://www.jaquar.com/images/thumbs/0060316_exposed-parts-of-floor-mounted-single-lever-bath-mixer-black-chrome_960.jpeg,60000.00,"Exposed Parts of Floor Mounted Single Lever Bath Mixer with Provision for Hand Shower, without Hand Shower & Shower Hose (Compatible with ALD-121)",https://www.jaquar.com/en/opal-prime-floor-mounted-bath-lever?Id=6102,"Opal Prime, OPP-BCH-15121KPM, Black Chrome"
Faucets,Opal Prime,6102,Exposed Parts of Floor Mounted Single Lever Bath Mixer,Variant,4035,Exposed Parts of Floor Mounted Single Lever Bath Mixer - Black Matt,OPP-BLM-15121KPM,Black Matt,https://www.jaquar.com/images/thumbs/0060314_exposed-parts-of-floor-mounted-single-lever-bath-mixer-black-matt_960.jpeg,60000.00,"Exposed Parts of Floor Mounted Single Lever Bath Mixer with Provision for Hand Shower, without Hand Shower & Shower Hose (Compatible with ALD-121)",https://www.jaquar.com/en/opal-prime-floor-mounted-bath-lever?Id=6102,"Opal Prime, OPP-BLM-15121KPM, Black Matt"
Faucets,Opal Prime,6102,Exposed Parts of Floor Mounted Single Lever Bath Mixer,Variant,4035,Exposed Parts of Floor Mounted Single Lever Bath Mixer - Graphite,OPP-GRF-15121KPM,Graphite,https://www.jaquar.com/images/thumbs/0060311_exposed-parts-of-floor-mounted-single-lever-bath-mixer-graphite_960.jpeg,68500.00,"Exposed Parts of Floor Mounted Single Lever Bath Mixer with Provision for Hand Shower, without Hand Shower & Shower Hose (Compatible with ALD-121)",https://www.jaquar.com/en/opal-prime-floor-mounted-bath-lever?Id=6102,"Opal Prime, OPP-GRF-15121KPM, Graphite"
Faucets,Opal Prime,6102,Exposed Parts of Floor Mounted Single Lever Bath Mixer,Variant,4035,Exposed Parts of Floor Mounted Single Lever Bath Mixer - Stainless Steel,OPP-SSF-15121KPM,Stainless Steel,https://www.jaquar.com/images/thumbs/0060465_exposed-parts-of-floor-mounted-single-lever-bath-mixer-stainless-steel_960.jpeg,68500.00,"Exposed Parts of Floor Mounted Single Lever Bath Mixer with Provision for Hand Shower, without Hand Shower & Shower Hose (Compatible with ALD-121)",https://www.jaquar.com/en/opal-prime-floor-mounted-bath-lever?Id=6102,"Opal Prime, OPP-SSF-15121KPM, Stainless Steel"
Faucets,Opal Prime,6102,Exposed Parts of Floor Mounted Single Lever Bath Mixer,Variant,4035,Exposed Parts of Floor Mounted Single Lever Bath Mixer - Blush Gold Bright PVD,OPP-BGP-15121KPM,Blush Gold PVD,https://www.jaquar.com/images/thumbs/0060315_exposed-parts-of-floor-mounted-single-lever-bath-mixer-blush-gold-pvd_960.jpeg,62000.00,"Exposed Parts of Floor Mounted Single Lever Bath Mixer with Provision for Hand Shower, without Hand Shower & Shower Hose (Compatible with ALD-121)",https://www.jaquar.com/en/opal-prime-floor-mounted-bath-lever?Id=6102,"Opal Prime, OPP-BGP-15121KPM, Blush Gold PVD"
Faucets,Opal Prime,6102,Exposed Parts of Floor Mounted Single Lever Bath Mixer,Variant,4035,Exposed Parts of Floor Mounted Single Lever Bath Mixer - Gold Bright PVD,OPP-GBP-15121KPM,Gold Bright PVD,https://www.jaquar.com/images/thumbs/0060313_exposed-parts-of-floor-mounted-single-lever-bath-mixer-gold-bright-pvd_960.jpeg,70600.00,"Exposed Parts of Floor Mounted Single Lever Bath Mixer with Provision for Hand Shower, without Hand Shower & Shower Hose (Compatible with ALD-121)",https://www.jaquar.com/en/opal-prime-floor-mounted-bath-lever?Id=6102,"Opal Prime, OPP-GBP-15121KPM, Gold Bright PVD"
Faucets,Opal Prime,6102,Exposed Parts of Floor Mounted Single Lever Bath Mixer,Variant,4035,Exposed Parts of Floor Mounted Single Lever Bath Mixer - Gold Matt PVD,OPP-GMP-15121KPM,Gold Matt PVD,https://www.jaquar.com/images/thumbs/0060312_exposed-parts-of-floor-mounted-single-lever-bath-mixer-gold-matt-pvd_960.jpeg,70600.00,"Exposed Parts of Floor Mounted Single Lever Bath Mixer with Provision for Hand Shower, without Hand Shower & Shower Hose (Compatible with ALD-121)",https://www.jaquar.com/en/opal-prime-floor-mounted-bath-lever?Id=6102,"Opal Prime, OPP-GMP-15121KPM, Gold Matt PVD"
Faucets,Opal Prime,3173,Single Lever Bidet Mixer with Popup Waste,Parent,1965,Single Lever Bidet Mixer with Popup Waste - Chrome,OPP-CHR-15213BPM,Chrome,https://www.jaquar.com/images/thumbs/0060228_single-lever-bidet-mixer-with-popup-waste-chrome_960.jpeg,6350.00,"Single Lever 1-Hole Bidet with Popup
Waste System with 375mm Long Braided
Hoses",https://www.jaquar.com/en/chrome-single-lever-bidet-mixer-opal-prime?Id=3173,"Opal Prime, OPP-CHR-15213BPM, Chrome"
Faucets,Opal Prime,3173,Single Lever Bidet Mixer with Popup Waste,Variant,1965,Single Lever Bidet Mixer with Popup Waste - Antique Bronze,OPP-ABR-15213BPM,Antique Bronze,https://www.jaquar.com/images/thumbs/0057044_single-lever-bidet-mixer-with-popup-waste-antique-bronze_960.jpeg,10600.00,"Single Lever 1-Hole Bidet with Popup
Waste System with 375mm Long Braided
Hoses",https://www.jaquar.com/en/chrome-single-lever-bidet-mixer-opal-prime?Id=3173,"Opal Prime, OPP-ABR-15213BPM, Antique Bronze"
Faucets,Opal Prime,3173,Single Lever Bidet Mixer with Popup Waste,Variant,1965,Single Lever Bidet Mixer with Popup Waste - Antique Copper,OPP-ACR-15213BPM,Antique Copper,https://www.jaquar.com/images/thumbs/0057045_single-lever-bidet-mixer-with-popup-waste-antique-copper_960.jpeg,10600.00,"Single Lever 1-Hole Bidet with Popup
Waste System with 375mm Long Braided
Hoses",https://www.jaquar.com/en/chrome-single-lever-bidet-mixer-opal-prime?Id=3173,"Opal Prime, OPP-ACR-15213BPM, Antique Copper"
Faucets,Opal Prime,3173,Single Lever Bidet Mixer with Popup Waste,Variant,1965,Single Lever Bidet Mixer with Popup Waste - Black Chrome,OPP-BCH-15213BPM,Black Chrome,https://www.jaquar.com/images/thumbs/0055964_single-lever-bidet-mixer-with-popup-waste-black-chrome_960.jpeg,9250.00,"Single Lever 1-Hole Bidet with Popup
Waste System with 375mm Long Braided
Hoses",https://www.jaquar.com/en/chrome-single-lever-bidet-mixer-opal-prime?Id=3173,"Opal Prime, OPP-BCH-15213BPM, Black Chrome"
Faucets,Opal Prime,3173,Single Lever Bidet Mixer with Popup Waste,Variant,1965,Single Lever Bidet Mixer with Popup Waste - Black Matt,OPP-BLM-15213BPM,Black Matt,https://www.jaquar.com/images/thumbs/0055076_single-lever-bidet-mixer-with-popup-waste-black-matt_960.jpeg,9250.00,"Single Lever 1-Hole Bidet with Popup
Waste System with 375mm Long Braided
Hoses",https://www.jaquar.com/en/chrome-single-lever-bidet-mixer-opal-prime?Id=3173,"Opal Prime, OPP-BLM-15213BPM, Black Matt"
Faucets,Opal Prime,3173,Single Lever Bidet Mixer with Popup Waste,Variant,1965,Single Lever Bidet Mixer with Popup Waste - Graphite,OPP-GRF-15213BPM,Graphite,https://www.jaquar.com/images/thumbs/0054725_single-lever-bidet-mixer-with-popup-waste-graphite_960.jpeg,10600.00,"Single Lever 1-Hole Bidet with Popup
Waste System with 375mm Long Braided
Hoses",https://www.jaquar.com/en/chrome-single-lever-bidet-mixer-opal-prime?Id=3173,"Opal Prime, OPP-GRF-15213BPM, Graphite"
Faucets,Opal Prime,3173,Single Lever Bidet Mixer with Popup Waste,Variant,1965,Single Lever Bidet Mixer with Popup Waste - Stainless Steel,OPP-SSF-15213BPM,Stainless Steel,https://www.jaquar.com/images/thumbs/0059449_single-lever-bidet-mixer-with-popup-waste-stainless-steel_960.jpeg,10600.00,"Single Lever 1-Hole Bidet with Popup
Waste System with 375mm Long Braided
Hoses",https://www.jaquar.com/en/chrome-single-lever-bidet-mixer-opal-prime?Id=3173,"Opal Prime, OPP-SSF-15213BPM, Stainless Steel"
Faucets,Opal Prime,3173,Single Lever Bidet Mixer with Popup Waste,Variant,1965,Single Lever Bidet Mixer with Popup Waste - Gold Matt PVD,OPP-GMP-15213BPM,Gold Matt PVD,https://www.jaquar.com/images/thumbs/0054891_single-lever-bidet-mixer-with-popup-waste-gold-matt-pvd_960.jpeg,10900.00,"Single Lever 1-Hole Bidet with Popup
Waste System with 375mm Long Braided
Hoses",https://www.jaquar.com/en/chrome-single-lever-bidet-mixer-opal-prime?Id=3173,"Opal Prime, OPP-GMP-15213BPM, Gold Matt PVD"
Faucets,Opal Prime,3173,Single Lever Bidet Mixer with Popup Waste,Variant,1965,Single Lever Bidet Mixer with Popup Waste - Gold Bright PVD,OPP-GBP-15213BPM,Gold Bright PVD,https://www.jaquar.com/images/thumbs/0055965_single-lever-bidet-mixer-with-popup-waste-gold-bright-pvd_960.jpeg,10900.00,"Single Lever 1-Hole Bidet with Popup
Waste System with 375mm Long Braided
Hoses",https://www.jaquar.com/en/chrome-single-lever-bidet-mixer-opal-prime?Id=3173,"Opal Prime, OPP-GBP-15213BPM, Gold Bright PVD"
Faucets,Opal Prime,3173,Single Lever Bidet Mixer with Popup Waste,Variant,1965,Single Lever Bidet Mixer with Popup Waste - Blush Gold Bright PVD,OPP-BGP-15213BPM,Blush Gold PVD,https://www.jaquar.com/images/thumbs/0054890_single-lever-bidet-mixer-with-popup-waste-blush-gold-pvd_960.jpeg,9600.00,"Single Lever 1-Hole Bidet with Popup
Waste System with 375mm Long Braided
Hoses",https://www.jaquar.com/en/chrome-single-lever-bidet-mixer-opal-prime?Id=3173,"Opal Prime, OPP-BGP-15213BPM, Blush Gold PVD"
Faucets,Opal Prime,3153,Single Lever Sink Mixer with Swinging Spout,Parent,1982,Single Lever Sink Mixer with Swinging Spout - Chrome,OPP-CHR-15173BPM,Chrome,https://www.jaquar.com/images/thumbs/0060224_single-lever-sink-mixer-with-swinging-spout-chrome_960.jpeg,5000.00,"Single Lever Sink Mixer with Swinging
Spout (Table Mounted) with 450mm
Long Braided Hoses",https://www.jaquar.com/en/opal-prime-chrome-table-sink-mixer?Id=3153,"Opal Prime, OPP-CHR-15173BPM, Chrome"
Faucets,Opal Prime,3153,Single Lever Sink Mixer with Swinging Spout,Variant,1982,Single Lever Sink Mixer with Swinging Spout - Antique Bronze,OPP-ABR-15173BPM,Antique Bronze,https://www.jaquar.com/images/thumbs/0054839_single-lever-sink-mixer-with-swinging-spout-antique-bronze_960.jpeg,8350.00,"Single Lever Sink Mixer with Swinging
Spout (Table Mounted) with 450mm
Long Braided Hoses",https://www.jaquar.com/en/opal-prime-chrome-table-sink-mixer?Id=3153,"Opal Prime, OPP-ABR-15173BPM, Antique Bronze"
Faucets,Opal Prime,3153,Single Lever Sink Mixer with Swinging Spout,Variant,1982,Single Lever Sink Mixer with Swinging Spout - Antique Copper,OPP-ACR-15173BPM,Antique Copper,https://www.jaquar.com/images/thumbs/0055074_single-lever-sink-mixer-with-swinging-spout-antique-copper_960.jpeg,8350.00,"Single Lever Sink Mixer with Swinging
Spout (Table Mounted) with 450mm
Long Braided Hoses",https://www.jaquar.com/en/opal-prime-chrome-table-sink-mixer?Id=3153,"Opal Prime, OPP-ACR-15173BPM, Antique Copper"
Faucets,Opal Prime,3153,Single Lever Sink Mixer with Swinging Spout,Variant,1982,Single Lever Sink Mixer with Swinging Spout - Black Chrome,OPP-BCH-15173BPM,Black Chrome,https://www.jaquar.com/images/thumbs/0054888_single-lever-sink-mixer-with-swinging-spout-black-chrome_960.jpeg,7300.00,"Single Lever Sink Mixer with Swinging
Spout (Table Mounted) with 450mm
Long Braided Hoses",https://www.jaquar.com/en/opal-prime-chrome-table-sink-mixer?Id=3153,"Opal Prime, OPP-BCH-15173BPM, Black Chrome"
Faucets,Opal Prime,3153,Single Lever Sink Mixer with Swinging Spout,Variant,1982,Single Lever Sink Mixer with Swinging Spout - Black Matt,OPP-BLM-15173BPM,Black Matt,https://www.jaquar.com/images/thumbs/0055075_single-lever-sink-mixer-with-swinging-spout-black-matt_960.jpeg,7300.00,"Single Lever Sink Mixer with Swinging
Spout (Table Mounted) with 450mm
Long Braided Hoses",https://www.jaquar.com/en/opal-prime-chrome-table-sink-mixer?Id=3153,"Opal Prime, OPP-BLM-15173BPM, Black Matt"
Faucets,Opal Prime,3153,Single Lever Sink Mixer with Swinging Spout,Variant,1982,Single Lever Sink Mixer with Swinging Spout - Graphite,OPP-GRF-15173BPM,Graphite,https://www.jaquar.com/images/thumbs/0054723_single-lever-sink-mixer-with-swinging-spout-graphite_960.jpeg,8350.00,"Single Lever Sink Mixer with Swinging
Spout (Table Mounted) with 450mm
Long Braided Hoses",https://www.jaquar.com/en/opal-prime-chrome-table-sink-mixer?Id=3153,"Opal Prime, OPP-GRF-15173BPM, Graphite"
Faucets,Opal Prime,3153,Single Lever Sink Mixer with Swinging Spout,Variant,1982,Single Lever Sink Mixer with Swinging Spout - Stainless Steel,OPP-SSF-15173BPM,Stainless Steel,https://www.jaquar.com/images/thumbs/0059448_single-lever-sink-mixer-with-swinging-spout-stainless-steel_960.jpeg,8350.00,"Single Lever Sink Mixer with Swinging
Spout (Table Mounted) with 450mm
Long Braided Hoses",https://www.jaquar.com/en/opal-prime-chrome-table-sink-mixer?Id=3153,"Opal Prime, OPP-SSF-15173BPM, Stainless Steel"
Faucets,Opal Prime,3023,Pillar Cock,Parent,1966,Pillar Cock - Chrome,OPP-CHR-15001PM,Chrome,https://www.jaquar.com/images/thumbs/0060187_pillar-cock-chrome_960.jpeg,2575.00,Pillar Cock,https://www.jaquar.com/en/chrome-pillar-cock-opal-prime?Id=3023,"Opal Prime, OPP-CHR-15001PM, Chrome"
Faucets,Opal Prime,3023,Pillar Cock,Variant,1966,Pillar Cock - Antique Bronze,OPP-ABR-15001PM,Antique Bronze,https://www.jaquar.com/images/thumbs/0054831_pillar-cock-antique-bronze_960.jpeg,4300.00,Pillar Cock,https://www.jaquar.com/en/chrome-pillar-cock-opal-prime?Id=3023,"Opal Prime, OPP-ABR-15001PM, Antique Bronze"
Faucets,Opal Prime,3023,Pillar Cock,Variant,1966,Pillar Cock - Antique Copper,OPP-ACR-15001PM,Antique Copper,https://www.jaquar.com/images/thumbs/0055064_pillar-cock-antique-copper_960.jpeg,4300.00,Pillar Cock,https://www.jaquar.com/en/chrome-pillar-cock-opal-prime?Id=3023,"Opal Prime, OPP-ACR-15001PM, Antique Copper"
Faucets,Opal Prime,3023,Pillar Cock,Variant,1966,Pillar Cock - Black Chrome,OPP-BCH-15001PM,Black Chrome,https://www.jaquar.com/images/thumbs/0055947_pillar-cock-black-chrome_960.jpeg,3800.00,Pillar Cock,https://www.jaquar.com/en/chrome-pillar-cock-opal-prime?Id=3023,"Opal Prime, OPP-BCH-15001PM, Black Chrome"
Faucets,Opal Prime,3023,Pillar Cock,Variant,1966,Pillar Cock - Black Matt,OPP-BLM-15001PM,Black Matt,https://www.jaquar.com/images/thumbs/0055065_pillar-cock-black-matt_960.jpeg,3800.00,Pillar Cock,https://www.jaquar.com/en/chrome-pillar-cock-opal-prime?Id=3023,"Opal Prime, OPP-BLM-15001PM, Black Matt"
Faucets,Opal Prime,3023,Pillar Cock,Variant,1966,Pillar Cock - Graphite,OPP-GRF-15001PM,Graphite,https://www.jaquar.com/images/thumbs/0055066_pillar-cock-graphite_960.jpeg,4300.00,Pillar Cock,https://www.jaquar.com/en/chrome-pillar-cock-opal-prime?Id=3023,"Opal Prime, OPP-GRF-15001PM, Graphite"
Faucets,Opal Prime,3023,Pillar Cock,Variant,1966,Pillar Cock - Stainless Steel,OPP-SSF-15001PM,Stainless Steel,https://www.jaquar.com/images/thumbs/0059441_pillar-cock-stainless-steel_960.jpeg,4300.00,Pillar Cock,https://www.jaquar.com/en/chrome-pillar-cock-opal-prime?Id=3023,"Opal Prime, OPP-SSF-15001PM, Stainless Steel"
Faucets,Opal Prime,3033,Pillar Cock,Parent,1967,Pillar Cock - Chrome,OPP-CHR-15021PM,Chrome,https://www.jaquar.com/images/thumbs/0060200_pillar-cock-chrome_960.jpeg,3600.00,Pillar Cock with 200mm Extension Body,https://www.jaquar.com/en/opal-prime-long-body-pillar-cock-chrome?Id=3033,"Opal Prime, OPP-CHR-15021PM, Chrome"
Faucets,Opal Prime,3033,Pillar Cock,Variant,1967,Pillar Cock - Antique Bronze,OPP-ABR-15021PM,Antique Bronze,https://www.jaquar.com/images/thumbs/0054832_pillar-cock-antique-bronze_960.jpeg,6100.00,Pillar Cock with 200mm Extension Body,https://www.jaquar.com/en/opal-prime-long-body-pillar-cock-chrome?Id=3033,"Opal Prime, OPP-ABR-15021PM, Antique Bronze"
Faucets,Opal Prime,3033,Pillar Cock,Variant,1967,Pillar Cock - Antique Copper,OPP-ACR-15021PM,Antique Copper,https://www.jaquar.com/images/thumbs/0055067_pillar-cock-antique-copper_960.jpeg,6100.00,Pillar Cock with 200mm Extension Body,https://www.jaquar.com/en/opal-prime-long-body-pillar-cock-chrome?Id=3033,"Opal Prime, OPP-ACR-15021PM, Antique Copper"
Faucets,Opal Prime,3033,Pillar Cock,Variant,1967,Pillar Cock - Black Chrome,OPP-BCH-15021PM,Black Chrome,https://www.jaquar.com/images/thumbs/0054868_pillar-cock-black-chrome_960.jpeg,5300.00,Pillar Cock with 200mm Extension Body,https://www.jaquar.com/en/opal-prime-long-body-pillar-cock-chrome?Id=3033,"Opal Prime, OPP-BCH-15021PM, Black Chrome"
Faucets,Opal Prime,3033,Pillar Cock,Variant,1967,Pillar Cock - Black Matt,OPP-BLM-15021PM,Black Matt,https://www.jaquar.com/images/thumbs/0055068_pillar-cock-black-matt_960.jpeg,5300.00,Pillar Cock with 200mm Extension Body,https://www.jaquar.com/en/opal-prime-long-body-pillar-cock-chrome?Id=3033,"Opal Prime, OPP-BLM-15021PM, Black Matt"
Faucets,Opal Prime,3033,Pillar Cock,Variant,1967,Pillar Cock - Graphite,OPP-GRF-15021PM,Graphite,https://www.jaquar.com/images/thumbs/0054705_pillar-cock-graphite_960.jpeg,6100.00,Pillar Cock with 200mm Extension Body,https://www.jaquar.com/en/opal-prime-long-body-pillar-cock-chrome?Id=3033,"Opal Prime, OPP-GRF-15021PM, Graphite"
Faucets,Opal Prime,3033,Pillar Cock,Variant,1967,Pillar Cock - Stainless Steel,OPP-SSF-15021PM,Stainless Steel,https://www.jaquar.com/images/thumbs/0059442_pillar-cock-stainless-steel_960.jpeg,6100.00,Pillar Cock with 200mm Extension Body,https://www.jaquar.com/en/opal-prime-long-body-pillar-cock-chrome?Id=3033,"Opal Prime, OPP-SSF-15021PM, Stainless Steel"
Faucets,Opal Prime,3203,Two Concealed Stop Cocks,Parent,1978,Two Concealed Stop Cocks - Chrome,OPP-CHR-15433PM,Chrome,https://www.jaquar.com/images/thumbs/0060234_two-concealed-stop-cocks-chrome_960.jpeg,6300.00,Two Concealed Stop Cocks with Basin Spout (Composite One Piece Body),https://www.jaquar.com/en/chrome-opal-prime-concealed-2-lever-wall-basin-mixer?Id=3203,"Opal Prime, OPP-CHR-15433PM, Chrome"
Faucets,Opal Prime,3203,Two Concealed Stop Cocks,Variant,1978,Two Concealed Stop Cocks - Antique Bronze,OPP-ABR-15433PM,Antique Bronze,https://www.jaquar.com/images/thumbs/0054840_two-concealed-stop-cocks-antique-bronze_960.jpeg,9950.00,Two Concealed Stop Cocks with Basin Spout (Composite One Piece Body),https://www.jaquar.com/en/chrome-opal-prime-concealed-2-lever-wall-basin-mixer?Id=3203,"Opal Prime, OPP-ABR-15433PM, Antique Bronze"
Faucets,Opal Prime,3203,Two Concealed Stop Cocks,Variant,1978,Two Concealed Stop Cocks - Antique Copper,OPP-ACR-15433PM,Antique Copper,https://www.jaquar.com/images/thumbs/0055077_two-concealed-stop-cocks-antique-copper_960.jpeg,9950.00,Two Concealed Stop Cocks with Basin Spout (Composite One Piece Body),https://www.jaquar.com/en/chrome-opal-prime-concealed-2-lever-wall-basin-mixer?Id=3203,"Opal Prime, OPP-ACR-15433PM, Antique Copper"
Faucets,Opal Prime,3203,Two Concealed Stop Cocks,Variant,1978,Two Concealed Stop Cocks - Black Chrome,OPP-BCH-15433PM,Black Chrome,https://www.jaquar.com/images/thumbs/0054892_two-concealed-stop-cocks-black-chrome_960.jpeg,8650.00,Two Concealed Stop Cocks with Basin Spout (Composite One Piece Body),https://www.jaquar.com/en/chrome-opal-prime-concealed-2-lever-wall-basin-mixer?Id=3203,"Opal Prime, OPP-BCH-15433PM, Black Chrome"
Faucets,Opal Prime,3203,Two Concealed Stop Cocks,Variant,1978,Two Concealed Stop Cocks - Black Matt,OPP-BLM-15433PM,Black Matt,https://www.jaquar.com/images/thumbs/0055078_two-concealed-stop-cocks-black-matt_960.jpeg,8650.00,Two Concealed Stop Cocks with Basin Spout (Composite One Piece Body),https://www.jaquar.com/en/chrome-opal-prime-concealed-2-lever-wall-basin-mixer?Id=3203,"Opal Prime, OPP-BLM-15433PM, Black Matt"
Faucets,Opal Prime,3203,Two Concealed Stop Cocks,Variant,1978,Two Concealed Stop Cocks - Graphite,OPP-GRF-15433PM,Graphite,https://www.jaquar.com/images/thumbs/0054727_two-concealed-stop-cocks-graphite_960.jpeg,9950.00,Two Concealed Stop Cocks with Basin Spout (Composite One Piece Body),https://www.jaquar.com/en/chrome-opal-prime-concealed-2-lever-wall-basin-mixer?Id=3203,"Opal Prime, OPP-GRF-15433PM, Graphite"
Faucets,Opal Prime,3203,Two Concealed Stop Cocks,Variant,1978,Two Concealed Stop Cocks - Stainless Steel,OPP-SSF-15433PM,Stainless Steel,https://www.jaquar.com/images/thumbs/0055970_two-concealed-stop-cocks-stainless-steel_960.jpeg,9950.00,Two Concealed Stop Cocks with Basin Spout (Composite One Piece Body),https://www.jaquar.com/en/chrome-opal-prime-concealed-2-lever-wall-basin-mixer?Id=3203,"Opal Prime, OPP-SSF-15433PM, Stainless Steel"
Faucets,Opal Prime,3213,Exposed Part Kit of Single Concealed Stop Cock,Parent,1974,Exposed Part Kit of Single Concealed Stop Cock - Chrome,OPP-CHR-15441KPM,Chrome,https://www.jaquar.com/images/thumbs/0060236_exposed-part-kit-of-single-concealed-stop-cock-chrome_960.jpeg,2525.00,"Exposed Part Kit of Single Concealed Stop Cock Consisting of Operating Lever, Cartridge Sleeve, Wall Flange (with Seals) & Basin Spout (Compatible with ALD-441)",https://www.jaquar.com/en/opal-prime-exposed-for-stop-cock-with-spout?Id=3213,"Opal Prime, OPP-CHR-15441KPM, Chrome"
Faucets,Opal Prime,3213,Exposed Part Kit of Single Concealed Stop Cock,Variant,1974,Exposed Part Kit of Single Concealed Stop Cock - Antique Bronze,OPP-ABR-15441KPM,Antique Bronze,https://www.jaquar.com/images/thumbs/0052345_exposed-part-kit-of-single-concealed-stop-cock-antique-bronze_960.jpeg,4300.00,"Exposed Part Kit of Single Concealed Stop Cock Consisting of Operating Lever, Cartridge Sleeve, Wall Flange (with Seals) & Basin Spout (Compatible with ALD-441)",https://www.jaquar.com/en/opal-prime-exposed-for-stop-cock-with-spout?Id=3213,"Opal Prime, OPP-ABR-15441KPM, Antique Bronze"
Faucets,Opal Prime,3213,Exposed Part Kit of Single Concealed Stop Cock,Variant,1974,Exposed Part Kit of Single Concealed Stop Cock - Antique Copper,OPP-ACR-15441KPM,Antique Copper,https://www.jaquar.com/images/thumbs/0053743_exposed-part-kit-of-single-concealed-stop-cock-antique-copper_960.jpeg,4300.00,"Exposed Part Kit of Single Concealed Stop Cock Consisting of Operating Lever, Cartridge Sleeve, Wall Flange (with Seals) & Basin Spout (Compatible with ALD-441)",https://www.jaquar.com/en/opal-prime-exposed-for-stop-cock-with-spout?Id=3213,"Opal Prime, OPP-ACR-15441KPM, Antique Copper"
Faucets,Opal Prime,3213,Exposed Part Kit of Single Concealed Stop Cock,Variant,1974,Exposed Part Kit of Single Concealed Stop Cock - Black Chrome,OPP-BCH-15441KPM,Black Chrome,https://www.jaquar.com/images/thumbs/0053815_exposed-part-kit-of-single-concealed-stop-cock-black-chrome_960.jpeg,3750.00,"Exposed Part Kit of Single Concealed Stop Cock Consisting of Operating Lever, Cartridge Sleeve, Wall Flange (with Seals) & Basin Spout (Compatible with ALD-441)",https://www.jaquar.com/en/opal-prime-exposed-for-stop-cock-with-spout?Id=3213,"Opal Prime, OPP-BCH-15441KPM, Black Chrome"
Faucets,Opal Prime,3213,Exposed Part Kit of Single Concealed Stop Cock,Variant,1974,Exposed Part Kit of Single Concealed Stop Cock - Black Matt,OPP-BLM-15441KPM,Black Matt,https://www.jaquar.com/images/thumbs/0052346_exposed-part-kit-of-single-concealed-stop-cock-black-matt_960.jpeg,3750.00,"Exposed Part Kit of Single Concealed Stop Cock Consisting of Operating Lever, Cartridge Sleeve, Wall Flange (with Seals) & Basin Spout (Compatible with ALD-441)",https://www.jaquar.com/en/opal-prime-exposed-for-stop-cock-with-spout?Id=3213,"Opal Prime, OPP-BLM-15441KPM, Black Matt"
Faucets,Opal Prime,3213,Exposed Part Kit of Single Concealed Stop Cock,Variant,1974,Exposed Part Kit of Single Concealed Stop Cock - Graphite,OPP-GRF-15441KPM,Graphite,https://www.jaquar.com/images/thumbs/0060324_exposed-part-kit-of-single-concealed-stop-cock-graphite_960.jpeg,4300.00,"Exposed Part Kit of Single Concealed Stop Cock Consisting of Operating Lever, Cartridge Sleeve, Wall Flange (with Seals) & Basin Spout (Compatible with ALD-441)",https://www.jaquar.com/en/opal-prime-exposed-for-stop-cock-with-spout?Id=3213,"Opal Prime, OPP-GRF-15441KPM, Graphite"
Faucets,Opal Prime,3213,Exposed Part Kit of Single Concealed Stop Cock,Variant,1974,Exposed Part Kit of Single Concealed Stop Cock - Stainless Steel,OPP-SSF-15441KPM,Stainless Steel,https://www.jaquar.com/images/thumbs/0060474_exposed-part-kit-of-single-concealed-stop-cock-stainless-steel_960.jpeg,4300.00,"Exposed Part Kit of Single Concealed Stop Cock Consisting of Operating Lever, Cartridge Sleeve, Wall Flange (with Seals) & Basin Spout (Compatible with ALD-441)",https://www.jaquar.com/en/opal-prime-exposed-for-stop-cock-with-spout?Id=3213,"Opal Prime, OPP-SSF-15441KPM, Stainless Steel"
Faucets,Opal Prime,3043,Bib Cock,Parent,1969,Bib Cock - Chrome,OPP-CHR-15037PM,Chrome,https://www.jaquar.com/images/thumbs/0060202_bib-cock-chrome_960.jpeg,2475.00,Bib Cock with Wall Flange,https://www.jaquar.com/en/angular-chrome-bib-cock-opal-prime?Id=3043,"Opal Prime, OPP-CHR-15037PM, Chrome"
Faucets,Opal Prime,3043,Bib Cock,Variant,1969,Bib Cock - Antique Bronze,OPP-ABR-15037PM,Antique Bronze,https://www.jaquar.com/images/thumbs/0054833_bib-cock-antique-bronze_960.jpeg,4150.00,Bib Cock with Wall Flange,https://www.jaquar.com/en/angular-chrome-bib-cock-opal-prime?Id=3043,"Opal Prime, OPP-ABR-15037PM, Antique Bronze"
Faucets,Opal Prime,3043,Bib Cock,Variant,1969,Bib Cock - Antique Copper,OPP-ACR-15037PM,Antique Copper,https://www.jaquar.com/images/thumbs/0055069_bib-cock-antique-copper_960.jpeg,4150.00,Bib Cock with Wall Flange,https://www.jaquar.com/en/angular-chrome-bib-cock-opal-prime?Id=3043,"Opal Prime, OPP-ACR-15037PM, Antique Copper"
Faucets,Opal Prime,3043,Bib Cock,Variant,1969,Bib Cock - Black Chrome,OPP-BCH-15037PM,Black Chrome,https://www.jaquar.com/images/thumbs/0054620_bib-cock-black-chrome_960.jpeg,3650.00,Bib Cock with Wall Flange,https://www.jaquar.com/en/angular-chrome-bib-cock-opal-prime?Id=3043,"Opal Prime, OPP-BCH-15037PM, Black Chrome"
Faucets,Opal Prime,3043,Bib Cock,Variant,1969,Bib Cock - Black Matt,OPP-BLM-15037PM,Black Matt,https://www.jaquar.com/images/thumbs/0054621_bib-cock-black-matt_960.jpeg,3650.00,Bib Cock with Wall Flange,https://www.jaquar.com/en/angular-chrome-bib-cock-opal-prime?Id=3043,"Opal Prime, OPP-BLM-15037PM, Black Matt"
Faucets,Opal Prime,3043,Bib Cock,Variant,1969,Bib Cock - Graphite,OPP-GRF-15037PM,Graphite,https://www.jaquar.com/images/thumbs/0054622_bib-cock-graphite_960.jpeg,4150.00,Bib Cock with Wall Flange,https://www.jaquar.com/en/angular-chrome-bib-cock-opal-prime?Id=3043,"Opal Prime, OPP-GRF-15037PM, Graphite"
Faucets,Opal Prime,3043,Bib Cock,Variant,1969,Bib Cock - Stainless Steel,OPP-SSF-15037PM,Stainless Steel,https://www.jaquar.com/images/thumbs/0059443_bib-cock-stainless-steel_960.jpeg,4150.00,Bib Cock with Wall Flange,https://www.jaquar.com/en/angular-chrome-bib-cock-opal-prime?Id=3043,"Opal Prime, OPP-SSF-15037PM, Stainless Steel"
Faucets,Opal Prime,3053,2-Way Bib Cock,Parent,1971,2-Way Bib Cock - Chrome,OPP-CHR-15041PM,Chrome,https://www.jaquar.com/images/thumbs/0060204_2-way-bib-cock-chrome_960.jpeg,2750.00,2 Way Bib Cock with Wall Flange,https://www.jaquar.com/en/opal-prime-2-way-chrome-bib-cock?Id=3053,"Opal Prime, OPP-CHR-15041PM, Chrome"
Faucets,Opal Prime,3053,2-Way Bib Cock,Variant,1971,2-Way Bib Cock - Antique Bronze,OPP-ABR-15041PM,Antique Bronze,https://www.jaquar.com/images/thumbs/0057035_2-way-bib-cock-antique-bronze_960.jpeg,4600.00,2 Way Bib Cock with Wall Flange,https://www.jaquar.com/en/opal-prime-2-way-chrome-bib-cock?Id=3053,"Opal Prime, OPP-ABR-15041PM, Antique Bronze"
Faucets,Opal Prime,3053,2-Way Bib Cock,Variant,1971,2-Way Bib Cock - Antique Copper,OPP-ACR-15041PM,Antique Copper,https://www.jaquar.com/images/thumbs/0055070_2-way-bib-cock-antique-copper_960.jpeg,4600.00,2 Way Bib Cock with Wall Flange,https://www.jaquar.com/en/opal-prime-2-way-chrome-bib-cock?Id=3053,"Opal Prime, OPP-ACR-15041PM, Antique Copper"
Faucets,Opal Prime,3053,2-Way Bib Cock,Variant,1971,2-Way Bib Cock - Black Chrome,OPP-BCH-15041PM,Black Chrome,https://www.jaquar.com/images/thumbs/0055950_2-way-bib-cock-black-chrome_960.jpeg,4050.00,2 Way Bib Cock with Wall Flange,https://www.jaquar.com/en/opal-prime-2-way-chrome-bib-cock?Id=3053,"Opal Prime, OPP-BCH-15041PM, Black Chrome"
Faucets,Opal Prime,3053,2-Way Bib Cock,Variant,1971,2-Way Bib Cock - Black Matt,OPP-BLM-15041PM,Black Matt,https://www.jaquar.com/images/thumbs/0054675_2-way-bib-cock-black-matt_960.jpeg,4050.00,2 Way Bib Cock with Wall Flange,https://www.jaquar.com/en/opal-prime-2-way-chrome-bib-cock?Id=3053,"Opal Prime, OPP-BLM-15041PM, Black Matt"
Faucets,Opal Prime,3053,2-Way Bib Cock,Variant,1971,2-Way Bib Cock - Graphite,OPP-GRF-15041PM,Graphite,https://www.jaquar.com/images/thumbs/0057037_2-way-bib-cock-graphite_960.jpeg,4600.00,2 Way Bib Cock with Wall Flange,https://www.jaquar.com/en/opal-prime-2-way-chrome-bib-cock?Id=3053,"Opal Prime, OPP-GRF-15041PM, Graphite"
Faucets,Opal Prime,3053,2-Way Bib Cock,Variant,1971,2-Way Bib Cock - Stainless Steel,OPP-SSF-15041PM,Stainless Steel,https://www.jaquar.com/images/thumbs/0055951_2-way-bib-cock-stainless-steel_960.jpeg,4600.00,2 Way Bib Cock with Wall Flange,https://www.jaquar.com/en/opal-prime-2-way-chrome-bib-cock?Id=3053,"Opal Prime, OPP-SSF-15041PM, Stainless Steel"
Faucets,Opal Prime,3053,2-Way Bib Cock,Variant,1971,2-Way Bib Cock - Gold Matt PVD,OPP-GMP-15041PM,Gold Matt PVD,https://www.jaquar.com/images/thumbs/0057036_2-way-bib-cock-gold-matt-pvd_960.jpeg,4800.00,2 Way Bib Cock with Wall Flange,https://www.jaquar.com/en/opal-prime-2-way-chrome-bib-cock?Id=3053,"Opal Prime, OPP-GMP-15041PM, Gold Matt PVD"
Faucets,Opal Prime,3053,2-Way Bib Cock,Variant,1971,2-Way Bib Cock - Gold Bright PVD,OPP-GBP-15041PM,Gold Bright PVD,https://www.jaquar.com/images/thumbs/0054870_2-way-bib-cock-gold-bright-pvd_960.jpeg,4800.00,2 Way Bib Cock with Wall Flange,https://www.jaquar.com/en/opal-prime-2-way-chrome-bib-cock?Id=3053,"Opal Prime, OPP-GBP-15041PM, Gold Bright PVD"
Faucets,Opal Prime,3053,2-Way Bib Cock,Variant,1971,2-Way Bib Cock - Blush Gold Bright PVD,OPP-BGP-15041PM,Blush Gold PVD,https://www.jaquar.com/images/thumbs/0054869_2-way-bib-cock-blush-gold-pvd_960.jpeg,4200.00,2 Way Bib Cock with Wall Flange,https://www.jaquar.com/en/opal-prime-2-way-chrome-bib-cock?Id=3053,"Opal Prime, OPP-BGP-15041PM, Blush Gold PVD"
Faucets,Opal Prime,3063,Angle Valve with Wall Flange,Parent,1972,Angle Valve with Wall Flange - Chrome,OPP-CHR-15053PM,Chrome,https://www.jaquar.com/images/thumbs/0060208_angle-stop-cock-with-wall-flange-for-wc_960.jpeg,1425.00,Angular Stop Cock with Wall Flange,https://www.jaquar.com/en/chrome-opal-prime-angle-valve?Id=3063,"Opal Prime, OPP-CHR-15053PM, Chrome"
Faucets,Opal Prime,3063,Angle Valve with Wall Flange,Variant,1972,Angle Stop Cock with Wall Flange - Antique Bronze,OPP-ABR-15053PM,Antique Bronze,https://www.jaquar.com/images/thumbs/0052327_angle-stop-cock-with-wall-flange-antique-bronze_960.jpeg,2375.00,Angular Stop Cock with Wall Flange,https://www.jaquar.com/en/chrome-opal-prime-angle-valve?Id=3063,"Opal Prime, OPP-ABR-15053PM, Antique Bronze"
Faucets,Opal Prime,3063,Angle Valve with Wall Flange,Variant,1972,Angle Valve with Wall Flange - Antique Copper,OPP-ACR-15053PM,Antique Copper,https://www.jaquar.com/images/thumbs/0053358_angle-valve-with-wall-flange-antique-copper_960.jpeg,2375.00,Angular Stop Cock with Wall Flange,https://www.jaquar.com/en/chrome-opal-prime-angle-valve?Id=3063,"Opal Prime, OPP-ACR-15053PM, Antique Copper"
Faucets,Opal Prime,3063,Angle Valve with Wall Flange,Variant,1972,Angle Stop Cock with Wall Flange - Black Chrome,OPP-BCH-15053PM,Black Chrome,https://www.jaquar.com/images/thumbs/0053360_angle-stop-cock-with-wall-flange-black-chrome_960.jpeg,2075.00,Angular Stop Cock with Wall Flange,https://www.jaquar.com/en/chrome-opal-prime-angle-valve?Id=3063,"Opal Prime, OPP-BCH-15053PM, Black Chrome"
Faucets,Opal Prime,3063,Angle Valve with Wall Flange,Variant,1972,Angle Stop Cock with Wall Flange - Black Matt,OPP-BLM-15053PM,Black Matt,https://www.jaquar.com/images/thumbs/0060307_angle-stop-cock-with-wall-flange-black-matt_960.jpeg,2075.00,Angular Stop Cock with Wall Flange,https://www.jaquar.com/en/chrome-opal-prime-angle-valve?Id=3063,"Opal Prime, OPP-BLM-15053PM, Black Matt"
Faucets,Opal Prime,3063,Angle Valve with Wall Flange,Variant,1972,Angle Stop Cock with Wall Flange - Graphite,OPP-GRF-15053PM,Graphite,https://www.jaquar.com/images/thumbs/0060463_angle-stop-cock-with-wall-flange-graphite_960.jpeg,2375.00,Angular Stop Cock with Wall Flange,https://www.jaquar.com/en/chrome-opal-prime-angle-valve?Id=3063,"Opal Prime, OPP-GRF-15053PM, Graphite"
Faucets,Opal Prime,3063,Angle Valve with Wall Flange,Variant,1972,Angle Stop Cock with Wall Flange - Stainless Steel,OPP-SSF-15053PM,Stainless Steel,https://www.jaquar.com/images/thumbs/0060674_angle-stop-cock-with-wall-flange-stainless-steel_960.jpeg,2375.00,Angular Stop Cock with Wall Flange,https://www.jaquar.com/en/chrome-opal-prime-angle-valve?Id=3063,"Opal Prime, OPP-SSF-15053PM, Stainless Steel"
Faucets,Opal Prime,3063,Angle Valve with Wall Flange,Variant,1972,Angle Stop Cock with Wall Flange - Gold Matt PVD,OPP-GMP-15053PM,Gold Matt PVD,https://www.jaquar.com/images/thumbs/0059172_angle-stop-cock-with-wall-flange-gold-matt-pvd_960.jpeg,2450.00,Angle Stop Cock with Wall Flange ,https://www.jaquar.com/en/chrome-opal-prime-angle-valve?Id=3063,"Opal Prime, OPP-GMP-15053PM, Gold Matt PVD"
Faucets,Opal Prime,3063,Angle Valve with Wall Flange,Variant,1972,Angle Valve with Wall Flange - Gold Bright PVD,OPP-GBP-15053PM,Gold Bright PVD,https://www.jaquar.com/images/thumbs/0055870_angle-valve-with-wall-flange-gold-bright-pvd_960.jpeg,2450.00,Angle Stop Cock with Wall Flange ,https://www.jaquar.com/en/chrome-opal-prime-angle-valve?Id=3063,"Opal Prime, OPP-GBP-15053PM, Gold Bright PVD"
Faucets,Opal Prime,3063,Angle Valve with Wall Flange,Variant,1972,Angle Valve with Wall Flange - Blush Gold Bright PVD,OPP-BGP-15053PM,Blush Gold PVD,https://www.jaquar.com/images/thumbs/0055952_angle-valve-with-wall-flange-blush-gold-pvd_960.jpeg,2150.00,Angular Stop Cock with Wall Flange,https://www.jaquar.com/en/chrome-opal-prime-angle-valve?Id=3063,"Opal Prime, OPP-BGP-15053PM, Blush Gold PVD"
Faucets,Opal Prime,3093,Exposed Part Kit of Concealed Stop Cock,Parent,1980,Exposed Part Kit of Concealed Stop Cock - Chrome,OPP-CHR-15083KPM,Chrome,https://www.jaquar.com/images/thumbs/0060216_exposed-part-kit-of-concealed-stop-cock-chrome_960.jpeg,800.00,"Exposed Part Kit of Concealed Stop Cock & Flush Cock with Fitting Sleeve, Operating Lever & Adjustable Wall Flange with Seal (compatible with ALD-083R, ALD-083L, ALD-089R, ALD-089L or ALD-081)",https://www.jaquar.com/en/opal-prime-exposed-chrome-stop-cock?Id=3093,"Opal Prime, OPP-CHR-15083KPM, Chrome"
Faucets,Opal Prime,3093,Exposed Part Kit of Concealed Stop Cock,Variant,1980,Exposed Part Kit of Concealed Stop Cock & Flush Cock - Antique Bronze,OPP-ABR-15083KPM,Antique Bronze,https://www.jaquar.com/images/thumbs/0054835_exposed-part-kit-of-concealed-stop-cock-flush-cock-antique-bronze_960.jpeg,1450.00,"Exposed Part Kit of Concealed Stop Cock & Flush Cock with Fitting Sleeve, Operating Lever & Adjustable Wall Flange with Seal (compatible with ALD-083R, ALD-083L, ALD-089R, ALD-089L or ALD-081)",https://www.jaquar.com/en/opal-prime-exposed-chrome-stop-cock?Id=3093,"Opal Prime, OPP-ABR-15083KPM, Antique Bronze"
Faucets,Opal Prime,3093,Exposed Part Kit of Concealed Stop Cock,Variant,1980,Exposed Part Kit of Concealed Stop Cock & Flush Cock - Antique Copper,OPP-ACR-15083KPM,Antique Copper,https://www.jaquar.com/images/thumbs/0055072_exposed-part-kit-of-concealed-stop-cock-flush-cock-antique-copper_960.jpeg,1450.00,"Exposed Part Kit of Concealed Stop Cock & Flush Cock with Fitting Sleeve, Operating Lever & Adjustable Wall Flange with Seal (compatible with ALD-083R, ALD-083L, ALD-089R, ALD-089L or ALD-081)",https://www.jaquar.com/en/opal-prime-exposed-chrome-stop-cock?Id=3093,"Opal Prime, OPP-ACR-15083KPM, Antique Copper"
Faucets,Opal Prime,3093,Exposed Part Kit of Concealed Stop Cock,Variant,1980,Exposed Part Kit of Concealed Stop Cock & Flush Cock - Black Chrome,OPP-BCH-15083KPM,Black Chrome,https://www.jaquar.com/images/thumbs/0054876_exposed-part-kit-of-concealed-stop-cock-flush-cock-black-chrome_960.jpeg,1200.00,"Exposed Part Kit of Concealed Stop Cock & Flush Cock with Fitting Sleeve, Operating Lever & Adjustable Wall Flange with Seal (compatible with ALD-083R, ALD-083L, ALD-089R, ALD-089L or ALD-081)",https://www.jaquar.com/en/opal-prime-exposed-chrome-stop-cock?Id=3093,"Opal Prime, OPP-BCH-15083KPM, Black Chrome"
Faucets,Opal Prime,3093,Exposed Part Kit of Concealed Stop Cock,Variant,1980,Exposed Part Kit of Concealed Stop Cock & Flush Cock - Black Matt,OPP-BLM-15083KPM,Black Matt,https://www.jaquar.com/images/thumbs/0054678_exposed-part-kit-of-concealed-stop-cock-flush-cock-black-matt_960.jpeg,1200.00,"Exposed Part Kit of Concealed Stop Cock & Flush Cock with Fitting Sleeve, Operating Lever & Adjustable Wall Flange with Seal (compatible with ALD-083R, ALD-083L, ALD-089R, ALD-089L or ALD-081)",https://www.jaquar.com/en/opal-prime-exposed-chrome-stop-cock?Id=3093,"Opal Prime, OPP-BLM-15083KPM, Black Matt"
Faucets,Opal Prime,3093,Exposed Part Kit of Concealed Stop Cock,Variant,1980,Exposed Part Kit of Concealed Stop Cock & Flush Cock - Graphite,OPP-GRF-15083KPM,Graphite,https://www.jaquar.com/images/thumbs/0054712_exposed-part-kit-of-concealed-stop-cock-flush-cock-graphite_960.jpeg,1450.00,"Exposed Part Kit of Concealed Stop Cock & Flush Cock with Fitting Sleeve, Operating Lever & Adjustable Wall Flange with Seal (compatible with ALD-083R, ALD-083L, ALD-089R, ALD-089L or ALD-081)",https://www.jaquar.com/en/opal-prime-exposed-chrome-stop-cock?Id=3093,"Opal Prime, OPP-GRF-15083KPM, Graphite"
Faucets,Opal Prime,3093,Exposed Part Kit of Concealed Stop Cock,Variant,1980,Exposed Part Kit of Concealed Stop Cock & Flush Cock - Stainless Steel,OPP-SSF-15083KPM,Stainless Steel,https://www.jaquar.com/images/thumbs/0059444_exposed-part-kit-of-concealed-stop-cock-flush-cock-stainless-steel_960.jpeg,1450.00,"Exposed Part Kit of Concealed Stop Cock & Flush Cock with Fitting Sleeve, Operating Lever & Adjustable Wall Flange with Seal (compatible with ALD-083R, ALD-083L, ALD-089R, ALD-089L or ALD-081)",https://www.jaquar.com/en/opal-prime-exposed-chrome-stop-cock?Id=3093,"Opal Prime, OPP-SSF-15083KPM, Stainless Steel"
Faucets,Opal Prime,3093,Exposed Part Kit of Concealed Stop Cock,Variant,1980,Exposed Part Kit of Concealed Stop Cock & Flush Cock - Blush Gold Bright PVD,OPP-BGP-15083KPM,Blush Gold PVD,https://www.jaquar.com/images/thumbs/0060310_exposed-part-kit-of-concealed-stop-cock-flush-cock-blush-gold-pvd_960.jpeg,1250.00,"Exposed Part Kit of Concealed Stop Cock & Flush Cock with Fitting Sleeve, Operating Lever & Adjustable Wall Flange with Seal (compatible with ALD-083R, ALD-083L, ALD-089R, ALD-089L or ALD-081)",https://www.jaquar.com/en/opal-prime-exposed-chrome-stop-cock?Id=3093,"Opal Prime, OPP-BGP-15083KPM, Blush Gold PVD"
Faucets,Opal Prime,3093,Exposed Part Kit of Concealed Stop Cock,Variant,1980,Exposed Part Kit of Concealed Stop Cock & Flush Cock - Gold Bright PVD,OPP-GBP-15083KPM,Gold Bright PVD,https://www.jaquar.com/images/thumbs/0060309_exposed-part-kit-of-concealed-stop-cock-flush-cock-gold-bright-pvd_960.jpeg,1500.00,"Exposed Part Kit of Concealed Stop Cock & Flush Cock with Fitting Sleeve, Operating Lever & Adjustable Wall Flange with Seal (compatible with ALD-083R, ALD-083L, ALD-089R, ALD-089L or ALD-081)",https://www.jaquar.com/en/opal-prime-exposed-chrome-stop-cock?Id=3093,"Opal Prime, OPP-GBP-15083KPM, Gold Bright PVD"
Faucets,Opal Prime,3093,Exposed Part Kit of Concealed Stop Cock,Variant,1980,Exposed Part Kit of Concealed Stop Cock & Flush Cock - Gold Matt PVD,OPP-GMP-15083KPM,Gold Matt PVD,https://www.jaquar.com/images/thumbs/0060464_exposed-part-kit-of-concealed-stop-cock-flush-cock-gold-matt-pvd_960.jpeg,1500.00,"Exposed Part Kit of Concealed Stop Cock & Flush Cock with Fitting Sleeve, Operating Lever & Adjustable Wall Flange with Seal (compatible with ALD-083R, ALD-083L, ALD-089R, ALD-089L or ALD-081)",https://www.jaquar.com/en/opal-prime-exposed-chrome-stop-cock?Id=3093,"Opal Prime, OPP-GMP-15083KPM, Gold Matt PVD"
Faucets,Opal Prime,3223,Aquamax Exposed Part Kit,Parent,2393,Aquamax Exposed Part Kit - Chrome,OPP-CHR-15661NKPM,Chrome,https://www.jaquar.com/images/thumbs/0013736_aquamax-exposed-part-kit-chrome_960.jpeg,5800.00,"Aquamax Exposed Part Kit of Thermostatic Shower Mixer (Compatible with ALD-661N)
",https://www.jaquar.com/en/aquamax-opal-prime-chrome?Id=3223,"Opal Prime, OPP-CHR-15661NKPM, Chrome"
Faucets,Opal Prime,3223,Aquamax Exposed Part Kit,Variant,2393,Thermostatic Shower Mixer - Antique Bronze,OPP-ABR-15661NKPM,Antique Bronze,https://www.jaquar.com/images/thumbs/0052031_thermostatic-shower-mixer-antique-bronze_960.jpeg,10300.00,"Aquamax Exposed Part Kit of Thermostatic Shower Mixer (Compatible with ALD-661N)
",https://www.jaquar.com/en/aquamax-opal-prime-chrome?Id=3223,"Opal Prime, OPP-ABR-15661NKPM, Antique Bronze"
Faucets,Opal Prime,3223,Aquamax Exposed Part Kit,Variant,2393,Thermostatic Shower Mixer - Antique Copper,OPP-ACR-15661NKPM,Antique Copper,https://www.jaquar.com/images/thumbs/0053744_thermostatic-shower-mixer-antique-copper_960.jpeg,10300.00,"Aquamax Exposed Part Kit of Thermostatic Shower Mixer (Compatible with ALD-661N)
",https://www.jaquar.com/en/aquamax-opal-prime-chrome?Id=3223,"Opal Prime, OPP-ACR-15661NKPM, Antique Copper"
Faucets,Opal Prime,3223,Aquamax Exposed Part Kit,Variant,2393,Thermostatic Shower Mixer - Black Chrome,OPP-BCH-15661NKPM,Black Chrome,https://www.jaquar.com/images/thumbs/0053361_thermostatic-shower-mixer-black-chrome_960.jpeg,8450.00,"Aquamax Exposed Part Kit of Thermostatic Shower Mixer (Compatible with ALD-661N)
",https://www.jaquar.com/en/aquamax-opal-prime-chrome?Id=3223,"Opal Prime, OPP-BCH-15661NKPM, Black Chrome"
Faucets,Opal Prime,3223,Aquamax Exposed Part Kit,Variant,2393,Thermostatic Shower Mixer - Black Matt,OPP-BLM-15661NKPM,Black Matt,https://www.jaquar.com/images/thumbs/0052602_thermostatic-shower-mixer-black-matt_960.jpeg,8450.00,"Aquamax Exposed Part Kit of Thermostatic Shower Mixer (Compatible with ALD-661N)
",https://www.jaquar.com/en/aquamax-opal-prime-chrome?Id=3223,"Opal Prime, OPP-BLM-15661NKPM, Black Matt"
Faucets,Opal Prime,3223,Aquamax Exposed Part Kit,Variant,2393,Thermostatic Shower Mixer - Graphite,OPP-GRF-15661NKPM,Graphite,https://www.jaquar.com/images/thumbs/0060325_thermostatic-shower-mixer-graphite_960.jpeg,10300.00,"Aquamax Exposed Part Kit of Thermostatic Shower Mixer (Compatible with ALD-661N)
",https://www.jaquar.com/en/aquamax-opal-prime-chrome?Id=3223,"Opal Prime, OPP-GRF-15661NKPM, Graphite"
Faucets,Opal Prime,3223,Aquamax Exposed Part Kit,Variant,2393,Thermostatic Shower Mixer - Stainless Steel,OPP-SSF-15661NKPM,Stainless Steel,https://www.jaquar.com/images/thumbs/0060676_thermostatic-shower-mixer-stainless-steel_960.jpeg,10300.00,"Aquamax Exposed Part Kit of Thermostatic Shower Mixer (Compatible with ALD-661N)
",https://www.jaquar.com/en/aquamax-opal-prime-chrome?Id=3223,"Opal Prime, OPP-SSF-15661NKPM, Stainless Steel"
Faucets,Opal Prime,3233,Aquamax Exposed Part Kit of Thermostatic Shower Mixer with 2-way diverter,Parent,2394,Aquamax Exposed Part Kit of Thermostatic Shower Mixer with 2-way diverter -  Chrome,OPP-CHR-15681NKPM,Chrome,https://www.jaquar.com/images/thumbs/0013747_aquamax-exposed-part-kit-of-thermostatic-shower-mixer-with-2-way-diverter-chrome_960.jpeg,5800.00,Aquamax Exposed Part Kit of Thermostatic Shower Mixer with 2-way diverter (Compatible with ALD-681N),https://www.jaquar.com/en/aquamax-opal-prime-2-way-chrome-plate?Id=3233,"Opal Prime, OPP-CHR-15681NKPM, Chrome"
Faucets,Opal Prime,3233,Aquamax Exposed Part Kit of Thermostatic Shower Mixer with 2-way diverter,Variant,2394,Aquamax Thermostatic Shower Mixer - Antique Bronze,OPP-ABR-15681NKPM,Antique Bronze,https://www.jaquar.com/images/thumbs/0053538_aquamax-thermostatic-shower-mixer-antique-bronze_960.jpeg,10600.00,Aquamax Exposed Part Kit of Thermostatic Shower Mixer with 2-way diverter (Compatible with ALD-681N),https://www.jaquar.com/en/aquamax-opal-prime-2-way-chrome-plate?Id=3233,"Opal Prime, OPP-ABR-15681NKPM, Antique Bronze"
Faucets,Opal Prime,3233,Aquamax Exposed Part Kit of Thermostatic Shower Mixer with 2-way diverter,Variant,2394,Aquamax Thermostatic Shower Mixer - Antique Copper,OPP-ACR-15681NKPM,Antique Copper,https://www.jaquar.com/images/thumbs/0053385_aquamax-thermostatic-shower-mixer-antique-copper_960.jpeg,10600.00,Aquamax Exposed Part Kit of Thermostatic Shower Mixer with 2-way diverter (Compatible with ALD-681N),https://www.jaquar.com/en/aquamax-opal-prime-2-way-chrome-plate?Id=3233,"Opal Prime, OPP-ACR-15681NKPM, Antique Copper"
Faucets,Opal Prime,3233,Aquamax Exposed Part Kit of Thermostatic Shower Mixer with 2-way diverter,Variant,2394,Aquamax Thermostatic Shower Mixer - Black Chrome,OPP-BCH-15681NKPM,Black Chrome,https://www.jaquar.com/images/thumbs/0053362_aquamax-thermostatic-shower-mixer-black-chrome_960.jpeg,8650.00,Aquamax Exposed Part Kit of Thermostatic Shower Mixer with 2-way diverter (Compatible with ALD-681N),https://www.jaquar.com/en/aquamax-opal-prime-2-way-chrome-plate?Id=3233,"Opal Prime, OPP-BCH-15681NKPM, Black Chrome"
Faucets,Opal Prime,3233,Aquamax Exposed Part Kit of Thermostatic Shower Mixer with 2-way diverter,Variant,2394,Aquamax Thermostatic Shower Mixer - Black Matt,OPP-BLM-15681NKPM,Black Matt,https://www.jaquar.com/images/thumbs/0052350_aquamax-thermostatic-shower-mixer-black-matt_960.jpeg,8650.00,Aquamax Exposed Part Kit of Thermostatic Shower Mixer with 2-way diverter (Compatible with ALD-681N),https://www.jaquar.com/en/aquamax-opal-prime-2-way-chrome-plate?Id=3233,"Opal Prime, OPP-BLM-15681NKPM, Black Matt"
Faucets,Opal Prime,3233,Aquamax Exposed Part Kit of Thermostatic Shower Mixer with 2-way diverter,Variant,2394,Aquamax Thermostatic Shower Mixer - Graphite,OPP-GRF-15681NKPM,Graphite,https://www.jaquar.com/images/thumbs/0067284_aquamax-thermostatic-shower-mixer-graphite_960.jpeg,10600.00,Aquamax Exposed Part Kit of Thermostatic Shower Mixer with 2-way diverter (Compatible with ALD-681N),https://www.jaquar.com/en/aquamax-opal-prime-2-way-chrome-plate?Id=3233,"Opal Prime, OPP-GRF-15681NKPM, Graphite"
Faucets,Opal Prime,3233,Aquamax Exposed Part Kit of Thermostatic Shower Mixer with 2-way diverter,Variant,2394,Aquamax Thermostatic Shower Mixer - Stainless Steel,OPP-SSF-15681NKPM,Stainless Steel,https://www.jaquar.com/images/thumbs/0060677_aquamax-thermostatic-shower-mixer-stainless-steel_960.jpeg,10600.00,Aquamax Exposed Part Kit of Thermostatic Shower Mixer with 2-way diverter (Compatible with ALD-681N),https://www.jaquar.com/en/aquamax-opal-prime-2-way-chrome-plate?Id=3233,"Opal Prime, OPP-SSF-15681NKPM, Stainless Steel"
Faucets,Opal Prime,3233,Aquamax Exposed Part Kit of Thermostatic Shower Mixer with 2-way diverter,Variant,2394,Aquamax Thermostatic Shower Mixer - Gold Matt PVD,OPP-GMP-15681NKPM,Gold Matt PVD,https://www.jaquar.com/images/thumbs/0059177_aquamax-thermostatic-shower-mixer-gold-matt-pvd_960.jpeg,10800.00,Aquamax Exposed Part Kit of Thermostatic Shower Mixer with 2-way diverter (Compatible with ALD-681N),https://www.jaquar.com/en/aquamax-opal-prime-2-way-chrome-plate?Id=3233,"Opal Prime, OPP-GMP-15681NKPM, Gold Matt PVD"
Faucets,Opal Prime,3233,Aquamax Exposed Part Kit of Thermostatic Shower Mixer with 2-way diverter,Variant,2394,Aquamax Thermostatic Shower Mixer - Gold Bright PVD,OPP-GBP-15681NKPM,Gold Bright PVD,https://www.jaquar.com/images/thumbs/0059652_aquamax-thermostatic-shower-mixer-gold-bright-pvd_960.jpeg,10800.00,Aquamax Exposed Part Kit of Thermostatic Shower Mixer with 2-way diverter (Compatible with ALD-681N),https://www.jaquar.com/en/aquamax-opal-prime-2-way-chrome-plate?Id=3233,"Opal Prime, OPP-GBP-15681NKPM, Gold Bright PVD"
Faucets,Opal Prime,3233,Aquamax Exposed Part Kit of Thermostatic Shower Mixer with 2-way diverter,Variant,2394,Aquamax Thermostatic Shower Mixer - Blush Gold Bright PVD,OPP-BGP-15681NKPM,Blush Gold PVD,https://www.jaquar.com/images/thumbs/0055976_aquamax-thermostatic-shower-mixer-blush-gold-pvd_960.jpeg,8800.00,Aquamax Exposed Part Kit of Thermostatic Shower Mixer with 2-way diverter (Compatible with ALD-681N),https://www.jaquar.com/en/aquamax-opal-prime-2-way-chrome-plate?Id=3233,"Opal Prime, OPP-BGP-15681NKPM, Blush Gold PVD"
Faucets,Opal Prime,3243,Aquamax Exposed Part Kit with 3-way diverter,Parent,2395,Aquamax Exposed Part Kit with 3-way diverter - Chrome,OPP-CHR-15683NKPM,Chrome,https://www.jaquar.com/images/thumbs/0067287_aquamax-exposed-part-kit-with-3-way-diverter-chrome_960.jpeg,5800.00,"Aquamax Exposed Part Kit of Thermostatic Shower Mixer with 3-way diverter (Compatible with ALD-683N)
",https://www.jaquar.com/en/aquamax-opal-prime-3-way?Id=3243,"Opal Prime, OPP-CHR-15683NKPM, Chrome"
Faucets,Opal Prime,3243,Aquamax Exposed Part Kit with 3-way diverter,Variant,2395,Aquamax Thermostatic Shower Mixer - Antique Bronze,OPP-ABR-15683NKPM,Antique Bronze,https://www.jaquar.com/images/thumbs/0053945_aquamax-thermostatic-shower-mixer-antique-bronze_960.jpeg,11300.00,"Aquamax Exposed Part Kit of Thermostatic Shower Mixer with 3-way diverter (Compatible with ALD-683N)
",https://www.jaquar.com/en/aquamax-opal-prime-3-way?Id=3243,"Opal Prime, OPP-ABR-15683NKPM, Antique Bronze"
Faucets,Opal Prime,3243,Aquamax Exposed Part Kit with 3-way diverter,Variant,2395,Aquamax Thermostatic Shower Mixer - Antique Copper,OPP-ACR-15683NKPM,Antique Copper,https://www.jaquar.com/images/thumbs/0067320_aquamax-thermostatic-shower-mixer-antique-copper_960.jpeg,11300.00,"Aquamax Exposed Part Kit of Thermostatic Shower Mixer with 3-way diverter (Compatible with ALD-683N)
",https://www.jaquar.com/en/aquamax-opal-prime-3-way?Id=3243,"Opal Prime, OPP-ACR-15683NKPM, Antique Copper"
Faucets,Opal Prime,3243,Aquamax Exposed Part Kit with 3-way diverter,Variant,2395,Aquamax Thermostatic Shower Mixer - Black Chrome,OPP-BCH-15683NKPM,Black Chrome,https://www.jaquar.com/images/thumbs/0053363_aquamax-thermostatic-shower-mixer-black-chrome_960.jpeg,9050.00,"Aquamax Exposed Part Kit of Thermostatic Shower Mixer with 3-way diverter (Compatible with ALD-683N)
",https://www.jaquar.com/en/aquamax-opal-prime-3-way?Id=3243,"Opal Prime, OPP-BCH-15683NKPM, Black Chrome"
Faucets,Opal Prime,3243,Aquamax Exposed Part Kit with 3-way diverter,Variant,2395,Aquamax Thermostatic Shower Mixer - Black Matt,OPP-BLM-15683NKPM,Black Matt,https://www.jaquar.com/images/thumbs/0067319_aquamax-thermostatic-shower-mixer-black-matt_960.jpeg,9050.00,"Aquamax Exposed Part Kit of Thermostatic Shower Mixer with 3-way diverter (Compatible with ALD-683N)
",https://www.jaquar.com/en/aquamax-opal-prime-3-way?Id=3243,"Opal Prime, OPP-BLM-15683NKPM, Black Matt"
Faucets,Opal Prime,3243,Aquamax Exposed Part Kit with 3-way diverter,Variant,2395,Aquamax Thermostatic Shower Mixer - Graphite,OPP-GRF-15683NKPM,Graphite,https://www.jaquar.com/images/thumbs/0067283_aquamax-thermostatic-shower-mixer-graphite_960.jpeg,11300.00,"Aquamax Exposed Part Kit of Thermostatic Shower Mixer with 3-way diverter (Compatible with ALD-683N)
",https://www.jaquar.com/en/aquamax-opal-prime-3-way?Id=3243,"Opal Prime, OPP-GRF-15683NKPM, Graphite"
Faucets,Opal Prime,3243,Aquamax Exposed Part Kit with 3-way diverter,Variant,2395,Aquamax Thermostatic Shower Mixer - Stainless Steel,OPP-SSF-15683NKPM,Stainless Steel,https://www.jaquar.com/images/thumbs/0067279_aquamax-thermostatic-shower-mixer-stainless-steel_960.jpeg,11300.00,"Aquamax Exposed Part Kit of Thermostatic Shower Mixer with 3-way diverter (Compatible with ALD-683N)
",https://www.jaquar.com/en/aquamax-opal-prime-3-way?Id=3243,"Opal Prime, OPP-SSF-15683NKPM, Stainless Steel"
Faucets,Opal Prime,3243,Aquamax Exposed Part Kit with 3-way diverter,Variant,2395,Aquamax Thermostatic Shower Mixer - Gold Matt PVD,OPP-GMP-15683NKPM,Gold Matt PVD,https://www.jaquar.com/images/thumbs/0059178_aquamax-thermostatic-shower-mixer-gold-matt-pvd_960.jpeg,11500.00,"Aquamax Exposed Part Kit of Thermostatic Shower Mixer with 3-way diverter (Compatible with ALD-683N)
",https://www.jaquar.com/en/aquamax-opal-prime-3-way?Id=3243,"Opal Prime, OPP-GMP-15683NKPM, Gold Matt PVD"
Faucets,Opal Prime,3243,Aquamax Exposed Part Kit with 3-way diverter,Variant,2395,Aquamax Thermostatic Shower Mixer - Gold Bright PVD,OPP-GBP-15683NKPM,Gold Bright PVD,https://www.jaquar.com/images/thumbs/0059651_aquamax-thermostatic-shower-mixer-gold-bright-pvd_960.jpeg,11500.00,"Aquamax Exposed Part Kit of Thermostatic Shower Mixer with 3-way diverter (Compatible with ALD-683N)
",https://www.jaquar.com/en/aquamax-opal-prime-3-way?Id=3243,"Opal Prime, OPP-GBP-15683NKPM, Gold Bright PVD"
Faucets,Opal Prime,3243,Aquamax Exposed Part Kit with 3-way diverter,Variant,2395,Aquamax Thermostatic Shower Mixer - Blush Gold Bright PVD,OPP-BGP-15683NKPM,Blush Gold PVD,https://www.jaquar.com/images/thumbs/0055977_aquamax-thermostatic-shower-mixer-blush-gold-pvd_960.jpeg,9200.00,"Aquamax Exposed Part Kit of Thermostatic Shower Mixer with 3-way diverter (Compatible with ALD-683N)
",https://www.jaquar.com/en/aquamax-opal-prime-3-way?Id=3243,"Opal Prime, OPP-BGP-15683NKPM, Blush Gold PVD"
Faucets,Opal Prime,4357,Sensor Faucet,Parent,4170,Sensor Faucet - Chrome,SNR-CHR-15019PM,Chrome,https://www.jaquar.com/images/thumbs/0060197_sensor-faucet-chrome_960.jpeg,11300.00,"Opal Prime Sensor Faucet for Wash Basin (Battery Operated)
",https://www.jaquar.com/en/opal-prime-sensor-faucet-for-wash-basin?Id=4357,"Opal Prime, SNR-CHR-15019PM, Chrome"
Faucets,Opal Prime,4357,Sensor Faucet,Variant,4170,Sensor Faucet - Antique Bronze,SNR-ABR-15019PM,Antique Bronze,https://www.jaquar.com/images/thumbs/0052064_sensor-faucet-antique-bronze_960.jpeg,19100.00,"Opal Prime Sensor Faucet for Wash Basin (Battery Operated)
",https://www.jaquar.com/en/opal-prime-sensor-faucet-for-wash-basin?Id=4357,"Opal Prime, SNR-ABR-15019PM, Antique Bronze"
Faucets,Opal Prime,4357,Sensor Faucet,Variant,4170,Sensor Faucet - Antique Copper,SNR-ACR-15019PM,Antique Copper,https://www.jaquar.com/images/thumbs/0053764_sensor-faucet-antique-copper_960.jpeg,19100.00,"Opal Prime Sensor Faucet for Wash Basin (Battery Operated)
",https://www.jaquar.com/en/opal-prime-sensor-faucet-for-wash-basin?Id=4357,"Opal Prime, SNR-ACR-15019PM, Antique Copper"
Faucets,Opal Prime,4357,Sensor Faucet,Variant,4170,Sensor Faucet - Black Chrome,SNR-BCH-15019PM,Black Chrome,https://www.jaquar.com/images/thumbs/0053843_sensor-faucet-black-chrome_960.jpeg,16700.00,"Opal Prime Sensor Faucet for Wash Basin (Battery Operated)
",https://www.jaquar.com/en/opal-prime-sensor-faucet-for-wash-basin?Id=4357,"Opal Prime, SNR-BCH-15019PM, Black Chrome"
Faucets,Opal Prime,4357,Sensor Faucet,Variant,4170,Sensor Faucet - Black Matt,SNR-BLM-15019PM,Black Matt,https://www.jaquar.com/images/thumbs/0039102_sensor-faucet-black-matt_960.jpeg,16700.00,"Opal Prime Sensor Faucet for Wash Basin (Battery Operated)
",https://www.jaquar.com/en/opal-prime-sensor-faucet-for-wash-basin?Id=4357,"Opal Prime, SNR-BLM-15019PM, Black Matt"
Faucets,Opal Prime,4357,Sensor Faucet,Variant,4170,Sensor Faucet - Graphite,SNR-GRF-15019PM,Graphite,https://www.jaquar.com/images/thumbs/0060303_sensor-faucet-graphite_960.jpeg,19100.00,"Opal Prime Sensor Faucet for Wash Basin (Battery Operated)
",https://www.jaquar.com/en/opal-prime-sensor-faucet-for-wash-basin?Id=4357,"Opal Prime, SNR-GRF-15019PM, Graphite"
Faucets,Opal Prime,4357,Sensor Faucet,Variant,4170,Sensor Faucet - Stainless Steel,SNR-SSF-15019PM,Stainless Steel,https://www.jaquar.com/images/thumbs/0060460_sensor-faucet-stainless-steel_960.jpeg,19100.00,"Opal Prime Sensor Faucet for Wash Basin (Battery Operated)
",https://www.jaquar.com/en/opal-prime-sensor-faucet-for-wash-basin?Id=4357,"Opal Prime, SNR-SSF-15019PM, Stainless Steel"
Faucets,Opal Prime,4337,Tall Boy Sensor Faucet,Parent,4221,Tall Boy Sensor Faucet - Chrome,SNR-CHR-15017PM,Chrome,https://www.jaquar.com/images/thumbs/0060193_tall-boy-sensor-faucet-chrome_960.jpeg,12500.00,"Opal Prime Tall Boy Sensor Faucet for Wash Basin (Battery Operated)
",https://www.jaquar.com/en/kubix-prime-sensor-faucet-2?Id=4337,"Opal Prime, SNR-CHR-15017PM, Chrome"
Faucets,Opal Prime,4337,Tall Boy Sensor Faucet,Variant,4221,Tall Boy Sensor Faucet - Antique Bronze,SNR-ABR-15017PM,Antique Bronze,https://www.jaquar.com/images/thumbs/0052457_tall-boy-sensor-faucet-antique-bronze_960.jpeg,21100.00,"Opal Prime Tall Boy Sensor Faucet for Wash Basin (Battery Operated)
",https://www.jaquar.com/en/kubix-prime-sensor-faucet-2?Id=4337,"Opal Prime, SNR-ABR-15017PM, Antique Bronze"
Faucets,Opal Prime,4337,Tall Boy Sensor Faucet,Variant,4221,Tall Boy Sensor Faucet - Antique Copper,SNR-ACR-15017PM,Antique Copper,https://www.jaquar.com/images/thumbs/0053912_tall-boy-sensor-faucet-antique-copper_960.jpeg,21100.00,"Opal Prime Tall Boy Sensor Faucet for Wash Basin (Battery Operated)
",https://www.jaquar.com/en/kubix-prime-sensor-faucet-2?Id=4337,"Opal Prime, SNR-ACR-15017PM, Antique Copper"
Faucets,Opal Prime,4337,Tall Boy Sensor Faucet,Variant,4221,Tall Boy Sensor Faucet - Black Chrome,SNR-BCH-15017PM,Black Chrome,https://www.jaquar.com/images/thumbs/0053841_tall-boy-sensor-faucet-black-chrome_960.jpeg,18500.00,"Opal Prime Tall Boy Sensor Faucet for Wash Basin (Battery Operated)
",https://www.jaquar.com/en/kubix-prime-sensor-faucet-2?Id=4337,"Opal Prime, SNR-BCH-15017PM, Black Chrome"
Faucets,Opal Prime,4337,Tall Boy Sensor Faucet,Variant,4221,Tall Boy Sensor Faucet - Black Matt,SNR-BLM-15017PM,Black Matt,https://www.jaquar.com/images/thumbs/0052458_tall-boy-sensor-faucet-black-matt_960.jpeg,18500.00,"Opal Prime Tall Boy Sensor Faucet for Wash Basin (Battery Operated)
",https://www.jaquar.com/en/kubix-prime-sensor-faucet-2?Id=4337,"Opal Prime, SNR-BLM-15017PM, Black Matt"
Faucets,Opal Prime,4337,Tall Boy Sensor Faucet,Variant,4221,Tall Boy Sensor Faucet - Graphite,SNR-GRF-15017PM,Graphite,https://www.jaquar.com/images/thumbs/0060301_tall-boy-sensor-faucet-graphite_960.jpeg,21100.00,"Opal Prime Tall Boy Sensor Faucet for Wash Basin (Battery Operated)
",https://www.jaquar.com/en/kubix-prime-sensor-faucet-2?Id=4337,"Opal Prime, SNR-GRF-15017PM, Graphite"
Faucets,Opal Prime,4337,Tall Boy Sensor Faucet,Variant,4221,Tall Boy Sensor Faucet - Stainless Steel,SNR-SSF-15017PM,Stainless Steel,https://www.jaquar.com/images/thumbs/0060672_tall-boy-sensor-faucet-stainless-steel_960.jpeg,21100.00,"Opal Prime Tall Boy Sensor Faucet for Wash Basin (Battery Operated)
",https://www.jaquar.com/en/kubix-prime-sensor-faucet-2?Id=4337,"Opal Prime, SNR-SSF-15017PM, Stainless Steel"
Faucets,Opal Prime,4347,Tall Boy Sensor Faucet,Parent,4223,Tall Boy Sensor Faucet - Chrome,SNR-CHR-15017PMPK,Chrome,https://www.jaquar.com/images/thumbs/0060195_tall-boy-sensor-faucet-chrome_960.jpeg,13350.00,"Opal Prime Tall Boy Sensor Faucet for Wash Basin with Pre-mixed Water Supply Kit (Battery Operated)
",https://www.jaquar.com/en/opal-prime-tall-boy-sensor-faucet-copy-2?Id=4347,"Opal Prime, SNR-CHR-15017PMPK, Chrome"
Faucets,Opal Prime,4347,Tall Boy Sensor Faucet,Variant,4223,Tall Boy Sensor Faucet - Antique Bronze,SNR-ABR-15017PMPK,Antique Bronze,https://www.jaquar.com/images/thumbs/0052956_tall-boy-sensor-faucet-antique-bronze_960.jpeg,22500.00,"Opal Prime Tall Boy Sensor Faucet for Wash Basin with Pre-mixed Water Supply Kit (Battery Operated)
",https://www.jaquar.com/en/opal-prime-tall-boy-sensor-faucet-copy-2?Id=4347,"Opal Prime, SNR-ABR-15017PMPK, Antique Bronze"
Faucets,Opal Prime,4347,Tall Boy Sensor Faucet,Variant,4223,Tall Boy Sensor Faucet - Antique Copper,SNR-ACR-15017PMPK,Antique Copper,https://www.jaquar.com/images/thumbs/0053913_tall-boy-sensor-faucet-antique-copper_960.jpeg,22500.00,"Opal Prime Tall Boy Sensor Faucet for Wash Basin with Pre-mixed Water Supply Kit (Battery Operated)
",https://www.jaquar.com/en/opal-prime-tall-boy-sensor-faucet-copy-2?Id=4347,"Opal Prime, SNR-ACR-15017PMPK, Antique Copper"
Faucets,Opal Prime,4347,Tall Boy Sensor Faucet,Variant,4223,Tall Boy Sensor Faucet - Black Chrome,SNR-BCH-15017PMPK,Black Chrome,https://www.jaquar.com/images/thumbs/0053842_tall-boy-sensor-faucet-black-chrome_960.jpeg,19700.00,"Opal Prime Tall Boy Sensor Faucet for Wash Basin with Pre-mixed Water Supply Kit (Battery Operated)
",https://www.jaquar.com/en/opal-prime-tall-boy-sensor-faucet-copy-2?Id=4347,"Opal Prime, SNR-BCH-15017PMPK, Black Chrome"
Faucets,Opal Prime,4347,Tall Boy Sensor Faucet,Variant,4223,Tall Boy Sensor Faucet - Black Matt,SNR-BLM-15017PMPK,Black Matt,https://www.jaquar.com/images/thumbs/0052613_tall-boy-sensor-faucet-black-matt_960.jpeg,19700.00,"Opal Prime Tall Boy Sensor Faucet for Wash Basin with Pre-mixed Water Supply Kit (Battery Operated)
",https://www.jaquar.com/en/opal-prime-tall-boy-sensor-faucet-copy-2?Id=4347,"Opal Prime, SNR-BLM-15017PMPK, Black Matt"
Faucets,Opal Prime,4347,Tall Boy Sensor Faucet,Variant,4223,Tall Boy Sensor Faucet - Graphite,SNR-GRF-15017PMPK,Graphite,https://www.jaquar.com/images/thumbs/0060302_tall-boy-sensor-faucet-graphite_960.jpeg,22500.00,"Opal Prime Tall Boy Sensor Faucet for Wash Basin with Pre-mixed Water Supply Kit (Battery Operated)
",https://www.jaquar.com/en/opal-prime-tall-boy-sensor-faucet-copy-2?Id=4347,"Opal Prime, SNR-GRF-15017PMPK, Graphite"
Faucets,Opal Prime,4347,Tall Boy Sensor Faucet,Variant,4223,Tall Boy Sensor Faucet - Stainless Steel,SNR-SSF-15017PMPK,Stainless Steel,https://www.jaquar.com/images/thumbs/0060673_tall-boy-sensor-faucet-stainless-steel_960.jpeg,22500.00,"Opal Prime Tall Boy Sensor Faucet for Wash Basin with Pre-mixed Water Supply Kit (Battery Operated)
",https://www.jaquar.com/en/opal-prime-tall-boy-sensor-faucet-copy-2?Id=4347,"Opal Prime, SNR-SSF-15017PMPK, Stainless Steel"
Faucets,Opal Prime,4388,Sensor Faucet for Wash Basin,Parent,4217,Sensor Faucet for Wash Basin - Chrome,SNR-CHR-15019PMPK,Chrome,https://www.jaquar.com/images/thumbs/0039118_sensor-faucet-for-wash-basin-chrome_960.jpeg,12150.00,"Opal Prime Sensor Faucet for Wash Basin with Pre-mixed Water Supply Kit (Battery Operated)
",https://www.jaquar.com/en/opal-prime-sensor-faucet?Id=4388,"Opal Prime, SNR-CHR-15019PMPK, Chrome"
Faucets,Opal Prime,4388,Sensor Faucet for Wash Basin,Variant,4217,Sensor Faucet for Wash Basin - Antique Bronze,SNR-ABR-15019PMPK,Antique Bronze,https://www.jaquar.com/images/thumbs/0060305_sensor-faucet-for-wash-basin-antique-bronze_960.jpeg,20500.00,"Opal Prime Sensor Faucet for Wash Basin with Pre-mixed Water Supply Kit (Battery Operated)
",https://www.jaquar.com/en/opal-prime-sensor-faucet?Id=4388,"Opal Prime, SNR-ABR-15019PMPK, Antique Bronze"
Faucets,Opal Prime,4388,Sensor Faucet for Wash Basin,Variant,4217,Sensor Faucet for Wash Basin - Antique Copper,SNR-ACR-15019PMPK,Antique Copper,https://www.jaquar.com/images/thumbs/0053765_sensor-faucet-for-wash-basin-antique-copper_960.jpeg,20500.00,"Opal Prime Sensor Faucet for Wash Basin with Pre-mixed Water Supply Kit (Battery Operated)
",https://www.jaquar.com/en/opal-prime-sensor-faucet?Id=4388,"Opal Prime, SNR-ACR-15019PMPK, Antique Copper"
Faucets,Opal Prime,4388,Sensor Faucet for Wash Basin,Variant,4217,Sensor Faucet for Wash Basin - Black chrome,SNR-BCH-15019PMPK,Black Chrome,https://www.jaquar.com/images/thumbs/0053844_sensor-faucet-for-wash-basin-black-chrome_960.jpeg,17900.00,"Opal Prime Sensor Faucet for Wash Basin with Pre-mixed Water Supply Kit (Battery Operated)
",https://www.jaquar.com/en/opal-prime-sensor-faucet?Id=4388,"Opal Prime, SNR-BCH-15019PMPK, Black Chrome"
Faucets,Opal Prime,4388,Sensor Faucet for Wash Basin,Variant,4217,Sensor Faucet for Wash Basin - Black Matt,SNR-BLM-15019PMPK,Black Matt,https://www.jaquar.com/images/thumbs/0039122_sensor-faucet-for-wash-basin-black-matt_960.jpeg,17900.00,"Opal Prime Sensor Faucet for Wash Basin with Pre-mixed Water Supply Kit (Battery Operated)
",https://www.jaquar.com/en/opal-prime-sensor-faucet?Id=4388,"Opal Prime, SNR-BLM-15019PMPK, Black Matt"
Faucets,Opal Prime,4388,Sensor Faucet for Wash Basin,Variant,4217,Sensor Faucet for Wash Basin - Graphite,SNR-GRF-15019PMPK,Graphite,https://www.jaquar.com/images/thumbs/0060304_sensor-faucet-for-wash-basin-graphite_960.jpeg,20500.00,"Opal Prime Sensor Faucet for Wash Basin with Pre-mixed Water Supply Kit (Battery Operated)
",https://www.jaquar.com/en/opal-prime-sensor-faucet?Id=4388,"Opal Prime, SNR-GRF-15019PMPK, Graphite"
Faucets,Opal Prime,4388,Sensor Faucet for Wash Basin,Variant,4217,Sensor Faucet for Wash Basin - Stainless Steel,SNR-SSF-15019PMPK,Stainless Steel,https://www.jaquar.com/images/thumbs/0060461_sensor-faucet-for-wash-basin-stainless-steel_960.jpeg,20500.00,"Opal Prime Sensor Faucet for Wash Basin with Pre-mixed Water Supply Kit (Battery Operated)
",https://www.jaquar.com/en/opal-prime-sensor-faucet?Id=4388,"Opal Prime, SNR-SSF-15019PMPK, Stainless Steel"
Faucets,Opal Prime,9704,Sensor Faucet,Parent,9704,Sensor Faucet,SNR-CHR-15019PMEB,,https://www.jaquar.com/images/thumbs/0060198_sensor-faucet_960.jpeg,,Opal Prime Sensor Faucet for Wash Basin (9V transformer),https://www.jaquar.com/en/sensor-faucet?Id=9704,"Opal Prime, SNR-CHR-15019PMEB"
Faucets,Opal Prime,9702,Tall Boy Sensor Faucet,Parent,9702,Tall Boy Sensor Faucet,SNR-CHR-15017PMEB,,https://www.jaquar.com/images/thumbs/0069350_tall-boy-sensor-faucet_960.jpeg,,Opal Prime Tall Boy Sensor Faucet for Wash Basin (9V transformer),https://www.jaquar.com/en/tall-boy-sensor-faucet?Id=9702,"Opal Prime, SNR-CHR-15017PMEB"
Faucets,Opal Prime,9705,Sensor Faucet for Wash Basin,Parent,9705,Sensor Faucet for Wash Basin,SNR-CHR-15019PMEBPK,,https://www.jaquar.com/images/thumbs/0069353_sensor-faucet-for-wash-basin_960.jpeg,,Opal Prime Sensor Faucet for Wash Basin with Pre-mixed Water Supply Kit (9V transformer),https://www.jaquar.com/en/sensor-faucet-for-wash-basin?Id=9705,"Opal Prime, SNR-CHR-15019PMEBPK"
Faucets,Opal Prime,9703,Tall Boy Sensor Faucet,Parent,9703,Tall Boy Sensor Faucet,SNR-CHR-15017PMEBPK,,https://www.jaquar.com/images/thumbs/0069352_tall-boy-sensor-faucet_960.jpeg,,Opal Prime Tall Boy Sensor Faucet for Wash Basin with Pre-mixed Water Supply Kit (9V transformer),https://www.jaquar.com/en/tall-boy-sensor-faucet-2?Id=9703,"Opal Prime, SNR-CHR-15017PMEBPK"
