category,series,parent_product_id,parent_name,is_parent,variant_id,product_name,product_code,color,image_url,mrp,description,product_url,bullet_points
Faucets,Queen's Prime,4218,Single lever basin mixer,Parent,4186,Single lever basin mixer - Chrome,QQP-CHR-7001BPM,Chrome,https://www.jaquar.com/images/thumbs/0060030_single-lever-basin-mixer-chrome_960.jpeg,5900.00,Single Lever Basin Mixer without Popup Waste with 450mm Long Braided Hoses,https://www.jaquar.com/en/single-lever-basin-mixer-qqp-chr-7001bpm?Id=4218,"Queen's Prime, QQP-CHR-7001BPM, Chrome"
Faucets,Queen's Prime,4218,Single lever basin mixer,Variant,4186,Single Lever Basin Mixer - Antique Bronze,QQP-ABR-7001BPM,Antique Bronze,https://www.jaquar.com/images/thumbs/0060034_single-lever-basin-mixer-antique-bronze_960.jpeg,9750.00,Single Lever Basin Mixer without Popup Waste with 450mm Long Braided Hoses,https://www.jaquar.com/en/single-lever-basin-mixer-qqp-chr-7001bpm?Id=4218,"Queen's Prime, QQP-ABR-7001BPM, Antique Bronze"
Faucets,Queen's Prime,4218,Single lever basin mixer,Variant,4186,Single Lever Basin Mixer - Antique Copper,QQP-ACR-7001BPM,Antique Copper,https://www.jaquar.com/images/thumbs/0060032_single-lever-basin-mixer-antique-copper_960.jpeg,9750.00,Single Lever Basin Mixer without Popup Waste with 450mm Long Braided Hoses,https://www.jaquar.com/en/single-lever-basin-mixer-qqp-chr-7001bpm?Id=4218,"Queen's Prime, QQP-ACR-7001BPM, Antique Copper"
Faucets,Queen's Prime,4218,Single lever basin mixer,Variant,4186,Single Lever Basin Mixer - Black Chrome,QQP-BCH-7001BPM,Black Chrome,https://www.jaquar.com/images/thumbs/0060033_single-lever-basin-mixer-black-chrome_960.jpeg,8500.00,Single Lever Basin Mixer without Popup Waste with 450mm Long Braided Hoses,https://www.jaquar.com/en/single-lever-basin-mixer-qqp-chr-7001bpm?Id=4218,"Queen's Prime, QQP-BCH-7001BPM, Black Chrome"
Faucets,Queen's Prime,4218,Single lever basin mixer,Variant,4186,Single Lever Basin Mixer - Black Matt,QQP-BLM-7001BPM,Black Matt,https://www.jaquar.com/images/thumbs/0060031_single-lever-basin-mixer-black-matt_960.jpeg,8500.00,Single Lever Basin Mixer without Popup Waste with 450mm Long Braided Hoses,https://www.jaquar.com/en/single-lever-basin-mixer-qqp-chr-7001bpm?Id=4218,"Queen's Prime, QQP-BLM-7001BPM, Black Matt"
Faucets,Queen's Prime,4218,Single lever basin mixer,Variant,4186,Single Lever Basin Mixer - Graphite,QQP-GRF-7001BPM,Graphite,https://www.jaquar.com/images/thumbs/0060029_single-lever-basin-mixer-graphite_960.jpeg,9750.00,Single Lever Basin Mixer without Popup Waste with 450mm Long Braided Hoses,https://www.jaquar.com/en/single-lever-basin-mixer-qqp-chr-7001bpm?Id=4218,"Queen's Prime, QQP-GRF-7001BPM, Graphite"
Faucets,Queen's Prime,4218,Single lever basin mixer,Variant,4186,Single Lever Basin Mixer - Stainless Steel,QQP-SSF-7001BPM,Stainless Steel,https://www.jaquar.com/images/thumbs/0060028_single-lever-basin-mixer-stainless-steel_960.jpeg,9750.00,Single Lever Basin Mixer without Popup Waste with 450mm Long Braided Hoses,https://www.jaquar.com/en/single-lever-basin-mixer-qqp-chr-7001bpm?Id=4218,"Queen's Prime, QQP-SSF-7001BPM, Stainless Steel"
Faucets,Queen's Prime,4232,Single Lever Basin Mixer with Popup Waste,Parent,4187,Single Lever Basin Mixer with Popup Waste - Chrome,QQP-CHR-7051BPM,Chrome,https://www.jaquar.com/images/thumbs/0060023_single-lever-basin-mixer-with-popup-waste-chrome_960.jpeg,6900.00,Single Lever Basin Mixer with Popup Waste with 450mm Long Braided Hoses,https://www.jaquar.com/en/single-lever-basin-mixer-with-popup-waste-7051bpm?Id=4232,"Queen's Prime, QQP-CHR-7051BPM, Chrome"
Faucets,Queen's Prime,4232,Single Lever Basin Mixer with Popup Waste,Variant,4187,Single Lever Basin Mixer with Popup Waste - Antique Bronze,QQP-ABR-7051BPM,Antique Bronze,https://www.jaquar.com/images/thumbs/0060027_single-lever-basin-mixer-with-popup-waste-antique-bronze_960.jpeg,11400.00,Single Lever Basin Mixer with Popup Waste with 450mm Long Braided Hoses,https://www.jaquar.com/en/single-lever-basin-mixer-with-popup-waste-7051bpm?Id=4232,"Queen's Prime, QQP-ABR-7051BPM, Antique Bronze"
Faucets,Queen's Prime,4232,Single Lever Basin Mixer with Popup Waste,Variant,4187,Single Lever Basin Mixer with Popup Waste - Antique Copper,QQP-ACR-7051BPM,Antique Copper,https://www.jaquar.com/images/thumbs/0060026_single-lever-basin-mixer-with-popup-waste-antique-copper_960.jpeg,11400.00,Single Lever Basin Mixer with Popup Waste with 450mm Long Braided Hoses,https://www.jaquar.com/en/single-lever-basin-mixer-with-popup-waste-7051bpm?Id=4232,"Queen's Prime, QQP-ACR-7051BPM, Antique Copper"
Faucets,Queen's Prime,4232,Single Lever Basin Mixer with Popup Waste,Variant,4187,Single Lever Basin Mixer with Popup Waste - Black Chrome,QQP-BCH-7051BPM,Black Chrome,https://www.jaquar.com/images/thumbs/0060025_single-lever-basin-mixer-with-popup-waste-black-chrome_960.jpeg,9950.00,Single Lever Basin Mixer with Popup Waste with 450mm Long Braided Hoses,https://www.jaquar.com/en/single-lever-basin-mixer-with-popup-waste-7051bpm?Id=4232,"Queen's Prime, QQP-BCH-7051BPM, Black Chrome"
Faucets,Queen's Prime,4232,Single Lever Basin Mixer with Popup Waste,Variant,4187,Single Lever Basin Mixer with Popup Waste - Black Matt,QQP-BLM-7051BPM,Black Matt,https://www.jaquar.com/images/thumbs/0060024_single-lever-basin-mixer-with-popup-waste-black-matt_960.jpeg,9950.00,Single Lever Basin Mixer with Popup Waste with 450mm Long Braided Hoses,https://www.jaquar.com/en/single-lever-basin-mixer-with-popup-waste-7051bpm?Id=4232,"Queen's Prime, QQP-BLM-7051BPM, Black Matt"
Faucets,Queen's Prime,4232,Single Lever Basin Mixer with Popup Waste,Variant,4187,Single Lever Basin Mixer with Popup Waste - Graphite,QQP-GRF-7051BPM,Graphite,https://www.jaquar.com/images/thumbs/0060022_single-lever-basin-mixer-with-popup-waste-graphite_960.jpeg,11400.00,Single Lever Basin Mixer with Popup Waste with 450mm Long Braided Hoses,https://www.jaquar.com/en/single-lever-basin-mixer-with-popup-waste-7051bpm?Id=4232,"Queen's Prime, QQP-GRF-7051BPM, Graphite"
Faucets,Queen's Prime,4232,Single Lever Basin Mixer with Popup Waste,Variant,4187,Single Lever Basin Mixer with Popup Waste - Stainless Steel,QQP-SSF-7051BPM,Stainless Steel,https://www.jaquar.com/images/thumbs/0060021_single-lever-basin-mixer-with-popup-waste-stainless-steel_960.jpeg,11400.00,Single Lever Basin Mixer with Popup Waste with 450mm Long Braided Hoses,https://www.jaquar.com/en/single-lever-basin-mixer-with-popup-waste-7051bpm?Id=4232,"Queen's Prime, QQP-SSF-7051BPM, Stainless Steel"
Faucets,Queen's Prime,4402,Single Lever Exposed Parts Kit of Diverter,Parent,4188,Single Lever Exposed Parts Kit of Diverter - Chrome,QQP-CHR-7065MKPM,Chrome,https://www.jaquar.com/images/thumbs/0016696_single-lever-exposed-parts-kit-of-diverter-chrome_960.jpeg,2325.00,"Single Lever Exposed Parts Kit of Diverter Consisting of Operating Lever, Cartridge Sleeve, Wall Flange (with Seals) & Button Assembly Sleeve & Button (Compatible with ALD-065M)",https://www.jaquar.com/en/single-lever-exposed-parts-kit-of-diverter?Id=4402,"Queen's Prime, QQP-CHR-7065MKPM, Chrome"
Faucets,Queen's Prime,4402,Single Lever Exposed Parts Kit of Diverter,Variant,4188,Single Lever Concealed Diverter - Antique Bronze,QQP-ABR-7065MKPM,Antique Bronze,https://www.jaquar.com/images/thumbs/0052941_single-lever-concealed-diverter-antique-bronze_960.jpeg,3925.00,"Single Lever Exposed Parts Kit of Diverter Consisting of Operating Lever, Cartridge Sleeve, Wall Flange (with Seals) & Button Assembly Sleeve & Button (Compatible with ALD-065M)",https://www.jaquar.com/en/single-lever-exposed-parts-kit-of-diverter?Id=4402,"Queen's Prime, QQP-ABR-7065MKPM, Antique Bronze"
Faucets,Queen's Prime,4402,Single Lever Exposed Parts Kit of Diverter,Variant,4188,Single Lever Concealed Diverter - Antique Copper,QQP-ACR-7065MKPM,Antique Copper,https://www.jaquar.com/images/thumbs/0053755_single-lever-concealed-diverter-antique-copper_960.jpeg,3925.00,"Single Lever Exposed Parts Kit of Diverter Consisting of Operating Lever, Cartridge Sleeve, Wall Flange (with Seals) & Button Assembly Sleeve & Button (Compatible with ALD-065M)",https://www.jaquar.com/en/single-lever-exposed-parts-kit-of-diverter?Id=4402,"Queen's Prime, QQP-ACR-7065MKPM, Antique Copper"
Faucets,Queen's Prime,4402,Single Lever Exposed Parts Kit of Diverter,Variant,4188,Single Lever Concealed Diverter - Black Chrome,QQP-BCH-7065MKPM,Black Chrome,https://www.jaquar.com/images/thumbs/0053834_single-lever-concealed-diverter-black-chrome_960.jpeg,3350.00,"Single Lever Exposed Parts Kit of Diverter Consisting of Operating Lever, Cartridge Sleeve, Wall Flange (with Seals) & Button Assembly Sleeve & Button (Compatible with ALD-065M)",https://www.jaquar.com/en/single-lever-exposed-parts-kit-of-diverter?Id=4402,"Queen's Prime, QQP-BCH-7065MKPM, Black Chrome"
Faucets,Queen's Prime,4402,Single Lever Exposed Parts Kit of Diverter,Variant,4188,Single Lever Concealed Diverter - Black Matt,QQP-BLM-7065MKPM,Black Matt,https://www.jaquar.com/images/thumbs/0056012_single-lever-concealed-diverter-black-matt_960.jpeg,3350.00,"Single Lever Exposed Parts Kit of Diverter Consisting of Operating Lever, Cartridge Sleeve, Wall Flange (with Seals) & Button Assembly Sleeve & Button (Compatible with ALD-065M)",https://www.jaquar.com/en/single-lever-exposed-parts-kit-of-diverter?Id=4402,"Queen's Prime, QQP-BLM-7065MKPM, Black Matt"
Faucets,Queen's Prime,4402,Single Lever Exposed Parts Kit of Diverter,Variant,4188,Single Lever Concealed Diverter - Graphite,QQP-GRF-7065MKPM,Graphite,https://www.jaquar.com/images/thumbs/0056013_single-lever-concealed-diverter-graphite_960.jpeg,3925.00,"Single Lever Exposed Parts Kit of Diverter Consisting of Operating Lever, Cartridge Sleeve, Wall Flange (with Seals) & Button Assembly Sleeve & Button (Compatible with ALD-065M)",https://www.jaquar.com/en/single-lever-exposed-parts-kit-of-diverter?Id=4402,"Queen's Prime, QQP-GRF-7065MKPM, Graphite"
Faucets,Queen's Prime,4402,Single Lever Exposed Parts Kit of Diverter,Variant,4188,Single Lever Concealed Diverter - Stainless Steel,QQP-SSF-7065MKPM,Stainless Steel,https://www.jaquar.com/images/thumbs/0056014_single-lever-concealed-diverter-stainless-steel_960.jpeg,3925.00,"Single Lever Exposed Parts Kit of Diverter Consisting of Operating Lever, Cartridge Sleeve, Wall Flange (with Seals) & Button Assembly Sleeve & Button (Compatible with ALD-065M)",https://www.jaquar.com/en/single-lever-exposed-parts-kit-of-diverter?Id=4402,"Queen's Prime, QQP-SSF-7065MKPM, Stainless Steel"
Faucets,Queen's Prime,4403,Single Lever Exposed Parts Kit of Hi-flow Diverter,Parent,4189,Single Lever Exposed Parts Kit of Hi-flow Diverter - Chrome,QQP-CHR-7079NKPM,Chrome,https://www.jaquar.com/images/thumbs/0016698_single-lever-exposed-parts-kit-of-hi-flow-diverter-chrome_960.jpeg,2500.00,"Single Lever Exposed Parts Kit of Hi-flow Diverter Consisting of Operating Lever, Cartridge Sleeve, Wall Flange (with Seals), Button Assembly Sleeve & Button (Compatible with Item ALD-079N)",https://www.jaquar.com/en/single-lever-exposed-parts-kit-of-hi-flow-diverter?Id=4403,"Queen's Prime, QQP-CHR-7079NKPM, Chrome"
Faucets,Queen's Prime,4403,Single Lever Exposed Parts Kit of Hi-flow Diverter,Variant,4189,Single Lever Exposed Parts Kit of Hi-flow Diverter - Antique Bronze,QQP-ABR-7079NKPM,Antique Bronze,https://www.jaquar.com/images/thumbs/0054516_single-lever-exposed-parts-kit-of-hi-flow-diverter-antique-bronze_960.jpeg,4100.00,"Single Lever Exposed Parts Kit of Hi-flow Diverter Consisting of Operating Lever, Cartridge Sleeve, Wall Flange (with Seals), Button Assembly Sleeve & Button (Compatible with Item ALD-079N)",https://www.jaquar.com/en/single-lever-exposed-parts-kit-of-hi-flow-diverter?Id=4403,"Queen's Prime, QQP-ABR-7079NKPM, Antique Bronze"
Faucets,Queen's Prime,4403,Single Lever Exposed Parts Kit of Hi-flow Diverter,Variant,4189,Single Lever Exposed Parts Kit of Hi-flow Diverter - Antique Copper,QQP-ACR-7079NKPM,Antique Copper,https://www.jaquar.com/images/thumbs/0053756_single-lever-exposed-parts-kit-of-hi-flow-diverter-antique-copper_960.jpeg,4100.00,"Single Lever Exposed Parts Kit of Hi-flow Diverter Consisting of Operating Lever, Cartridge Sleeve, Wall Flange (with Seals), Button Assembly Sleeve & Button (Compatible with Item ALD-079N)",https://www.jaquar.com/en/single-lever-exposed-parts-kit-of-hi-flow-diverter?Id=4403,"Queen's Prime, QQP-ACR-7079NKPM, Antique Copper"
Faucets,Queen's Prime,4403,Single Lever Exposed Parts Kit of Hi-flow Diverter,Variant,4189,Single Lever Exposed Parts Kit of Hi-flow Diverter - Black Chrome,QQP-BCH-7079NKPM,Black Chrome,https://www.jaquar.com/images/thumbs/0053835_single-lever-exposed-parts-kit-of-hi-flow-diverter-black-chrome_960.jpeg,3600.00,"Single Lever Exposed Parts Kit of Hi-flow Diverter Consisting of Operating Lever, Cartridge Sleeve, Wall Flange (with Seals), Button Assembly Sleeve & Button (Compatible with Item ALD-079N)",https://www.jaquar.com/en/single-lever-exposed-parts-kit-of-hi-flow-diverter?Id=4403,"Queen's Prime, QQP-BCH-7079NKPM, Black Chrome"
Faucets,Queen's Prime,4403,Single Lever Exposed Parts Kit of Hi-flow Diverter,Variant,4189,Single Lever Exposed Parts Kit of Hi-flow Diverter - Black Matt,QQP-BLM-7079NKPM,Black Matt,https://www.jaquar.com/images/thumbs/0056015_single-lever-exposed-parts-kit-of-hi-flow-diverter-black-matt_960.jpeg,3600.00,"Single Lever Exposed Parts Kit of Hi-flow Diverter Consisting of Operating Lever, Cartridge Sleeve, Wall Flange (with Seals), Button Assembly Sleeve & Button (Compatible with Item ALD-079N)",https://www.jaquar.com/en/single-lever-exposed-parts-kit-of-hi-flow-diverter?Id=4403,"Queen's Prime, QQP-BLM-7079NKPM, Black Matt"
Faucets,Queen's Prime,4403,Single Lever Exposed Parts Kit of Hi-flow Diverter,Variant,4189,Single Lever Exposed Parts Kit of Hi-flow Diverter - Graphite,QQP-GRF-7079NKPM,Graphite,https://www.jaquar.com/images/thumbs/0056016_single-lever-exposed-parts-kit-of-hi-flow-diverter-graphite_960.jpeg,4100.00,"Single Lever Exposed Parts Kit of Hi-flow Diverter Consisting of Operating Lever, Cartridge Sleeve, Wall Flange (with Seals), Button Assembly Sleeve & Button (Compatible with Item ALD-079N)",https://www.jaquar.com/en/single-lever-exposed-parts-kit-of-hi-flow-diverter?Id=4403,"Queen's Prime, QQP-GRF-7079NKPM, Graphite"
Faucets,Queen's Prime,4403,Single Lever Exposed Parts Kit of Hi-flow Diverter,Variant,4189,Single Lever Exposed Parts Kit of Hi-flow Diverter - Stainless Steel,QQP-SSF-7079NKPM,Stainless Steel,https://www.jaquar.com/images/thumbs/0056017_single-lever-exposed-parts-kit-of-hi-flow-diverter-stainless-steel_960.jpeg,4100.00,"Single Lever Exposed Parts Kit of Hi-flow Diverter Consisting of Operating Lever, Cartridge Sleeve, Wall Flange (with Seals), Button Assembly Sleeve & Button (Compatible with Item ALD-079N)",https://www.jaquar.com/en/single-lever-exposed-parts-kit-of-hi-flow-diverter?Id=4403,"Queen's Prime, QQP-SSF-7079NKPM, Stainless Steel"
Faucets,Queen's Prime,4478,Single Lever 1-Hole Bidet Mixer with Popup Waste System,Parent,4215,Single Lever 1-Hole Bidet Mixer with Popup Waste System - Chrome,QQP-CHR-7213BPM,Chrome,https://www.jaquar.com/images/thumbs/0016812_single-lever-1-hole-bidet-mixer-with-popup-waste-system-chrome_960.jpeg,6900.00,Single Lever 1-Hole Bidet Mixer with Popup Waste System with 375mm Long Braided Hoses,https://www.jaquar.com/en/single-lever-1-hole-bidet-mixer-with-popup-waste-system-3?Id=4478,"Queen's Prime, QQP-CHR-7213BPM, Chrome"
Faucets,Queen's Prime,4478,Single Lever 1-Hole Bidet Mixer with Popup Waste System,Variant,4215,Single Lever 1-Hole Bidet Mixer with Popup Waste System - Antique Bronze,QQP-ABR-7213BPM,Antique Bronze,https://www.jaquar.com/images/thumbs/0056114_single-lever-1-hole-bidet-mixer-with-popup-waste-system-antique-bronze_960.jpeg,11400.00,Single Lever 1-Hole Bidet Mixer with Popup Waste System with 375mm Long Braided Hoses,https://www.jaquar.com/en/single-lever-1-hole-bidet-mixer-with-popup-waste-system-3?Id=4478,"Queen's Prime, QQP-ABR-7213BPM, Antique Bronze"
Faucets,Queen's Prime,4478,Single Lever 1-Hole Bidet Mixer with Popup Waste System,Variant,4215,Single Lever 1-Hole Bidet Mixer with Popup Waste System - Antique Copper,QQP-ACR-7213BPM,Antique Copper,https://www.jaquar.com/images/thumbs/0056115_single-lever-1-hole-bidet-mixer-with-popup-waste-system-antique-copper_960.jpeg,11400.00,Single Lever 1-Hole Bidet Mixer with Popup Waste System with 375mm Long Braided Hoses,https://www.jaquar.com/en/single-lever-1-hole-bidet-mixer-with-popup-waste-system-3?Id=4478,"Queen's Prime, QQP-ACR-7213BPM, Antique Copper"
Faucets,Queen's Prime,4478,Single Lever 1-Hole Bidet Mixer with Popup Waste System,Variant,4215,Single Lever 1-Hole Bidet Mixer with Popup Waste System - Black Chrome,QQP-BCH-7213BPM,Black Chrome,https://www.jaquar.com/images/thumbs/0056019_single-lever-1-hole-bidet-mixer-with-popup-waste-system-black-chrome_960.jpeg,9950.00,Single Lever 1-Hole Bidet Mixer with Popup Waste System with 375mm Long Braided Hoses,https://www.jaquar.com/en/single-lever-1-hole-bidet-mixer-with-popup-waste-system-3?Id=4478,"Queen's Prime, QQP-BCH-7213BPM, Black Chrome"
Faucets,Queen's Prime,4478,Single Lever 1-Hole Bidet Mixer with Popup Waste System,Variant,4215,Single Lever 1-Hole Bidet Mixer with Popup Waste System - Black Matt,QQP-BLM-7213BPM,Black Matt,https://www.jaquar.com/images/thumbs/0056020_single-lever-1-hole-bidet-mixer-with-popup-waste-system-black-matt_960.jpeg,9950.00,Single Lever 1-Hole Bidet Mixer with Popup Waste System with 375mm Long Braided Hoses,https://www.jaquar.com/en/single-lever-1-hole-bidet-mixer-with-popup-waste-system-3?Id=4478,"Queen's Prime, QQP-BLM-7213BPM, Black Matt"
Faucets,Queen's Prime,4478,Single Lever 1-Hole Bidet Mixer with Popup Waste System,Variant,4215,Single Lever 1-Hole Bidet Mixer with Popup Waste System - Graphite,QQP-GRF-7213BPM,Graphite,https://www.jaquar.com/images/thumbs/0056093_single-lever-1-hole-bidet-mixer-with-popup-waste-system-graphite_960.jpeg,11400.00,Single Lever 1-Hole Bidet Mixer with Popup Waste System with 375mm Long Braided Hoses,https://www.jaquar.com/en/single-lever-1-hole-bidet-mixer-with-popup-waste-system-3?Id=4478,"Queen's Prime, QQP-GRF-7213BPM, Graphite"
Faucets,Queen's Prime,4478,Single Lever 1-Hole Bidet Mixer with Popup Waste System,Variant,4215,Single Lever 1-Hole Bidet Mixer with Popup Waste System - Stainless Steel,QQP-SSF-7213BPM,Stainless Steel,https://www.jaquar.com/images/thumbs/0056021_single-lever-1-hole-bidet-mixer-with-popup-waste-system-stainless-steel_960.jpeg,11400.00,Single Lever 1-Hole Bidet Mixer with Popup Waste System with 375mm Long Braided Hoses,https://www.jaquar.com/en/single-lever-1-hole-bidet-mixer-with-popup-waste-system-3?Id=4478,"Queen's Prime, QQP-SSF-7213BPM, Stainless Steel"
Faucets,Queen's Prime,4398,Pillar Cock,Parent,4195,Pillar Cock - Chrome,QQP-CHR-7011PM,Chrome,https://www.jaquar.com/images/thumbs/0016688_pillar-cock-chrome_960.jpeg,3300.00,Pillar Cock,https://www.jaquar.com/en/pillar-cock-7?Id=4398,"Queen's Prime, QQP-CHR-7011PM, Chrome"
Faucets,Queen's Prime,4398,Pillar Cock,Variant,4195,Pillar Cock - Antique Bronze,QQP-ABR-7011PM,Antique Bronze,https://www.jaquar.com/images/thumbs/0052386_pillar-cock-antique-bronze_960.jpeg,5550.00,Pillar Cock,https://www.jaquar.com/en/pillar-cock-7?Id=4398,"Queen's Prime, QQP-ABR-7011PM, Antique Bronze"
Faucets,Queen's Prime,4398,Pillar Cock,Variant,4195,Pillar Cock - Antique Copper,QQP-ACR-7011PM,Antique Copper,https://www.jaquar.com/images/thumbs/0053754_pillar-cock-antique-copper_960.jpeg,5550.00,Pillar Cock,https://www.jaquar.com/en/pillar-cock-7?Id=4398,"Queen's Prime, QQP-ACR-7011PM, Antique Copper"
Faucets,Queen's Prime,4398,Pillar Cock,Variant,4195,Pillar Cock - Black Chrome,QQP-BCH-7011PM,Black Chrome,https://www.jaquar.com/images/thumbs/0053831_pillar-cock-black-chrome_960.jpeg,4900.00,Pillar Cock,https://www.jaquar.com/en/pillar-cock-7?Id=4398,"Queen's Prime, QQP-BCH-7011PM, Black Chrome"
Faucets,Queen's Prime,4398,Pillar Cock,Variant,4195,Pillar Cock - Black Matt,QQP-BLM-7011PM,Black Matt,https://www.jaquar.com/images/thumbs/0052387_pillar-cock-black-matt_960.jpeg,4900.00,Pillar Cock,https://www.jaquar.com/en/pillar-cock-7?Id=4398,"Queen's Prime, QQP-BLM-7011PM, Black Matt"
Faucets,Queen's Prime,4398,Pillar Cock,Variant,4195,Pillar Cock - Graphite,QQP-GRF-7011PM,Graphite,https://www.jaquar.com/images/thumbs/0054509_pillar-cock-graphite_960.jpeg,5550.00,Pillar Cock,https://www.jaquar.com/en/pillar-cock-7?Id=4398,"Queen's Prime, QQP-GRF-7011PM, Graphite"
Faucets,Queen's Prime,4398,Pillar Cock,Variant,4195,Pillar Cock - Stainless Steel,QQP-SSF-7011PM,Stainless Steel,https://www.jaquar.com/images/thumbs/0069347_pillar-cock-stainless-steel_960.jpeg,5550.00,Pillar Cock,https://www.jaquar.com/en/pillar-cock-7?Id=4398,"Queen's Prime, QQP-SSF-7011PM, Stainless Steel"
Faucets,Queen's Prime,4242,Central Hole Basin Mixer,Parent,4190,Central Hole Basin Mixer - Chrome,QQP-CHR-7167BPM,Chrome,https://www.jaquar.com/images/thumbs/0060016_central-hole-basin-mixer-chrome_960.jpeg,5950.00,Central Hole Basin Mixer without Popup Waste System with 450mm Long Braided Hoses,https://www.jaquar.com/en/central-hole-basin-mixer?Id=4242,"Queen's Prime, QQP-CHR-7167BPM, Chrome"
Faucets,Queen's Prime,4242,Central Hole Basin Mixer,Variant,4190,Central Hole Basin Mixer - Antique Bronze,QQP-ABR-7167BPM,Antique Bronze,https://www.jaquar.com/images/thumbs/0060020_central-hole-basin-mixer-antique-bronze_960.jpeg,10000.00,Central Hole Basin Mixer without Popup Waste System with 450mm Long Braided Hoses,https://www.jaquar.com/en/central-hole-basin-mixer?Id=4242,"Queen's Prime, QQP-ABR-7167BPM, Antique Bronze"
Faucets,Queen's Prime,4242,Central Hole Basin Mixer,Variant,4190,Central Hole Basin Mixer - Antique Copper,QQP-ACR-7167BPM,Antique Copper,https://www.jaquar.com/images/thumbs/0060019_central-hole-basin-mixer-antique-copper_960.jpeg,10000.00,Central Hole Basin Mixer without Popup Waste System with 450mm Long Braided Hoses,https://www.jaquar.com/en/central-hole-basin-mixer?Id=4242,"Queen's Prime, QQP-ACR-7167BPM, Antique Copper"
Faucets,Queen's Prime,4242,Central Hole Basin Mixer,Variant,4190,Central Hole Basin Mixer - Black Chrome,QQP-BCH-7167BPM,Black Chrome,https://www.jaquar.com/images/thumbs/0060018_central-hole-basin-mixer-black-chrome_960.jpeg,8800.00,Central Hole Basin Mixer without Popup Waste System with 450mm Long Braided Hoses,https://www.jaquar.com/en/central-hole-basin-mixer?Id=4242,"Queen's Prime, QQP-BCH-7167BPM, Black Chrome"
Faucets,Queen's Prime,4242,Central Hole Basin Mixer,Variant,4190,Central Hole Basin Mixer - Black Matt,QQP-BLM-7167BPM,Black Matt,https://www.jaquar.com/images/thumbs/0060017_central-hole-basin-mixer-black-matt_960.jpeg,8800.00,Central Hole Basin Mixer without Popup Waste System with 450mm Long Braided Hoses,https://www.jaquar.com/en/central-hole-basin-mixer?Id=4242,"Queen's Prime, QQP-BLM-7167BPM, Black Matt"
Faucets,Queen's Prime,4242,Central Hole Basin Mixer,Variant,4190,Central Hole Basin Mixer - Graphite,QQP-GRF-7167BPM,Graphite,https://www.jaquar.com/images/thumbs/0060015_central-hole-basin-mixer-graphite_960.jpeg,10000.00,Central Hole Basin Mixer without Popup Waste System with 450mm Long Braided Hoses,https://www.jaquar.com/en/central-hole-basin-mixer?Id=4242,"Queen's Prime, QQP-GRF-7167BPM, Graphite"
Faucets,Queen's Prime,4242,Central Hole Basin Mixer,Variant,4190,Central Hole Basin Mixer - Stainless Steel,QQP-SSF-7167BPM,Stainless Steel,https://www.jaquar.com/images/thumbs/0060014_central-hole-basin-mixer-stainless-steel_960.jpeg,10000.00,Central Hole Basin Mixer without Popup Waste System with 450mm Long Braided Hoses,https://www.jaquar.com/en/central-hole-basin-mixer?Id=4242,"Queen's Prime, QQP-SSF-7167BPM, Stainless Steel"
Faucets,Queen's Prime,4252,Central Hole Basin Mixer with Popup Waste System,Parent,4191,Central Hole Basin Mixer with Popup Waste System - Chrome,QQP-CHR-7169BPM,Chrome,https://www.jaquar.com/images/thumbs/0060009_central-hole-basin-mixer-with-popup-waste-system-chrome_960.jpeg,6950.00,Central Hole Basin Mixer with Popup Waste System with 450mm Long Braided Hoses,https://www.jaquar.com/en/central-hole-basin-mixer-with-popup-waste-system?Id=4252,"Queen's Prime, QQP-CHR-7169BPM, Chrome"
Faucets,Queen's Prime,4252,Central Hole Basin Mixer with Popup Waste System,Variant,4191,Central Hole Basin Mixer with Popup Waste System - Antique Bronze,QQP-ABR-7169BPM,Antique Bronze,https://www.jaquar.com/images/thumbs/0060013_central-hole-basin-mixer-with-popup-waste-system-antique-bronze_960.jpeg,11700.00,Central Hole Basin Mixer with Popup Waste System with 450mm Long Braided Hoses,https://www.jaquar.com/en/central-hole-basin-mixer-with-popup-waste-system?Id=4252,"Queen's Prime, QQP-ABR-7169BPM, Antique Bronze"
Faucets,Queen's Prime,4252,Central Hole Basin Mixer with Popup Waste System,Variant,4191,Central Hole Basin Mixer with Popup Waste System - Antique Copper,QQP-ACR-7169BPM,Antique Copper,https://www.jaquar.com/images/thumbs/0060012_central-hole-basin-mixer-with-popup-waste-system-antique-copper_960.jpeg,11700.00,Central Hole Basin Mixer with Popup Waste System with 450mm Long Braided Hoses,https://www.jaquar.com/en/central-hole-basin-mixer-with-popup-waste-system?Id=4252,"Queen's Prime, QQP-ACR-7169BPM, Antique Copper"
Faucets,Queen's Prime,4252,Central Hole Basin Mixer with Popup Waste System,Variant,4191,Central Hole Basin Mixer with Popup Waste System - Black chrome,QQP-BCH-7169BPM,Black Chrome,https://www.jaquar.com/images/thumbs/0060011_central-hole-basin-mixer-with-popup-waste-system-black-chrome_960.jpeg,10200.00,Central Hole Basin Mixer with Popup Waste System with 450mm Long Braided Hoses,https://www.jaquar.com/en/central-hole-basin-mixer-with-popup-waste-system?Id=4252,"Queen's Prime, QQP-BCH-7169BPM, Black Chrome"
Faucets,Queen's Prime,4252,Central Hole Basin Mixer with Popup Waste System,Variant,4191,Central Hole Basin Mixer with Popup Waste System - Black Matt,QQP-BLM-7169BPM,Black Matt,https://www.jaquar.com/images/thumbs/0060010_central-hole-basin-mixer-with-popup-waste-system-black-matt_960.jpeg,10200.00,Central Hole Basin Mixer with Popup Waste System with 450mm Long Braided Hoses,https://www.jaquar.com/en/central-hole-basin-mixer-with-popup-waste-system?Id=4252,"Queen's Prime, QQP-BLM-7169BPM, Black Matt"
Faucets,Queen's Prime,4252,Central Hole Basin Mixer with Popup Waste System,Variant,4191,Central Hole Basin Mixer with Popup Waste System - Graphite,QQP-GRF-7169BPM,Graphite,https://www.jaquar.com/images/thumbs/0060008_central-hole-basin-mixer-with-popup-waste-system-graphite_960.jpeg,11700.00,Central Hole Basin Mixer with Popup Waste System with 450mm Long Braided Hoses,https://www.jaquar.com/en/central-hole-basin-mixer-with-popup-waste-system?Id=4252,"Queen's Prime, QQP-GRF-7169BPM, Graphite"
Faucets,Queen's Prime,4252,Central Hole Basin Mixer with Popup Waste System,Variant,4191,Central Hole Basin Mixer with Popup Waste System - Stainless Steel,QQP-SSF-7169BPM,Stainless Steel,https://www.jaquar.com/images/thumbs/0060007_central-hole-basin-mixer-with-popup-waste-system-stainless-steel_960.jpeg,11700.00,Central Hole Basin Mixer with Popup Waste System with 450mm Long Braided Hoses,https://www.jaquar.com/en/central-hole-basin-mixer-with-popup-waste-system?Id=4252,"Queen's Prime, QQP-SSF-7169BPM, Stainless Steel"
Faucets,Queen's Prime,4262,3-Hole Basin Mixer,Parent,4193,3-Hole Basin Mixer - Chrome,QQP-CHR-7189PM,Chrome,https://www.jaquar.com/images/thumbs/0016406_3-hole-basin-mixer-chrome_960.jpeg,7750.00,3-Hole Basin Mixer without Popup Waste System,https://www.jaquar.com/en/3-hole-basin-mixer-without-popup-waste-system?Id=4262,"Queen's Prime, QQP-CHR-7189PM, Chrome"
Faucets,Queen's Prime,4262,3-Hole Basin Mixer,Variant,4193,3-Hole Basin Mixer - Antique Bronze,QQP-ABR-7189PM,Antique Bronze,https://www.jaquar.com/images/thumbs/0054528_3-hole-basin-mixer-antique-bronze_960.jpeg,12200.00,3-Hole Basin Mixer without Popup Waste System,https://www.jaquar.com/en/3-hole-basin-mixer-without-popup-waste-system?Id=4262,"Queen's Prime, QQP-ABR-7189PM, Antique Bronze"
Faucets,Queen's Prime,4262,3-Hole Basin Mixer,Variant,4193,3-Hole Basin Mixer - Antique Copper,QQP-ACR-7189PM,Antique Copper,https://www.jaquar.com/images/thumbs/0053758_3-hole-basin-mixer-antique-copper_960.jpeg,12200.00,3-Hole Basin Mixer without Popup Waste System,https://www.jaquar.com/en/3-hole-basin-mixer-without-popup-waste-system?Id=4262,"Queen's Prime, QQP-ACR-7189PM, Antique Copper"
Faucets,Queen's Prime,4262,3-Hole Basin Mixer,Variant,4193,3-Hole Basin Mixer - Black Chrome,QQP-BCH-7189PM,Black Chrome,https://www.jaquar.com/images/thumbs/0053838_3-hole-basin-mixer-black-chrome_960.jpeg,10600.00,3-Hole Basin Mixer without Popup Waste System,https://www.jaquar.com/en/3-hole-basin-mixer-without-popup-waste-system?Id=4262,"Queen's Prime, QQP-BCH-7189PM, Black Chrome"
Faucets,Queen's Prime,4262,3-Hole Basin Mixer,Variant,4193,3-Hole Basin Mixer - Black Matt,QQP-BLM-7189PM,Black Matt,https://www.jaquar.com/images/thumbs/0054529_3-hole-basin-mixer-black-matt_960.jpeg,10600.00,3-Hole Basin Mixer without Popup Waste System,https://www.jaquar.com/en/3-hole-basin-mixer-without-popup-waste-system?Id=4262,"Queen's Prime, QQP-BLM-7189PM, Black Matt"
Faucets,Queen's Prime,4262,3-Hole Basin Mixer,Variant,4193,3-Hole Basin Mixer - Graphite,QQP-GRF-7189PM,Graphite,https://www.jaquar.com/images/thumbs/0054530_3-hole-basin-mixer-graphite_960.jpeg,12200.00,3-Hole Basin Mixer without Popup Waste System,https://www.jaquar.com/en/3-hole-basin-mixer-without-popup-waste-system?Id=4262,"Queen's Prime, QQP-GRF-7189PM, Graphite"
Faucets,Queen's Prime,4262,3-Hole Basin Mixer,Variant,4193,3-Hole Basin Mixer - Stainless Steel,QQP-SSF-7189PM,Stainless Steel,https://www.jaquar.com/images/thumbs/0054531_3-hole-basin-mixer-stainless-steel_960.jpeg,12200.00,3-Hole Basin Mixer without Popup Waste System,https://www.jaquar.com/en/3-hole-basin-mixer-without-popup-waste-system?Id=4262,"Queen's Prime, QQP-SSF-7189PM, Stainless Steel"
Faucets,Queen's Prime,4272,3-Hole Basin Mixer with Popup Waste System,Parent,4194,3-Hole Basin Mixer with Popup Waste System - Chrome,QQP-CHR-7191PM,Chrome,https://www.jaquar.com/images/thumbs/0016426_3-hole-basin-mixer-with-popup-waste-system-chrome_960.jpeg,8750.00,3-Hole Basin Mixer with Popup Waste System ,https://www.jaquar.com/en/3-hole-basin-mixer-with-popup-waste-system?Id=4272,"Queen's Prime, QQP-CHR-7191PM, Chrome"
Faucets,Queen's Prime,4272,3-Hole Basin Mixer with Popup Waste System,Variant,4194,3-Hole Basin Mixer with Popup Waste System - Antique Bronze,QQP-ABR-7191PM,Antique Bronze,https://www.jaquar.com/images/thumbs/0054532_3-hole-basin-mixer-with-popup-waste-system-antique-bronze_960.jpeg,13800.00,3-Hole Basin Mixer with Popup Waste System ,https://www.jaquar.com/en/3-hole-basin-mixer-with-popup-waste-system?Id=4272,"Queen's Prime, QQP-ABR-7191PM, Antique Bronze"
Faucets,Queen's Prime,4272,3-Hole Basin Mixer with Popup Waste System,Variant,4194,3-Hole Basin Mixer with Popup Waste System - Antique Copper,QQP-ACR-7191PM,Antique Copper,https://www.jaquar.com/images/thumbs/0053759_3-hole-basin-mixer-with-popup-waste-system-antique-copper_960.jpeg,13800.00,3-Hole Basin Mixer with Popup Waste System ,https://www.jaquar.com/en/3-hole-basin-mixer-with-popup-waste-system?Id=4272,"Queen's Prime, QQP-ACR-7191PM, Antique Copper"
Faucets,Queen's Prime,4272,3-Hole Basin Mixer with Popup Waste System,Variant,4194,3-Hole Basin Mixer with Popup Waste System - Black Chrome,QQP-BCH-7191PM,Black Chrome,https://www.jaquar.com/images/thumbs/0053839_3-hole-basin-mixer-with-popup-waste-system-black-chrome_960.jpeg,12000.00,3-Hole Basin Mixer with Popup Waste System ,https://www.jaquar.com/en/3-hole-basin-mixer-with-popup-waste-system?Id=4272,"Queen's Prime, QQP-BCH-7191PM, Black Chrome"
Faucets,Queen's Prime,4272,3-Hole Basin Mixer with Popup Waste System,Variant,4194,3-Hole Basin Mixer with Popup Waste System - Black Matt,QQP-BLM-7191PM,Black Matt,https://www.jaquar.com/images/thumbs/0054533_3-hole-basin-mixer-with-popup-waste-system-black-matt_960.jpeg,12000.00,3-Hole Basin Mixer with Popup Waste System ,https://www.jaquar.com/en/3-hole-basin-mixer-with-popup-waste-system?Id=4272,"Queen's Prime, QQP-BLM-7191PM, Black Matt"
Faucets,Queen's Prime,4272,3-Hole Basin Mixer with Popup Waste System,Variant,4194,3-Hole Basin Mixer with Popup Waste System - Graphite,QQP-GRF-7191PM,Graphite,https://www.jaquar.com/images/thumbs/0054534_3-hole-basin-mixer-with-popup-waste-system-graphite_960.jpeg,13800.00,3-Hole Basin Mixer with Popup Waste System,https://www.jaquar.com/en/3-hole-basin-mixer-with-popup-waste-system?Id=4272,"Queen's Prime, QQP-GRF-7191PM, Graphite"
Faucets,Queen's Prime,4272,3-Hole Basin Mixer with Popup Waste System,Variant,4194,3-Hole Basin Mixer with Popup Waste System - Stainless Steel,QQP-SSF-7191PM,Stainless Steel,https://www.jaquar.com/images/thumbs/0054535_3-hole-basin-mixer-with-popup-waste-system-stainless-steel_960.jpeg,13800.00,3-Hole Basin Mixer with Popup Waste System,https://www.jaquar.com/en/3-hole-basin-mixer-with-popup-waste-system?Id=4272,"Queen's Prime, QQP-SSF-7191PM, Stainless Steel"
Faucets,Queen's Prime,4282,Two Concealed Stop Cocks,Parent,4192,Two Concealed Stop Cocks - Chrome,QQP-CHR-7433PM,Chrome,https://www.jaquar.com/images/thumbs/0016446_two-concealed-stop-cocks-chrome_960.jpeg,7650.00,Two Concealed Stop Cocks with Basin Spout (Composite One Piece Body),https://www.jaquar.com/en/two-concealed-stop-cocks-4?Id=4282,"Queen's Prime, QQP-CHR-7433PM, Chrome"
Faucets,Queen's Prime,4282,Two Concealed Stop Cocks,Variant,4192,Two Concealed Stop Cocks - Antique Bronze,QQP-ABR-7433PM,Antique Bronze,https://www.jaquar.com/images/thumbs/0052049_two-concealed-stop-cocks-antique-bronze_960.jpeg,12100.00,Two Concealed Stop Cocks with Basin Spout (Composite One Piece Body),https://www.jaquar.com/en/two-concealed-stop-cocks-4?Id=4282,"Queen's Prime, QQP-ABR-7433PM, Antique Bronze"
Faucets,Queen's Prime,4282,Two Concealed Stop Cocks,Variant,4192,Two Concealed Stop Cocks - Antique Copper,QQP-ACR-7433PM,Antique Copper,https://www.jaquar.com/images/thumbs/0053761_two-concealed-stop-cocks-antique-copper_960.jpeg,12100.00,Two Concealed Stop Cocks with Basin Spout (Composite One Piece Body),https://www.jaquar.com/en/two-concealed-stop-cocks-4?Id=4282,"Queen's Prime, QQP-ACR-7433PM, Antique Copper"
Faucets,Queen's Prime,4282,Two Concealed Stop Cocks,Variant,4192,Two Concealed Stop Cocks - Black Chrome,QQP-BCH-7433PM,Black Chrome,https://www.jaquar.com/images/thumbs/0053840_two-concealed-stop-cocks-black-chrome_960.jpeg,10500.00,Two Concealed Stop Cocks with Basin Spout (Composite One Piece Body),https://www.jaquar.com/en/two-concealed-stop-cocks-4?Id=4282,"Queen's Prime, QQP-BCH-7433PM, Black Chrome"
Faucets,Queen's Prime,4282,Two Concealed Stop Cocks,Variant,4192,Two Concealed Stop Cocks - Black Matt,QQP-BLM-7433PM,Black Matt,https://www.jaquar.com/images/thumbs/0054562_two-concealed-stop-cocks-black-matt_960.jpeg,10500.00,Two Concealed Stop Cocks with Basin Spout (Composite One Piece Body),https://www.jaquar.com/en/two-concealed-stop-cocks-4?Id=4282,"Queen's Prime, QQP-BLM-7433PM, Black Matt"
Faucets,Queen's Prime,4282,Two Concealed Stop Cocks,Variant,4192,Two Concealed Stop Cocks - Graphite,QQP-GRF-7433PM,Graphite,https://www.jaquar.com/images/thumbs/0054563_two-concealed-stop-cocks-graphite_960.jpeg,12100.00,Two Concealed Stop Cocks with Basin Spout (Composite One Piece Body),https://www.jaquar.com/en/two-concealed-stop-cocks-4?Id=4282,"Queen's Prime, QQP-GRF-7433PM, Graphite"
Faucets,Queen's Prime,4282,Two Concealed Stop Cocks,Variant,4192,Two Concealed Stop Cocks - Stainless Steel,QQP-SSF-7433PM,Stainless Steel,https://www.jaquar.com/images/thumbs/0056103_two-concealed-stop-cocks-stainless-steel_960.jpeg,12100.00,Two Concealed Stop Cocks with Basin Spout (Composite One Piece Body),https://www.jaquar.com/en/two-concealed-stop-cocks-4?Id=4282,"Queen's Prime, QQP-SSF-7433PM, Stainless Steel"
Faucets,Queen's Prime,4447,Shower Mixer for Shower Cubicles,Parent,4200,Shower Mixer for Shower Cubicles - Chrome,QQP-CHR-7209PM,Chrome,https://www.jaquar.com/images/thumbs/0060002_shower-mixer-for-shower-cubicles-chrome_960.jpeg,5550.00,Shower Mixer for Shower Cubicles (Wall Mounted) with Connecting Legs & Flanges,https://www.jaquar.com/en/shower-mixer-for-shower-cubicles?Id=4447,"Queen's Prime, QQP-CHR-7209PM, Chrome"
Faucets,Queen's Prime,4447,Shower Mixer for Shower Cubicles,Variant,4200,Shower Mixer for Shower Cubicles - Antique Bronze,QQP-ABR-7209PM,Antique Bronze,https://www.jaquar.com/images/thumbs/0060006_shower-mixer-for-shower-cubicles-antique-bronze_960.jpeg,9350.00,Shower Mixer for Shower Cubicles (Wall Mounted) with Connecting Legs & Flanges,https://www.jaquar.com/en/shower-mixer-for-shower-cubicles?Id=4447,"Queen's Prime, QQP-ABR-7209PM, Antique Bronze"
Faucets,Queen's Prime,4447,Shower Mixer for Shower Cubicles,Variant,4200,Shower Mixer for Shower Cubicles - Antique Copper,QQP-ACR-7209PM,Antique Copper,https://www.jaquar.com/images/thumbs/0060005_shower-mixer-for-shower-cubicles-antique-copper_960.jpeg,9350.00,Shower Mixer for Shower Cubicles (Wall Mounted) with Connecting Legs & Flanges,https://www.jaquar.com/en/shower-mixer-for-shower-cubicles?Id=4447,"Queen's Prime, QQP-ACR-7209PM, Antique Copper"
Faucets,Queen's Prime,4447,Shower Mixer for Shower Cubicles,Variant,4200,Shower Mixer for Shower Cubicles - Black Chrome,QQP-BCH-7209PM,Black Chrome,https://www.jaquar.com/images/thumbs/0060004_shower-mixer-for-shower-cubicles-black-chrome_960.jpeg,8200.00,Shower Mixer for Shower Cubicles (Wall Mounted) with Connecting Legs & Flanges,https://www.jaquar.com/en/shower-mixer-for-shower-cubicles?Id=4447,"Queen's Prime, QQP-BCH-7209PM, Black Chrome"
Faucets,Queen's Prime,4447,Shower Mixer for Shower Cubicles,Variant,4200,Shower Mixer for Shower Cubicles - Black Matt,QQP-BLM-7209PM,Black Matt,https://www.jaquar.com/images/thumbs/0060003_shower-mixer-for-shower-cubicles-black-matt_960.jpeg,8200.00,Shower Mixer for Shower Cubicles (Wall Mounted) with Connecting Legs & Flanges,https://www.jaquar.com/en/shower-mixer-for-shower-cubicles?Id=4447,"Queen's Prime, QQP-BLM-7209PM, Black Matt"
Faucets,Queen's Prime,4447,Shower Mixer for Shower Cubicles,Variant,4200,Shower Mixer for Shower Cubicles - Graphite,QQP-GRF-7209PM,Graphite,https://www.jaquar.com/images/thumbs/0060001_shower-mixer-for-shower-cubicles-graphite_960.jpeg,9350.00,Shower Mixer for Shower Cubicles (Wall Mounted) with Connecting Legs & Flanges,https://www.jaquar.com/en/shower-mixer-for-shower-cubicles?Id=4447,"Queen's Prime, QQP-GRF-7209PM, Graphite"
Faucets,Queen's Prime,4447,Shower Mixer for Shower Cubicles,Variant,4200,Shower Mixer for Shower Cubicles - Stainless Steel,QQP-SSF-7209PM,Stainless Steel,https://www.jaquar.com/images/thumbs/0060000_shower-mixer-for-shower-cubicles-stainless-steel_960.jpeg,9350.00,Shower Mixer for Shower Cubicles (Wall Mounted) with Connecting Legs & Flanges,https://www.jaquar.com/en/shower-mixer-for-shower-cubicles?Id=4447,"Queen's Prime, QQP-SSF-7209PM, Stainless Steel"
Faucets,Queen's Prime,4488,Wall Mixer,Parent,4196,Wall Mixer - Chrome,QQP-CHR-7217PM,Chrome,https://www.jaquar.com/images/thumbs/0016865_wall-mixer-chrome_960.jpeg,8550.00,"Wall Mixer with Telephone Shower Arrangement, Connecting Legs & Wall Flanges but without Crutch & Telephone Shower",https://www.jaquar.com/en/queen-exposed-spout-shower-wall-mixer?Id=4488,"Queen's Prime, QQP-CHR-7217PM, Chrome"
Faucets,Queen's Prime,4488,Wall Mixer,Variant,4196,Wall Mixer - Antique Bronze,QQP-ABR-7217PM,Antique Bronze,https://www.jaquar.com/images/thumbs/0060351_wall-mixer-antique-bronze_960.jpeg,14400.00,"Wall Mixer with Telephone Shower Arrangement, Connecting Legs & Wall Flanges but without Crutch & Telephone Shower",https://www.jaquar.com/en/queen-exposed-spout-shower-wall-mixer?Id=4488,"Queen's Prime, QQP-ABR-7217PM, Antique Bronze"
Faucets,Queen's Prime,4488,Wall Mixer,Variant,4196,Wall Mixer - Antique Copper,QQP-ACR-7217PM,Antique Copper,https://www.jaquar.com/images/thumbs/0056071_wall-mixer-antique-copper_960.jpeg,14400.00,"Wall Mixer with Telephone Shower Arrangement, Connecting Legs & Wall Flanges but without Crutch & Telephone Shower",https://www.jaquar.com/en/queen-exposed-spout-shower-wall-mixer?Id=4488,"Queen's Prime, QQP-ACR-7217PM, Antique Copper"
Faucets,Queen's Prime,4488,Wall Mixer,Variant,4196,Wall Mixer - Black Chrome,QQP-BCH-7217PM,Black Chrome,https://www.jaquar.com/images/thumbs/0054544_wall-mixer-black-chrome_960.jpeg,12600.00,"Wall Mixer with Telephone Shower Arrangement, Connecting Legs & Wall Flanges but without Crutch & Telephone Shower",https://www.jaquar.com/en/queen-exposed-spout-shower-wall-mixer?Id=4488,"Queen's Prime, QQP-BCH-7217PM, Black Chrome"
Faucets,Queen's Prime,4488,Wall Mixer,Variant,4196,Wall Mixer - Black Matt,QQP-BLM-7217PM,Black Matt,https://www.jaquar.com/images/thumbs/0060487_wall-mixer-black-matt_960.jpeg,12600.00,"Wall Mixer with Telephone Shower Arrangement, Connecting Legs & Wall Flanges but without Crutch & Telephone Shower",https://www.jaquar.com/en/queen-exposed-spout-shower-wall-mixer?Id=4488,"Queen's Prime, QQP-BLM-7217PM, Black Matt"
Faucets,Queen's Prime,4488,Wall Mixer,Variant,4196,Wall Mixer - Graphite,QQP-GRF-7217PM,Graphite,https://www.jaquar.com/images/thumbs/0056023_wall-mixer-graphite_960.jpeg,14400.00,"Wall Mixer with Telephone Shower Arrangement, Connecting Legs & Wall Flanges but without Crutch & Telephone Shower",https://www.jaquar.com/en/queen-exposed-spout-shower-wall-mixer?Id=4488,"Queen's Prime, QQP-GRF-7217PM, Graphite"
Faucets,Queen's Prime,4488,Wall Mixer,Variant,4196,Wall Mixer - Stainless Steel,QQP-SSF-7217PM,Stainless Steel,https://www.jaquar.com/images/thumbs/0056024_wall-mixer-stainless-steel_960.jpeg,14400.00,"Wall Mixer with Telephone Shower Arrangement, Connecting Legs & Wall Flanges but without Crutch & Telephone Shower",https://www.jaquar.com/en/queen-exposed-spout-shower-wall-mixer?Id=4488,"Queen's Prime, QQP-SSF-7217PM, Stainless Steel"
Faucets,Queen's Prime,4499,Wall Mixer,Parent,4197,Wall Mixer - Chrome,QQP-CHR-7267PM,Chrome,https://www.jaquar.com/images/thumbs/0016894_wall-mixer-chrome_960.jpeg,9150.00,"Wall Mixer with Connector for Hand Shower arrangement with Connecting Legs, Wall Flanges & Wall Bracket for Hand Shower",https://www.jaquar.com/en/wall-mixer-3?Id=4499,"Queen's Prime, QQP-CHR-7267PM, Chrome"
Faucets,Queen's Prime,4499,Wall Mixer,Variant,4197,Wall Mixer - Antique Bronze,QQP-ABR-7267PM,Antique Bronze,https://www.jaquar.com/images/thumbs/0056142_wall-mixer-antique-bronze_960.jpeg,15400.00,"Wall Mixer with Connector for Hand Shower arrangement with Connecting Legs, Wall Flanges & Wall Bracket for Hand Shower",https://www.jaquar.com/en/wall-mixer-3?Id=4499,"Queen's Prime, QQP-ABR-7267PM, Antique Bronze"
Faucets,Queen's Prime,4499,Wall Mixer,Variant,4197,Wall Mixer - Antique Copper,QQP-ACR-7267PM,Antique Copper,https://www.jaquar.com/images/thumbs/0056143_wall-mixer-antique-copper_960.jpeg,15400.00,"Wall Mixer with Connector for Hand Shower arrangement with Connecting Legs, Wall Flanges & Wall Bracket for Hand Shower",https://www.jaquar.com/en/wall-mixer-3?Id=4499,"Queen's Prime, QQP-ACR-7267PM, Antique Copper"
Faucets,Queen's Prime,4499,Wall Mixer,Variant,4197,Wall Mixer - Black Chrome,QQP-BCH-7267PM,Black Chrome,https://www.jaquar.com/images/thumbs/0056144_wall-mixer-black-chrome_960.jpeg,13500.00,"Wall Mixer with Connector for Hand Shower arrangement with Connecting Legs, Wall Flanges & Wall Bracket for Hand Shower",https://www.jaquar.com/en/wall-mixer-3?Id=4499,"Queen's Prime, QQP-BCH-7267PM, Black Chrome"
Faucets,Queen's Prime,4499,Wall Mixer,Variant,4197,Wall Mixer - Black Matt,QQP-BLM-7267PM,Black Matt,https://www.jaquar.com/images/thumbs/0059124_wall-mixer-black-matt_960.jpeg,13500.00,"Wall Mixer with Connector for Hand Shower arrangement with Connecting Legs, Wall Flanges & Wall Bracket for Hand Shower",https://www.jaquar.com/en/wall-mixer-3?Id=4499,"Queen's Prime, QQP-BLM-7267PM, Black Matt"
Faucets,Queen's Prime,4499,Wall Mixer,Variant,4197,Wall Mixer - Graphite,QQP-GRF-7267PM,Graphite,https://www.jaquar.com/images/thumbs/0056146_wall-mixer-graphite_960.jpeg,15400.00,"Wall Mixer with Connector for Hand Shower arrangement with Connecting Legs, Wall Flanges & Wall Bracket for Hand Shower",https://www.jaquar.com/en/wall-mixer-3?Id=4499,"Queen's Prime, QQP-GRF-7267PM, Graphite"
Faucets,Queen's Prime,4499,Wall Mixer,Variant,4197,Wall Mixer - Stainless Steel,QQP-SSF-7267PM,Stainless Steel,https://www.jaquar.com/images/thumbs/0069349_wall-mixer-stainless-steel_960.jpeg,15400.00,"Wall Mixer with Connector for Hand Shower arrangement with Connecting Legs, Wall Flanges & Wall Bracket for Hand Shower",https://www.jaquar.com/en/wall-mixer-3?Id=4499,"Queen's Prime, QQP-SSF-7267PM, Stainless Steel"
Faucets,Queen's Prime,4511,Bath Tub Mixer,Parent,4204,Bath Tub Mixer - Chrome,QQP-CHR-7271PM,Chrome,https://www.jaquar.com/images/thumbs/0060490_bath-tub-mixer-chrome_960.jpeg,11800.00,Bath Tub Mixer (Exposed Straight Legs) with Telephone Shower Arrangement & Crutch (without Hand Shower and Hoses),https://www.jaquar.com/en/bath-tub-mixer-3?Id=4511,"Queen's Prime, QQP-CHR-7271PM, Chrome"
Faucets,Queen's Prime,4511,Bath Tub Mixer,Variant,4204,Bath Tub Mixer - Antique Bronze,QQP-ABR-7271PM,Antique Bronze,https://www.jaquar.com/images/thumbs/0056095_bath-tub-mixer-antique-bronze_960.jpeg,19900.00,Bath Tub Mixer (Exposed Straight Legs) with Telephone Shower Arrangement & Crutch (without Hand Shower and Hoses),https://www.jaquar.com/en/bath-tub-mixer-3?Id=4511,"Queen's Prime, QQP-ABR-7271PM, Antique Bronze"
Faucets,Queen's Prime,4511,Bath Tub Mixer,Variant,4204,Bath Tub Mixer - Antique Copper,QQP-ACR-7271PM,Antique Copper,https://www.jaquar.com/images/thumbs/0060493_bath-tub-mixer-antique-copper_960.jpeg,19900.00,Bath Tub Mixer (Exposed Straight Legs) with Telephone Shower Arrangement & Crutch (without Hand Shower and Hoses),https://www.jaquar.com/en/bath-tub-mixer-3?Id=4511,"Queen's Prime, QQP-ACR-7271PM, Antique Copper"
Faucets,Queen's Prime,4511,Bath Tub Mixer,Variant,4204,Bath Tub Mixer - Black Chrome,QQP-BCH-7271PM,Black Chrome,https://www.jaquar.com/images/thumbs/0060492_bath-tub-mixer-black-chrome_960.jpeg,17400.00,Bath Tub Mixer (Exposed Straight Legs) with Telephone Shower Arrangement & Crutch (without Hand Shower and Hoses),https://www.jaquar.com/en/bath-tub-mixer-3?Id=4511,"Queen's Prime, QQP-BCH-7271PM, Black Chrome"
Faucets,Queen's Prime,4511,Bath Tub Mixer,Variant,4204,Bath Tub Mixer - Black Matt,QQP-BLM-7271PM,Black Matt,https://www.jaquar.com/images/thumbs/0060491_bath-tub-mixer-black-matt_960.jpeg,17400.00,Bath Tub Mixer (Exposed Straight Legs) with Telephone Shower Arrangement & Crutch (without Hand Shower and Hoses),https://www.jaquar.com/en/bath-tub-mixer-3?Id=4511,"Queen's Prime, QQP-BLM-7271PM, Black Matt"
Faucets,Queen's Prime,4511,Bath Tub Mixer,Variant,4204,Bath Tub Mixer - Graphite,QQP-GRF-7271PM,Graphite,https://www.jaquar.com/images/thumbs/0016936_bath-tub-mixer-graphite_960.jpeg,19900.00,Bath Tub Mixer (Exposed Straight Legs) with Telephone Shower Arrangement & Crutch (without Hand Shower and Hoses),https://www.jaquar.com/en/bath-tub-mixer-3?Id=4511,"Queen's Prime, QQP-GRF-7271PM, Graphite"
Faucets,Queen's Prime,4511,Bath Tub Mixer,Variant,4204,Bath Tub Mixer - Stainless Steel,QQP-SSF-7271PM,Stainless Steel,https://www.jaquar.com/images/thumbs/0060488_bath-tub-mixer-stainless-steel_960.jpeg,19900.00,Bath Tub Mixer (Exposed Straight Legs) with Telephone Shower Arrangement & Crutch (without Hand Shower and Hoses),https://www.jaquar.com/en/bath-tub-mixer-3?Id=4511,"Queen's Prime, QQP-SSF-7271PM, Stainless Steel"
Faucets,Queen's Prime,10341,Wall Mixer with Provision For Overhead Shower,Parent,4198,Wall Mixer with Provision For Overhead Shower - Chrome,QQP-CHR-7273PM,Chrome,https://www.jaquar.com/images/thumbs/0048069_wall-mixer-with-provision-for-overhead-shower-chrome_960.jpeg,9400.00,"Wall Mixer with Provision For Overhead Shower with 115mm Long Bend Pipe On Upper Side, Connecting Legs & Wall Flanges",https://www.jaquar.com/en/wall-mixer-with-provision-for-overhead-shower?Id=10341,"Queen's Prime, QQP-CHR-7273PM, Chrome"
Faucets,Queen's Prime,10341,Wall Mixer with Provision For Overhead Shower,Variant,4198,Wall Mixer with Provision For Overhead Shower - Antique Bronze,QQP-ABR-7273PM,Antique Bronze,https://www.jaquar.com/images/thumbs/0056078_wall-mixer-with-provision-for-overhead-shower-antique-bronze_960.jpeg,15900.00,"Wall Mixer with Provision For Overhead Shower with 115mm Long Bend Pipe On Upper Side, Connecting Legs & Wall Flanges",https://www.jaquar.com/en/wall-mixer-with-provision-for-overhead-shower?Id=10341,"Queen's Prime, QQP-ABR-7273PM, Antique Bronze"
Faucets,Queen's Prime,10341,Wall Mixer with Provision For Overhead Shower,Variant,4198,Wall Mixer with Provision For Overhead Shower - Antique Copper,QQP-ACR-7273PM,Antique Copper,https://www.jaquar.com/images/thumbs/0054548_wall-mixer-with-provision-for-overhead-shower-antique-copper_960.jpeg,15900.00,"Wall Mixer with Provision For Overhead Shower with 115mm Long Bend Pipe On Upper Side, Connecting Legs & Wall Flanges",https://www.jaquar.com/en/wall-mixer-with-provision-for-overhead-shower?Id=10341,"Queen's Prime, QQP-ACR-7273PM, Antique Copper"
Faucets,Queen's Prime,10341,Wall Mixer with Provision For Overhead Shower,Variant,4198,Wall Mixer with Provision For Overhead Shower - Black Chrome,QQP-BCH-7273PM,Black Chrome,https://www.jaquar.com/images/thumbs/0054549_wall-mixer-with-provision-for-overhead-shower-black-chrome_960.jpeg,13900.00,"Wall Mixer with Provision For Overhead Shower with 115mm Long Bend Pipe On Upper Side, Connecting Legs & Wall Flanges",https://www.jaquar.com/en/wall-mixer-with-provision-for-overhead-shower?Id=10341,"Queen's Prime, QQP-BCH-7273PM, Black Chrome"
Faucets,Queen's Prime,10341,Wall Mixer with Provision For Overhead Shower,Variant,4198,Wall Mixer with Provision For Overhead Shower - Black Matt,QQP-BLM-7273PM,Black Matt,https://www.jaquar.com/images/thumbs/0060353_wall-mixer-with-provision-for-overhead-shower-black-matt_960.jpeg,13900.00,"Wall Mixer with Provision For Overhead Shower with 115mm Long Bend Pipe On Upper Side, Connecting Legs & Wall Flanges",https://www.jaquar.com/en/wall-mixer-with-provision-for-overhead-shower?Id=10341,"Queen's Prime, QQP-BLM-7273PM, Black Matt"
Faucets,Queen's Prime,10341,Wall Mixer with Provision For Overhead Shower,Variant,4198,Wall Mixer with Provision For Overhead Shower - Graphite,QQP-GRF-7273PM,Graphite,https://www.jaquar.com/images/thumbs/0054550_wall-mixer-with-provision-for-overhead-shower-graphite_960.jpeg,15900.00,"Wall Mixer with Provision For Overhead Shower with 115mm Long Bend Pipe On Upper Side, Connecting Legs & Wall Flanges",https://www.jaquar.com/en/wall-mixer-with-provision-for-overhead-shower?Id=10341,"Queen's Prime, QQP-GRF-7273PM, Graphite"
Faucets,Queen's Prime,10341,Wall Mixer with Provision For Overhead Shower,Variant,4198,Wall Mixer with Provision For Overhead Shower - Stainless Steel,QQP-SSF-7273PM,Stainless Steel,https://www.jaquar.com/images/thumbs/0060494_wall-mixer-with-provision-for-overhead-shower-stainless-steel_960.jpeg,15900.00,"Wall Mixer with Provision For Overhead Shower with 115mm Long Bend Pipe On Upper Side, Connecting Legs & Wall Flanges",https://www.jaquar.com/en/wall-mixer-with-provision-for-overhead-shower?Id=10341,"Queen's Prime, QQP-SSF-7273PM, Stainless Steel"
Faucets,Queen's Prime,4563,Wall Mixer 3-in-1 System,Parent,4199,Wall Mixer 3-in-1 System - Chrome,QQP-CHR-7281PM,Chrome,https://www.jaquar.com/images/thumbs/0017021_wall-mixer-3-in-1-system-chrome_960.jpeg,10000.00,"Wall Mixer 3-in-1 System with Provision for both Hand Shower and Overhead Shower Complete with 115mm Long Bend Pipe, Connecting Legs & Wall Flange (without Hand & Overhead Shower)",https://www.jaquar.com/en/wall-mixer-3-in-1-system?Id=4563,"Queen's Prime, QQP-CHR-7281PM, Chrome"
Faucets,Queen's Prime,4563,Wall Mixer 3-in-1 System,Variant,4199,Wall Mixer 3-in-1 System - Antique Bronze,QQP-ABR-7281PM,Antique Bronze,https://www.jaquar.com/images/thumbs/0069437_wall-mixer-3-in-1-system-antique-bronze_960.jpeg,16800.00,"Wall Mixer 3-in-1 System with Provision for both Hand Shower and Overhead Shower Complete with 115mm Long Bend Pipe, Connecting Legs & Wall Flange (without Hand & Overhead Shower)",https://www.jaquar.com/en/wall-mixer-3-in-1-system?Id=4563,"Queen's Prime, QQP-ABR-7281PM, Antique Bronze"
Faucets,Queen's Prime,4563,Wall Mixer 3-in-1 System,Variant,4199,Wall Mixer 3-in-1 System - Antique Copper,QQP-ACR-7281PM,Antique Copper,https://www.jaquar.com/images/thumbs/0056073_wall-mixer-3-in-1-system-antique-copper_960.jpeg,16800.00,"Wall Mixer 3-in-1 System with Provision for both Hand Shower and Overhead Shower Complete with 115mm Long Bend Pipe, Connecting Legs & Wall Flange (without Hand & Overhead Shower)",https://www.jaquar.com/en/wall-mixer-3-in-1-system?Id=4563,"Queen's Prime, QQP-ACR-7281PM, Antique Copper"
Faucets,Queen's Prime,4563,Wall Mixer 3-in-1 System,Variant,4199,Wall Mixer 3-in-1 System - Black Chrome,QQP-BCH-7281PM,Black Chrome,https://www.jaquar.com/images/thumbs/0054551_wall-mixer-3-in-1-system-black-chrome_960.jpeg,14800.00,"Wall Mixer 3-in-1 System with Provision for both Hand Shower and Overhead Shower Complete with 115mm Long Bend Pipe, Connecting Legs & Wall Flange (without Hand & Overhead Shower)",https://www.jaquar.com/en/wall-mixer-3-in-1-system?Id=4563,"Queen's Prime, QQP-BCH-7281PM, Black Chrome"
Faucets,Queen's Prime,4563,Wall Mixer 3-in-1 System,Variant,4199,Wall Mixer 3-in-1 System - Black Matt,QQP-BLM-7281PM,Black Matt,https://www.jaquar.com/images/thumbs/0069438_wall-mixer-3-in-1-system-black-matt_960.jpeg,14800.00,"Wall Mixer 3-in-1 System with Provision for both Hand Shower and Overhead Shower Complete with 115mm Long Bend Pipe, Connecting Legs & Wall Flange (without Hand & Overhead Shower)",https://www.jaquar.com/en/wall-mixer-3-in-1-system?Id=4563,"Queen's Prime, QQP-BLM-7281PM, Black Matt"
Faucets,Queen's Prime,4563,Wall Mixer 3-in-1 System,Variant,4199,Wall Mixer 3-in-1 System - Graphite,QQP-GRF-7281PM,Graphite,https://www.jaquar.com/images/thumbs/0069439_wall-mixer-3-in-1-system-graphite_960.jpeg,16800.00,"Wall Mixer 3-in-1 System with Provision for both Hand Shower and Overhead Shower Complete with 115mm Long Bend Pipe, Connecting Legs & Wall Flange (without Hand & Overhead Shower)",https://www.jaquar.com/en/wall-mixer-3-in-1-system?Id=4563,"Queen's Prime, QQP-GRF-7281PM, Graphite"
Faucets,Queen's Prime,4563,Wall Mixer 3-in-1 System,Variant,4199,Wall Mixer 3-in-1 System - Stainless Steel,QQP-SSF-7281PM,Stainless Steel,https://www.jaquar.com/images/thumbs/0060498_wall-mixer-3-in-1-system-stainless-steel_960.jpeg,16800.00,"Wall Mixer 3-in-1 System with Provision for both Hand Shower and Overhead Shower Complete with 115mm Long Bend Pipe, Connecting Legs & Wall Flange (without Hand & Overhead Shower)",https://www.jaquar.com/en/wall-mixer-3-in-1-system?Id=4563,"Queen's Prime, QQP-SSF-7281PM, Stainless Steel"
Faucets,Queen's Prime,7411,Exposed Wall Mixer,Parent,7410,Exposed Wall Mixer - Chrome,QQP-CHR-7215PM,Chrome,https://www.jaquar.com/images/thumbs/0038377_exposed-wall-mixer-chrome_960.jpeg,7600.00,Exposed Wall Mixer with Provision Only for Overhead Shower & Hand Shower with Connecting Legs & Wall Flanges,https://www.jaquar.com/en/exposed-wall-mixer-2?Id=7411,"Queen's Prime, QQP-CHR-7215PM, Chrome"
Faucets,Queen's Prime,7411,Exposed Wall Mixer,Variant,7410,Exposed Wall Mixer - Antique Bronze,QQP-ABR-7215PM,Antique Bronze,https://www.jaquar.com/images/thumbs/0056094_exposed-wall-mixer-antique-bronze_960.jpeg,12800.00,Exposed Wall Mixer with Provision Only for Overhead Shower & Hand Shower with Connecting Legs & Wall Flanges,https://www.jaquar.com/en/exposed-wall-mixer-2?Id=7411,"Queen's Prime, QQP-ABR-7215PM, Antique Bronze"
Faucets,Queen's Prime,7411,Exposed Wall Mixer,Variant,7410,Exposed Wall Mixer - Antique Copper,QQP-ACR-7215PM,Antique Copper,https://www.jaquar.com/images/thumbs/0054540_exposed-wall-mixer-antique-copper_960.jpeg,12800.00,Exposed Wall Mixer with Provision Only for Overhead Shower & Hand Shower with Connecting Legs & Wall Flanges,https://www.jaquar.com/en/exposed-wall-mixer-2?Id=7411,"Queen's Prime, QQP-ACR-7215PM, Antique Copper"
Faucets,Queen's Prime,7411,Exposed Wall Mixer,Variant,7410,Exposed Wall Mixer - Black Chrome,QQP-BCH-7215PM,Black Chrome,https://www.jaquar.com/images/thumbs/0054541_exposed-wall-mixer-black-chrome_960.jpeg,11200.00,Exposed Wall Mixer with Provision Only for Overhead Shower & Hand Shower with Connecting Legs & Wall Flanges,https://www.jaquar.com/en/exposed-wall-mixer-2?Id=7411,"Queen's Prime, QQP-BCH-7215PM, Black Chrome"
Faucets,Queen's Prime,7411,Exposed Wall Mixer,Variant,7410,Exposed Wall Mixer - Black Matt,QQP-BLM-7215PM,Black Matt,https://www.jaquar.com/images/thumbs/0054542_exposed-wall-mixer-black-matt_960.jpeg,11200.00,Exposed Wall Mixer with Provision Only for Overhead Shower & Hand Shower with Connecting Legs & Wall Flanges,https://www.jaquar.com/en/exposed-wall-mixer-2?Id=7411,"Queen's Prime, QQP-BLM-7215PM, Black Matt"
Faucets,Queen's Prime,7411,Exposed Wall Mixer,Variant,7410,Exposed Wall Mixer - Graphite,QQP-GRF-7215PM,Graphite,https://www.jaquar.com/images/thumbs/0056022_exposed-wall-mixer-graphite_960.jpeg,12800.00,Exposed Wall Mixer with Provision Only for Overhead Shower & Hand Shower with Connecting Legs & Wall Flanges,https://www.jaquar.com/en/exposed-wall-mixer-2?Id=7411,"Queen's Prime, QQP-GRF-7215PM, Graphite"
Faucets,Queen's Prime,7411,Exposed Wall Mixer,Variant,7410,Exposed Wall Mixer - Stainless Steel,QQP-SSF-7215PM,Stainless Steel,https://www.jaquar.com/images/thumbs/0069348_exposed-wall-mixer-stainless-steel_960.jpeg,12800.00,Exposed Wall Mixer with Provision Only for Overhead Shower & Hand Shower with Connecting Legs & Wall Flanges,https://www.jaquar.com/en/exposed-wall-mixer-2?Id=7411,"Queen's Prime, QQP-SSF-7215PM, Stainless Steel"
Faucets,Queen's Prime,4552,Bath and Shower Mixer,Parent,4205,Bath and Shower Mixer - Chrome,QQP-CHR-7271PMHL,Chrome,https://www.jaquar.com/images/thumbs/0017000_bath-and-shower-mixer-chrome_960.jpeg,22900.00,Bath and Shower Mixer with Telephonic Shower Crutch and 950mm High Rise Legs (without Shower & Shower Hose),https://www.jaquar.com/en/bath-and-shower-mixer?Id=4552,"Queen's Prime, QQP-CHR-7271PMHL, Chrome"
Faucets,Queen's Prime,4552,Bath and Shower Mixer,Variant,4205,Bath and Shower Mixer - Antique Bronze,QQP-ABR-7271PMHL,Antique Bronze,https://www.jaquar.com/images/thumbs/0056098_bath-and-shower-mixer-antique-bronze_960.jpeg,38600.00,Bath and Shower Mixer with Telephonic Shower Crutch and 950mm High Rise Legs (without Shower & Shower Hose),https://www.jaquar.com/en/bath-and-shower-mixer?Id=4552,"Queen's Prime, QQP-ABR-7271PMHL, Antique Bronze"
Faucets,Queen's Prime,4552,Bath and Shower Mixer,Variant,4205,Bath and Shower Mixer - Antique Copper,QQP-ACR-7271PMHL,Antique Copper,https://www.jaquar.com/images/thumbs/0056099_bath-and-shower-mixer-antique-copper_960.jpeg,38600.00,Bath and Shower Mixer with Telephonic Shower Crutch and 950mm High Rise Legs (without Shower & Shower Hose),https://www.jaquar.com/en/bath-and-shower-mixer?Id=4552,"Queen's Prime, QQP-ACR-7271PMHL, Antique Copper"
Faucets,Queen's Prime,4552,Bath and Shower Mixer,Variant,4205,Bath and Shower Mixer - Black Chrome,QQP-BCH-7271PMHL,Black Chrome,https://www.jaquar.com/images/thumbs/0060352_bath-and-shower-mixer-black-chrome_960.jpeg,33800.00,Bath and Shower Mixer with Telephonic Shower Crutch and 950mm High Rise Legs (without Shower & Shower Hose),https://www.jaquar.com/en/bath-and-shower-mixer?Id=4552,"Queen's Prime, QQP-BCH-7271PMHL, Black Chrome"
Faucets,Queen's Prime,4552,Bath and Shower Mixer,Variant,4205,Bath and Shower Mixer - Black Matt,QQP-BLM-7271PMHL,Black Matt,https://www.jaquar.com/images/thumbs/0056100_bath-and-shower-mixer-black-matt_960.jpeg,33800.00,Bath and Shower Mixer with Telephonic Shower Crutch and 950mm High Rise Legs (without Shower & Shower Hose),https://www.jaquar.com/en/bath-and-shower-mixer?Id=4552,"Queen's Prime, QQP-BLM-7271PMHL, Black Matt"
Faucets,Queen's Prime,4552,Bath and Shower Mixer,Variant,4205,Bath and Shower Mixer - Graphite,QQP-GRF-7271PMHL,Graphite,https://www.jaquar.com/images/thumbs/0056101_bath-and-shower-mixer-graphite_960.jpeg,38600.00,Bath and Shower Mixer with Telephonic Shower Crutch and 950mm High Rise Legs (without Shower & Shower Hose),https://www.jaquar.com/en/bath-and-shower-mixer?Id=4552,"Queen's Prime, QQP-GRF-7271PMHL, Graphite"
Faucets,Queen's Prime,4552,Bath and Shower Mixer,Variant,4205,Bath and Shower Mixer - Stainless Steel,QQP-SSF-7271PMHL,Stainless Steel,https://www.jaquar.com/images/thumbs/0056102_bath-and-shower-mixer-stainless-steel_960.jpeg,38600.00,Bath and Shower Mixer with Telephonic Shower Crutch and 950mm High Rise Legs (without Shower & Shower Hose),https://www.jaquar.com/en/bath-and-shower-mixer?Id=4552,"Queen's Prime, QQP-SSF-7271PMHL, Stainless Steel"
Faucets,Queen's Prime,4573,Sink Mixer with Short Swinging Spout,Parent,4206,Sink Mixer with Short Swinging Spout - Chrome,QQP-CHR-7307PM,Chrome,https://www.jaquar.com/images/thumbs/0017041_sink-mixer-with-short-swinging-spout-chrome_960.jpeg,6850.00,Sink Mixer with Short Swinging Spout (Wall Mounted Model) with Connecting Legs & Wall Flanges,https://www.jaquar.com/en/sink-mixer-with-short-swinging-spout?Id=4573,"Queen's Prime, QQP-CHR-7307PM, Chrome"
Faucets,Queen's Prime,4573,Sink Mixer with Short Swinging Spout,Variant,4206,Sink Mixer with Short Swinging Spout - Antique Bronze,QQP-ABR-7307PM,Antique Bronze,https://www.jaquar.com/images/thumbs/0052048_sink-mixer-with-short-swinging-spout-antique-bronze_960.jpeg,11500.00,Sink Mixer with Short Swinging Spout (Wall Mounted Model) with Connecting Legs & Wall Flanges,https://www.jaquar.com/en/sink-mixer-with-short-swinging-spout?Id=4573,"Queen's Prime, QQP-ABR-7307PM, Antique Bronze"
Faucets,Queen's Prime,4573,Sink Mixer with Short Swinging Spout,Variant,4206,Sink Mixer with Short Swinging Spout - Antique Copper,QQP-ACR-7307PM,Antique Copper,https://www.jaquar.com/images/thumbs/0056074_sink-mixer-with-short-swinging-spout-antique-copper_960.jpeg,11500.00,Sink Mixer with Short Swinging Spout (Wall Mounted Model) with Connecting Legs & Wall Flanges,https://www.jaquar.com/en/sink-mixer-with-short-swinging-spout?Id=4573,"Queen's Prime, QQP-ACR-7307PM, Antique Copper"
Faucets,Queen's Prime,4573,Sink Mixer with Short Swinging Spout,Variant,4206,Sink Mixer with Short Swinging Spout - Black Chrome,QQP-BCH-7307PM,Black Chrome,https://www.jaquar.com/images/thumbs/0056027_sink-mixer-with-short-swinging-spout-black-chrome_960.jpeg,10100.00,Sink Mixer with Short Swinging Spout (Wall Mounted Model) with Connecting Legs & Wall Flanges,https://www.jaquar.com/en/sink-mixer-with-short-swinging-spout?Id=4573,"Queen's Prime, QQP-BCH-7307PM, Black Chrome"
Faucets,Queen's Prime,4573,Sink Mixer with Short Swinging Spout,Variant,4206,Sink Mixer with Short Swinging Spout - Black Matt,QQP-BLM-7307PM,Black Matt,https://www.jaquar.com/images/thumbs/0056028_sink-mixer-with-short-swinging-spout-black-matt_960.jpeg,10100.00,Sink Mixer with Short Swinging Spout (Wall Mounted Model) with Connecting Legs & Wall Flanges,https://www.jaquar.com/en/sink-mixer-with-short-swinging-spout?Id=4573,"Queen's Prime, QQP-BLM-7307PM, Black Matt"
Faucets,Queen's Prime,4573,Sink Mixer with Short Swinging Spout,Variant,4206,Sink Mixer with Short Swinging Spout - Graphite,QQP-GRF-7307PM,Graphite,https://www.jaquar.com/images/thumbs/0054552_sink-mixer-with-short-swinging-spout-graphite_960.jpeg,11500.00,Sink Mixer with Short Swinging Spout (Wall Mounted Model) with Connecting Legs & Wall Flanges,https://www.jaquar.com/en/sink-mixer-with-short-swinging-spout?Id=4573,"Queen's Prime, QQP-GRF-7307PM, Graphite"
Faucets,Queen's Prime,4573,Sink Mixer with Short Swinging Spout,Variant,4206,Sink Mixer with Short Swinging Spout - Stainless Steel,QQP-SSF-7307PM,Stainless Steel,https://www.jaquar.com/images/thumbs/0060499_sink-mixer-with-short-swinging-spout-stainless-steel_960.jpeg,11500.00,Sink Mixer with Short Swinging Spout (Wall Mounted Model) with Connecting Legs & Wall Flanges,https://www.jaquar.com/en/sink-mixer-with-short-swinging-spout?Id=4573,"Queen's Prime, QQP-SSF-7307PM, Stainless Steel"
Faucets,Queen's Prime,4583,Sink Mixer with Regular Swinging Spout,Parent,4207,Sink Mixer with Regular Swinging Spout - Chrome,QQP-CHR-7309PM,Chrome,https://www.jaquar.com/images/thumbs/0067269_sink-mixer-with-regular-swinging-spout-chrome_960.jpeg,6950.00,Sink Mixer with Regular Swinging Spout (Wall Mounted Model) with Connecting Legs & Wall Flanges,https://www.jaquar.com/en/sink-mixer-with-regular-swinging-spout?Id=4583,"Queen's Prime, QQP-CHR-7309PM, Chrome"
Faucets,Queen's Prime,4583,Sink Mixer with Regular Swinging Spout,Variant,4207,Sink Mixer with Regular Swinging Spout - Antique Bronze,QQP-ABR-7309PM,Antique Bronze,https://www.jaquar.com/images/thumbs/0052419_sink-mixer-with-regular-swinging-spout-antique-bronze_960.jpeg,11700.00,Sink Mixer with Regular Swinging Spout (Wall Mounted Model) with Connecting Legs & Wall Flanges,https://www.jaquar.com/en/sink-mixer-with-regular-swinging-spout?Id=4583,"Queen's Prime, QQP-ABR-7309PM, Antique Bronze"
Faucets,Queen's Prime,4583,Sink Mixer with Regular Swinging Spout,Variant,4207,Sink Mixer with Regular Swinging Spout - Antique Copper,QQP-ACR-7309PM,Antique Copper,https://www.jaquar.com/images/thumbs/0053760_sink-mixer-with-regular-swinging-spout-antique-copper_960.jpeg,11700.00,Sink Mixer with Regular Swinging Spout (Wall Mounted Model) with Connecting Legs & Wall Flanges,https://www.jaquar.com/en/sink-mixer-with-regular-swinging-spout?Id=4583,"Queen's Prime, QQP-ACR-7309PM, Antique Copper"
Faucets,Queen's Prime,4583,Sink Mixer with Regular Swinging Spout,Variant,4207,Sink Mixer with Regular Swinging Spout - Black Chrome,QQP-BCH-7309PM,Black Chrome,https://www.jaquar.com/images/thumbs/0056082_sink-mixer-with-regular-swinging-spout-black-chrome_960.jpeg,10300.00,Sink Mixer with Regular Swinging Spout (Wall Mounted Model) with Connecting Legs & Wall Flanges,https://www.jaquar.com/en/sink-mixer-with-regular-swinging-spout?Id=4583,"Queen's Prime, QQP-BCH-7309PM, Black Chrome"
Faucets,Queen's Prime,4583,Sink Mixer with Regular Swinging Spout,Variant,4207,Sink Mixer with Regular Swinging Spout - Black Matt,QQP-BLM-7309PM,Black Matt,https://www.jaquar.com/images/thumbs/0067270_sink-mixer-with-regular-swinging-spout-black-matt_960.jpeg,10300.00,Sink Mixer with Regular Swinging Spout (Wall Mounted Model) with Connecting Legs & Wall Flanges,https://www.jaquar.com/en/sink-mixer-with-regular-swinging-spout?Id=4583,"Queen's Prime, QQP-BLM-7309PM, Black Matt"
Faucets,Queen's Prime,4583,Sink Mixer with Regular Swinging Spout,Variant,4207,Sink Mixer with Regular Swinging Spout - Graphite,QQP-GRF-7309PM,Graphite,https://www.jaquar.com/images/thumbs/0067267_sink-mixer-with-regular-swinging-spout-graphite_960.jpeg,11700.00,Sink Mixer with Regular Swinging Spout (Wall Mounted Model) with Connecting Legs & Wall Flanges,https://www.jaquar.com/en/sink-mixer-with-regular-swinging-spout?Id=4583,"Queen's Prime, QQP-GRF-7309PM, Graphite"
Faucets,Queen's Prime,4583,Sink Mixer with Regular Swinging Spout,Variant,4207,Sink Mixer with Regular Swinging Spout - Stainless Steel,QQP-SSF-7309PM,Stainless Steel,https://www.jaquar.com/images/thumbs/0067266_sink-mixer-with-regular-swinging-spout-stainless-steel_960.jpeg,11700.00,Sink Mixer with Regular Swinging Spout (Wall Mounted Model) with Connecting Legs & Wall Flanges,https://www.jaquar.com/en/sink-mixer-with-regular-swinging-spout?Id=4583,"Queen's Prime, QQP-SSF-7309PM, Stainless Steel"
Faucets,Queen's Prime,4593,Sink Cock with Regular Swinging Spout,Parent,4208,Sink Cock with Regular Swinging Spout - Chrome,QQP-CHR-7347PM,Chrome,https://www.jaquar.com/images/thumbs/0017081_sink-cock-with-regular-swinging-spout-chrome_960.jpeg,3700.00,Sink Cock with Regular Swinging Spout (Wall Mounted Model) with Wall Flange,https://www.jaquar.com/en/sink-cock-with-regular-swinging-spout-3?Id=4593,"Queen's Prime, QQP-CHR-7347PM, Chrome"
Faucets,Queen's Prime,4593,Sink Cock with Regular Swinging Spout,Variant,4208,Sink Cock with Regular Swinging Spout - Antique Bronze,QQP-ABR-7347PM,Antique Bronze,https://www.jaquar.com/images/thumbs/0052408_sink-cock-with-regular-swinging-spout-antique-bronze_960.jpeg,6250.00,Sink Cock with Regular Swinging Spout (Wall Mounted Model) with Wall Flange,https://www.jaquar.com/en/sink-cock-with-regular-swinging-spout-3?Id=4593,"Queen's Prime, QQP-ABR-7347PM, Antique Bronze"
Faucets,Queen's Prime,4593,Sink Cock with Regular Swinging Spout,Variant,4208,Sink Cock with Regular Swinging Spout - Antique Copper,QQP-ACR-7347PM,Antique Copper,https://www.jaquar.com/images/thumbs/0054554_sink-cock-with-regular-swinging-spout-antique-copper_960.jpeg,6250.00,Sink Cock with Regular Swinging Spout (Wall Mounted Model) with Wall Flange,https://www.jaquar.com/en/sink-cock-with-regular-swinging-spout-3?Id=4593,"Queen's Prime, QQP-ACR-7347PM, Antique Copper"
Faucets,Queen's Prime,4593,Sink Cock with Regular Swinging Spout,Variant,4208,Sink Cock with Regular Swinging Spout - Black Chrome,QQP-BCH-7347PM,Black Chrome,https://www.jaquar.com/images/thumbs/0060555_sink-cock-with-regular-swinging-spout-black-chrome_960.jpeg,5450.00,Sink Cock with Regular Swinging Spout (Wall Mounted Model) with Wall Flange,https://www.jaquar.com/en/sink-cock-with-regular-swinging-spout-3?Id=4593,"Queen's Prime, QQP-BCH-7347PM, Black Chrome"
Faucets,Queen's Prime,4593,Sink Cock with Regular Swinging Spout,Variant,4208,Sink Cock with Regular Swinging Spout - Black Matt,QQP-BLM-7347PM,Black Matt,https://www.jaquar.com/images/thumbs/0060554_sink-cock-with-regular-swinging-spout-black-matt_960.jpeg,5450.00,Sink Cock with Regular Swinging Spout (Wall Mounted Model) with Wall Flange,https://www.jaquar.com/en/sink-cock-with-regular-swinging-spout-3?Id=4593,"Queen's Prime, QQP-BLM-7347PM, Black Matt"
Faucets,Queen's Prime,4593,Sink Cock with Regular Swinging Spout,Variant,4208,Sink Cock with Regular Swinging Spout - Graphite,QQP-GRF-7347PM,Graphite,https://www.jaquar.com/images/thumbs/0056031_sink-cock-with-regular-swinging-spout-graphite_960.jpeg,6250.00,Sink Cock with Regular Swinging Spout (Wall Mounted Model) with Wall Flange,https://www.jaquar.com/en/sink-cock-with-regular-swinging-spout-3?Id=4593,"Queen's Prime, QQP-GRF-7347PM, Graphite"
Faucets,Queen's Prime,4593,Sink Cock with Regular Swinging Spout,Variant,4208,Sink Cock with Regular Swinging Spout - Stainless Steel,QQP-SSF-7347PM,Stainless Steel,https://www.jaquar.com/images/thumbs/0056032_sink-cock-with-regular-swinging-spout-stainless-steel_960.jpeg,6250.00,Sink Cock with Regular Swinging Spout (Wall Mounted Model) with Wall Flange,https://www.jaquar.com/en/sink-cock-with-regular-swinging-spout-3?Id=4593,"Queen's Prime, QQP-SSF-7347PM, Stainless Steel"
Faucets,Queen's Prime,4399,Bib Cock,Parent,4209,Bib Cock - Chrome,QQP-CHR-7037PM,Chrome,https://www.jaquar.com/images/thumbs/0060262_bib-cock-chrome_960.jpeg,2700.00,Bib Cock with Wall Flange,https://www.jaquar.com/en/bib-cock-4?Id=4399,"Queen's Prime, QQP-CHR-7037PM, Chrome"
Faucets,Queen's Prime,4399,Bib Cock,Variant,4209,Bib Cock - Antique Bronze,QQP-ABR-7037PM,Antique Bronze,https://www.jaquar.com/images/thumbs/0052388_bib-cock-antique-bronze_960.jpeg,4550.00,Bib Cock with Wall Flange,https://www.jaquar.com/en/bib-cock-4?Id=4399,"Queen's Prime, QQP-ABR-7037PM, Antique Bronze"
Faucets,Queen's Prime,4399,Bib Cock,Variant,4209,Bib Cock - Antique Copper,QQP-ACR-7037PM,Antique Copper,https://www.jaquar.com/images/thumbs/0056069_bib-cock-antique-copper_960.jpeg,4550.00,Bib Cock with Wall Flange,https://www.jaquar.com/en/bib-cock-4?Id=4399,"Queen's Prime, QQP-ACR-7037PM, Antique Copper"
Faucets,Queen's Prime,4399,Bib Cock,Variant,4209,Bib Cock - Black Chrome,QQP-BCH-7037PM,Black Chrome,https://www.jaquar.com/images/thumbs/0016718_bib-cock-black-chrome_960.jpeg,4000.00,Bib Cock with Wall Flange,https://www.jaquar.com/en/bib-cock-4?Id=4399,"Queen's Prime, QQP-BCH-7037PM, Black Chrome"
Faucets,Queen's Prime,4399,Bib Cock,Variant,4209,Bib Cock - Black Matt,QQP-BLM-7037PM,Black Matt,https://www.jaquar.com/images/thumbs/0052389_bib-cock-black-matt_960.jpeg,4000.00,Bib Cock with Wall Flange,https://www.jaquar.com/en/bib-cock-4?Id=4399,"Queen's Prime, QQP-BLM-7037PM, Black Matt"
Faucets,Queen's Prime,4399,Bib Cock,Variant,4209,Bib Cock - Graphite,QQP-GRF-7037PM,Graphite,https://www.jaquar.com/images/thumbs/0016759_bib-cock-graphite_960.jpeg,4550.00,Bib Cock with Wall Flange,https://www.jaquar.com/en/bib-cock-4?Id=4399,"Queen's Prime, QQP-GRF-7037PM, Graphite"
Faucets,Queen's Prime,4399,Bib Cock,Variant,4209,Bib Cock - Stainless Steel,QQP-SSF-7037PM,Stainless Steel,https://www.jaquar.com/images/thumbs/0038901_bib-cock-stainless-steel_960.jpeg,4550.00,Bib Cock with Wall Flange,https://www.jaquar.com/en/bib-cock-4?Id=4399,"Queen's Prime, QQP-SSF-7037PM, Stainless Steel"
Faucets,Queen's Prime,4400,2-Way Bib Cock,Parent,4210,2-Way Bib Cock - Chrome,QQP-CHR-7041PM,Chrome,https://www.jaquar.com/images/thumbs/0016692_2-way-bib-cock-chrome_960.jpeg,3100.00,2-Way Bib Cock with Wall Flange,https://www.jaquar.com/en/2-way-bib-cock-3?Id=4400,"Queen's Prime, QQP-CHR-7041PM, Chrome"
Faucets,Queen's Prime,4400,2-Way Bib Cock,Variant,4210,2-Way Bib Cock - Antique Bronze,QQP-ABR-7041PM,Antique Bronze,https://www.jaquar.com/images/thumbs/0056090_2-way-bib-cock-antique-bronze_960.jpeg,5250.00,2-Way Bib Cock with Wall Flange,https://www.jaquar.com/en/2-way-bib-cock-3?Id=4400,"Queen's Prime, QQP-ABR-7041PM, Antique Bronze"
Faucets,Queen's Prime,4400,2-Way Bib Cock,Variant,4210,2-Way Bib Cock - Antique Copper,QQP-ACR-7041PM,Antique Copper,https://www.jaquar.com/images/thumbs/0056068_2-way-bib-cock-antique-copper_960.jpeg,5250.00,2-Way Bib Cock with Wall Flange,https://www.jaquar.com/en/2-way-bib-cock-3?Id=4400,"Queen's Prime, QQP-ACR-7041PM, Antique Copper"
Faucets,Queen's Prime,4400,2-Way Bib Cock,Variant,4210,2-Way Bib Cock - Black Chrome,QQP-BCH-7041PM,Black Chrome,https://www.jaquar.com/images/thumbs/0056011_2-way-bib-cock-black-chrome_960.jpeg,4600.00,2-Way Bib Cock with Wall Flange,https://www.jaquar.com/en/2-way-bib-cock-3?Id=4400,"Queen's Prime, QQP-BCH-7041PM, Black Chrome"
Faucets,Queen's Prime,4400,2-Way Bib Cock,Variant,4210,2-Way Bib Cock - Black Matt,QQP-BLM-7041PM,Black Matt,https://www.jaquar.com/images/thumbs/0052391_2-way-bib-cock-black-matt_960.jpeg,4600.00,2-Way Bib Cock with Wall Flange,https://www.jaquar.com/en/2-way-bib-cock-3?Id=4400,"Queen's Prime, QQP-BLM-7041PM, Black Matt"
Faucets,Queen's Prime,4400,2-Way Bib Cock,Variant,4210,2-Way Bib Cock - Graphite,QQP-GRF-7041PM,Graphite,https://www.jaquar.com/images/thumbs/0016760_2-way-bib-cock-graphite_960.jpeg,5250.00,2-Way Bib Cock with Wall Flange,https://www.jaquar.com/en/2-way-bib-cock-3?Id=4400,"Queen's Prime, QQP-GRF-7041PM, Graphite"
Faucets,Queen's Prime,4400,2-Way Bib Cock,Variant,4210,2-Way Bib Cock - Stainless Steel,QQP-SSF-7041PM,Stainless Steel,https://www.jaquar.com/images/thumbs/0038903_2-way-bib-cock-stainless-steel_960.jpeg,5250.00,2-Way Bib Cock with Wall Flange,https://www.jaquar.com/en/2-way-bib-cock-3?Id=4400,"Queen's Prime, QQP-SSF-7041PM, Stainless Steel"
Faucets,Queen's Prime,4401,Angular Stop Cock Cold Only,Parent,4211,Angular Stop Cock Cold Only - Chrome,QQP-CHR-7053PMC,Chrome,https://www.jaquar.com/images/thumbs/0055817_angular-stop-cock-cold-only-chrome_960.jpeg,1925.00,"Angular Stop Cock Cold Only with Wall Flange
",https://www.jaquar.com/en/angular-stop-cock-5?Id=4401,"Queen's Prime, QQP-CHR-7053PMC, Chrome"
Faucets,Queen's Prime,4401,Angular Stop Cock Cold Only,Variant,4211,Angular Stop Cock Cold Only  - Antique Bronze,QQP-ABR-7053PMC,Antique Bronze,https://www.jaquar.com/images/thumbs/0056092_angular-stop-cock-cold-only-antique-bronze_960.jpeg,3200.00,"Angular Stop Cock Cold Only with Wall Flange
",https://www.jaquar.com/en/angular-stop-cock-5?Id=4401,"Queen's Prime, QQP-ABR-7053PMC, Antique Bronze"
Faucets,Queen's Prime,4401,Angular Stop Cock Cold Only,Variant,4211,Angular Stop Cock Cold Only - Antique Copper,QQP-ACR-7053PMC,Antique Copper,https://www.jaquar.com/images/thumbs/0056070_angular-stop-cock-cold-only-antique-copper_960.jpeg,3200.00,"Angular Stop Cock Cold Only with Wall Flange
",https://www.jaquar.com/en/angular-stop-cock-5?Id=4401,"Queen's Prime, QQP-ACR-7053PMC, Antique Copper"
Faucets,Queen's Prime,4401,Angular Stop Cock Cold Only,Variant,4211,Angular Stop Cock Cold Only - Black Chrome,QQP-BCH-7053PMC,Black Chrome,https://www.jaquar.com/images/thumbs/0055820_angular-stop-cock-cold-only-black-chrome_960.jpeg,2800.00,"Angular Stop Cock Cold Only with Wall Flange
",https://www.jaquar.com/en/angular-stop-cock-5?Id=4401,"Queen's Prime, QQP-BCH-7053PMC, Black Chrome"
Faucets,Queen's Prime,4401,Angular Stop Cock Cold Only,Variant,4211,Angular Stop Cock Cold Only - Black Matt,QQP-BLM-7053PMC,Black Matt,https://www.jaquar.com/images/thumbs/0055821_angular-stop-cock-cold-only-black-matt_960.jpeg,2800.00,"Angular Stop Cock Cold Only with Wall Flange
",https://www.jaquar.com/en/angular-stop-cock-5?Id=4401,"Queen's Prime, QQP-BLM-7053PMC, Black Matt"
Faucets,Queen's Prime,4401,Angular Stop Cock Cold Only,Variant,4211,Angular Stop Cock Cold Only - Graphite,QQP-GRF-7053PMC,Graphite,https://www.jaquar.com/images/thumbs/0055822_angular-stop-cock-cold-only-graphite_960.jpeg,3200.00,"Angular Stop Cock Cold Only with Wall Flange
",https://www.jaquar.com/en/angular-stop-cock-5?Id=4401,"Queen's Prime, QQP-GRF-7053PMC, Graphite"
Faucets,Queen's Prime,4401,Angular Stop Cock Cold Only,Variant,4211,Angular Stop Cock Cold Only - Stainless Steel,QQP-SSF-7053PMC,Stainless Steel,https://www.jaquar.com/images/thumbs/0055823_angular-stop-cock-cold-only-stainless-steel_960.jpeg,3200.00,"Angular Stop Cock Cold Only with Wall Flange
",https://www.jaquar.com/en/angular-stop-cock-5?Id=4401,"Queen's Prime, QQP-SSF-7053PMC, Stainless Steel"
Faucets,Queen's Prime,11571,Angular Stop Cock Hot Only,Parent,11570,Angular Stop Cock Hot Only - Chrome,QQP-CHR-7053PMH,Chrome,https://www.jaquar.com/images/thumbs/0055825_angular-stop-cock-hot-only-chrome_960.jpeg,1925.00,"Angular Stop Cock Hot Only with Wall Flange
",https://www.jaquar.com/en/angular-stop-cock-8?Id=11571,"Queen's Prime, QQP-CHR-7053PMH, Chrome"
Faucets,Queen's Prime,11571,Angular Stop Cock Hot Only,Variant,11570,Angular Stop Cock Hot Only  - Antique Bronze,QQP-ABR-7053PMH,Antique Bronze,https://www.jaquar.com/images/thumbs/0055826_angular-stop-cock-hot-only-antique-bronze_960.jpeg,3200.00,"Angular Stop Cock Hot Only with Wall Flange
",https://www.jaquar.com/en/angular-stop-cock-8?Id=11571,"Queen's Prime, QQP-ABR-7053PMH, Antique Bronze"
Faucets,Queen's Prime,11571,Angular Stop Cock Hot Only,Variant,11570,Angular Stop Cock - Antique Copper,QQP-ACR-7053PMH,Antique Copper,https://www.jaquar.com/images/thumbs/0055827_angular-stop-cock-antique-copper_960.jpeg,3200.00,Angular Stop Cock with Wall Flange,https://www.jaquar.com/en/angular-stop-cock-8?Id=11571,"Queen's Prime, QQP-ACR-7053PMH, Antique Copper"
Faucets,Queen's Prime,11571,Angular Stop Cock Hot Only,Variant,11570,Angular Stop Cock Hot Only - Black Chrome,QQP-BCH-7053PMH,Black Chrome,https://www.jaquar.com/images/thumbs/0055828_angular-stop-cock-hot-only-black-chrome_960.jpeg,2800.00,"Angular Stop Cock Hot Only with Wall Flange
",https://www.jaquar.com/en/angular-stop-cock-8?Id=11571,"Queen's Prime, QQP-BCH-7053PMH, Black Chrome"
Faucets,Queen's Prime,11571,Angular Stop Cock Hot Only,Variant,11570,Angular Stop Cock - Black Matt,QQP-BLM-7053PMH,Black Matt,https://www.jaquar.com/images/thumbs/0055829_angular-stop-cock-black-matt_960.jpeg,2800.00,Angular Stop Cock with Wall Flange,https://www.jaquar.com/en/angular-stop-cock-8?Id=11571,"Queen's Prime, QQP-BLM-7053PMH, Black Matt"
Faucets,Queen's Prime,11571,Angular Stop Cock Hot Only,Variant,11570,Angular Stop Cock Hot Only - Graphite,QQP-GRF-7053PMH,Graphite,https://www.jaquar.com/images/thumbs/0055830_angular-stop-cock-hot-only-graphite_960.jpeg,3200.00,"Angular Stop Cock Hot Only with Wall Flange
",https://www.jaquar.com/en/angular-stop-cock-8?Id=11571,"Queen's Prime, QQP-GRF-7053PMH, Graphite"
Faucets,Queen's Prime,11571,Angular Stop Cock Hot Only,Variant,11570,Angular Stop Cock Hot Only - Stainless Steel,QQP-SSF-7053PMH,Stainless Steel,https://www.jaquar.com/images/thumbs/0055831_angular-stop-cock-hot-only-stainless-steel_960.jpeg,3200.00,"Angular Stop Cock Hot Only with Wall Flange
",https://www.jaquar.com/en/angular-stop-cock-8?Id=11571,"Queen's Prime, QQP-SSF-7053PMH, Stainless Steel"
Faucets,Queen's Prime,4404,Exposed Part Kit of Concealed Stop Cock Cold Only,Parent,4212,Exposed Part Kit of Concealed Stop Cock Cold Only - Chrome,QQP-CHR-7083KPMR,Chrome,https://www.jaquar.com/images/thumbs/0060080_exposed-part-kit-of-concealed-stop-cock-cold-only-chrome_960.jpeg,1525.00,"Exposed Part Kit of Concealed Stop Cock Cold Only & Flush Cock with Fitting Sleeve, Operating Lever & Adjustable Wall Flange with Seal (compatible with ALD-083R, ALD-089R or ALD-081)",https://www.jaquar.com/en/exposed-part-kit-of-concealed-stop-cock-flush-cock-2?Id=4404,"Queen's Prime, QQP-CHR-7083KPMR, Chrome"
Faucets,Queen's Prime,4404,Exposed Part Kit of Concealed Stop Cock Cold Only,Variant,4212,Exposed Part Kit of Concealed Stop Cock Cold Only - Antique Bronze,QQP-ABR-7083KPMR,Antique Bronze,https://www.jaquar.com/images/thumbs/0060081_exposed-part-kit-of-concealed-stop-cock-cold-only-antique-bronze_960.jpeg,2550.00,"Exposed Part Kit of Concealed Stop Cock Cold Only & Flush Cock with Fitting Sleeve, Operating Lever & Adjustable Wall Flange with Seal (compatible with ALD-083R, ALD-089R or ALD-081)",https://www.jaquar.com/en/exposed-part-kit-of-concealed-stop-cock-flush-cock-2?Id=4404,"Queen's Prime, QQP-ABR-7083KPMR, Antique Bronze"
Faucets,Queen's Prime,4404,Exposed Part Kit of Concealed Stop Cock Cold Only,Variant,4212,Exposed Part Kit of Concealed Stop Cock Cold Only - Antique Copper,QQP-ACR-7083KPMR,Antique Copper,https://www.jaquar.com/images/thumbs/0060082_exposed-part-kit-of-concealed-stop-cock-cold-only-antique-copper_960.jpeg,2550.00,"Exposed Part Kit of Concealed Stop Cock Cold Only & Flush Cock with Fitting Sleeve, Operating Lever & Adjustable Wall Flange with Seal (compatible with ALD-083R, ALD-089R or ALD-081)",https://www.jaquar.com/en/exposed-part-kit-of-concealed-stop-cock-flush-cock-2?Id=4404,"Queen's Prime, QQP-ACR-7083KPMR, Antique Copper"
Faucets,Queen's Prime,4404,Exposed Part Kit of Concealed Stop Cock Cold Only,Variant,4212,Exposed Part Kit of Concealed Stop Cock Cold Only - Black Chrome,QQP-BCH-7083KPMR,Black Chrome,https://www.jaquar.com/images/thumbs/0060083_exposed-part-kit-of-concealed-stop-cock-cold-only-black-chrome_960.jpeg,2225.00,"Exposed Part Kit of Concealed Stop Cock Cold Only & Flush Cock with Fitting Sleeve, Operating Lever & Adjustable Wall Flange with Seal (compatible with ALD-083R, ALD-089R or ALD-081)",https://www.jaquar.com/en/exposed-part-kit-of-concealed-stop-cock-flush-cock-2?Id=4404,"Queen's Prime, QQP-BCH-7083KPMR, Black Chrome"
Faucets,Queen's Prime,4404,Exposed Part Kit of Concealed Stop Cock Cold Only,Variant,4212,Exposed Part Kit of Concealed Stop Cock Cold Only - Black Matt,QQP-BLM-7083KPMR,Black Matt,https://www.jaquar.com/images/thumbs/0060084_exposed-part-kit-of-concealed-stop-cock-cold-only-black-matt_960.jpeg,2225.00,"Exposed Part Kit of Concealed Stop Cock Cold Only & Flush Cock with Fitting Sleeve, Operating Lever & Adjustable Wall Flange with Seal (compatible with ALD-083R, ALD-089R or ALD-081)",https://www.jaquar.com/en/exposed-part-kit-of-concealed-stop-cock-flush-cock-2?Id=4404,"Queen's Prime, QQP-BLM-7083KPMR, Black Matt"
Faucets,Queen's Prime,4404,Exposed Part Kit of Concealed Stop Cock Cold Only,Variant,4212,Exposed Part Kit of Concealed Stop Cock Cold Only - Graphite,QQP-GRF-7083KPMR,Graphite,https://www.jaquar.com/images/thumbs/0060085_exposed-part-kit-of-concealed-stop-cock-cold-only-graphite_960.jpeg,2550.00,"Exposed Part Kit of Concealed Stop Cock Cold Only & Flush Cock with Fitting Sleeve, Operating Lever & Adjustable Wall Flange with Seal (compatible with ALD-083R, ALD-089R or ALD-081)",https://www.jaquar.com/en/exposed-part-kit-of-concealed-stop-cock-flush-cock-2?Id=4404,"Queen's Prime, QQP-GRF-7083KPMR, Graphite"
Faucets,Queen's Prime,4404,Exposed Part Kit of Concealed Stop Cock Cold Only,Variant,4212,Exposed Part Kit of Concealed Stop Cock Cold Only - Stainless Steel,QQP-SSF-7083KPMR,Stainless Steel,https://www.jaquar.com/images/thumbs/0060086_exposed-part-kit-of-concealed-stop-cock-cold-only-stainless-steel_960.jpeg,2550.00,"Exposed Part Kit of Concealed Stop Cock Cold Only & Flush Cock with Fitting Sleeve, Operating Lever & Adjustable Wall Flange with Seal (compatible with ALD-083R, ALD-089R or ALD-081)",https://www.jaquar.com/en/exposed-part-kit-of-concealed-stop-cock-flush-cock-2?Id=4404,"Queen's Prime, QQP-SSF-7083KPMR, Stainless Steel"
Faucets,Queen's Prime,11579,Exposed Part Kit of Concealed Stop Cock Hot Only,Parent,11579,Exposed Part Kit of Concealed Stop Cock Hot Only - Chrome,QQP-CHR-7083KPML,,https://www.jaquar.com/images/thumbs/0060088_exposed-part-kit-of-concealed-stop-cock-hot-only-chrome_960.jpeg,,"Exposed Part Kit of Concealed Stop Cock Hot Only & Flush Cock with Fitting Sleeve, Operating Lever & Adjustable Wall Flange with Seal (compatible with ALD-083L, ALD-089L or ALD-081)",https://www.jaquar.com/en/exposed-part-kit-of-concealed-stop-cock-chrome-8?Id=11579,"Queen's Prime, QQP-CHR-7083KPML"
Faucets,Queen's Prime,4522,Aquamax Exposed Part Kit of Thermostatic Shower Mixer,Parent,4201,Aquamax Exposed Part Kit of Thermostatic Shower Mixer - Chrome,QQP-CHR-7661NKPM,Chrome,https://www.jaquar.com/images/thumbs/0016939_aquamax-exposed-part-kit-of-thermostatic-shower-mixer-chrome_960.jpeg,6250.00,"Aquamax Exposed Part Kit of Thermostatic Shower Mixer (Compatible with ALD-661N)
",https://www.jaquar.com/en/aquamax-exposed-part-kit-of-thermostatic-shower-mixer-22?Id=4522,"Queen's Prime, QQP-CHR-7661NKPM, Chrome"
Faucets,Queen's Prime,4522,Aquamax Exposed Part Kit of Thermostatic Shower Mixer,Variant,4201,Aquamax Thermostatic Shower Mixer - Antique Bronze,QQP-ABR-7661NKPM,Antique Bronze,https://www.jaquar.com/images/thumbs/0052050_aquamax-thermostatic-shower-mixer-antique-bronze_960.jpeg,11300.00,"Aquamax Exposed Part Kit of Thermostatic Shower Mixer (Compatible with ALD-661N)
",https://www.jaquar.com/en/aquamax-exposed-part-kit-of-thermostatic-shower-mixer-22?Id=4522,"Queen's Prime, QQP-ABR-7661NKPM, Antique Bronze"
Faucets,Queen's Prime,4522,Aquamax Exposed Part Kit of Thermostatic Shower Mixer,Variant,4201,Aquamax Thermostatic Shower Mixer - Antique Copper,QQP-ACR-7661NKPM,Antique Copper,https://www.jaquar.com/images/thumbs/0053762_aquamax-thermostatic-shower-mixer-antique-copper_960.jpeg,11300.00,"Aquamax Exposed Part Kit of Thermostatic Shower Mixer (Compatible with ALD-661N)
",https://www.jaquar.com/en/aquamax-exposed-part-kit-of-thermostatic-shower-mixer-22?Id=4522,"Queen's Prime, QQP-ACR-7661NKPM, Antique Copper"
Faucets,Queen's Prime,4522,Aquamax Exposed Part Kit of Thermostatic Shower Mixer,Variant,4201,Aquamax Thermostatic Shower Mixer - Black Chrome,QQP-BCH-7661NKPM,Black Chrome,https://www.jaquar.com/images/thumbs/0054570_aquamax-thermostatic-shower-mixer-black-chrome_960.jpeg,9300.00,"Aquamax Exposed Part Kit of Thermostatic Shower Mixer (Compatible with ALD-661N)
",https://www.jaquar.com/en/aquamax-exposed-part-kit-of-thermostatic-shower-mixer-22?Id=4522,"Queen's Prime, QQP-BCH-7661NKPM, Black Chrome"
Faucets,Queen's Prime,4522,Aquamax Exposed Part Kit of Thermostatic Shower Mixer,Variant,4201,Aquamax Thermostatic Shower Mixer - Black Matt,QQP-BLM-7661NKPM,Black Matt,https://www.jaquar.com/images/thumbs/0054571_aquamax-thermostatic-shower-mixer-black-matt_960.jpeg,9300.00,"Aquamax Exposed Part Kit of Thermostatic Shower Mixer (Compatible with ALD-661N)
",https://www.jaquar.com/en/aquamax-exposed-part-kit-of-thermostatic-shower-mixer-22?Id=4522,"Queen's Prime, QQP-BLM-7661NKPM, Black Matt"
Faucets,Queen's Prime,4522,Aquamax Exposed Part Kit of Thermostatic Shower Mixer,Variant,4201,Aquamax Thermostatic Shower Mixer - Graphite,QQP-GRF-7661NKPM,Graphite,https://www.jaquar.com/images/thumbs/0054572_aquamax-thermostatic-shower-mixer-graphite_960.jpeg,11300.00,"Aquamax Exposed Part Kit of Thermostatic Shower Mixer (Compatible with ALD-661N)
",https://www.jaquar.com/en/aquamax-exposed-part-kit-of-thermostatic-shower-mixer-22?Id=4522,"Queen's Prime, QQP-GRF-7661NKPM, Graphite"
Faucets,Queen's Prime,4522,Aquamax Exposed Part Kit of Thermostatic Shower Mixer,Variant,4201,Aquamax Thermostatic Shower Mixer - Stainless Steel,QQP-SSF-7661NKPM,Stainless Steel,https://www.jaquar.com/images/thumbs/0056116_aquamax-thermostatic-shower-mixer-stainless-steel_960.jpeg,11300.00,"Aquamax Exposed Part Kit of Thermostatic Shower Mixer (Compatible with ALD-661N)
",https://www.jaquar.com/en/aquamax-exposed-part-kit-of-thermostatic-shower-mixer-22?Id=4522,"Queen's Prime, QQP-SSF-7661NKPM, Stainless Steel"
Faucets,Queen's Prime,4523,Aquamax Exposed Part Kit of Thermostatic Shower Mixer with 2-way diverter,Parent,4202,Aquamax Exposed Part Kit of Thermostatic Shower Mixer with 2-way diverter - Chrome,QQP-CHR-7681NKPM,Chrome,https://www.jaquar.com/images/thumbs/0016941_aquamax-exposed-part-kit-of-thermostatic-shower-mixer-with-2-way-diverter-chrome_960.jpeg,6250.00,"Aquamax Exposed Part Kit of Thermostatic Shower Mixer with 2-way diverter (Compatible with ALD-681N)
",https://www.jaquar.com/en/aquamax-exposed-part-kit-of-thermostatic-shower-mixer-with-2-way-diverter?Id=4523,"Queen's Prime, QQP-CHR-7681NKPM, Chrome"
Faucets,Queen's Prime,4523,Aquamax Exposed Part Kit of Thermostatic Shower Mixer with 2-way diverter,Variant,4202,Aquamax Thermostatic Shower Mixer - Antique Bronze,QQP-ABR-7681NKPM,Antique Bronze,https://www.jaquar.com/images/thumbs/0052051_aquamax-thermostatic-shower-mixer-antique-bronze_960.jpeg,11600.00,"Aquamax Exposed Part Kit of Thermostatic Shower Mixer with 2-way diverter (Compatible with ALD-681N)
",https://www.jaquar.com/en/aquamax-exposed-part-kit-of-thermostatic-shower-mixer-with-2-way-diverter?Id=4523,"Queen's Prime, QQP-ABR-7681NKPM, Antique Bronze"
Faucets,Queen's Prime,4523,Aquamax Exposed Part Kit of Thermostatic Shower Mixer with 2-way diverter,Variant,4202,Aquamax Thermostatic Shower Mixer - Antique Copper,QQP-ACR-7681NKPM,Antique Copper,https://www.jaquar.com/images/thumbs/0053092_aquamax-thermostatic-shower-mixer-antique-copper_960.jpeg,11600.00,"Aquamax Exposed Part Kit of Thermostatic Shower Mixer with 2-way diverter (Compatible with ALD-681N)
",https://www.jaquar.com/en/aquamax-exposed-part-kit-of-thermostatic-shower-mixer-with-2-way-diverter?Id=4523,"Queen's Prime, QQP-ACR-7681NKPM, Antique Copper"
Faucets,Queen's Prime,4523,Aquamax Exposed Part Kit of Thermostatic Shower Mixer with 2-way diverter,Variant,4202,Aquamax Thermostatic Shower Mixer - Black Chrome,QQP-BCH-7681NKPM,Black Chrome,https://www.jaquar.com/images/thumbs/0054573_aquamax-thermostatic-shower-mixer-black-chrome_960.jpeg,9500.00,"Aquamax Exposed Part Kit of Thermostatic Shower Mixer with 2-way diverter (Compatible with ALD-681N)
",https://www.jaquar.com/en/aquamax-exposed-part-kit-of-thermostatic-shower-mixer-with-2-way-diverter?Id=4523,"Queen's Prime, QQP-BCH-7681NKPM, Black Chrome"
Faucets,Queen's Prime,4523,Aquamax Exposed Part Kit of Thermostatic Shower Mixer with 2-way diverter,Variant,4202,Aquamax Thermostatic Shower Mixer - Black Matt,QQP-BLM-7681NKPM,Black Matt,https://www.jaquar.com/images/thumbs/0054574_aquamax-thermostatic-shower-mixer-black-matt_960.jpeg,9500.00,"Aquamax Exposed Part Kit of Thermostatic Shower Mixer with 2-way diverter (Compatible with ALD-681N)
",https://www.jaquar.com/en/aquamax-exposed-part-kit-of-thermostatic-shower-mixer-with-2-way-diverter?Id=4523,"Queen's Prime, QQP-BLM-7681NKPM, Black Matt"
Faucets,Queen's Prime,4523,Aquamax Exposed Part Kit of Thermostatic Shower Mixer with 2-way diverter,Variant,4202,Aquamax Thermostatic Shower Mixer - Graphite,QQP-GRF-7681NKPM,Graphite,https://www.jaquar.com/images/thumbs/0054575_aquamax-thermostatic-shower-mixer-graphite_960.jpeg,11600.00,"Aquamax Exposed Part Kit of Thermostatic Shower Mixer with 2-way diverter (Compatible with ALD-681N)
",https://www.jaquar.com/en/aquamax-exposed-part-kit-of-thermostatic-shower-mixer-with-2-way-diverter?Id=4523,"Queen's Prime, QQP-GRF-7681NKPM, Graphite"
Faucets,Queen's Prime,4523,Aquamax Exposed Part Kit of Thermostatic Shower Mixer with 2-way diverter,Variant,4202,Aquamax Thermostatic Shower Mixer - Stainless Steel,QQP-SSF-7681NKPM,Stainless Steel,https://www.jaquar.com/images/thumbs/0056104_aquamax-thermostatic-shower-mixer-stainless-steel_960.jpeg,11600.00,"Aquamax Exposed Part Kit of Thermostatic Shower Mixer with 2-way diverter (Compatible with ALD-681N)
",https://www.jaquar.com/en/aquamax-exposed-part-kit-of-thermostatic-shower-mixer-with-2-way-diverter?Id=4523,"Queen's Prime, QQP-SSF-7681NKPM, Stainless Steel"
Faucets,Queen's Prime,4524,Aquamax Exposed Part Kit of Thermostatic Shower Mixer with 3-way diverter,Parent,4203,Aquamax Exposed Part Kit of Thermostatic Shower Mixer with 3-way diverter - Chrome,QQP-CHR-7683NKPM,Chrome,https://www.jaquar.com/images/thumbs/0016943_aquamax-exposed-part-kit-of-thermostatic-shower-mixer-with-3-way-diverter-chrome_960.jpeg,6250.00,"Aquamax Exposed Part Kit of Thermostatic Shower Mixer with 3-way diverter (Compatible with ALD-683N)
",https://www.jaquar.com/en/aquamax-exposed-part-kit-of-thermostatic-shower-mixer-with-3-way-diverter?Id=4524,"Queen's Prime, QQP-CHR-7683NKPM, Chrome"
Faucets,Queen's Prime,4524,Aquamax Exposed Part Kit of Thermostatic Shower Mixer with 3-way diverter,Variant,4203,Aquamax Thermostatic Shower Mixer - Antique Bronze,QQP-ABR-7683NKPM,Antique Bronze,https://www.jaquar.com/images/thumbs/0054107_aquamax-thermostatic-shower-mixer-antique-bronze_960.jpeg,12300.00,"Aquamax Exposed Part Kit of Thermostatic Shower Mixer with 3-way diverter (Compatible with ALD-683N)
",https://www.jaquar.com/en/aquamax-exposed-part-kit-of-thermostatic-shower-mixer-with-3-way-diverter?Id=4524,"Queen's Prime, QQP-ABR-7683NKPM, Antique Bronze"
Faucets,Queen's Prime,4524,Aquamax Exposed Part Kit of Thermostatic Shower Mixer with 3-way diverter,Variant,4203,Aquamax Thermostatic Shower Mixer - Antique Copper,QQP-ACR-7683NKPM,Antique Copper,https://www.jaquar.com/images/thumbs/0054108_aquamax-thermostatic-shower-mixer-antique-copper_960.jpeg,12300.00,"Aquamax Exposed Part Kit of Thermostatic Shower Mixer with 3-way diverter (Compatible with ALD-683N)
",https://www.jaquar.com/en/aquamax-exposed-part-kit-of-thermostatic-shower-mixer-with-3-way-diverter?Id=4524,"Queen's Prime, QQP-ACR-7683NKPM, Antique Copper"
Faucets,Queen's Prime,4524,Aquamax Exposed Part Kit of Thermostatic Shower Mixer with 3-way diverter,Variant,4203,Aquamax Thermostatic Shower Mixer - Black Chrome,QQP-BCH-7683NKPM,Black Chrome,https://www.jaquar.com/images/thumbs/0056033_aquamax-thermostatic-shower-mixer-black-chrome_960.jpeg,9900.00,"Aquamax Exposed Part Kit of Thermostatic Shower Mixer with 3-way diverter (Compatible with ALD-683N)
",https://www.jaquar.com/en/aquamax-exposed-part-kit-of-thermostatic-shower-mixer-with-3-way-diverter?Id=4524,"Queen's Prime, QQP-BCH-7683NKPM, Black Chrome"
Faucets,Queen's Prime,4524,Aquamax Exposed Part Kit of Thermostatic Shower Mixer with 3-way diverter,Variant,4203,Aquamax Thermostatic Shower Mixer - Black Matt,QQP-BLM-7683NKPM,Black Matt,https://www.jaquar.com/images/thumbs/0054576_aquamax-thermostatic-shower-mixer-black-matt_960.jpeg,9900.00,"Aquamax Exposed Part Kit of Thermostatic Shower Mixer with 3-way diverter (Compatible with ALD-683N)
",https://www.jaquar.com/en/aquamax-exposed-part-kit-of-thermostatic-shower-mixer-with-3-way-diverter?Id=4524,"Queen's Prime, QQP-BLM-7683NKPM, Black Matt"
Faucets,Queen's Prime,4524,Aquamax Exposed Part Kit of Thermostatic Shower Mixer with 3-way diverter,Variant,4203,Aquamax Thermostatic Shower Mixer - Graphite,QQP-GRF-7683NKPM,Graphite,https://www.jaquar.com/images/thumbs/0054577_aquamax-thermostatic-shower-mixer-graphite_960.jpeg,12300.00,"Aquamax Exposed Part Kit of Thermostatic Shower Mixer with 3-way diverter (Compatible with ALD-683N)
",https://www.jaquar.com/en/aquamax-exposed-part-kit-of-thermostatic-shower-mixer-with-3-way-diverter?Id=4524,"Queen's Prime, QQP-GRF-7683NKPM, Graphite"
Faucets,Queen's Prime,4524,Aquamax Exposed Part Kit of Thermostatic Shower Mixer with 3-way diverter,Variant,4203,Aquamax Thermostatic Shower Mixer - Stainless Steel,QQP-SSF-7683NKPM,Stainless Steel,https://www.jaquar.com/images/thumbs/0056105_aquamax-thermostatic-shower-mixer-stainless-steel_960.jpeg,12300.00,"Aquamax Exposed Part Kit of Thermostatic Shower Mixer with 3-way diverter (Compatible with ALD-683N)
",https://www.jaquar.com/en/aquamax-exposed-part-kit-of-thermostatic-shower-mixer-with-3-way-diverter?Id=4524,"Queen's Prime, QQP-SSF-7683NKPM, Stainless Steel"
Faucets,Queen's Prime,4302,Bath Tub Spout with Button attachment,Parent,4214,Bath Tub Spout with Button attachment - Chrome,SPJ-CHR-7463PM,Chrome,https://www.jaquar.com/images/thumbs/0016487_bath-tub-spout-with-button-attachment-chrome_960.jpeg,3450.00,"Bath Tub Spout with Button attachment for Hand Shower with Wall Flange
",https://www.jaquar.com/en/bath-tub-spout-with-button-attachment-2?Id=4302,"Queen's Prime, SPJ-CHR-7463PM, Chrome"
Faucets,Queen's Prime,4302,Bath Tub Spout with Button attachment,Variant,4214,Bath Tub Spout with Button attachment - Antique Bronze,SPJ-ABR-7463PM,Antique Bronze,https://www.jaquar.com/images/thumbs/0054564_bath-tub-spout-with-button-attachment-antique-bronze_960.jpeg,5700.00,"Bath Tub Spout with Button attachment for Hand Shower with Wall Flange
",https://www.jaquar.com/en/bath-tub-spout-with-button-attachment-2?Id=4302,"Queen's Prime, SPJ-ABR-7463PM, Antique Bronze"
Faucets,Queen's Prime,4302,Bath Tub Spout with Button attachment,Variant,4214,Bath Tub Spout with Button attachment - Antique Copper,SPJ-ACR-7463PM,Antique Copper,https://www.jaquar.com/images/thumbs/0054565_bath-tub-spout-with-button-attachment-antique-copper_960.jpeg,5700.00,"Bath Tub Spout with Button attachment for Hand Shower with Wall Flange
",https://www.jaquar.com/en/bath-tub-spout-with-button-attachment-2?Id=4302,"Queen's Prime, SPJ-ACR-7463PM, Antique Copper"
Faucets,Queen's Prime,4302,Bath Tub Spout with Button attachment,Variant,4214,Bath Tub Spout with Button attachment - Black Chrome,SPJ-BCH-7463PM,Black Chrome,https://www.jaquar.com/images/thumbs/0054566_bath-tub-spout-with-button-attachment-black-chrome_960.jpeg,5000.00,"Bath Tub Spout with Button attachment for Hand Shower with Wall Flange
",https://www.jaquar.com/en/bath-tub-spout-with-button-attachment-2?Id=4302,"Queen's Prime, SPJ-BCH-7463PM, Black Chrome"
Faucets,Queen's Prime,4302,Bath Tub Spout with Button attachment,Variant,4214,Bath Tub Spout with Button attachment - Black Matt,SPJ-BLM-7463PM,Black Matt,https://www.jaquar.com/images/thumbs/0060557_bath-tub-spout-with-button-attachment-black-matt_960.jpeg,5000.00,"Bath Tub Spout with Button attachment for Hand Shower with Wall Flange
",https://www.jaquar.com/en/bath-tub-spout-with-button-attachment-2?Id=4302,"Queen's Prime, SPJ-BLM-7463PM, Black Matt"
Faucets,Queen's Prime,4302,Bath Tub Spout with Button attachment,Variant,4214,Bath Tub Spout with Button attachment - Graphite,SPJ-GRF-7463PM,Graphite,https://www.jaquar.com/images/thumbs/0054568_bath-tub-spout-with-button-attachment-graphite_960.jpeg,5700.00,"Bath Tub Spout with Button attachment for Hand Shower with Wall Flange 
",https://www.jaquar.com/en/bath-tub-spout-with-button-attachment-2?Id=4302,"Queen's Prime, SPJ-GRF-7463PM, Graphite"
Faucets,Queen's Prime,4302,Bath Tub Spout with Button attachment,Variant,4214,Bath Tub Spout with Button attachment - Stainless Steel,SPJ-SSF-7463PM,Stainless Steel,https://www.jaquar.com/images/thumbs/0054569_bath-tub-spout-with-button-attachment-stainless-steel_960.jpeg,5700.00,"Bath Tub Spout with Button attachment for Hand Shower with Wall Flange 
",https://www.jaquar.com/en/bath-tub-spout-with-button-attachment-2?Id=4302,"Queen's Prime, SPJ-SSF-7463PM, Stainless Steel"
Faucets,Queen's Prime,4292,Bath Tub Spout,Parent,4213,Bath Tub Spout - Chrome,SPJ-CHR-7429PM,Chrome,https://www.jaquar.com/images/thumbs/0016467_bath-tub-spout-chrome_960.jpeg,2750.00,"Bath Tub Spout with Wall Flange
",https://www.jaquar.com/en/bath-tub-spout-2?Id=4292,"Queen's Prime, SPJ-CHR-7429PM, Chrome"
Faucets,Queen's Prime,4292,Bath Tub Spout,Variant,4213,Bath Tub Spout - Antique Bronze,SPJ-ABR-7429PM,Antique Bronze,https://www.jaquar.com/images/thumbs/0054555_bath-tub-spout-antique-bronze_960.jpeg,4550.00,"Bath Tub Spout with Wall Flange
",https://www.jaquar.com/en/bath-tub-spout-2?Id=4292,"Queen's Prime, SPJ-ABR-7429PM, Antique Bronze"
Faucets,Queen's Prime,4292,Bath Tub Spout,Variant,4213,Bath Tub Spout - Antique Copper,SPJ-ACR-7429PM,Antique Copper,https://www.jaquar.com/images/thumbs/0054556_bath-tub-spout-antique-copper_960.jpeg,4550.00,"Bath Tub Spout with Wall Flange
",https://www.jaquar.com/en/bath-tub-spout-2?Id=4292,"Queen's Prime, SPJ-ACR-7429PM, Antique Copper"
Faucets,Queen's Prime,4292,Bath Tub Spout,Variant,4213,Bath Tub Spout - Black Chrome,SPJ-BCH-7429PM,Black Chrome,https://www.jaquar.com/images/thumbs/0054557_bath-tub-spout-black-chrome_960.jpeg,3950.00,"Bath Tub Spout with Wall Flange
",https://www.jaquar.com/en/bath-tub-spout-2?Id=4292,"Queen's Prime, SPJ-BCH-7429PM, Black Chrome"
Faucets,Queen's Prime,4292,Bath Tub Spout,Variant,4213,Bath Tub Spout - Black Matt,SPJ-BLM-7429PM,Black Matt,https://www.jaquar.com/images/thumbs/0060556_bath-tub-spout-black-matt_960.jpeg,3950.00,"Bath Tub Spout with Wall Flange
",https://www.jaquar.com/en/bath-tub-spout-2?Id=4292,"Queen's Prime, SPJ-BLM-7429PM, Black Matt"
Faucets,Queen's Prime,4292,Bath Tub Spout,Variant,4213,Bath Tub Spout -  Graphite,SPJ-GRF-7429PM,Graphite,https://www.jaquar.com/images/thumbs/0054559_bath-tub-spout-graphite_960.jpeg,4550.00,"Bath Tub Spout with Wall Flange
",https://www.jaquar.com/en/bath-tub-spout-2?Id=4292,"Queen's Prime, SPJ-GRF-7429PM, Graphite"
Faucets,Queen's Prime,4292,Bath Tub Spout,Variant,4213,Bath Tub Spout -  Stainless Steel,SPJ-SSF-7429PM,Stainless Steel,https://www.jaquar.com/images/thumbs/0054561_bath-tub-spout-stainless-steel_960.jpeg,4550.00,"Bath Tub Spout with Wall Flange
",https://www.jaquar.com/en/bath-tub-spout-2?Id=4292,"Queen's Prime, SPJ-SSF-7429PM, Stainless Steel"
