category,series,parent_product_id,parent_name,is_parent,variant_id,product_name,product_code,color,image_url,mrp,description,product_url,bullet_points
Faucets,Sensor Faucets,7645,Sensor Faucet for Wash Basin,Parent,363,Sensor Faucet for Wash Basin - Chrome,SNR-CHR-51011N,Chrome,https://www.jaquar.com/images/thumbs/0040674_sensor-faucet-for-wash-basin-chrome_960.jpeg,17600.00,Sensor Faucet for Wash Basin (Battery Operated),https://www.jaquar.com/en/aquisense-sensor-tap?Id=7645,"Sensor Faucets, SNR-CHR-51011N, Chrome"
Faucets,Sensor Faucets,7645,Sensor Faucet for Wash Basin,Variant,363,Sensor Faucet for Wash Basin - Antique Bronze,SNR-ABR-51011N,Antique Bronze,https://www.jaquar.com/images/thumbs/0054846_sensor-faucet-for-wash-basin-antique-bronze_960.jpeg,29700.00,Sensor Faucet for Wash Basin (Battery Operated),https://www.jaquar.com/en/aquisense-sensor-tap?Id=7645,"Sensor Faucets, SNR-ABR-51011N, Antique Bronze"
Faucets,Sensor Faucets,7645,Sensor Faucet for Wash Basin,Variant,363,Sensor Faucet for Wash Basin - Antique Copper,SNR-ACR-51011N,Antique Copper,https://www.jaquar.com/images/thumbs/0055098_sensor-faucet-for-wash-basin-antique-copper_960.jpeg,29700.00,Sensor Faucet for Wash Basin (Battery Operated),https://www.jaquar.com/en/aquisense-sensor-tap?Id=7645,"Sensor Faucets, SNR-ACR-51011N, Antique Copper"
Faucets,Sensor Faucets,7645,Sensor Faucet for Wash Basin,Variant,363,Sensor Faucet for Wash Basin - Black Chrome,SNR-BCH-51011N,Black Chrome,https://www.jaquar.com/images/thumbs/0054925_sensor-faucet-for-wash-basin-black-chrome_960.jpeg,26000.00,Sensor Faucet for Wash Basin (Battery Operated),https://www.jaquar.com/en/aquisense-sensor-tap?Id=7645,"Sensor Faucets, SNR-BCH-51011N, Black Chrome"
Faucets,Sensor Faucets,7645,Sensor Faucet for Wash Basin,Variant,363,Sensor Faucet for Wash Basin - Black Matt,SNR-BLM-51011N,Black Matt,https://www.jaquar.com/images/thumbs/0055099_sensor-faucet-for-wash-basin-black-matt_960.jpeg,26000.00,Sensor Faucet for Wash Basin (Battery Operated),https://www.jaquar.com/en/aquisense-sensor-tap?Id=7645,"Sensor Faucets, SNR-BLM-51011N, Black Matt"
Faucets,Sensor Faucets,7645,Sensor Faucet for Wash Basin,Variant,363,Sensor Faucet for Wash Basin - Graphite,SNR-GRF-51011N,Graphite,https://www.jaquar.com/images/thumbs/0054755_sensor-faucet-for-wash-basin-graphite_960.jpeg,29700.00,Sensor Faucet for Wash Basin (Battery Operated),https://www.jaquar.com/en/aquisense-sensor-tap?Id=7645,"Sensor Faucets, SNR-GRF-51011N, Graphite"
Faucets,Sensor Faucets,7645,Sensor Faucet for Wash Basin,Variant,363,Sensor Faucet for Wash Basin - Stainless Steel,SNR-SSF-51011N,Stainless Steel,https://www.jaquar.com/images/thumbs/0059460_sensor-faucet-for-wash-basin-stainless-steel_960.jpeg,29700.00,Sensor Faucet for Wash Basin (Battery Operated),https://www.jaquar.com/en/aquisense-sensor-tap?Id=7645,"Sensor Faucets, SNR-SSF-51011N, Stainless Steel"
Faucets,Sensor Faucets,7646,Sensor Faucet for Wash Basin,Parent,363,Sensor Faucet for Wash Basin - Chrome,SNR-CHR-51011N,Chrome,https://www.jaquar.com/images/thumbs/0040674_sensor-faucet-for-wash-basin-chrome_960.jpeg,17600.00,Sensor Faucet for Wash Basin (Battery Operated),https://www.jaquar.com/en/aquisense-sensor-tap?Id=7646,"Sensor Faucets, SNR-CHR-51011N, Chrome"
Faucets,Sensor Faucets,7646,Sensor Faucet for Wash Basin,Variant,363,Sensor Faucet for Wash Basin - Antique Bronze,SNR-ABR-51011N,Antique Bronze,https://www.jaquar.com/images/thumbs/0054846_sensor-faucet-for-wash-basin-antique-bronze_960.jpeg,29700.00,Sensor Faucet for Wash Basin (Battery Operated),https://www.jaquar.com/en/aquisense-sensor-tap?Id=7646,"Sensor Faucets, SNR-ABR-51011N, Antique Bronze"
Faucets,Sensor Faucets,7646,Sensor Faucet for Wash Basin,Variant,363,Sensor Faucet for Wash Basin - Antique Copper,SNR-ACR-51011N,Antique Copper,https://www.jaquar.com/images/thumbs/0055098_sensor-faucet-for-wash-basin-antique-copper_960.jpeg,29700.00,Sensor Faucet for Wash Basin (Battery Operated),https://www.jaquar.com/en/aquisense-sensor-tap?Id=7646,"Sensor Faucets, SNR-ACR-51011N, Antique Copper"
Faucets,Sensor Faucets,7646,Sensor Faucet for Wash Basin,Variant,363,Sensor Faucet for Wash Basin - Black Chrome,SNR-BCH-51011N,Black Chrome,https://www.jaquar.com/images/thumbs/0054925_sensor-faucet-for-wash-basin-black-chrome_960.jpeg,26000.00,Sensor Faucet for Wash Basin (Battery Operated),https://www.jaquar.com/en/aquisense-sensor-tap?Id=7646,"Sensor Faucets, SNR-BCH-51011N, Black Chrome"
Faucets,Sensor Faucets,7646,Sensor Faucet for Wash Basin,Variant,363,Sensor Faucet for Wash Basin - Black Matt,SNR-BLM-51011N,Black Matt,https://www.jaquar.com/images/thumbs/0055099_sensor-faucet-for-wash-basin-black-matt_960.jpeg,26000.00,Sensor Faucet for Wash Basin (Battery Operated),https://www.jaquar.com/en/aquisense-sensor-tap?Id=7646,"Sensor Faucets, SNR-BLM-51011N, Black Matt"
Faucets,Sensor Faucets,7646,Sensor Faucet for Wash Basin,Variant,363,Sensor Faucet for Wash Basin - Graphite,SNR-GRF-51011N,Graphite,https://www.jaquar.com/images/thumbs/0054755_sensor-faucet-for-wash-basin-graphite_960.jpeg,29700.00,Sensor Faucet for Wash Basin (Battery Operated),https://www.jaquar.com/en/aquisense-sensor-tap?Id=7646,"Sensor Faucets, SNR-GRF-51011N, Graphite"
Faucets,Sensor Faucets,7646,Sensor Faucet for Wash Basin,Variant,363,Sensor Faucet for Wash Basin - Stainless Steel,SNR-SSF-51011N,Stainless Steel,https://www.jaquar.com/images/thumbs/0059460_sensor-faucet-for-wash-basin-stainless-steel_960.jpeg,29700.00,Sensor Faucet for Wash Basin (Battery Operated),https://www.jaquar.com/en/aquisense-sensor-tap?Id=7646,"Sensor Faucets, SNR-SSF-51011N, Stainless Steel"
Faucets,Sensor Faucets,7647,Sensor Faucet for Wash Basin,Parent,363,Sensor Faucet for Wash Basin - Chrome,SNR-CHR-51011N,Chrome,https://www.jaquar.com/images/thumbs/0040674_sensor-faucet-for-wash-basin-chrome_960.jpeg,17600.00,Sensor Faucet for Wash Basin (Battery Operated),https://www.jaquar.com/en/aquisense-sensor-tap?Id=7647,"Sensor Faucets, SNR-CHR-51011N, Chrome"
Faucets,Sensor Faucets,7647,Sensor Faucet for Wash Basin,Variant,363,Sensor Faucet for Wash Basin - Antique Bronze,SNR-ABR-51011N,Antique Bronze,https://www.jaquar.com/images/thumbs/0054846_sensor-faucet-for-wash-basin-antique-bronze_960.jpeg,29700.00,Sensor Faucet for Wash Basin (Battery Operated),https://www.jaquar.com/en/aquisense-sensor-tap?Id=7647,"Sensor Faucets, SNR-ABR-51011N, Antique Bronze"
Faucets,Sensor Faucets,7647,Sensor Faucet for Wash Basin,Variant,363,Sensor Faucet for Wash Basin - Antique Copper,SNR-ACR-51011N,Antique Copper,https://www.jaquar.com/images/thumbs/0055098_sensor-faucet-for-wash-basin-antique-copper_960.jpeg,29700.00,Sensor Faucet for Wash Basin (Battery Operated),https://www.jaquar.com/en/aquisense-sensor-tap?Id=7647,"Sensor Faucets, SNR-ACR-51011N, Antique Copper"
Faucets,Sensor Faucets,7647,Sensor Faucet for Wash Basin,Variant,363,Sensor Faucet for Wash Basin - Black Chrome,SNR-BCH-51011N,Black Chrome,https://www.jaquar.com/images/thumbs/0054925_sensor-faucet-for-wash-basin-black-chrome_960.jpeg,26000.00,Sensor Faucet for Wash Basin (Battery Operated),https://www.jaquar.com/en/aquisense-sensor-tap?Id=7647,"Sensor Faucets, SNR-BCH-51011N, Black Chrome"
Faucets,Sensor Faucets,7647,Sensor Faucet for Wash Basin,Variant,363,Sensor Faucet for Wash Basin - Black Matt,SNR-BLM-51011N,Black Matt,https://www.jaquar.com/images/thumbs/0055099_sensor-faucet-for-wash-basin-black-matt_960.jpeg,26000.00,Sensor Faucet for Wash Basin (Battery Operated),https://www.jaquar.com/en/aquisense-sensor-tap?Id=7647,"Sensor Faucets, SNR-BLM-51011N, Black Matt"
Faucets,Sensor Faucets,7647,Sensor Faucet for Wash Basin,Variant,363,Sensor Faucet for Wash Basin - Graphite,SNR-GRF-51011N,Graphite,https://www.jaquar.com/images/thumbs/0054755_sensor-faucet-for-wash-basin-graphite_960.jpeg,29700.00,Sensor Faucet for Wash Basin (Battery Operated),https://www.jaquar.com/en/aquisense-sensor-tap?Id=7647,"Sensor Faucets, SNR-GRF-51011N, Graphite"
Faucets,Sensor Faucets,7647,Sensor Faucet for Wash Basin,Variant,363,Sensor Faucet for Wash Basin - Stainless Steel,SNR-SSF-51011N,Stainless Steel,https://www.jaquar.com/images/thumbs/0059460_sensor-faucet-for-wash-basin-stainless-steel_960.jpeg,29700.00,Sensor Faucet for Wash Basin (Battery Operated),https://www.jaquar.com/en/aquisense-sensor-tap?Id=7647,"Sensor Faucets, SNR-SSF-51011N, Stainless Steel"
Faucets,Sensor Faucets,7649,Sensor Faucet for Wash Basin,Parent,363,Sensor Faucet for Wash Basin - Chrome,SNR-CHR-51011N,Chrome,https://www.jaquar.com/images/thumbs/0040674_sensor-faucet-for-wash-basin-chrome_960.jpeg,17600.00,Sensor Faucet for Wash Basin (Battery Operated),https://www.jaquar.com/en/aquisense-sensor-tap?Id=7649,"Sensor Faucets, SNR-CHR-51011N, Chrome"
Faucets,Sensor Faucets,7649,Sensor Faucet for Wash Basin,Variant,363,Sensor Faucet for Wash Basin - Antique Bronze,SNR-ABR-51011N,Antique Bronze,https://www.jaquar.com/images/thumbs/0054846_sensor-faucet-for-wash-basin-antique-bronze_960.jpeg,29700.00,Sensor Faucet for Wash Basin (Battery Operated),https://www.jaquar.com/en/aquisense-sensor-tap?Id=7649,"Sensor Faucets, SNR-ABR-51011N, Antique Bronze"
Faucets,Sensor Faucets,7649,Sensor Faucet for Wash Basin,Variant,363,Sensor Faucet for Wash Basin - Antique Copper,SNR-ACR-51011N,Antique Copper,https://www.jaquar.com/images/thumbs/0055098_sensor-faucet-for-wash-basin-antique-copper_960.jpeg,29700.00,Sensor Faucet for Wash Basin (Battery Operated),https://www.jaquar.com/en/aquisense-sensor-tap?Id=7649,"Sensor Faucets, SNR-ACR-51011N, Antique Copper"
Faucets,Sensor Faucets,7649,Sensor Faucet for Wash Basin,Variant,363,Sensor Faucet for Wash Basin - Black Chrome,SNR-BCH-51011N,Black Chrome,https://www.jaquar.com/images/thumbs/0054925_sensor-faucet-for-wash-basin-black-chrome_960.jpeg,26000.00,Sensor Faucet for Wash Basin (Battery Operated),https://www.jaquar.com/en/aquisense-sensor-tap?Id=7649,"Sensor Faucets, SNR-BCH-51011N, Black Chrome"
Faucets,Sensor Faucets,7649,Sensor Faucet for Wash Basin,Variant,363,Sensor Faucet for Wash Basin - Black Matt,SNR-BLM-51011N,Black Matt,https://www.jaquar.com/images/thumbs/0055099_sensor-faucet-for-wash-basin-black-matt_960.jpeg,26000.00,Sensor Faucet for Wash Basin (Battery Operated),https://www.jaquar.com/en/aquisense-sensor-tap?Id=7649,"Sensor Faucets, SNR-BLM-51011N, Black Matt"
Faucets,Sensor Faucets,7649,Sensor Faucet for Wash Basin,Variant,363,Sensor Faucet for Wash Basin - Graphite,SNR-GRF-51011N,Graphite,https://www.jaquar.com/images/thumbs/0054755_sensor-faucet-for-wash-basin-graphite_960.jpeg,29700.00,Sensor Faucet for Wash Basin (Battery Operated),https://www.jaquar.com/en/aquisense-sensor-tap?Id=7649,"Sensor Faucets, SNR-GRF-51011N, Graphite"
Faucets,Sensor Faucets,7649,Sensor Faucet for Wash Basin,Variant,363,Sensor Faucet for Wash Basin - Stainless Steel,SNR-SSF-51011N,Stainless Steel,https://www.jaquar.com/images/thumbs/0059460_sensor-faucet-for-wash-basin-stainless-steel_960.jpeg,29700.00,Sensor Faucet for Wash Basin (Battery Operated),https://www.jaquar.com/en/aquisense-sensor-tap?Id=7649,"Sensor Faucets, SNR-SSF-51011N, Stainless Steel"
Faucets,Sensor Faucets,7613,Sensor Faucet for Wash Basin,Parent,363,Sensor Faucet for Wash Basin - Chrome,SNR-CHR-51011N,Chrome,https://www.jaquar.com/images/thumbs/0040674_sensor-faucet-for-wash-basin-chrome_960.jpeg,17600.00,Sensor Faucet for Wash Basin (Battery Operated),https://www.jaquar.com/en/aquisense-sensor-tap?Id=7613,"Sensor Faucets, SNR-CHR-51011N, Chrome"
Faucets,Sensor Faucets,7613,Sensor Faucet for Wash Basin,Variant,363,Sensor Faucet for Wash Basin - Antique Bronze,SNR-ABR-51011N,Antique Bronze,https://www.jaquar.com/images/thumbs/0054846_sensor-faucet-for-wash-basin-antique-bronze_960.jpeg,29700.00,Sensor Faucet for Wash Basin (Battery Operated),https://www.jaquar.com/en/aquisense-sensor-tap?Id=7613,"Sensor Faucets, SNR-ABR-51011N, Antique Bronze"
Faucets,Sensor Faucets,7613,Sensor Faucet for Wash Basin,Variant,363,Sensor Faucet for Wash Basin - Antique Copper,SNR-ACR-51011N,Antique Copper,https://www.jaquar.com/images/thumbs/0055098_sensor-faucet-for-wash-basin-antique-copper_960.jpeg,29700.00,Sensor Faucet for Wash Basin (Battery Operated),https://www.jaquar.com/en/aquisense-sensor-tap?Id=7613,"Sensor Faucets, SNR-ACR-51011N, Antique Copper"
Faucets,Sensor Faucets,7613,Sensor Faucet for Wash Basin,Variant,363,Sensor Faucet for Wash Basin - Black Chrome,SNR-BCH-51011N,Black Chrome,https://www.jaquar.com/images/thumbs/0054925_sensor-faucet-for-wash-basin-black-chrome_960.jpeg,26000.00,Sensor Faucet for Wash Basin (Battery Operated),https://www.jaquar.com/en/aquisense-sensor-tap?Id=7613,"Sensor Faucets, SNR-BCH-51011N, Black Chrome"
Faucets,Sensor Faucets,7613,Sensor Faucet for Wash Basin,Variant,363,Sensor Faucet for Wash Basin - Black Matt,SNR-BLM-51011N,Black Matt,https://www.jaquar.com/images/thumbs/0055099_sensor-faucet-for-wash-basin-black-matt_960.jpeg,26000.00,Sensor Faucet for Wash Basin (Battery Operated),https://www.jaquar.com/en/aquisense-sensor-tap?Id=7613,"Sensor Faucets, SNR-BLM-51011N, Black Matt"
Faucets,Sensor Faucets,7613,Sensor Faucet for Wash Basin,Variant,363,Sensor Faucet for Wash Basin - Graphite,SNR-GRF-51011N,Graphite,https://www.jaquar.com/images/thumbs/0054755_sensor-faucet-for-wash-basin-graphite_960.jpeg,29700.00,Sensor Faucet for Wash Basin (Battery Operated),https://www.jaquar.com/en/aquisense-sensor-tap?Id=7613,"Sensor Faucets, SNR-GRF-51011N, Graphite"
Faucets,Sensor Faucets,7613,Sensor Faucet for Wash Basin,Variant,363,Sensor Faucet for Wash Basin - Stainless Steel,SNR-SSF-51011N,Stainless Steel,https://www.jaquar.com/images/thumbs/0059460_sensor-faucet-for-wash-basin-stainless-steel_960.jpeg,29700.00,Sensor Faucet for Wash Basin (Battery Operated),https://www.jaquar.com/en/aquisense-sensor-tap?Id=7613,"Sensor Faucets, SNR-SSF-51011N, Stainless Steel"
Faucets,Sensor Faucets,7652,Sensor Faucet for Wash Basin,Parent,363,Sensor Faucet for Wash Basin - Chrome,SNR-CHR-51011N,Chrome,https://www.jaquar.com/images/thumbs/0040674_sensor-faucet-for-wash-basin-chrome_960.jpeg,17600.00,Sensor Faucet for Wash Basin (Battery Operated),https://www.jaquar.com/en/aquisense-sensor-tap?Id=7652,"Sensor Faucets, SNR-CHR-51011N, Chrome"
Faucets,Sensor Faucets,7652,Sensor Faucet for Wash Basin,Variant,363,Sensor Faucet for Wash Basin - Antique Bronze,SNR-ABR-51011N,Antique Bronze,https://www.jaquar.com/images/thumbs/0054846_sensor-faucet-for-wash-basin-antique-bronze_960.jpeg,29700.00,Sensor Faucet for Wash Basin (Battery Operated),https://www.jaquar.com/en/aquisense-sensor-tap?Id=7652,"Sensor Faucets, SNR-ABR-51011N, Antique Bronze"
Faucets,Sensor Faucets,7652,Sensor Faucet for Wash Basin,Variant,363,Sensor Faucet for Wash Basin - Antique Copper,SNR-ACR-51011N,Antique Copper,https://www.jaquar.com/images/thumbs/0055098_sensor-faucet-for-wash-basin-antique-copper_960.jpeg,29700.00,Sensor Faucet for Wash Basin (Battery Operated),https://www.jaquar.com/en/aquisense-sensor-tap?Id=7652,"Sensor Faucets, SNR-ACR-51011N, Antique Copper"
Faucets,Sensor Faucets,7652,Sensor Faucet for Wash Basin,Variant,363,Sensor Faucet for Wash Basin - Black Chrome,SNR-BCH-51011N,Black Chrome,https://www.jaquar.com/images/thumbs/0054925_sensor-faucet-for-wash-basin-black-chrome_960.jpeg,26000.00,Sensor Faucet for Wash Basin (Battery Operated),https://www.jaquar.com/en/aquisense-sensor-tap?Id=7652,"Sensor Faucets, SNR-BCH-51011N, Black Chrome"
Faucets,Sensor Faucets,7652,Sensor Faucet for Wash Basin,Variant,363,Sensor Faucet for Wash Basin - Black Matt,SNR-BLM-51011N,Black Matt,https://www.jaquar.com/images/thumbs/0055099_sensor-faucet-for-wash-basin-black-matt_960.jpeg,26000.00,Sensor Faucet for Wash Basin (Battery Operated),https://www.jaquar.com/en/aquisense-sensor-tap?Id=7652,"Sensor Faucets, SNR-BLM-51011N, Black Matt"
Faucets,Sensor Faucets,7652,Sensor Faucet for Wash Basin,Variant,363,Sensor Faucet for Wash Basin - Graphite,SNR-GRF-51011N,Graphite,https://www.jaquar.com/images/thumbs/0054755_sensor-faucet-for-wash-basin-graphite_960.jpeg,29700.00,Sensor Faucet for Wash Basin (Battery Operated),https://www.jaquar.com/en/aquisense-sensor-tap?Id=7652,"Sensor Faucets, SNR-GRF-51011N, Graphite"
Faucets,Sensor Faucets,7652,Sensor Faucet for Wash Basin,Variant,363,Sensor Faucet for Wash Basin - Stainless Steel,SNR-SSF-51011N,Stainless Steel,https://www.jaquar.com/images/thumbs/0059460_sensor-faucet-for-wash-basin-stainless-steel_960.jpeg,29700.00,Sensor Faucet for Wash Basin (Battery Operated),https://www.jaquar.com/en/aquisense-sensor-tap?Id=7652,"Sensor Faucets, SNR-SSF-51011N, Stainless Steel"
Faucets,Sensor Faucets,7653,Sensor Faucet for Wash Basin,Parent,363,Sensor Faucet for Wash Basin - Chrome,SNR-CHR-51011N,Chrome,https://www.jaquar.com/images/thumbs/0040674_sensor-faucet-for-wash-basin-chrome_960.jpeg,17600.00,Sensor Faucet for Wash Basin (Battery Operated),https://www.jaquar.com/en/aquisense-sensor-tap?Id=7653,"Sensor Faucets, SNR-CHR-51011N, Chrome"
Faucets,Sensor Faucets,7653,Sensor Faucet for Wash Basin,Variant,363,Sensor Faucet for Wash Basin - Antique Bronze,SNR-ABR-51011N,Antique Bronze,https://www.jaquar.com/images/thumbs/0054846_sensor-faucet-for-wash-basin-antique-bronze_960.jpeg,29700.00,Sensor Faucet for Wash Basin (Battery Operated),https://www.jaquar.com/en/aquisense-sensor-tap?Id=7653,"Sensor Faucets, SNR-ABR-51011N, Antique Bronze"
Faucets,Sensor Faucets,7653,Sensor Faucet for Wash Basin,Variant,363,Sensor Faucet for Wash Basin - Antique Copper,SNR-ACR-51011N,Antique Copper,https://www.jaquar.com/images/thumbs/0055098_sensor-faucet-for-wash-basin-antique-copper_960.jpeg,29700.00,Sensor Faucet for Wash Basin (Battery Operated),https://www.jaquar.com/en/aquisense-sensor-tap?Id=7653,"Sensor Faucets, SNR-ACR-51011N, Antique Copper"
Faucets,Sensor Faucets,7653,Sensor Faucet for Wash Basin,Variant,363,Sensor Faucet for Wash Basin - Black Chrome,SNR-BCH-51011N,Black Chrome,https://www.jaquar.com/images/thumbs/0054925_sensor-faucet-for-wash-basin-black-chrome_960.jpeg,26000.00,Sensor Faucet for Wash Basin (Battery Operated),https://www.jaquar.com/en/aquisense-sensor-tap?Id=7653,"Sensor Faucets, SNR-BCH-51011N, Black Chrome"
Faucets,Sensor Faucets,7653,Sensor Faucet for Wash Basin,Variant,363,Sensor Faucet for Wash Basin - Black Matt,SNR-BLM-51011N,Black Matt,https://www.jaquar.com/images/thumbs/0055099_sensor-faucet-for-wash-basin-black-matt_960.jpeg,26000.00,Sensor Faucet for Wash Basin (Battery Operated),https://www.jaquar.com/en/aquisense-sensor-tap?Id=7653,"Sensor Faucets, SNR-BLM-51011N, Black Matt"
Faucets,Sensor Faucets,7653,Sensor Faucet for Wash Basin,Variant,363,Sensor Faucet for Wash Basin - Graphite,SNR-GRF-51011N,Graphite,https://www.jaquar.com/images/thumbs/0054755_sensor-faucet-for-wash-basin-graphite_960.jpeg,29700.00,Sensor Faucet for Wash Basin (Battery Operated),https://www.jaquar.com/en/aquisense-sensor-tap?Id=7653,"Sensor Faucets, SNR-GRF-51011N, Graphite"
Faucets,Sensor Faucets,7653,Sensor Faucet for Wash Basin,Variant,363,Sensor Faucet for Wash Basin - Stainless Steel,SNR-SSF-51011N,Stainless Steel,https://www.jaquar.com/images/thumbs/0059460_sensor-faucet-for-wash-basin-stainless-steel_960.jpeg,29700.00,Sensor Faucet for Wash Basin (Battery Operated),https://www.jaquar.com/en/aquisense-sensor-tap?Id=7653,"Sensor Faucets, SNR-SSF-51011N, Stainless Steel"
Faucets,Sensor Faucets,1942,Sensor Faucet for Wash Basin,Parent,1942,Sensor Faucet for Wash Basin,SNR-CHR-51033,Chrome,https://www.jaquar.com/images/thumbs/0009020_sensor-faucet-for-wash-basin_960.jpeg,14400.00,"Sensor Faucet for Wash Basin in Rectangular Shape (Battery Operated)
",https://www.jaquar.com/en/sensotronic-rectangular-sensor-tap?Id=1942,"Sensor Faucets, SNR-CHR-51033, Chrome"
Faucets,Sensor Faucets,10609,Sensor Faucet for Wash Basin,Parent,369,Sensor Faucet for Wash Basin - Chrome,SNR-CHR-51027,Chrome,https://www.jaquar.com/images/thumbs/0049340_sensor-faucet-for-wash-basin-chrome_960.jpeg,12200.00,"Sensor Faucet for Wash Basin (Battery Operated)
",https://www.jaquar.com/en/sensotronic-sensor-tap?Id=10609,"Sensor Faucets, SNR-CHR-51027, Chrome"
Faucets,Sensor Faucets,10609,Sensor Faucet for Wash Basin,Variant,369,Sensor Faucet for Wash Basin - Antique Bronze ,SNR-ABR-51027,Antique Bronze,https://www.jaquar.com/images/thumbs/0049351_sensor-faucet-for-wash-basin-antique-bronze_960.jpeg,20600.00,"Sensor Faucet for Wash Basin (Battery Operated)
",https://www.jaquar.com/en/sensotronic-sensor-tap?Id=10609,"Sensor Faucets, SNR-ABR-51027, Antique Bronze"
Faucets,Sensor Faucets,10609,Sensor Faucet for Wash Basin,Variant,369,Sensor Faucet for Wash Basin - Antique Copper ,SNR-ACR-51027,Antique Copper,https://www.jaquar.com/images/thumbs/0049352_sensor-faucet-for-wash-basin-antique-copper_960.jpeg,20600.00,"Sensor Faucet for Wash Basin (Battery Operated)
",https://www.jaquar.com/en/sensotronic-sensor-tap?Id=10609,"Sensor Faucets, SNR-ACR-51027, Antique Copper"
Faucets,Sensor Faucets,10609,Sensor Faucet for Wash Basin,Variant,369,Sensor Faucet for Wash Basin - Black Chrome,SNR-BCH-51027,Black Chrome,https://www.jaquar.com/images/thumbs/0049353_sensor-faucet-for-wash-basin-black-chrome_960.jpeg,18000.00,"Sensor Faucet for Wash Basin (Battery Operated)
",https://www.jaquar.com/en/sensotronic-sensor-tap?Id=10609,"Sensor Faucets, SNR-BCH-51027, Black Chrome"
Faucets,Sensor Faucets,10609,Sensor Faucet for Wash Basin,Variant,369,Sensor Faucet for Wash Basin - Black Matt,SNR-BLM-51027,Black Matt,https://www.jaquar.com/images/thumbs/0049354_sensor-faucet-for-wash-basin-black-matt_960.jpeg,18000.00,"Sensor Faucet for Wash Basin (Battery Operated)
",https://www.jaquar.com/en/sensotronic-sensor-tap?Id=10609,"Sensor Faucets, SNR-BLM-51027, Black Matt"
Faucets,Sensor Faucets,10609,Sensor Faucet for Wash Basin,Variant,369,Sensor Faucet for Wash Basin - Graphite,SNR-GRF-51027,Graphite,https://www.jaquar.com/images/thumbs/0049357_sensor-faucet-for-wash-basin-graphite_960.jpeg,20600.00,"Sensor Faucet for Wash Basin (Battery Operated)
",https://www.jaquar.com/en/sensotronic-sensor-tap?Id=10609,"Sensor Faucets, SNR-GRF-51027, Graphite"
Faucets,Sensor Faucets,10609,Sensor Faucet for Wash Basin,Variant,369,Sensor Faucet for Wash Basin - Stainless Steel,SNR-SSF-51027,Stainless Steel,https://www.jaquar.com/images/thumbs/0049358_sensor-faucet-for-wash-basin-stainless-steel_960.jpeg,20600.00,"Sensor Faucet for Wash Basin (Battery Operated)
",https://www.jaquar.com/en/sensotronic-sensor-tap?Id=10609,"Sensor Faucets, SNR-SSF-51027, Stainless Steel"
Faucets,Sensor Faucets,10610,Sensor Faucet for Wash Basin,Parent,369,Sensor Faucet for Wash Basin - Chrome,SNR-CHR-51027,Chrome,https://www.jaquar.com/images/thumbs/0049340_sensor-faucet-for-wash-basin-chrome_960.jpeg,12200.00,"Sensor Faucet for Wash Basin (Battery Operated)
",https://www.jaquar.com/en/sensotronic-sensor-tap?Id=10610,"Sensor Faucets, SNR-CHR-51027, Chrome"
Faucets,Sensor Faucets,10610,Sensor Faucet for Wash Basin,Variant,369,Sensor Faucet for Wash Basin - Antique Bronze ,SNR-ABR-51027,Antique Bronze,https://www.jaquar.com/images/thumbs/0049351_sensor-faucet-for-wash-basin-antique-bronze_960.jpeg,20600.00,"Sensor Faucet for Wash Basin (Battery Operated)
",https://www.jaquar.com/en/sensotronic-sensor-tap?Id=10610,"Sensor Faucets, SNR-ABR-51027, Antique Bronze"
Faucets,Sensor Faucets,10610,Sensor Faucet for Wash Basin,Variant,369,Sensor Faucet for Wash Basin - Antique Copper ,SNR-ACR-51027,Antique Copper,https://www.jaquar.com/images/thumbs/0049352_sensor-faucet-for-wash-basin-antique-copper_960.jpeg,20600.00,"Sensor Faucet for Wash Basin (Battery Operated)
",https://www.jaquar.com/en/sensotronic-sensor-tap?Id=10610,"Sensor Faucets, SNR-ACR-51027, Antique Copper"
Faucets,Sensor Faucets,10610,Sensor Faucet for Wash Basin,Variant,369,Sensor Faucet for Wash Basin - Black Chrome,SNR-BCH-51027,Black Chrome,https://www.jaquar.com/images/thumbs/0049353_sensor-faucet-for-wash-basin-black-chrome_960.jpeg,18000.00,"Sensor Faucet for Wash Basin (Battery Operated)
",https://www.jaquar.com/en/sensotronic-sensor-tap?Id=10610,"Sensor Faucets, SNR-BCH-51027, Black Chrome"
Faucets,Sensor Faucets,10610,Sensor Faucet for Wash Basin,Variant,369,Sensor Faucet for Wash Basin - Black Matt,SNR-BLM-51027,Black Matt,https://www.jaquar.com/images/thumbs/0049354_sensor-faucet-for-wash-basin-black-matt_960.jpeg,18000.00,"Sensor Faucet for Wash Basin (Battery Operated)
",https://www.jaquar.com/en/sensotronic-sensor-tap?Id=10610,"Sensor Faucets, SNR-BLM-51027, Black Matt"
Faucets,Sensor Faucets,10610,Sensor Faucet for Wash Basin,Variant,369,Sensor Faucet for Wash Basin - Graphite,SNR-GRF-51027,Graphite,https://www.jaquar.com/images/thumbs/0049357_sensor-faucet-for-wash-basin-graphite_960.jpeg,20600.00,"Sensor Faucet for Wash Basin (Battery Operated)
",https://www.jaquar.com/en/sensotronic-sensor-tap?Id=10610,"Sensor Faucets, SNR-GRF-51027, Graphite"
Faucets,Sensor Faucets,10610,Sensor Faucet for Wash Basin,Variant,369,Sensor Faucet for Wash Basin - Stainless Steel,SNR-SSF-51027,Stainless Steel,https://www.jaquar.com/images/thumbs/0049358_sensor-faucet-for-wash-basin-stainless-steel_960.jpeg,20600.00,"Sensor Faucet for Wash Basin (Battery Operated)
",https://www.jaquar.com/en/sensotronic-sensor-tap?Id=10610,"Sensor Faucets, SNR-SSF-51027, Stainless Steel"
Faucets,Sensor Faucets,10611,Sensor Faucet for Wash Basin,Parent,369,Sensor Faucet for Wash Basin - Chrome,SNR-CHR-51027,Chrome,https://www.jaquar.com/images/thumbs/0049340_sensor-faucet-for-wash-basin-chrome_960.jpeg,12200.00,"Sensor Faucet for Wash Basin (Battery Operated)
",https://www.jaquar.com/en/sensotronic-sensor-tap?Id=10611,"Sensor Faucets, SNR-CHR-51027, Chrome"
Faucets,Sensor Faucets,10611,Sensor Faucet for Wash Basin,Variant,369,Sensor Faucet for Wash Basin - Antique Bronze ,SNR-ABR-51027,Antique Bronze,https://www.jaquar.com/images/thumbs/0049351_sensor-faucet-for-wash-basin-antique-bronze_960.jpeg,20600.00,"Sensor Faucet for Wash Basin (Battery Operated)
",https://www.jaquar.com/en/sensotronic-sensor-tap?Id=10611,"Sensor Faucets, SNR-ABR-51027, Antique Bronze"
Faucets,Sensor Faucets,10611,Sensor Faucet for Wash Basin,Variant,369,Sensor Faucet for Wash Basin - Antique Copper ,SNR-ACR-51027,Antique Copper,https://www.jaquar.com/images/thumbs/0049352_sensor-faucet-for-wash-basin-antique-copper_960.jpeg,20600.00,"Sensor Faucet for Wash Basin (Battery Operated)
",https://www.jaquar.com/en/sensotronic-sensor-tap?Id=10611,"Sensor Faucets, SNR-ACR-51027, Antique Copper"
Faucets,Sensor Faucets,10611,Sensor Faucet for Wash Basin,Variant,369,Sensor Faucet for Wash Basin - Black Chrome,SNR-BCH-51027,Black Chrome,https://www.jaquar.com/images/thumbs/0049353_sensor-faucet-for-wash-basin-black-chrome_960.jpeg,18000.00,"Sensor Faucet for Wash Basin (Battery Operated)
",https://www.jaquar.com/en/sensotronic-sensor-tap?Id=10611,"Sensor Faucets, SNR-BCH-51027, Black Chrome"
Faucets,Sensor Faucets,10611,Sensor Faucet for Wash Basin,Variant,369,Sensor Faucet for Wash Basin - Black Matt,SNR-BLM-51027,Black Matt,https://www.jaquar.com/images/thumbs/0049354_sensor-faucet-for-wash-basin-black-matt_960.jpeg,18000.00,"Sensor Faucet for Wash Basin (Battery Operated)
",https://www.jaquar.com/en/sensotronic-sensor-tap?Id=10611,"Sensor Faucets, SNR-BLM-51027, Black Matt"
Faucets,Sensor Faucets,10611,Sensor Faucet for Wash Basin,Variant,369,Sensor Faucet for Wash Basin - Graphite,SNR-GRF-51027,Graphite,https://www.jaquar.com/images/thumbs/0049357_sensor-faucet-for-wash-basin-graphite_960.jpeg,20600.00,"Sensor Faucet for Wash Basin (Battery Operated)
",https://www.jaquar.com/en/sensotronic-sensor-tap?Id=10611,"Sensor Faucets, SNR-GRF-51027, Graphite"
Faucets,Sensor Faucets,10611,Sensor Faucet for Wash Basin,Variant,369,Sensor Faucet for Wash Basin - Stainless Steel,SNR-SSF-51027,Stainless Steel,https://www.jaquar.com/images/thumbs/0049358_sensor-faucet-for-wash-basin-stainless-steel_960.jpeg,20600.00,"Sensor Faucet for Wash Basin (Battery Operated)
",https://www.jaquar.com/en/sensotronic-sensor-tap?Id=10611,"Sensor Faucets, SNR-SSF-51027, Stainless Steel"
Faucets,Sensor Faucets,10612,Sensor Faucet for Wash Basin,Parent,369,Sensor Faucet for Wash Basin - Chrome,SNR-CHR-51027,Chrome,https://www.jaquar.com/images/thumbs/0049340_sensor-faucet-for-wash-basin-chrome_960.jpeg,12200.00,"Sensor Faucet for Wash Basin (Battery Operated)
",https://www.jaquar.com/en/sensotronic-sensor-tap?Id=10612,"Sensor Faucets, SNR-CHR-51027, Chrome"
Faucets,Sensor Faucets,10612,Sensor Faucet for Wash Basin,Variant,369,Sensor Faucet for Wash Basin - Antique Bronze ,SNR-ABR-51027,Antique Bronze,https://www.jaquar.com/images/thumbs/0049351_sensor-faucet-for-wash-basin-antique-bronze_960.jpeg,20600.00,"Sensor Faucet for Wash Basin (Battery Operated)
",https://www.jaquar.com/en/sensotronic-sensor-tap?Id=10612,"Sensor Faucets, SNR-ABR-51027, Antique Bronze"
Faucets,Sensor Faucets,10612,Sensor Faucet for Wash Basin,Variant,369,Sensor Faucet for Wash Basin - Antique Copper ,SNR-ACR-51027,Antique Copper,https://www.jaquar.com/images/thumbs/0049352_sensor-faucet-for-wash-basin-antique-copper_960.jpeg,20600.00,"Sensor Faucet for Wash Basin (Battery Operated)
",https://www.jaquar.com/en/sensotronic-sensor-tap?Id=10612,"Sensor Faucets, SNR-ACR-51027, Antique Copper"
Faucets,Sensor Faucets,10612,Sensor Faucet for Wash Basin,Variant,369,Sensor Faucet for Wash Basin - Black Chrome,SNR-BCH-51027,Black Chrome,https://www.jaquar.com/images/thumbs/0049353_sensor-faucet-for-wash-basin-black-chrome_960.jpeg,18000.00,"Sensor Faucet for Wash Basin (Battery Operated)
",https://www.jaquar.com/en/sensotronic-sensor-tap?Id=10612,"Sensor Faucets, SNR-BCH-51027, Black Chrome"
Faucets,Sensor Faucets,10612,Sensor Faucet for Wash Basin,Variant,369,Sensor Faucet for Wash Basin - Black Matt,SNR-BLM-51027,Black Matt,https://www.jaquar.com/images/thumbs/0049354_sensor-faucet-for-wash-basin-black-matt_960.jpeg,18000.00,"Sensor Faucet for Wash Basin (Battery Operated)
",https://www.jaquar.com/en/sensotronic-sensor-tap?Id=10612,"Sensor Faucets, SNR-BLM-51027, Black Matt"
Faucets,Sensor Faucets,10612,Sensor Faucet for Wash Basin,Variant,369,Sensor Faucet for Wash Basin - Graphite,SNR-GRF-51027,Graphite,https://www.jaquar.com/images/thumbs/0049357_sensor-faucet-for-wash-basin-graphite_960.jpeg,20600.00,"Sensor Faucet for Wash Basin (Battery Operated)
",https://www.jaquar.com/en/sensotronic-sensor-tap?Id=10612,"Sensor Faucets, SNR-GRF-51027, Graphite"
Faucets,Sensor Faucets,10612,Sensor Faucet for Wash Basin,Variant,369,Sensor Faucet for Wash Basin - Stainless Steel,SNR-SSF-51027,Stainless Steel,https://www.jaquar.com/images/thumbs/0049358_sensor-faucet-for-wash-basin-stainless-steel_960.jpeg,20600.00,"Sensor Faucet for Wash Basin (Battery Operated)
",https://www.jaquar.com/en/sensotronic-sensor-tap?Id=10612,"Sensor Faucets, SNR-SSF-51027, Stainless Steel"
Faucets,Sensor Faucets,10608,Sensor Faucet for Wash Basin,Parent,369,Sensor Faucet for Wash Basin - Chrome,SNR-CHR-51027,Chrome,https://www.jaquar.com/images/thumbs/0049340_sensor-faucet-for-wash-basin-chrome_960.jpeg,12200.00,"Sensor Faucet for Wash Basin (Battery Operated)
",https://www.jaquar.com/en/sensotronic-sensor-tap?Id=10608,"Sensor Faucets, SNR-CHR-51027, Chrome"
Faucets,Sensor Faucets,10608,Sensor Faucet for Wash Basin,Variant,369,Sensor Faucet for Wash Basin - Antique Bronze ,SNR-ABR-51027,Antique Bronze,https://www.jaquar.com/images/thumbs/0049351_sensor-faucet-for-wash-basin-antique-bronze_960.jpeg,20600.00,"Sensor Faucet for Wash Basin (Battery Operated)
",https://www.jaquar.com/en/sensotronic-sensor-tap?Id=10608,"Sensor Faucets, SNR-ABR-51027, Antique Bronze"
Faucets,Sensor Faucets,10608,Sensor Faucet for Wash Basin,Variant,369,Sensor Faucet for Wash Basin - Antique Copper ,SNR-ACR-51027,Antique Copper,https://www.jaquar.com/images/thumbs/0049352_sensor-faucet-for-wash-basin-antique-copper_960.jpeg,20600.00,"Sensor Faucet for Wash Basin (Battery Operated)
",https://www.jaquar.com/en/sensotronic-sensor-tap?Id=10608,"Sensor Faucets, SNR-ACR-51027, Antique Copper"
Faucets,Sensor Faucets,10608,Sensor Faucet for Wash Basin,Variant,369,Sensor Faucet for Wash Basin - Black Chrome,SNR-BCH-51027,Black Chrome,https://www.jaquar.com/images/thumbs/0049353_sensor-faucet-for-wash-basin-black-chrome_960.jpeg,18000.00,"Sensor Faucet for Wash Basin (Battery Operated)
",https://www.jaquar.com/en/sensotronic-sensor-tap?Id=10608,"Sensor Faucets, SNR-BCH-51027, Black Chrome"
Faucets,Sensor Faucets,10608,Sensor Faucet for Wash Basin,Variant,369,Sensor Faucet for Wash Basin - Black Matt,SNR-BLM-51027,Black Matt,https://www.jaquar.com/images/thumbs/0049354_sensor-faucet-for-wash-basin-black-matt_960.jpeg,18000.00,"Sensor Faucet for Wash Basin (Battery Operated)
",https://www.jaquar.com/en/sensotronic-sensor-tap?Id=10608,"Sensor Faucets, SNR-BLM-51027, Black Matt"
Faucets,Sensor Faucets,10608,Sensor Faucet for Wash Basin,Variant,369,Sensor Faucet for Wash Basin - Graphite,SNR-GRF-51027,Graphite,https://www.jaquar.com/images/thumbs/0049357_sensor-faucet-for-wash-basin-graphite_960.jpeg,20600.00,"Sensor Faucet for Wash Basin (Battery Operated)
",https://www.jaquar.com/en/sensotronic-sensor-tap?Id=10608,"Sensor Faucets, SNR-GRF-51027, Graphite"
Faucets,Sensor Faucets,10608,Sensor Faucet for Wash Basin,Variant,369,Sensor Faucet for Wash Basin - Stainless Steel,SNR-SSF-51027,Stainless Steel,https://www.jaquar.com/images/thumbs/0049358_sensor-faucet-for-wash-basin-stainless-steel_960.jpeg,20600.00,"Sensor Faucet for Wash Basin (Battery Operated)
",https://www.jaquar.com/en/sensotronic-sensor-tap?Id=10608,"Sensor Faucets, SNR-SSF-51027, Stainless Steel"
Faucets,Sensor Faucets,10615,Sensor Faucet for Wash Basin,Parent,369,Sensor Faucet for Wash Basin - Chrome,SNR-CHR-51027,Chrome,https://www.jaquar.com/images/thumbs/0049340_sensor-faucet-for-wash-basin-chrome_960.jpeg,12200.00,"Sensor Faucet for Wash Basin (Battery Operated)
",https://www.jaquar.com/en/sensotronic-sensor-tap?Id=10615,"Sensor Faucets, SNR-CHR-51027, Chrome"
Faucets,Sensor Faucets,10615,Sensor Faucet for Wash Basin,Variant,369,Sensor Faucet for Wash Basin - Antique Bronze ,SNR-ABR-51027,Antique Bronze,https://www.jaquar.com/images/thumbs/0049351_sensor-faucet-for-wash-basin-antique-bronze_960.jpeg,20600.00,"Sensor Faucet for Wash Basin (Battery Operated)
",https://www.jaquar.com/en/sensotronic-sensor-tap?Id=10615,"Sensor Faucets, SNR-ABR-51027, Antique Bronze"
Faucets,Sensor Faucets,10615,Sensor Faucet for Wash Basin,Variant,369,Sensor Faucet for Wash Basin - Antique Copper ,SNR-ACR-51027,Antique Copper,https://www.jaquar.com/images/thumbs/0049352_sensor-faucet-for-wash-basin-antique-copper_960.jpeg,20600.00,"Sensor Faucet for Wash Basin (Battery Operated)
",https://www.jaquar.com/en/sensotronic-sensor-tap?Id=10615,"Sensor Faucets, SNR-ACR-51027, Antique Copper"
Faucets,Sensor Faucets,10615,Sensor Faucet for Wash Basin,Variant,369,Sensor Faucet for Wash Basin - Black Chrome,SNR-BCH-51027,Black Chrome,https://www.jaquar.com/images/thumbs/0049353_sensor-faucet-for-wash-basin-black-chrome_960.jpeg,18000.00,"Sensor Faucet for Wash Basin (Battery Operated)
",https://www.jaquar.com/en/sensotronic-sensor-tap?Id=10615,"Sensor Faucets, SNR-BCH-51027, Black Chrome"
Faucets,Sensor Faucets,10615,Sensor Faucet for Wash Basin,Variant,369,Sensor Faucet for Wash Basin - Black Matt,SNR-BLM-51027,Black Matt,https://www.jaquar.com/images/thumbs/0049354_sensor-faucet-for-wash-basin-black-matt_960.jpeg,18000.00,"Sensor Faucet for Wash Basin (Battery Operated)
",https://www.jaquar.com/en/sensotronic-sensor-tap?Id=10615,"Sensor Faucets, SNR-BLM-51027, Black Matt"
Faucets,Sensor Faucets,10615,Sensor Faucet for Wash Basin,Variant,369,Sensor Faucet for Wash Basin - Graphite,SNR-GRF-51027,Graphite,https://www.jaquar.com/images/thumbs/0049357_sensor-faucet-for-wash-basin-graphite_960.jpeg,20600.00,"Sensor Faucet for Wash Basin (Battery Operated)
",https://www.jaquar.com/en/sensotronic-sensor-tap?Id=10615,"Sensor Faucets, SNR-GRF-51027, Graphite"
Faucets,Sensor Faucets,10615,Sensor Faucet for Wash Basin,Variant,369,Sensor Faucet for Wash Basin - Stainless Steel,SNR-SSF-51027,Stainless Steel,https://www.jaquar.com/images/thumbs/0049358_sensor-faucet-for-wash-basin-stainless-steel_960.jpeg,20600.00,"Sensor Faucet for Wash Basin (Battery Operated)
",https://www.jaquar.com/en/sensotronic-sensor-tap?Id=10615,"Sensor Faucets, SNR-SSF-51027, Stainless Steel"
Faucets,Sensor Faucets,10616,Sensor Faucet for Wash Basin,Parent,369,Sensor Faucet for Wash Basin - Chrome,SNR-CHR-51027,Chrome,https://www.jaquar.com/images/thumbs/0049340_sensor-faucet-for-wash-basin-chrome_960.jpeg,12200.00,"Sensor Faucet for Wash Basin (Battery Operated)
",https://www.jaquar.com/en/sensotronic-sensor-tap?Id=10616,"Sensor Faucets, SNR-CHR-51027, Chrome"
Faucets,Sensor Faucets,10616,Sensor Faucet for Wash Basin,Variant,369,Sensor Faucet for Wash Basin - Antique Bronze ,SNR-ABR-51027,Antique Bronze,https://www.jaquar.com/images/thumbs/0049351_sensor-faucet-for-wash-basin-antique-bronze_960.jpeg,20600.00,"Sensor Faucet for Wash Basin (Battery Operated)
",https://www.jaquar.com/en/sensotronic-sensor-tap?Id=10616,"Sensor Faucets, SNR-ABR-51027, Antique Bronze"
Faucets,Sensor Faucets,10616,Sensor Faucet for Wash Basin,Variant,369,Sensor Faucet for Wash Basin - Antique Copper ,SNR-ACR-51027,Antique Copper,https://www.jaquar.com/images/thumbs/0049352_sensor-faucet-for-wash-basin-antique-copper_960.jpeg,20600.00,"Sensor Faucet for Wash Basin (Battery Operated)
",https://www.jaquar.com/en/sensotronic-sensor-tap?Id=10616,"Sensor Faucets, SNR-ACR-51027, Antique Copper"
Faucets,Sensor Faucets,10616,Sensor Faucet for Wash Basin,Variant,369,Sensor Faucet for Wash Basin - Black Chrome,SNR-BCH-51027,Black Chrome,https://www.jaquar.com/images/thumbs/0049353_sensor-faucet-for-wash-basin-black-chrome_960.jpeg,18000.00,"Sensor Faucet for Wash Basin (Battery Operated)
",https://www.jaquar.com/en/sensotronic-sensor-tap?Id=10616,"Sensor Faucets, SNR-BCH-51027, Black Chrome"
Faucets,Sensor Faucets,10616,Sensor Faucet for Wash Basin,Variant,369,Sensor Faucet for Wash Basin - Black Matt,SNR-BLM-51027,Black Matt,https://www.jaquar.com/images/thumbs/0049354_sensor-faucet-for-wash-basin-black-matt_960.jpeg,18000.00,"Sensor Faucet for Wash Basin (Battery Operated)
",https://www.jaquar.com/en/sensotronic-sensor-tap?Id=10616,"Sensor Faucets, SNR-BLM-51027, Black Matt"
Faucets,Sensor Faucets,10616,Sensor Faucet for Wash Basin,Variant,369,Sensor Faucet for Wash Basin - Graphite,SNR-GRF-51027,Graphite,https://www.jaquar.com/images/thumbs/0049357_sensor-faucet-for-wash-basin-graphite_960.jpeg,20600.00,"Sensor Faucet for Wash Basin (Battery Operated)
",https://www.jaquar.com/en/sensotronic-sensor-tap?Id=10616,"Sensor Faucets, SNR-GRF-51027, Graphite"
Faucets,Sensor Faucets,10616,Sensor Faucet for Wash Basin,Variant,369,Sensor Faucet for Wash Basin - Stainless Steel,SNR-SSF-51027,Stainless Steel,https://www.jaquar.com/images/thumbs/0049358_sensor-faucet-for-wash-basin-stainless-steel_960.jpeg,20600.00,"Sensor Faucet for Wash Basin (Battery Operated)
",https://www.jaquar.com/en/sensotronic-sensor-tap?Id=10616,"Sensor Faucets, SNR-SSF-51027, Stainless Steel"
Faucets,Sensor Faucets,10588,Sensor Faucet for Wash Basin,Parent,367,Sensor Faucet for Wash Basin - Chrome,SNR-CHR-51021,Chrome,https://www.jaquar.com/images/thumbs/0049278_sensor-faucet-for-wash-basin-chrome_960.jpeg,11400.00,"Sensor Faucet for Wash Basin
(Battery Operated)",https://www.jaquar.com/en/sensotronic-round-sensor-tap?Id=10588,"Sensor Faucets, SNR-CHR-51021, Chrome"
Faucets,Sensor Faucets,10588,Sensor Faucet for Wash Basin,Variant,367,Sensor Faucet for Wash Basin - Antique Bronze,SNR-ABR-51021,Antique Bronze,https://www.jaquar.com/images/thumbs/0049290_sensor-faucet-for-wash-basin-antique-bronze_960.jpeg,19200.00,"Sensor Faucet for Wash Basin
(Battery Operated)",https://www.jaquar.com/en/sensotronic-round-sensor-tap?Id=10588,"Sensor Faucets, SNR-ABR-51021, Antique Bronze"
Faucets,Sensor Faucets,10588,Sensor Faucet for Wash Basin,Variant,367,Sensor Faucet for Wash Basin - Antique Copper,SNR-ACR-51021,Antique Copper,https://www.jaquar.com/images/thumbs/0053916_sensor-faucet-for-wash-basin-antique-copper_960.jpeg,19200.00,"Sensor Faucet for Wash Basin
(Battery Operated)",https://www.jaquar.com/en/sensotronic-round-sensor-tap?Id=10588,"Sensor Faucets, SNR-ACR-51021, Antique Copper"
Faucets,Sensor Faucets,10588,Sensor Faucet for Wash Basin,Variant,367,Sensor Faucet for Wash Basin - Black Chrome,SNR-BCH-51021,Black Chrome,https://www.jaquar.com/images/thumbs/0049292_sensor-faucet-for-wash-basin-black-chrome_960.jpeg,16800.00,"Sensor Faucet for Wash Basin
(Battery Operated)",https://www.jaquar.com/en/sensotronic-round-sensor-tap?Id=10588,"Sensor Faucets, SNR-BCH-51021, Black Chrome"
Faucets,Sensor Faucets,10588,Sensor Faucet for Wash Basin,Variant,367,Sensor Faucet for Wash Basin - Black Matt,SNR-BLM-51021,Black Matt,https://www.jaquar.com/images/thumbs/0049293_sensor-faucet-for-wash-basin-black-matt_960.jpeg,16800.00,"Sensor Faucet for Wash Basin
(Battery Operated)",https://www.jaquar.com/en/sensotronic-round-sensor-tap?Id=10588,"Sensor Faucets, SNR-BLM-51021, Black Matt"
Faucets,Sensor Faucets,10588,Sensor Faucet for Wash Basin,Variant,367,Sensor Faucet for Wash Basin - Graphite,SNR-GRF-51021,Graphite,https://www.jaquar.com/images/thumbs/0049297_sensor-faucet-for-wash-basin-graphite_960.jpeg,19200.00,"Sensor Faucet for Wash Basin
(Battery Operated)",https://www.jaquar.com/en/sensotronic-round-sensor-tap?Id=10588,"Sensor Faucets, SNR-GRF-51021, Graphite"
Faucets,Sensor Faucets,10588,Sensor Faucet for Wash Basin,Variant,367,Sensor Faucet for Wash Basin - Stainless Steel,SNR-SSF-51021,Stainless Steel,https://www.jaquar.com/images/thumbs/0049298_sensor-faucet-for-wash-basin-stainless-steel_960.jpeg,19200.00,"Sensor Faucet for Wash Basin
(Battery Operated)",https://www.jaquar.com/en/sensotronic-round-sensor-tap?Id=10588,"Sensor Faucets, SNR-SSF-51021, Stainless Steel"
Faucets,Sensor Faucets,10589,Sensor Faucet for Wash Basin,Parent,367,Sensor Faucet for Wash Basin - Chrome,SNR-CHR-51021,Chrome,https://www.jaquar.com/images/thumbs/0049278_sensor-faucet-for-wash-basin-chrome_960.jpeg,11400.00,"Sensor Faucet for Wash Basin
(Battery Operated)",https://www.jaquar.com/en/sensotronic-round-sensor-tap?Id=10589,"Sensor Faucets, SNR-CHR-51021, Chrome"
Faucets,Sensor Faucets,10589,Sensor Faucet for Wash Basin,Variant,367,Sensor Faucet for Wash Basin - Antique Bronze,SNR-ABR-51021,Antique Bronze,https://www.jaquar.com/images/thumbs/0049290_sensor-faucet-for-wash-basin-antique-bronze_960.jpeg,19200.00,"Sensor Faucet for Wash Basin
(Battery Operated)",https://www.jaquar.com/en/sensotronic-round-sensor-tap?Id=10589,"Sensor Faucets, SNR-ABR-51021, Antique Bronze"
Faucets,Sensor Faucets,10589,Sensor Faucet for Wash Basin,Variant,367,Sensor Faucet for Wash Basin - Antique Copper,SNR-ACR-51021,Antique Copper,https://www.jaquar.com/images/thumbs/0053916_sensor-faucet-for-wash-basin-antique-copper_960.jpeg,19200.00,"Sensor Faucet for Wash Basin
(Battery Operated)",https://www.jaquar.com/en/sensotronic-round-sensor-tap?Id=10589,"Sensor Faucets, SNR-ACR-51021, Antique Copper"
Faucets,Sensor Faucets,10589,Sensor Faucet for Wash Basin,Variant,367,Sensor Faucet for Wash Basin - Black Chrome,SNR-BCH-51021,Black Chrome,https://www.jaquar.com/images/thumbs/0049292_sensor-faucet-for-wash-basin-black-chrome_960.jpeg,16800.00,"Sensor Faucet for Wash Basin
(Battery Operated)",https://www.jaquar.com/en/sensotronic-round-sensor-tap?Id=10589,"Sensor Faucets, SNR-BCH-51021, Black Chrome"
Faucets,Sensor Faucets,10589,Sensor Faucet for Wash Basin,Variant,367,Sensor Faucet for Wash Basin - Black Matt,SNR-BLM-51021,Black Matt,https://www.jaquar.com/images/thumbs/0049293_sensor-faucet-for-wash-basin-black-matt_960.jpeg,16800.00,"Sensor Faucet for Wash Basin
(Battery Operated)",https://www.jaquar.com/en/sensotronic-round-sensor-tap?Id=10589,"Sensor Faucets, SNR-BLM-51021, Black Matt"
Faucets,Sensor Faucets,10589,Sensor Faucet for Wash Basin,Variant,367,Sensor Faucet for Wash Basin - Graphite,SNR-GRF-51021,Graphite,https://www.jaquar.com/images/thumbs/0049297_sensor-faucet-for-wash-basin-graphite_960.jpeg,19200.00,"Sensor Faucet for Wash Basin
(Battery Operated)",https://www.jaquar.com/en/sensotronic-round-sensor-tap?Id=10589,"Sensor Faucets, SNR-GRF-51021, Graphite"
Faucets,Sensor Faucets,10589,Sensor Faucet for Wash Basin,Variant,367,Sensor Faucet for Wash Basin - Stainless Steel,SNR-SSF-51021,Stainless Steel,https://www.jaquar.com/images/thumbs/0049298_sensor-faucet-for-wash-basin-stainless-steel_960.jpeg,19200.00,"Sensor Faucet for Wash Basin
(Battery Operated)",https://www.jaquar.com/en/sensotronic-round-sensor-tap?Id=10589,"Sensor Faucets, SNR-SSF-51021, Stainless Steel"
Faucets,Sensor Faucets,10590,Sensor Faucet for Wash Basin,Parent,367,Sensor Faucet for Wash Basin - Chrome,SNR-CHR-51021,Chrome,https://www.jaquar.com/images/thumbs/0049278_sensor-faucet-for-wash-basin-chrome_960.jpeg,11400.00,"Sensor Faucet for Wash Basin
(Battery Operated)",https://www.jaquar.com/en/sensotronic-round-sensor-tap?Id=10590,"Sensor Faucets, SNR-CHR-51021, Chrome"
Faucets,Sensor Faucets,10590,Sensor Faucet for Wash Basin,Variant,367,Sensor Faucet for Wash Basin - Antique Bronze,SNR-ABR-51021,Antique Bronze,https://www.jaquar.com/images/thumbs/0049290_sensor-faucet-for-wash-basin-antique-bronze_960.jpeg,19200.00,"Sensor Faucet for Wash Basin
(Battery Operated)",https://www.jaquar.com/en/sensotronic-round-sensor-tap?Id=10590,"Sensor Faucets, SNR-ABR-51021, Antique Bronze"
Faucets,Sensor Faucets,10590,Sensor Faucet for Wash Basin,Variant,367,Sensor Faucet for Wash Basin - Antique Copper,SNR-ACR-51021,Antique Copper,https://www.jaquar.com/images/thumbs/0053916_sensor-faucet-for-wash-basin-antique-copper_960.jpeg,19200.00,"Sensor Faucet for Wash Basin
(Battery Operated)",https://www.jaquar.com/en/sensotronic-round-sensor-tap?Id=10590,"Sensor Faucets, SNR-ACR-51021, Antique Copper"
Faucets,Sensor Faucets,10590,Sensor Faucet for Wash Basin,Variant,367,Sensor Faucet for Wash Basin - Black Chrome,SNR-BCH-51021,Black Chrome,https://www.jaquar.com/images/thumbs/0049292_sensor-faucet-for-wash-basin-black-chrome_960.jpeg,16800.00,"Sensor Faucet for Wash Basin
(Battery Operated)",https://www.jaquar.com/en/sensotronic-round-sensor-tap?Id=10590,"Sensor Faucets, SNR-BCH-51021, Black Chrome"
Faucets,Sensor Faucets,10590,Sensor Faucet for Wash Basin,Variant,367,Sensor Faucet for Wash Basin - Black Matt,SNR-BLM-51021,Black Matt,https://www.jaquar.com/images/thumbs/0049293_sensor-faucet-for-wash-basin-black-matt_960.jpeg,16800.00,"Sensor Faucet for Wash Basin
(Battery Operated)",https://www.jaquar.com/en/sensotronic-round-sensor-tap?Id=10590,"Sensor Faucets, SNR-BLM-51021, Black Matt"
Faucets,Sensor Faucets,10590,Sensor Faucet for Wash Basin,Variant,367,Sensor Faucet for Wash Basin - Graphite,SNR-GRF-51021,Graphite,https://www.jaquar.com/images/thumbs/0049297_sensor-faucet-for-wash-basin-graphite_960.jpeg,19200.00,"Sensor Faucet for Wash Basin
(Battery Operated)",https://www.jaquar.com/en/sensotronic-round-sensor-tap?Id=10590,"Sensor Faucets, SNR-GRF-51021, Graphite"
Faucets,Sensor Faucets,10590,Sensor Faucet for Wash Basin,Variant,367,Sensor Faucet for Wash Basin - Stainless Steel,SNR-SSF-51021,Stainless Steel,https://www.jaquar.com/images/thumbs/0049298_sensor-faucet-for-wash-basin-stainless-steel_960.jpeg,19200.00,"Sensor Faucet for Wash Basin
(Battery Operated)",https://www.jaquar.com/en/sensotronic-round-sensor-tap?Id=10590,"Sensor Faucets, SNR-SSF-51021, Stainless Steel"
Faucets,Sensor Faucets,10591,Sensor Faucet for Wash Basin,Parent,367,Sensor Faucet for Wash Basin - Chrome,SNR-CHR-51021,Chrome,https://www.jaquar.com/images/thumbs/0049278_sensor-faucet-for-wash-basin-chrome_960.jpeg,11400.00,"Sensor Faucet for Wash Basin
(Battery Operated)",https://www.jaquar.com/en/sensotronic-round-sensor-tap?Id=10591,"Sensor Faucets, SNR-CHR-51021, Chrome"
Faucets,Sensor Faucets,10591,Sensor Faucet for Wash Basin,Variant,367,Sensor Faucet for Wash Basin - Antique Bronze,SNR-ABR-51021,Antique Bronze,https://www.jaquar.com/images/thumbs/0049290_sensor-faucet-for-wash-basin-antique-bronze_960.jpeg,19200.00,"Sensor Faucet for Wash Basin
(Battery Operated)",https://www.jaquar.com/en/sensotronic-round-sensor-tap?Id=10591,"Sensor Faucets, SNR-ABR-51021, Antique Bronze"
Faucets,Sensor Faucets,10591,Sensor Faucet for Wash Basin,Variant,367,Sensor Faucet for Wash Basin - Antique Copper,SNR-ACR-51021,Antique Copper,https://www.jaquar.com/images/thumbs/0053916_sensor-faucet-for-wash-basin-antique-copper_960.jpeg,19200.00,"Sensor Faucet for Wash Basin
(Battery Operated)",https://www.jaquar.com/en/sensotronic-round-sensor-tap?Id=10591,"Sensor Faucets, SNR-ACR-51021, Antique Copper"
Faucets,Sensor Faucets,10591,Sensor Faucet for Wash Basin,Variant,367,Sensor Faucet for Wash Basin - Black Chrome,SNR-BCH-51021,Black Chrome,https://www.jaquar.com/images/thumbs/0049292_sensor-faucet-for-wash-basin-black-chrome_960.jpeg,16800.00,"Sensor Faucet for Wash Basin
(Battery Operated)",https://www.jaquar.com/en/sensotronic-round-sensor-tap?Id=10591,"Sensor Faucets, SNR-BCH-51021, Black Chrome"
Faucets,Sensor Faucets,10591,Sensor Faucet for Wash Basin,Variant,367,Sensor Faucet for Wash Basin - Black Matt,SNR-BLM-51021,Black Matt,https://www.jaquar.com/images/thumbs/0049293_sensor-faucet-for-wash-basin-black-matt_960.jpeg,16800.00,"Sensor Faucet for Wash Basin
(Battery Operated)",https://www.jaquar.com/en/sensotronic-round-sensor-tap?Id=10591,"Sensor Faucets, SNR-BLM-51021, Black Matt"
Faucets,Sensor Faucets,10591,Sensor Faucet for Wash Basin,Variant,367,Sensor Faucet for Wash Basin - Graphite,SNR-GRF-51021,Graphite,https://www.jaquar.com/images/thumbs/0049297_sensor-faucet-for-wash-basin-graphite_960.jpeg,19200.00,"Sensor Faucet for Wash Basin
(Battery Operated)",https://www.jaquar.com/en/sensotronic-round-sensor-tap?Id=10591,"Sensor Faucets, SNR-GRF-51021, Graphite"
Faucets,Sensor Faucets,10591,Sensor Faucet for Wash Basin,Variant,367,Sensor Faucet for Wash Basin - Stainless Steel,SNR-SSF-51021,Stainless Steel,https://www.jaquar.com/images/thumbs/0049298_sensor-faucet-for-wash-basin-stainless-steel_960.jpeg,19200.00,"Sensor Faucet for Wash Basin
(Battery Operated)",https://www.jaquar.com/en/sensotronic-round-sensor-tap?Id=10591,"Sensor Faucets, SNR-SSF-51021, Stainless Steel"
Faucets,Sensor Faucets,10587,Sensor Faucet for Wash Basin,Parent,367,Sensor Faucet for Wash Basin - Chrome,SNR-CHR-51021,Chrome,https://www.jaquar.com/images/thumbs/0049278_sensor-faucet-for-wash-basin-chrome_960.jpeg,11400.00,"Sensor Faucet for Wash Basin
(Battery Operated)",https://www.jaquar.com/en/sensotronic-round-sensor-tap?Id=10587,"Sensor Faucets, SNR-CHR-51021, Chrome"
Faucets,Sensor Faucets,10587,Sensor Faucet for Wash Basin,Variant,367,Sensor Faucet for Wash Basin - Antique Bronze,SNR-ABR-51021,Antique Bronze,https://www.jaquar.com/images/thumbs/0049290_sensor-faucet-for-wash-basin-antique-bronze_960.jpeg,19200.00,"Sensor Faucet for Wash Basin
(Battery Operated)",https://www.jaquar.com/en/sensotronic-round-sensor-tap?Id=10587,"Sensor Faucets, SNR-ABR-51021, Antique Bronze"
Faucets,Sensor Faucets,10587,Sensor Faucet for Wash Basin,Variant,367,Sensor Faucet for Wash Basin - Antique Copper,SNR-ACR-51021,Antique Copper,https://www.jaquar.com/images/thumbs/0053916_sensor-faucet-for-wash-basin-antique-copper_960.jpeg,19200.00,"Sensor Faucet for Wash Basin
(Battery Operated)",https://www.jaquar.com/en/sensotronic-round-sensor-tap?Id=10587,"Sensor Faucets, SNR-ACR-51021, Antique Copper"
Faucets,Sensor Faucets,10587,Sensor Faucet for Wash Basin,Variant,367,Sensor Faucet for Wash Basin - Black Chrome,SNR-BCH-51021,Black Chrome,https://www.jaquar.com/images/thumbs/0049292_sensor-faucet-for-wash-basin-black-chrome_960.jpeg,16800.00,"Sensor Faucet for Wash Basin
(Battery Operated)",https://www.jaquar.com/en/sensotronic-round-sensor-tap?Id=10587,"Sensor Faucets, SNR-BCH-51021, Black Chrome"
Faucets,Sensor Faucets,10587,Sensor Faucet for Wash Basin,Variant,367,Sensor Faucet for Wash Basin - Black Matt,SNR-BLM-51021,Black Matt,https://www.jaquar.com/images/thumbs/0049293_sensor-faucet-for-wash-basin-black-matt_960.jpeg,16800.00,"Sensor Faucet for Wash Basin
(Battery Operated)",https://www.jaquar.com/en/sensotronic-round-sensor-tap?Id=10587,"Sensor Faucets, SNR-BLM-51021, Black Matt"
Faucets,Sensor Faucets,10587,Sensor Faucet for Wash Basin,Variant,367,Sensor Faucet for Wash Basin - Graphite,SNR-GRF-51021,Graphite,https://www.jaquar.com/images/thumbs/0049297_sensor-faucet-for-wash-basin-graphite_960.jpeg,19200.00,"Sensor Faucet for Wash Basin
(Battery Operated)",https://www.jaquar.com/en/sensotronic-round-sensor-tap?Id=10587,"Sensor Faucets, SNR-GRF-51021, Graphite"
Faucets,Sensor Faucets,10587,Sensor Faucet for Wash Basin,Variant,367,Sensor Faucet for Wash Basin - Stainless Steel,SNR-SSF-51021,Stainless Steel,https://www.jaquar.com/images/thumbs/0049298_sensor-faucet-for-wash-basin-stainless-steel_960.jpeg,19200.00,"Sensor Faucet for Wash Basin
(Battery Operated)",https://www.jaquar.com/en/sensotronic-round-sensor-tap?Id=10587,"Sensor Faucets, SNR-SSF-51021, Stainless Steel"
Faucets,Sensor Faucets,10594,Sensor Faucet for Wash Basin,Parent,367,Sensor Faucet for Wash Basin - Chrome,SNR-CHR-51021,Chrome,https://www.jaquar.com/images/thumbs/0049278_sensor-faucet-for-wash-basin-chrome_960.jpeg,11400.00,"Sensor Faucet for Wash Basin
(Battery Operated)",https://www.jaquar.com/en/sensotronic-round-sensor-tap?Id=10594,"Sensor Faucets, SNR-CHR-51021, Chrome"
Faucets,Sensor Faucets,10594,Sensor Faucet for Wash Basin,Variant,367,Sensor Faucet for Wash Basin - Antique Bronze,SNR-ABR-51021,Antique Bronze,https://www.jaquar.com/images/thumbs/0049290_sensor-faucet-for-wash-basin-antique-bronze_960.jpeg,19200.00,"Sensor Faucet for Wash Basin
(Battery Operated)",https://www.jaquar.com/en/sensotronic-round-sensor-tap?Id=10594,"Sensor Faucets, SNR-ABR-51021, Antique Bronze"
Faucets,Sensor Faucets,10594,Sensor Faucet for Wash Basin,Variant,367,Sensor Faucet for Wash Basin - Antique Copper,SNR-ACR-51021,Antique Copper,https://www.jaquar.com/images/thumbs/0053916_sensor-faucet-for-wash-basin-antique-copper_960.jpeg,19200.00,"Sensor Faucet for Wash Basin
(Battery Operated)",https://www.jaquar.com/en/sensotronic-round-sensor-tap?Id=10594,"Sensor Faucets, SNR-ACR-51021, Antique Copper"
Faucets,Sensor Faucets,10594,Sensor Faucet for Wash Basin,Variant,367,Sensor Faucet for Wash Basin - Black Chrome,SNR-BCH-51021,Black Chrome,https://www.jaquar.com/images/thumbs/0049292_sensor-faucet-for-wash-basin-black-chrome_960.jpeg,16800.00,"Sensor Faucet for Wash Basin
(Battery Operated)",https://www.jaquar.com/en/sensotronic-round-sensor-tap?Id=10594,"Sensor Faucets, SNR-BCH-51021, Black Chrome"
Faucets,Sensor Faucets,10594,Sensor Faucet for Wash Basin,Variant,367,Sensor Faucet for Wash Basin - Black Matt,SNR-BLM-51021,Black Matt,https://www.jaquar.com/images/thumbs/0049293_sensor-faucet-for-wash-basin-black-matt_960.jpeg,16800.00,"Sensor Faucet for Wash Basin
(Battery Operated)",https://www.jaquar.com/en/sensotronic-round-sensor-tap?Id=10594,"Sensor Faucets, SNR-BLM-51021, Black Matt"
Faucets,Sensor Faucets,10594,Sensor Faucet for Wash Basin,Variant,367,Sensor Faucet for Wash Basin - Graphite,SNR-GRF-51021,Graphite,https://www.jaquar.com/images/thumbs/0049297_sensor-faucet-for-wash-basin-graphite_960.jpeg,19200.00,"Sensor Faucet for Wash Basin
(Battery Operated)",https://www.jaquar.com/en/sensotronic-round-sensor-tap?Id=10594,"Sensor Faucets, SNR-GRF-51021, Graphite"
Faucets,Sensor Faucets,10594,Sensor Faucet for Wash Basin,Variant,367,Sensor Faucet for Wash Basin - Stainless Steel,SNR-SSF-51021,Stainless Steel,https://www.jaquar.com/images/thumbs/0049298_sensor-faucet-for-wash-basin-stainless-steel_960.jpeg,19200.00,"Sensor Faucet for Wash Basin
(Battery Operated)",https://www.jaquar.com/en/sensotronic-round-sensor-tap?Id=10594,"Sensor Faucets, SNR-SSF-51021, Stainless Steel"
Faucets,Sensor Faucets,10595,Sensor Faucet for Wash Basin,Parent,367,Sensor Faucet for Wash Basin - Chrome,SNR-CHR-51021,Chrome,https://www.jaquar.com/images/thumbs/0049278_sensor-faucet-for-wash-basin-chrome_960.jpeg,11400.00,"Sensor Faucet for Wash Basin
(Battery Operated)",https://www.jaquar.com/en/sensotronic-round-sensor-tap?Id=10595,"Sensor Faucets, SNR-CHR-51021, Chrome"
Faucets,Sensor Faucets,10595,Sensor Faucet for Wash Basin,Variant,367,Sensor Faucet for Wash Basin - Antique Bronze,SNR-ABR-51021,Antique Bronze,https://www.jaquar.com/images/thumbs/0049290_sensor-faucet-for-wash-basin-antique-bronze_960.jpeg,19200.00,"Sensor Faucet for Wash Basin
(Battery Operated)",https://www.jaquar.com/en/sensotronic-round-sensor-tap?Id=10595,"Sensor Faucets, SNR-ABR-51021, Antique Bronze"
Faucets,Sensor Faucets,10595,Sensor Faucet for Wash Basin,Variant,367,Sensor Faucet for Wash Basin - Antique Copper,SNR-ACR-51021,Antique Copper,https://www.jaquar.com/images/thumbs/0053916_sensor-faucet-for-wash-basin-antique-copper_960.jpeg,19200.00,"Sensor Faucet for Wash Basin
(Battery Operated)",https://www.jaquar.com/en/sensotronic-round-sensor-tap?Id=10595,"Sensor Faucets, SNR-ACR-51021, Antique Copper"
Faucets,Sensor Faucets,10595,Sensor Faucet for Wash Basin,Variant,367,Sensor Faucet for Wash Basin - Black Chrome,SNR-BCH-51021,Black Chrome,https://www.jaquar.com/images/thumbs/0049292_sensor-faucet-for-wash-basin-black-chrome_960.jpeg,16800.00,"Sensor Faucet for Wash Basin
(Battery Operated)",https://www.jaquar.com/en/sensotronic-round-sensor-tap?Id=10595,"Sensor Faucets, SNR-BCH-51021, Black Chrome"
Faucets,Sensor Faucets,10595,Sensor Faucet for Wash Basin,Variant,367,Sensor Faucet for Wash Basin - Black Matt,SNR-BLM-51021,Black Matt,https://www.jaquar.com/images/thumbs/0049293_sensor-faucet-for-wash-basin-black-matt_960.jpeg,16800.00,"Sensor Faucet for Wash Basin
(Battery Operated)",https://www.jaquar.com/en/sensotronic-round-sensor-tap?Id=10595,"Sensor Faucets, SNR-BLM-51021, Black Matt"
Faucets,Sensor Faucets,10595,Sensor Faucet for Wash Basin,Variant,367,Sensor Faucet for Wash Basin - Graphite,SNR-GRF-51021,Graphite,https://www.jaquar.com/images/thumbs/0049297_sensor-faucet-for-wash-basin-graphite_960.jpeg,19200.00,"Sensor Faucet for Wash Basin
(Battery Operated)",https://www.jaquar.com/en/sensotronic-round-sensor-tap?Id=10595,"Sensor Faucets, SNR-GRF-51021, Graphite"
Faucets,Sensor Faucets,10595,Sensor Faucet for Wash Basin,Variant,367,Sensor Faucet for Wash Basin - Stainless Steel,SNR-SSF-51021,Stainless Steel,https://www.jaquar.com/images/thumbs/0049298_sensor-faucet-for-wash-basin-stainless-steel_960.jpeg,19200.00,"Sensor Faucet for Wash Basin
(Battery Operated)",https://www.jaquar.com/en/sensotronic-round-sensor-tap?Id=10595,"Sensor Faucets, SNR-SSF-51021, Stainless Steel"
Faucets,Sensor Faucets,10576,Sensor Faucet for Wash Basin,Parent,1514,Sensor Faucet for Wash Basin - Chrome,SNR-CHR-51001SQ,Chrome,https://www.jaquar.com/images/thumbs/0049255_sensor-faucet-for-wash-basin-chrome_960.jpeg,12600.00,"Sensor Faucet for Wash Basin in Square Shape with Base Flange (Battery Operated)
",https://www.jaquar.com/en/sensotronic-square-sensor-tap?Id=10576,"Sensor Faucets, SNR-CHR-51001SQ, Chrome"
Faucets,Sensor Faucets,10576,Sensor Faucet for Wash Basin,Variant,1514,Sensor Faucet for Wash Basin - Antique Bronze,SNR-ABR-51001SQ,Antique Bronze,https://www.jaquar.com/images/thumbs/0049256_sensor-faucet-for-wash-basin-antique-bronze_960.jpeg,21200.00,"Sensor Faucet for Wash Basin in Square Shape with Base Flange (Battery Operated)
",https://www.jaquar.com/en/sensotronic-square-sensor-tap?Id=10576,"Sensor Faucets, SNR-ABR-51001SQ, Antique Bronze"
Faucets,Sensor Faucets,10576,Sensor Faucet for Wash Basin,Variant,1514,Sensor Faucet for Wash Basin - Antique Copper,SNR-ACR-51001SQ,Antique Copper,https://www.jaquar.com/images/thumbs/0049258_sensor-faucet-for-wash-basin-antique-copper_960.jpeg,21200.00,"Sensor Faucet for Wash Basin in Square Shape with Base Flange (Battery Operated)
",https://www.jaquar.com/en/sensotronic-square-sensor-tap?Id=10576,"Sensor Faucets, SNR-ACR-51001SQ, Antique Copper"
Faucets,Sensor Faucets,10576,Sensor Faucet for Wash Basin,Variant,1514,Sensor Faucet for Wash Basin - Black Chrome,SNR-BCH-51001SQ,Black Chrome,https://www.jaquar.com/images/thumbs/0049267_sensor-faucet-for-wash-basin-black-chrome_960.jpeg,18600.00,"Sensor Faucet for Wash Basin in Square Shape with Base Flange (Battery Operated)
",https://www.jaquar.com/en/sensotronic-square-sensor-tap?Id=10576,"Sensor Faucets, SNR-BCH-51001SQ, Black Chrome"
Faucets,Sensor Faucets,10576,Sensor Faucet for Wash Basin,Variant,1514,Sensor Faucet for Wash Basin - Black Matt,SNR-BLM-51001SQ,Black Matt,https://www.jaquar.com/images/thumbs/0049260_sensor-faucet-for-wash-basin-black-matt_960.jpeg,18600.00,"Sensor Faucet for Wash Basin in Square Shape with Base Flange (Battery Operated)
",https://www.jaquar.com/en/sensotronic-square-sensor-tap?Id=10576,"Sensor Faucets, SNR-BLM-51001SQ, Black Matt"
Faucets,Sensor Faucets,10576,Sensor Faucet for Wash Basin,Variant,1514,Sensor Faucet for Wash Basin - Graphite,SNR-GRF-51001SQ	,Graphite,https://www.jaquar.com/images/thumbs/0049263_sensor-faucet-for-wash-basin-graphite_960.jpeg,21200.00,"Sensor Faucet for Wash Basin in Square Shape with Base Flange (Battery Operated)
",https://www.jaquar.com/en/sensotronic-square-sensor-tap?Id=10576,"Sensor Faucets, SNR-GRF-51001SQ	, Graphite"
Faucets,Sensor Faucets,10576,Sensor Faucet for Wash Basin,Variant,1514,Sensor Faucet for Wash Basin - Stainless Steel,SNR-SSF-51001SQ	,Stainless Steel,https://www.jaquar.com/images/thumbs/0049264_sensor-faucet-for-wash-basin-stainless-steel_960.jpeg,21200.00,"Sensor Faucet for Wash Basin in Square Shape with Base Flange (Battery Operated)
",https://www.jaquar.com/en/sensotronic-square-sensor-tap?Id=10576,"Sensor Faucets, SNR-SSF-51001SQ	, Stainless Steel"
Faucets,Sensor Faucets,10577,Sensor Faucet for Wash Basin,Parent,1514,Sensor Faucet for Wash Basin - Chrome,SNR-CHR-51001SQ,Chrome,https://www.jaquar.com/images/thumbs/0049255_sensor-faucet-for-wash-basin-chrome_960.jpeg,12600.00,"Sensor Faucet for Wash Basin in Square Shape with Base Flange (Battery Operated)
",https://www.jaquar.com/en/sensotronic-square-sensor-tap?Id=10577,"Sensor Faucets, SNR-CHR-51001SQ, Chrome"
Faucets,Sensor Faucets,10577,Sensor Faucet for Wash Basin,Variant,1514,Sensor Faucet for Wash Basin - Antique Bronze,SNR-ABR-51001SQ,Antique Bronze,https://www.jaquar.com/images/thumbs/0049256_sensor-faucet-for-wash-basin-antique-bronze_960.jpeg,21200.00,"Sensor Faucet for Wash Basin in Square Shape with Base Flange (Battery Operated)
",https://www.jaquar.com/en/sensotronic-square-sensor-tap?Id=10577,"Sensor Faucets, SNR-ABR-51001SQ, Antique Bronze"
Faucets,Sensor Faucets,10577,Sensor Faucet for Wash Basin,Variant,1514,Sensor Faucet for Wash Basin - Antique Copper,SNR-ACR-51001SQ,Antique Copper,https://www.jaquar.com/images/thumbs/0049258_sensor-faucet-for-wash-basin-antique-copper_960.jpeg,21200.00,"Sensor Faucet for Wash Basin in Square Shape with Base Flange (Battery Operated)
",https://www.jaquar.com/en/sensotronic-square-sensor-tap?Id=10577,"Sensor Faucets, SNR-ACR-51001SQ, Antique Copper"
Faucets,Sensor Faucets,10577,Sensor Faucet for Wash Basin,Variant,1514,Sensor Faucet for Wash Basin - Black Chrome,SNR-BCH-51001SQ,Black Chrome,https://www.jaquar.com/images/thumbs/0049267_sensor-faucet-for-wash-basin-black-chrome_960.jpeg,18600.00,"Sensor Faucet for Wash Basin in Square Shape with Base Flange (Battery Operated)
",https://www.jaquar.com/en/sensotronic-square-sensor-tap?Id=10577,"Sensor Faucets, SNR-BCH-51001SQ, Black Chrome"
Faucets,Sensor Faucets,10577,Sensor Faucet for Wash Basin,Variant,1514,Sensor Faucet for Wash Basin - Black Matt,SNR-BLM-51001SQ,Black Matt,https://www.jaquar.com/images/thumbs/0049260_sensor-faucet-for-wash-basin-black-matt_960.jpeg,18600.00,"Sensor Faucet for Wash Basin in Square Shape with Base Flange (Battery Operated)
",https://www.jaquar.com/en/sensotronic-square-sensor-tap?Id=10577,"Sensor Faucets, SNR-BLM-51001SQ, Black Matt"
Faucets,Sensor Faucets,10577,Sensor Faucet for Wash Basin,Variant,1514,Sensor Faucet for Wash Basin - Graphite,SNR-GRF-51001SQ	,Graphite,https://www.jaquar.com/images/thumbs/0049263_sensor-faucet-for-wash-basin-graphite_960.jpeg,21200.00,"Sensor Faucet for Wash Basin in Square Shape with Base Flange (Battery Operated)
",https://www.jaquar.com/en/sensotronic-square-sensor-tap?Id=10577,"Sensor Faucets, SNR-GRF-51001SQ	, Graphite"
Faucets,Sensor Faucets,10577,Sensor Faucet for Wash Basin,Variant,1514,Sensor Faucet for Wash Basin - Stainless Steel,SNR-SSF-51001SQ	,Stainless Steel,https://www.jaquar.com/images/thumbs/0049264_sensor-faucet-for-wash-basin-stainless-steel_960.jpeg,21200.00,"Sensor Faucet for Wash Basin in Square Shape with Base Flange (Battery Operated)
",https://www.jaquar.com/en/sensotronic-square-sensor-tap?Id=10577,"Sensor Faucets, SNR-SSF-51001SQ	, Stainless Steel"
Faucets,Sensor Faucets,10580,Sensor Faucet for Wash Basin,Parent,1514,Sensor Faucet for Wash Basin - Chrome,SNR-CHR-51001SQ,Chrome,https://www.jaquar.com/images/thumbs/0049255_sensor-faucet-for-wash-basin-chrome_960.jpeg,12600.00,"Sensor Faucet for Wash Basin in Square Shape with Base Flange (Battery Operated)
",https://www.jaquar.com/en/sensotronic-square-sensor-tap?Id=10580,"Sensor Faucets, SNR-CHR-51001SQ, Chrome"
Faucets,Sensor Faucets,10580,Sensor Faucet for Wash Basin,Variant,1514,Sensor Faucet for Wash Basin - Antique Bronze,SNR-ABR-51001SQ,Antique Bronze,https://www.jaquar.com/images/thumbs/0049256_sensor-faucet-for-wash-basin-antique-bronze_960.jpeg,21200.00,"Sensor Faucet for Wash Basin in Square Shape with Base Flange (Battery Operated)
",https://www.jaquar.com/en/sensotronic-square-sensor-tap?Id=10580,"Sensor Faucets, SNR-ABR-51001SQ, Antique Bronze"
Faucets,Sensor Faucets,10580,Sensor Faucet for Wash Basin,Variant,1514,Sensor Faucet for Wash Basin - Antique Copper,SNR-ACR-51001SQ,Antique Copper,https://www.jaquar.com/images/thumbs/0049258_sensor-faucet-for-wash-basin-antique-copper_960.jpeg,21200.00,"Sensor Faucet for Wash Basin in Square Shape with Base Flange (Battery Operated)
",https://www.jaquar.com/en/sensotronic-square-sensor-tap?Id=10580,"Sensor Faucets, SNR-ACR-51001SQ, Antique Copper"
Faucets,Sensor Faucets,10580,Sensor Faucet for Wash Basin,Variant,1514,Sensor Faucet for Wash Basin - Black Chrome,SNR-BCH-51001SQ,Black Chrome,https://www.jaquar.com/images/thumbs/0049267_sensor-faucet-for-wash-basin-black-chrome_960.jpeg,18600.00,"Sensor Faucet for Wash Basin in Square Shape with Base Flange (Battery Operated)
",https://www.jaquar.com/en/sensotronic-square-sensor-tap?Id=10580,"Sensor Faucets, SNR-BCH-51001SQ, Black Chrome"
Faucets,Sensor Faucets,10580,Sensor Faucet for Wash Basin,Variant,1514,Sensor Faucet for Wash Basin - Black Matt,SNR-BLM-51001SQ,Black Matt,https://www.jaquar.com/images/thumbs/0049260_sensor-faucet-for-wash-basin-black-matt_960.jpeg,18600.00,"Sensor Faucet for Wash Basin in Square Shape with Base Flange (Battery Operated)
",https://www.jaquar.com/en/sensotronic-square-sensor-tap?Id=10580,"Sensor Faucets, SNR-BLM-51001SQ, Black Matt"
Faucets,Sensor Faucets,10580,Sensor Faucet for Wash Basin,Variant,1514,Sensor Faucet for Wash Basin - Graphite,SNR-GRF-51001SQ	,Graphite,https://www.jaquar.com/images/thumbs/0049263_sensor-faucet-for-wash-basin-graphite_960.jpeg,21200.00,"Sensor Faucet for Wash Basin in Square Shape with Base Flange (Battery Operated)
",https://www.jaquar.com/en/sensotronic-square-sensor-tap?Id=10580,"Sensor Faucets, SNR-GRF-51001SQ	, Graphite"
Faucets,Sensor Faucets,10580,Sensor Faucet for Wash Basin,Variant,1514,Sensor Faucet for Wash Basin - Stainless Steel,SNR-SSF-51001SQ	,Stainless Steel,https://www.jaquar.com/images/thumbs/0049264_sensor-faucet-for-wash-basin-stainless-steel_960.jpeg,21200.00,"Sensor Faucet for Wash Basin in Square Shape with Base Flange (Battery Operated)
",https://www.jaquar.com/en/sensotronic-square-sensor-tap?Id=10580,"Sensor Faucets, SNR-SSF-51001SQ	, Stainless Steel"
Faucets,Sensor Faucets,10581,Sensor Faucet for Wash Basin,Parent,1514,Sensor Faucet for Wash Basin - Chrome,SNR-CHR-51001SQ,Chrome,https://www.jaquar.com/images/thumbs/0049255_sensor-faucet-for-wash-basin-chrome_960.jpeg,12600.00,"Sensor Faucet for Wash Basin in Square Shape with Base Flange (Battery Operated)
",https://www.jaquar.com/en/sensotronic-square-sensor-tap?Id=10581,"Sensor Faucets, SNR-CHR-51001SQ, Chrome"
Faucets,Sensor Faucets,10581,Sensor Faucet for Wash Basin,Variant,1514,Sensor Faucet for Wash Basin - Antique Bronze,SNR-ABR-51001SQ,Antique Bronze,https://www.jaquar.com/images/thumbs/0049256_sensor-faucet-for-wash-basin-antique-bronze_960.jpeg,21200.00,"Sensor Faucet for Wash Basin in Square Shape with Base Flange (Battery Operated)
",https://www.jaquar.com/en/sensotronic-square-sensor-tap?Id=10581,"Sensor Faucets, SNR-ABR-51001SQ, Antique Bronze"
Faucets,Sensor Faucets,10581,Sensor Faucet for Wash Basin,Variant,1514,Sensor Faucet for Wash Basin - Antique Copper,SNR-ACR-51001SQ,Antique Copper,https://www.jaquar.com/images/thumbs/0049258_sensor-faucet-for-wash-basin-antique-copper_960.jpeg,21200.00,"Sensor Faucet for Wash Basin in Square Shape with Base Flange (Battery Operated)
",https://www.jaquar.com/en/sensotronic-square-sensor-tap?Id=10581,"Sensor Faucets, SNR-ACR-51001SQ, Antique Copper"
Faucets,Sensor Faucets,10581,Sensor Faucet for Wash Basin,Variant,1514,Sensor Faucet for Wash Basin - Black Chrome,SNR-BCH-51001SQ,Black Chrome,https://www.jaquar.com/images/thumbs/0049267_sensor-faucet-for-wash-basin-black-chrome_960.jpeg,18600.00,"Sensor Faucet for Wash Basin in Square Shape with Base Flange (Battery Operated)
",https://www.jaquar.com/en/sensotronic-square-sensor-tap?Id=10581,"Sensor Faucets, SNR-BCH-51001SQ, Black Chrome"
Faucets,Sensor Faucets,10581,Sensor Faucet for Wash Basin,Variant,1514,Sensor Faucet for Wash Basin - Black Matt,SNR-BLM-51001SQ,Black Matt,https://www.jaquar.com/images/thumbs/0049260_sensor-faucet-for-wash-basin-black-matt_960.jpeg,18600.00,"Sensor Faucet for Wash Basin in Square Shape with Base Flange (Battery Operated)
",https://www.jaquar.com/en/sensotronic-square-sensor-tap?Id=10581,"Sensor Faucets, SNR-BLM-51001SQ, Black Matt"
Faucets,Sensor Faucets,10581,Sensor Faucet for Wash Basin,Variant,1514,Sensor Faucet for Wash Basin - Graphite,SNR-GRF-51001SQ	,Graphite,https://www.jaquar.com/images/thumbs/0049263_sensor-faucet-for-wash-basin-graphite_960.jpeg,21200.00,"Sensor Faucet for Wash Basin in Square Shape with Base Flange (Battery Operated)
",https://www.jaquar.com/en/sensotronic-square-sensor-tap?Id=10581,"Sensor Faucets, SNR-GRF-51001SQ	, Graphite"
Faucets,Sensor Faucets,10581,Sensor Faucet for Wash Basin,Variant,1514,Sensor Faucet for Wash Basin - Stainless Steel,SNR-SSF-51001SQ	,Stainless Steel,https://www.jaquar.com/images/thumbs/0049264_sensor-faucet-for-wash-basin-stainless-steel_960.jpeg,21200.00,"Sensor Faucet for Wash Basin in Square Shape with Base Flange (Battery Operated)
",https://www.jaquar.com/en/sensotronic-square-sensor-tap?Id=10581,"Sensor Faucets, SNR-SSF-51001SQ	, Stainless Steel"
Faucets,Sensor Faucets,10575,Sensor Faucet for Wash Basin,Parent,1514,Sensor Faucet for Wash Basin - Chrome,SNR-CHR-51001SQ,Chrome,https://www.jaquar.com/images/thumbs/0049255_sensor-faucet-for-wash-basin-chrome_960.jpeg,12600.00,"Sensor Faucet for Wash Basin in Square Shape with Base Flange (Battery Operated)
",https://www.jaquar.com/en/sensotronic-square-sensor-tap?Id=10575,"Sensor Faucets, SNR-CHR-51001SQ, Chrome"
Faucets,Sensor Faucets,10575,Sensor Faucet for Wash Basin,Variant,1514,Sensor Faucet for Wash Basin - Antique Bronze,SNR-ABR-51001SQ,Antique Bronze,https://www.jaquar.com/images/thumbs/0049256_sensor-faucet-for-wash-basin-antique-bronze_960.jpeg,21200.00,"Sensor Faucet for Wash Basin in Square Shape with Base Flange (Battery Operated)
",https://www.jaquar.com/en/sensotronic-square-sensor-tap?Id=10575,"Sensor Faucets, SNR-ABR-51001SQ, Antique Bronze"
Faucets,Sensor Faucets,10575,Sensor Faucet for Wash Basin,Variant,1514,Sensor Faucet for Wash Basin - Antique Copper,SNR-ACR-51001SQ,Antique Copper,https://www.jaquar.com/images/thumbs/0049258_sensor-faucet-for-wash-basin-antique-copper_960.jpeg,21200.00,"Sensor Faucet for Wash Basin in Square Shape with Base Flange (Battery Operated)
",https://www.jaquar.com/en/sensotronic-square-sensor-tap?Id=10575,"Sensor Faucets, SNR-ACR-51001SQ, Antique Copper"
Faucets,Sensor Faucets,10575,Sensor Faucet for Wash Basin,Variant,1514,Sensor Faucet for Wash Basin - Black Chrome,SNR-BCH-51001SQ,Black Chrome,https://www.jaquar.com/images/thumbs/0049267_sensor-faucet-for-wash-basin-black-chrome_960.jpeg,18600.00,"Sensor Faucet for Wash Basin in Square Shape with Base Flange (Battery Operated)
",https://www.jaquar.com/en/sensotronic-square-sensor-tap?Id=10575,"Sensor Faucets, SNR-BCH-51001SQ, Black Chrome"
Faucets,Sensor Faucets,10575,Sensor Faucet for Wash Basin,Variant,1514,Sensor Faucet for Wash Basin - Black Matt,SNR-BLM-51001SQ,Black Matt,https://www.jaquar.com/images/thumbs/0049260_sensor-faucet-for-wash-basin-black-matt_960.jpeg,18600.00,"Sensor Faucet for Wash Basin in Square Shape with Base Flange (Battery Operated)
",https://www.jaquar.com/en/sensotronic-square-sensor-tap?Id=10575,"Sensor Faucets, SNR-BLM-51001SQ, Black Matt"
Faucets,Sensor Faucets,10575,Sensor Faucet for Wash Basin,Variant,1514,Sensor Faucet for Wash Basin - Graphite,SNR-GRF-51001SQ	,Graphite,https://www.jaquar.com/images/thumbs/0049263_sensor-faucet-for-wash-basin-graphite_960.jpeg,21200.00,"Sensor Faucet for Wash Basin in Square Shape with Base Flange (Battery Operated)
",https://www.jaquar.com/en/sensotronic-square-sensor-tap?Id=10575,"Sensor Faucets, SNR-GRF-51001SQ	, Graphite"
Faucets,Sensor Faucets,10575,Sensor Faucet for Wash Basin,Variant,1514,Sensor Faucet for Wash Basin - Stainless Steel,SNR-SSF-51001SQ	,Stainless Steel,https://www.jaquar.com/images/thumbs/0049264_sensor-faucet-for-wash-basin-stainless-steel_960.jpeg,21200.00,"Sensor Faucet for Wash Basin in Square Shape with Base Flange (Battery Operated)
",https://www.jaquar.com/en/sensotronic-square-sensor-tap?Id=10575,"Sensor Faucets, SNR-SSF-51001SQ	, Stainless Steel"
Faucets,Sensor Faucets,10584,Sensor Faucet for Wash Basin,Parent,1514,Sensor Faucet for Wash Basin - Chrome,SNR-CHR-51001SQ,Chrome,https://www.jaquar.com/images/thumbs/0049255_sensor-faucet-for-wash-basin-chrome_960.jpeg,12600.00,"Sensor Faucet for Wash Basin in Square Shape with Base Flange (Battery Operated)
",https://www.jaquar.com/en/sensotronic-square-sensor-tap?Id=10584,"Sensor Faucets, SNR-CHR-51001SQ, Chrome"
Faucets,Sensor Faucets,10584,Sensor Faucet for Wash Basin,Variant,1514,Sensor Faucet for Wash Basin - Antique Bronze,SNR-ABR-51001SQ,Antique Bronze,https://www.jaquar.com/images/thumbs/0049256_sensor-faucet-for-wash-basin-antique-bronze_960.jpeg,21200.00,"Sensor Faucet for Wash Basin in Square Shape with Base Flange (Battery Operated)
",https://www.jaquar.com/en/sensotronic-square-sensor-tap?Id=10584,"Sensor Faucets, SNR-ABR-51001SQ, Antique Bronze"
Faucets,Sensor Faucets,10584,Sensor Faucet for Wash Basin,Variant,1514,Sensor Faucet for Wash Basin - Antique Copper,SNR-ACR-51001SQ,Antique Copper,https://www.jaquar.com/images/thumbs/0049258_sensor-faucet-for-wash-basin-antique-copper_960.jpeg,21200.00,"Sensor Faucet for Wash Basin in Square Shape with Base Flange (Battery Operated)
",https://www.jaquar.com/en/sensotronic-square-sensor-tap?Id=10584,"Sensor Faucets, SNR-ACR-51001SQ, Antique Copper"
Faucets,Sensor Faucets,10584,Sensor Faucet for Wash Basin,Variant,1514,Sensor Faucet for Wash Basin - Black Chrome,SNR-BCH-51001SQ,Black Chrome,https://www.jaquar.com/images/thumbs/0049267_sensor-faucet-for-wash-basin-black-chrome_960.jpeg,18600.00,"Sensor Faucet for Wash Basin in Square Shape with Base Flange (Battery Operated)
",https://www.jaquar.com/en/sensotronic-square-sensor-tap?Id=10584,"Sensor Faucets, SNR-BCH-51001SQ, Black Chrome"
Faucets,Sensor Faucets,10584,Sensor Faucet for Wash Basin,Variant,1514,Sensor Faucet for Wash Basin - Black Matt,SNR-BLM-51001SQ,Black Matt,https://www.jaquar.com/images/thumbs/0049260_sensor-faucet-for-wash-basin-black-matt_960.jpeg,18600.00,"Sensor Faucet for Wash Basin in Square Shape with Base Flange (Battery Operated)
",https://www.jaquar.com/en/sensotronic-square-sensor-tap?Id=10584,"Sensor Faucets, SNR-BLM-51001SQ, Black Matt"
Faucets,Sensor Faucets,10584,Sensor Faucet for Wash Basin,Variant,1514,Sensor Faucet for Wash Basin - Graphite,SNR-GRF-51001SQ	,Graphite,https://www.jaquar.com/images/thumbs/0049263_sensor-faucet-for-wash-basin-graphite_960.jpeg,21200.00,"Sensor Faucet for Wash Basin in Square Shape with Base Flange (Battery Operated)
",https://www.jaquar.com/en/sensotronic-square-sensor-tap?Id=10584,"Sensor Faucets, SNR-GRF-51001SQ	, Graphite"
Faucets,Sensor Faucets,10584,Sensor Faucet for Wash Basin,Variant,1514,Sensor Faucet for Wash Basin - Stainless Steel,SNR-SSF-51001SQ	,Stainless Steel,https://www.jaquar.com/images/thumbs/0049264_sensor-faucet-for-wash-basin-stainless-steel_960.jpeg,21200.00,"Sensor Faucet for Wash Basin in Square Shape with Base Flange (Battery Operated)
",https://www.jaquar.com/en/sensotronic-square-sensor-tap?Id=10584,"Sensor Faucets, SNR-SSF-51001SQ	, Stainless Steel"
Faucets,Sensor Faucets,10585,Sensor Faucet for Wash Basin,Parent,1514,Sensor Faucet for Wash Basin - Chrome,SNR-CHR-51001SQ,Chrome,https://www.jaquar.com/images/thumbs/0049255_sensor-faucet-for-wash-basin-chrome_960.jpeg,12600.00,"Sensor Faucet for Wash Basin in Square Shape with Base Flange (Battery Operated)
",https://www.jaquar.com/en/sensotronic-square-sensor-tap?Id=10585,"Sensor Faucets, SNR-CHR-51001SQ, Chrome"
Faucets,Sensor Faucets,10585,Sensor Faucet for Wash Basin,Variant,1514,Sensor Faucet for Wash Basin - Antique Bronze,SNR-ABR-51001SQ,Antique Bronze,https://www.jaquar.com/images/thumbs/0049256_sensor-faucet-for-wash-basin-antique-bronze_960.jpeg,21200.00,"Sensor Faucet for Wash Basin in Square Shape with Base Flange (Battery Operated)
",https://www.jaquar.com/en/sensotronic-square-sensor-tap?Id=10585,"Sensor Faucets, SNR-ABR-51001SQ, Antique Bronze"
Faucets,Sensor Faucets,10585,Sensor Faucet for Wash Basin,Variant,1514,Sensor Faucet for Wash Basin - Antique Copper,SNR-ACR-51001SQ,Antique Copper,https://www.jaquar.com/images/thumbs/0049258_sensor-faucet-for-wash-basin-antique-copper_960.jpeg,21200.00,"Sensor Faucet for Wash Basin in Square Shape with Base Flange (Battery Operated)
",https://www.jaquar.com/en/sensotronic-square-sensor-tap?Id=10585,"Sensor Faucets, SNR-ACR-51001SQ, Antique Copper"
Faucets,Sensor Faucets,10585,Sensor Faucet for Wash Basin,Variant,1514,Sensor Faucet for Wash Basin - Black Chrome,SNR-BCH-51001SQ,Black Chrome,https://www.jaquar.com/images/thumbs/0049267_sensor-faucet-for-wash-basin-black-chrome_960.jpeg,18600.00,"Sensor Faucet for Wash Basin in Square Shape with Base Flange (Battery Operated)
",https://www.jaquar.com/en/sensotronic-square-sensor-tap?Id=10585,"Sensor Faucets, SNR-BCH-51001SQ, Black Chrome"
Faucets,Sensor Faucets,10585,Sensor Faucet for Wash Basin,Variant,1514,Sensor Faucet for Wash Basin - Black Matt,SNR-BLM-51001SQ,Black Matt,https://www.jaquar.com/images/thumbs/0049260_sensor-faucet-for-wash-basin-black-matt_960.jpeg,18600.00,"Sensor Faucet for Wash Basin in Square Shape with Base Flange (Battery Operated)
",https://www.jaquar.com/en/sensotronic-square-sensor-tap?Id=10585,"Sensor Faucets, SNR-BLM-51001SQ, Black Matt"
Faucets,Sensor Faucets,10585,Sensor Faucet for Wash Basin,Variant,1514,Sensor Faucet for Wash Basin - Graphite,SNR-GRF-51001SQ	,Graphite,https://www.jaquar.com/images/thumbs/0049263_sensor-faucet-for-wash-basin-graphite_960.jpeg,21200.00,"Sensor Faucet for Wash Basin in Square Shape with Base Flange (Battery Operated)
",https://www.jaquar.com/en/sensotronic-square-sensor-tap?Id=10585,"Sensor Faucets, SNR-GRF-51001SQ	, Graphite"
Faucets,Sensor Faucets,10585,Sensor Faucet for Wash Basin,Variant,1514,Sensor Faucet for Wash Basin - Stainless Steel,SNR-SSF-51001SQ	,Stainless Steel,https://www.jaquar.com/images/thumbs/0049264_sensor-faucet-for-wash-basin-stainless-steel_960.jpeg,21200.00,"Sensor Faucet for Wash Basin in Square Shape with Base Flange (Battery Operated)
",https://www.jaquar.com/en/sensotronic-square-sensor-tap?Id=10585,"Sensor Faucets, SNR-SSF-51001SQ	, Stainless Steel"
Faucets,Sensor Faucets,10599,Sensor Faucet for Wash Basin,Parent,368,Sensor Faucet for Wash Basin - Chrome,SNR-CHR-51021A,Chrome,https://www.jaquar.com/images/thumbs/0049310_sensor-faucet-for-wash-basin-chrome_960.jpeg,13600.00,"Sensor Faucet for Wash Basin with 175mm Extension Body (Battery Operated)
",https://www.jaquar.com/en/sensotronic-long-body-sensor-tap?Id=10599,"Sensor Faucets, SNR-CHR-51021A, Chrome"
Faucets,Sensor Faucets,10599,Sensor Faucet for Wash Basin,Variant,368,Sensor Faucet for Wash Basin - Antique Bronze,SNR-ABR-51021A,Antique Bronze,https://www.jaquar.com/images/thumbs/0049322_sensor-faucet-for-wash-basin-antique-bronze_960.jpeg,22700.00,"Sensor Faucet for Wash Basin with 175mm Extension Body (Battery Operated)
",https://www.jaquar.com/en/sensotronic-long-body-sensor-tap?Id=10599,"Sensor Faucets, SNR-ABR-51021A, Antique Bronze"
Faucets,Sensor Faucets,10599,Sensor Faucet for Wash Basin,Variant,368,Sensor Faucet for Wash Basin - Antique Copper,SNR-ACR-51021A,Antique Copper,https://www.jaquar.com/images/thumbs/0049323_sensor-faucet-for-wash-basin-antique-copper_960.jpeg,22700.00,"Sensor Faucet for Wash Basin with 175mm Extension Body (Battery Operated)
",https://www.jaquar.com/en/sensotronic-long-body-sensor-tap?Id=10599,"Sensor Faucets, SNR-ACR-51021A, Antique Copper"
Faucets,Sensor Faucets,10599,Sensor Faucet for Wash Basin,Variant,368,Sensor Faucet for Wash Basin - Black Chrome,SNR-BCH-51021A,Black Chrome,https://www.jaquar.com/images/thumbs/0049324_sensor-faucet-for-wash-basin-black-chrome_960.jpeg,19800.00,"Sensor Faucet for Wash Basin with 175mm Extension Body (Battery Operated)
",https://www.jaquar.com/en/sensotronic-long-body-sensor-tap?Id=10599,"Sensor Faucets, SNR-BCH-51021A, Black Chrome"
Faucets,Sensor Faucets,10599,Sensor Faucet for Wash Basin,Variant,368,Sensor Faucet for Wash Basin - Black Matt,SNR-BLM-51021A,Black Matt,https://www.jaquar.com/images/thumbs/0049325_sensor-faucet-for-wash-basin-black-matt_960.jpeg,19800.00,"Sensor Faucet for Wash Basin with 175mm Extension Body (Battery Operated)
",https://www.jaquar.com/en/sensotronic-long-body-sensor-tap?Id=10599,"Sensor Faucets, SNR-BLM-51021A, Black Matt"
Faucets,Sensor Faucets,10599,Sensor Faucet for Wash Basin,Variant,368,Sensor Faucet for Wash Basin - Graphite,SNR-GRF-51021A,Graphite,https://www.jaquar.com/images/thumbs/0049328_sensor-faucet-for-wash-basin-graphite_960.jpeg,22700.00,"Sensor Faucet for Wash Basin with 175mm Extension Body (Battery Operated)
",https://www.jaquar.com/en/sensotronic-long-body-sensor-tap?Id=10599,"Sensor Faucets, SNR-GRF-51021A, Graphite"
Faucets,Sensor Faucets,10599,Sensor Faucet for Wash Basin,Variant,368,Sensor Faucet for Wash Basin - Stainless Steel,SNR-SSF-51021A,Stainless Steel,https://www.jaquar.com/images/thumbs/0049329_sensor-faucet-for-wash-basin-stainless-steel_960.jpeg,22700.00,"Sensor Faucet for Wash Basin with 175mm Extension Body (Battery Operated)
",https://www.jaquar.com/en/sensotronic-long-body-sensor-tap?Id=10599,"Sensor Faucets, SNR-SSF-51021A, Stainless Steel"
Faucets,Sensor Faucets,10600,Sensor Faucet for Wash Basin,Parent,368,Sensor Faucet for Wash Basin - Chrome,SNR-CHR-51021A,Chrome,https://www.jaquar.com/images/thumbs/0049310_sensor-faucet-for-wash-basin-chrome_960.jpeg,13600.00,"Sensor Faucet for Wash Basin with 175mm Extension Body (Battery Operated)
",https://www.jaquar.com/en/sensotronic-long-body-sensor-tap?Id=10600,"Sensor Faucets, SNR-CHR-51021A, Chrome"
Faucets,Sensor Faucets,10600,Sensor Faucet for Wash Basin,Variant,368,Sensor Faucet for Wash Basin - Antique Bronze,SNR-ABR-51021A,Antique Bronze,https://www.jaquar.com/images/thumbs/0049322_sensor-faucet-for-wash-basin-antique-bronze_960.jpeg,22700.00,"Sensor Faucet for Wash Basin with 175mm Extension Body (Battery Operated)
",https://www.jaquar.com/en/sensotronic-long-body-sensor-tap?Id=10600,"Sensor Faucets, SNR-ABR-51021A, Antique Bronze"
Faucets,Sensor Faucets,10600,Sensor Faucet for Wash Basin,Variant,368,Sensor Faucet for Wash Basin - Antique Copper,SNR-ACR-51021A,Antique Copper,https://www.jaquar.com/images/thumbs/0049323_sensor-faucet-for-wash-basin-antique-copper_960.jpeg,22700.00,"Sensor Faucet for Wash Basin with 175mm Extension Body (Battery Operated)
",https://www.jaquar.com/en/sensotronic-long-body-sensor-tap?Id=10600,"Sensor Faucets, SNR-ACR-51021A, Antique Copper"
Faucets,Sensor Faucets,10600,Sensor Faucet for Wash Basin,Variant,368,Sensor Faucet for Wash Basin - Black Chrome,SNR-BCH-51021A,Black Chrome,https://www.jaquar.com/images/thumbs/0049324_sensor-faucet-for-wash-basin-black-chrome_960.jpeg,19800.00,"Sensor Faucet for Wash Basin with 175mm Extension Body (Battery Operated)
",https://www.jaquar.com/en/sensotronic-long-body-sensor-tap?Id=10600,"Sensor Faucets, SNR-BCH-51021A, Black Chrome"
Faucets,Sensor Faucets,10600,Sensor Faucet for Wash Basin,Variant,368,Sensor Faucet for Wash Basin - Black Matt,SNR-BLM-51021A,Black Matt,https://www.jaquar.com/images/thumbs/0049325_sensor-faucet-for-wash-basin-black-matt_960.jpeg,19800.00,"Sensor Faucet for Wash Basin with 175mm Extension Body (Battery Operated)
",https://www.jaquar.com/en/sensotronic-long-body-sensor-tap?Id=10600,"Sensor Faucets, SNR-BLM-51021A, Black Matt"
Faucets,Sensor Faucets,10600,Sensor Faucet for Wash Basin,Variant,368,Sensor Faucet for Wash Basin - Graphite,SNR-GRF-51021A,Graphite,https://www.jaquar.com/images/thumbs/0049328_sensor-faucet-for-wash-basin-graphite_960.jpeg,22700.00,"Sensor Faucet for Wash Basin with 175mm Extension Body (Battery Operated)
",https://www.jaquar.com/en/sensotronic-long-body-sensor-tap?Id=10600,"Sensor Faucets, SNR-GRF-51021A, Graphite"
Faucets,Sensor Faucets,10600,Sensor Faucet for Wash Basin,Variant,368,Sensor Faucet for Wash Basin - Stainless Steel,SNR-SSF-51021A,Stainless Steel,https://www.jaquar.com/images/thumbs/0049329_sensor-faucet-for-wash-basin-stainless-steel_960.jpeg,22700.00,"Sensor Faucet for Wash Basin with 175mm Extension Body (Battery Operated)
",https://www.jaquar.com/en/sensotronic-long-body-sensor-tap?Id=10600,"Sensor Faucets, SNR-SSF-51021A, Stainless Steel"
Faucets,Sensor Faucets,10601,Sensor Faucet for Wash Basin,Parent,368,Sensor Faucet for Wash Basin - Chrome,SNR-CHR-51021A,Chrome,https://www.jaquar.com/images/thumbs/0049310_sensor-faucet-for-wash-basin-chrome_960.jpeg,13600.00,"Sensor Faucet for Wash Basin with 175mm Extension Body (Battery Operated)
",https://www.jaquar.com/en/sensotronic-long-body-sensor-tap?Id=10601,"Sensor Faucets, SNR-CHR-51021A, Chrome"
Faucets,Sensor Faucets,10601,Sensor Faucet for Wash Basin,Variant,368,Sensor Faucet for Wash Basin - Antique Bronze,SNR-ABR-51021A,Antique Bronze,https://www.jaquar.com/images/thumbs/0049322_sensor-faucet-for-wash-basin-antique-bronze_960.jpeg,22700.00,"Sensor Faucet for Wash Basin with 175mm Extension Body (Battery Operated)
",https://www.jaquar.com/en/sensotronic-long-body-sensor-tap?Id=10601,"Sensor Faucets, SNR-ABR-51021A, Antique Bronze"
Faucets,Sensor Faucets,10601,Sensor Faucet for Wash Basin,Variant,368,Sensor Faucet for Wash Basin - Antique Copper,SNR-ACR-51021A,Antique Copper,https://www.jaquar.com/images/thumbs/0049323_sensor-faucet-for-wash-basin-antique-copper_960.jpeg,22700.00,"Sensor Faucet for Wash Basin with 175mm Extension Body (Battery Operated)
",https://www.jaquar.com/en/sensotronic-long-body-sensor-tap?Id=10601,"Sensor Faucets, SNR-ACR-51021A, Antique Copper"
Faucets,Sensor Faucets,10601,Sensor Faucet for Wash Basin,Variant,368,Sensor Faucet for Wash Basin - Black Chrome,SNR-BCH-51021A,Black Chrome,https://www.jaquar.com/images/thumbs/0049324_sensor-faucet-for-wash-basin-black-chrome_960.jpeg,19800.00,"Sensor Faucet for Wash Basin with 175mm Extension Body (Battery Operated)
",https://www.jaquar.com/en/sensotronic-long-body-sensor-tap?Id=10601,"Sensor Faucets, SNR-BCH-51021A, Black Chrome"
Faucets,Sensor Faucets,10601,Sensor Faucet for Wash Basin,Variant,368,Sensor Faucet for Wash Basin - Black Matt,SNR-BLM-51021A,Black Matt,https://www.jaquar.com/images/thumbs/0049325_sensor-faucet-for-wash-basin-black-matt_960.jpeg,19800.00,"Sensor Faucet for Wash Basin with 175mm Extension Body (Battery Operated)
",https://www.jaquar.com/en/sensotronic-long-body-sensor-tap?Id=10601,"Sensor Faucets, SNR-BLM-51021A, Black Matt"
Faucets,Sensor Faucets,10601,Sensor Faucet for Wash Basin,Variant,368,Sensor Faucet for Wash Basin - Graphite,SNR-GRF-51021A,Graphite,https://www.jaquar.com/images/thumbs/0049328_sensor-faucet-for-wash-basin-graphite_960.jpeg,22700.00,"Sensor Faucet for Wash Basin with 175mm Extension Body (Battery Operated)
",https://www.jaquar.com/en/sensotronic-long-body-sensor-tap?Id=10601,"Sensor Faucets, SNR-GRF-51021A, Graphite"
Faucets,Sensor Faucets,10601,Sensor Faucet for Wash Basin,Variant,368,Sensor Faucet for Wash Basin - Stainless Steel,SNR-SSF-51021A,Stainless Steel,https://www.jaquar.com/images/thumbs/0049329_sensor-faucet-for-wash-basin-stainless-steel_960.jpeg,22700.00,"Sensor Faucet for Wash Basin with 175mm Extension Body (Battery Operated)
",https://www.jaquar.com/en/sensotronic-long-body-sensor-tap?Id=10601,"Sensor Faucets, SNR-SSF-51021A, Stainless Steel"
Faucets,Sensor Faucets,10602,Sensor Faucet for Wash Basin,Parent,368,Sensor Faucet for Wash Basin - Chrome,SNR-CHR-51021A,Chrome,https://www.jaquar.com/images/thumbs/0049310_sensor-faucet-for-wash-basin-chrome_960.jpeg,13600.00,"Sensor Faucet for Wash Basin with 175mm Extension Body (Battery Operated)
",https://www.jaquar.com/en/sensotronic-long-body-sensor-tap?Id=10602,"Sensor Faucets, SNR-CHR-51021A, Chrome"
Faucets,Sensor Faucets,10602,Sensor Faucet for Wash Basin,Variant,368,Sensor Faucet for Wash Basin - Antique Bronze,SNR-ABR-51021A,Antique Bronze,https://www.jaquar.com/images/thumbs/0049322_sensor-faucet-for-wash-basin-antique-bronze_960.jpeg,22700.00,"Sensor Faucet for Wash Basin with 175mm Extension Body (Battery Operated)
",https://www.jaquar.com/en/sensotronic-long-body-sensor-tap?Id=10602,"Sensor Faucets, SNR-ABR-51021A, Antique Bronze"
Faucets,Sensor Faucets,10602,Sensor Faucet for Wash Basin,Variant,368,Sensor Faucet for Wash Basin - Antique Copper,SNR-ACR-51021A,Antique Copper,https://www.jaquar.com/images/thumbs/0049323_sensor-faucet-for-wash-basin-antique-copper_960.jpeg,22700.00,"Sensor Faucet for Wash Basin with 175mm Extension Body (Battery Operated)
",https://www.jaquar.com/en/sensotronic-long-body-sensor-tap?Id=10602,"Sensor Faucets, SNR-ACR-51021A, Antique Copper"
Faucets,Sensor Faucets,10602,Sensor Faucet for Wash Basin,Variant,368,Sensor Faucet for Wash Basin - Black Chrome,SNR-BCH-51021A,Black Chrome,https://www.jaquar.com/images/thumbs/0049324_sensor-faucet-for-wash-basin-black-chrome_960.jpeg,19800.00,"Sensor Faucet for Wash Basin with 175mm Extension Body (Battery Operated)
",https://www.jaquar.com/en/sensotronic-long-body-sensor-tap?Id=10602,"Sensor Faucets, SNR-BCH-51021A, Black Chrome"
Faucets,Sensor Faucets,10602,Sensor Faucet for Wash Basin,Variant,368,Sensor Faucet for Wash Basin - Black Matt,SNR-BLM-51021A,Black Matt,https://www.jaquar.com/images/thumbs/0049325_sensor-faucet-for-wash-basin-black-matt_960.jpeg,19800.00,"Sensor Faucet for Wash Basin with 175mm Extension Body (Battery Operated)
",https://www.jaquar.com/en/sensotronic-long-body-sensor-tap?Id=10602,"Sensor Faucets, SNR-BLM-51021A, Black Matt"
Faucets,Sensor Faucets,10602,Sensor Faucet for Wash Basin,Variant,368,Sensor Faucet for Wash Basin - Graphite,SNR-GRF-51021A,Graphite,https://www.jaquar.com/images/thumbs/0049328_sensor-faucet-for-wash-basin-graphite_960.jpeg,22700.00,"Sensor Faucet for Wash Basin with 175mm Extension Body (Battery Operated)
",https://www.jaquar.com/en/sensotronic-long-body-sensor-tap?Id=10602,"Sensor Faucets, SNR-GRF-51021A, Graphite"
Faucets,Sensor Faucets,10602,Sensor Faucet for Wash Basin,Variant,368,Sensor Faucet for Wash Basin - Stainless Steel,SNR-SSF-51021A,Stainless Steel,https://www.jaquar.com/images/thumbs/0049329_sensor-faucet-for-wash-basin-stainless-steel_960.jpeg,22700.00,"Sensor Faucet for Wash Basin with 175mm Extension Body (Battery Operated)
",https://www.jaquar.com/en/sensotronic-long-body-sensor-tap?Id=10602,"Sensor Faucets, SNR-SSF-51021A, Stainless Steel"
Faucets,Sensor Faucets,10598,Sensor Faucet for Wash Basin,Parent,368,Sensor Faucet for Wash Basin - Chrome,SNR-CHR-51021A,Chrome,https://www.jaquar.com/images/thumbs/0049310_sensor-faucet-for-wash-basin-chrome_960.jpeg,13600.00,"Sensor Faucet for Wash Basin with 175mm Extension Body (Battery Operated)
",https://www.jaquar.com/en/sensotronic-long-body-sensor-tap?Id=10598,"Sensor Faucets, SNR-CHR-51021A, Chrome"
Faucets,Sensor Faucets,10598,Sensor Faucet for Wash Basin,Variant,368,Sensor Faucet for Wash Basin - Antique Bronze,SNR-ABR-51021A,Antique Bronze,https://www.jaquar.com/images/thumbs/0049322_sensor-faucet-for-wash-basin-antique-bronze_960.jpeg,22700.00,"Sensor Faucet for Wash Basin with 175mm Extension Body (Battery Operated)
",https://www.jaquar.com/en/sensotronic-long-body-sensor-tap?Id=10598,"Sensor Faucets, SNR-ABR-51021A, Antique Bronze"
Faucets,Sensor Faucets,10598,Sensor Faucet for Wash Basin,Variant,368,Sensor Faucet for Wash Basin - Antique Copper,SNR-ACR-51021A,Antique Copper,https://www.jaquar.com/images/thumbs/0049323_sensor-faucet-for-wash-basin-antique-copper_960.jpeg,22700.00,"Sensor Faucet for Wash Basin with 175mm Extension Body (Battery Operated)
",https://www.jaquar.com/en/sensotronic-long-body-sensor-tap?Id=10598,"Sensor Faucets, SNR-ACR-51021A, Antique Copper"
Faucets,Sensor Faucets,10598,Sensor Faucet for Wash Basin,Variant,368,Sensor Faucet for Wash Basin - Black Chrome,SNR-BCH-51021A,Black Chrome,https://www.jaquar.com/images/thumbs/0049324_sensor-faucet-for-wash-basin-black-chrome_960.jpeg,19800.00,"Sensor Faucet for Wash Basin with 175mm Extension Body (Battery Operated)
",https://www.jaquar.com/en/sensotronic-long-body-sensor-tap?Id=10598,"Sensor Faucets, SNR-BCH-51021A, Black Chrome"
Faucets,Sensor Faucets,10598,Sensor Faucet for Wash Basin,Variant,368,Sensor Faucet for Wash Basin - Black Matt,SNR-BLM-51021A,Black Matt,https://www.jaquar.com/images/thumbs/0049325_sensor-faucet-for-wash-basin-black-matt_960.jpeg,19800.00,"Sensor Faucet for Wash Basin with 175mm Extension Body (Battery Operated)
",https://www.jaquar.com/en/sensotronic-long-body-sensor-tap?Id=10598,"Sensor Faucets, SNR-BLM-51021A, Black Matt"
Faucets,Sensor Faucets,10598,Sensor Faucet for Wash Basin,Variant,368,Sensor Faucet for Wash Basin - Graphite,SNR-GRF-51021A,Graphite,https://www.jaquar.com/images/thumbs/0049328_sensor-faucet-for-wash-basin-graphite_960.jpeg,22700.00,"Sensor Faucet for Wash Basin with 175mm Extension Body (Battery Operated)
",https://www.jaquar.com/en/sensotronic-long-body-sensor-tap?Id=10598,"Sensor Faucets, SNR-GRF-51021A, Graphite"
Faucets,Sensor Faucets,10598,Sensor Faucet for Wash Basin,Variant,368,Sensor Faucet for Wash Basin - Stainless Steel,SNR-SSF-51021A,Stainless Steel,https://www.jaquar.com/images/thumbs/0049329_sensor-faucet-for-wash-basin-stainless-steel_960.jpeg,22700.00,"Sensor Faucet for Wash Basin with 175mm Extension Body (Battery Operated)
",https://www.jaquar.com/en/sensotronic-long-body-sensor-tap?Id=10598,"Sensor Faucets, SNR-SSF-51021A, Stainless Steel"
Faucets,Sensor Faucets,10605,Sensor Faucet for Wash Basin,Parent,368,Sensor Faucet for Wash Basin - Chrome,SNR-CHR-51021A,Chrome,https://www.jaquar.com/images/thumbs/0049310_sensor-faucet-for-wash-basin-chrome_960.jpeg,13600.00,"Sensor Faucet for Wash Basin with 175mm Extension Body (Battery Operated)
",https://www.jaquar.com/en/sensotronic-long-body-sensor-tap?Id=10605,"Sensor Faucets, SNR-CHR-51021A, Chrome"
Faucets,Sensor Faucets,10605,Sensor Faucet for Wash Basin,Variant,368,Sensor Faucet for Wash Basin - Antique Bronze,SNR-ABR-51021A,Antique Bronze,https://www.jaquar.com/images/thumbs/0049322_sensor-faucet-for-wash-basin-antique-bronze_960.jpeg,22700.00,"Sensor Faucet for Wash Basin with 175mm Extension Body (Battery Operated)
",https://www.jaquar.com/en/sensotronic-long-body-sensor-tap?Id=10605,"Sensor Faucets, SNR-ABR-51021A, Antique Bronze"
Faucets,Sensor Faucets,10605,Sensor Faucet for Wash Basin,Variant,368,Sensor Faucet for Wash Basin - Antique Copper,SNR-ACR-51021A,Antique Copper,https://www.jaquar.com/images/thumbs/0049323_sensor-faucet-for-wash-basin-antique-copper_960.jpeg,22700.00,"Sensor Faucet for Wash Basin with 175mm Extension Body (Battery Operated)
",https://www.jaquar.com/en/sensotronic-long-body-sensor-tap?Id=10605,"Sensor Faucets, SNR-ACR-51021A, Antique Copper"
Faucets,Sensor Faucets,10605,Sensor Faucet for Wash Basin,Variant,368,Sensor Faucet for Wash Basin - Black Chrome,SNR-BCH-51021A,Black Chrome,https://www.jaquar.com/images/thumbs/0049324_sensor-faucet-for-wash-basin-black-chrome_960.jpeg,19800.00,"Sensor Faucet for Wash Basin with 175mm Extension Body (Battery Operated)
",https://www.jaquar.com/en/sensotronic-long-body-sensor-tap?Id=10605,"Sensor Faucets, SNR-BCH-51021A, Black Chrome"
Faucets,Sensor Faucets,10605,Sensor Faucet for Wash Basin,Variant,368,Sensor Faucet for Wash Basin - Black Matt,SNR-BLM-51021A,Black Matt,https://www.jaquar.com/images/thumbs/0049325_sensor-faucet-for-wash-basin-black-matt_960.jpeg,19800.00,"Sensor Faucet for Wash Basin with 175mm Extension Body (Battery Operated)
",https://www.jaquar.com/en/sensotronic-long-body-sensor-tap?Id=10605,"Sensor Faucets, SNR-BLM-51021A, Black Matt"
Faucets,Sensor Faucets,10605,Sensor Faucet for Wash Basin,Variant,368,Sensor Faucet for Wash Basin - Graphite,SNR-GRF-51021A,Graphite,https://www.jaquar.com/images/thumbs/0049328_sensor-faucet-for-wash-basin-graphite_960.jpeg,22700.00,"Sensor Faucet for Wash Basin with 175mm Extension Body (Battery Operated)
",https://www.jaquar.com/en/sensotronic-long-body-sensor-tap?Id=10605,"Sensor Faucets, SNR-GRF-51021A, Graphite"
Faucets,Sensor Faucets,10605,Sensor Faucet for Wash Basin,Variant,368,Sensor Faucet for Wash Basin - Stainless Steel,SNR-SSF-51021A,Stainless Steel,https://www.jaquar.com/images/thumbs/0049329_sensor-faucet-for-wash-basin-stainless-steel_960.jpeg,22700.00,"Sensor Faucet for Wash Basin with 175mm Extension Body (Battery Operated)
",https://www.jaquar.com/en/sensotronic-long-body-sensor-tap?Id=10605,"Sensor Faucets, SNR-SSF-51021A, Stainless Steel"
Faucets,Sensor Faucets,10606,Sensor Faucet for Wash Basin,Parent,368,Sensor Faucet for Wash Basin - Chrome,SNR-CHR-51021A,Chrome,https://www.jaquar.com/images/thumbs/0049310_sensor-faucet-for-wash-basin-chrome_960.jpeg,13600.00,"Sensor Faucet for Wash Basin with 175mm Extension Body (Battery Operated)
",https://www.jaquar.com/en/sensotronic-long-body-sensor-tap?Id=10606,"Sensor Faucets, SNR-CHR-51021A, Chrome"
Faucets,Sensor Faucets,10606,Sensor Faucet for Wash Basin,Variant,368,Sensor Faucet for Wash Basin - Antique Bronze,SNR-ABR-51021A,Antique Bronze,https://www.jaquar.com/images/thumbs/0049322_sensor-faucet-for-wash-basin-antique-bronze_960.jpeg,22700.00,"Sensor Faucet for Wash Basin with 175mm Extension Body (Battery Operated)
",https://www.jaquar.com/en/sensotronic-long-body-sensor-tap?Id=10606,"Sensor Faucets, SNR-ABR-51021A, Antique Bronze"
Faucets,Sensor Faucets,10606,Sensor Faucet for Wash Basin,Variant,368,Sensor Faucet for Wash Basin - Antique Copper,SNR-ACR-51021A,Antique Copper,https://www.jaquar.com/images/thumbs/0049323_sensor-faucet-for-wash-basin-antique-copper_960.jpeg,22700.00,"Sensor Faucet for Wash Basin with 175mm Extension Body (Battery Operated)
",https://www.jaquar.com/en/sensotronic-long-body-sensor-tap?Id=10606,"Sensor Faucets, SNR-ACR-51021A, Antique Copper"
Faucets,Sensor Faucets,10606,Sensor Faucet for Wash Basin,Variant,368,Sensor Faucet for Wash Basin - Black Chrome,SNR-BCH-51021A,Black Chrome,https://www.jaquar.com/images/thumbs/0049324_sensor-faucet-for-wash-basin-black-chrome_960.jpeg,19800.00,"Sensor Faucet for Wash Basin with 175mm Extension Body (Battery Operated)
",https://www.jaquar.com/en/sensotronic-long-body-sensor-tap?Id=10606,"Sensor Faucets, SNR-BCH-51021A, Black Chrome"
Faucets,Sensor Faucets,10606,Sensor Faucet for Wash Basin,Variant,368,Sensor Faucet for Wash Basin - Black Matt,SNR-BLM-51021A,Black Matt,https://www.jaquar.com/images/thumbs/0049325_sensor-faucet-for-wash-basin-black-matt_960.jpeg,19800.00,"Sensor Faucet for Wash Basin with 175mm Extension Body (Battery Operated)
",https://www.jaquar.com/en/sensotronic-long-body-sensor-tap?Id=10606,"Sensor Faucets, SNR-BLM-51021A, Black Matt"
Faucets,Sensor Faucets,10606,Sensor Faucet for Wash Basin,Variant,368,Sensor Faucet for Wash Basin - Graphite,SNR-GRF-51021A,Graphite,https://www.jaquar.com/images/thumbs/0049328_sensor-faucet-for-wash-basin-graphite_960.jpeg,22700.00,"Sensor Faucet for Wash Basin with 175mm Extension Body (Battery Operated)
",https://www.jaquar.com/en/sensotronic-long-body-sensor-tap?Id=10606,"Sensor Faucets, SNR-GRF-51021A, Graphite"
Faucets,Sensor Faucets,10606,Sensor Faucet for Wash Basin,Variant,368,Sensor Faucet for Wash Basin - Stainless Steel,SNR-SSF-51021A,Stainless Steel,https://www.jaquar.com/images/thumbs/0049329_sensor-faucet-for-wash-basin-stainless-steel_960.jpeg,22700.00,"Sensor Faucet for Wash Basin with 175mm Extension Body (Battery Operated)
",https://www.jaquar.com/en/sensotronic-long-body-sensor-tap?Id=10606,"Sensor Faucets, SNR-SSF-51021A, Stainless Steel"
Faucets,Sensor Faucets,4368,Sensor Faucet,Parent,4169,Sensor Faucet - Chrome,SNR-CHR-35019PM,Chrome,https://www.jaquar.com/images/thumbs/0060243_sensor-faucet-chrome_960.jpeg,11700.00,"Kubix Prime Sensor Faucet for Wash Basin (Battery Operated)
",https://www.jaquar.com/en/kubix-prime-sensor-faucet-for-wash-basin?Id=4368,"Sensor Faucets, SNR-CHR-35019PM, Chrome"
Faucets,Sensor Faucets,4368,Sensor Faucet,Variant,4169,Sensor Faucet - Antique Bronze,SNR-ABR-35019PM,Antique Bronze,https://www.jaquar.com/images/thumbs/0052459_sensor-faucet-antique-bronze_960.jpeg,19700.00,"Kubix Prime Sensor Faucet for Wash Basin (Battery Operated)
",https://www.jaquar.com/en/kubix-prime-sensor-faucet-for-wash-basin?Id=4368,"Sensor Faucets, SNR-ABR-35019PM, Antique Bronze"
Faucets,Sensor Faucets,4368,Sensor Faucet,Variant,4169,Sensor Faucet - Antique Copper,SNR-ACR-35019PM,Antique Copper,https://www.jaquar.com/images/thumbs/0067162_sensor-faucet-antique-copper_960.jpeg,19700.00,"Kubix Prime Sensor Faucet for Wash Basin (Battery Operated)
",https://www.jaquar.com/en/kubix-prime-sensor-faucet-for-wash-basin?Id=4368,"Sensor Faucets, SNR-ACR-35019PM, Antique Copper"
Faucets,Sensor Faucets,4368,Sensor Faucet,Variant,4169,Sensor Faucet - Black Chrome,SNR-BCH-35019PM,Black Chrome,https://www.jaquar.com/images/thumbs/0053847_sensor-faucet-black-chrome_960.jpeg,17300.00,"Kubix Prime Sensor Faucet for Wash Basin (Battery Operated)
",https://www.jaquar.com/en/kubix-prime-sensor-faucet-for-wash-basin?Id=4368,"Sensor Faucets, SNR-BCH-35019PM, Black Chrome"
Faucets,Sensor Faucets,4368,Sensor Faucet,Variant,4169,Sensor Faucet - Black Matt,SNR-BLM-35019PM,Black Matt,https://www.jaquar.com/images/thumbs/0052460_sensor-faucet-black-matt_960.jpeg,17300.00,"Kubix Prime Sensor Faucet for Wash Basin (Battery Operated)
",https://www.jaquar.com/en/kubix-prime-sensor-faucet-for-wash-basin?Id=4368,"Sensor Faucets, SNR-BLM-35019PM, Black Matt"
Faucets,Sensor Faucets,4368,Sensor Faucet,Variant,4169,Sensor Faucet - Graphite,SNR-GRF-35019PM,Graphite,https://www.jaquar.com/images/thumbs/0060330_sensor-faucet-graphite_960.jpeg,19700.00,"Kubix Prime Sensor Faucet for Wash Basin (Battery Operated)
",https://www.jaquar.com/en/kubix-prime-sensor-faucet-for-wash-basin?Id=4368,"Sensor Faucets, SNR-GRF-35019PM, Graphite"
Faucets,Sensor Faucets,4368,Sensor Faucet,Variant,4169,Sensor Faucet - Stainless Steel,SNR-SSF-35019PM,Stainless Steel,https://www.jaquar.com/images/thumbs/0060506_sensor-faucet-stainless-steel_960.jpeg,19700.00,"Kubix Prime Sensor Faucet for Wash Basin (Battery Operated)
",https://www.jaquar.com/en/kubix-prime-sensor-faucet-for-wash-basin?Id=4368,"Sensor Faucets, SNR-SSF-35019PM, Stainless Steel"
Faucets,Sensor Faucets,4369,Sensor Faucet,Parent,4169,Sensor Faucet - Chrome,SNR-CHR-35019PM,Chrome,https://www.jaquar.com/images/thumbs/0060243_sensor-faucet-chrome_960.jpeg,11700.00,"Kubix Prime Sensor Faucet for Wash Basin (Battery Operated)
",https://www.jaquar.com/en/kubix-prime-sensor-faucet-for-wash-basin?Id=4369,"Sensor Faucets, SNR-CHR-35019PM, Chrome"
Faucets,Sensor Faucets,4369,Sensor Faucet,Variant,4169,Sensor Faucet - Antique Bronze,SNR-ABR-35019PM,Antique Bronze,https://www.jaquar.com/images/thumbs/0052459_sensor-faucet-antique-bronze_960.jpeg,19700.00,"Kubix Prime Sensor Faucet for Wash Basin (Battery Operated)
",https://www.jaquar.com/en/kubix-prime-sensor-faucet-for-wash-basin?Id=4369,"Sensor Faucets, SNR-ABR-35019PM, Antique Bronze"
Faucets,Sensor Faucets,4369,Sensor Faucet,Variant,4169,Sensor Faucet - Antique Copper,SNR-ACR-35019PM,Antique Copper,https://www.jaquar.com/images/thumbs/0067162_sensor-faucet-antique-copper_960.jpeg,19700.00,"Kubix Prime Sensor Faucet for Wash Basin (Battery Operated)
",https://www.jaquar.com/en/kubix-prime-sensor-faucet-for-wash-basin?Id=4369,"Sensor Faucets, SNR-ACR-35019PM, Antique Copper"
Faucets,Sensor Faucets,4369,Sensor Faucet,Variant,4169,Sensor Faucet - Black Chrome,SNR-BCH-35019PM,Black Chrome,https://www.jaquar.com/images/thumbs/0053847_sensor-faucet-black-chrome_960.jpeg,17300.00,"Kubix Prime Sensor Faucet for Wash Basin (Battery Operated)
",https://www.jaquar.com/en/kubix-prime-sensor-faucet-for-wash-basin?Id=4369,"Sensor Faucets, SNR-BCH-35019PM, Black Chrome"
Faucets,Sensor Faucets,4369,Sensor Faucet,Variant,4169,Sensor Faucet - Black Matt,SNR-BLM-35019PM,Black Matt,https://www.jaquar.com/images/thumbs/0052460_sensor-faucet-black-matt_960.jpeg,17300.00,"Kubix Prime Sensor Faucet for Wash Basin (Battery Operated)
",https://www.jaquar.com/en/kubix-prime-sensor-faucet-for-wash-basin?Id=4369,"Sensor Faucets, SNR-BLM-35019PM, Black Matt"
Faucets,Sensor Faucets,4369,Sensor Faucet,Variant,4169,Sensor Faucet - Graphite,SNR-GRF-35019PM,Graphite,https://www.jaquar.com/images/thumbs/0060330_sensor-faucet-graphite_960.jpeg,19700.00,"Kubix Prime Sensor Faucet for Wash Basin (Battery Operated)
",https://www.jaquar.com/en/kubix-prime-sensor-faucet-for-wash-basin?Id=4369,"Sensor Faucets, SNR-GRF-35019PM, Graphite"
Faucets,Sensor Faucets,4369,Sensor Faucet,Variant,4169,Sensor Faucet - Stainless Steel,SNR-SSF-35019PM,Stainless Steel,https://www.jaquar.com/images/thumbs/0060506_sensor-faucet-stainless-steel_960.jpeg,19700.00,"Kubix Prime Sensor Faucet for Wash Basin (Battery Operated)
",https://www.jaquar.com/en/kubix-prime-sensor-faucet-for-wash-basin?Id=4369,"Sensor Faucets, SNR-SSF-35019PM, Stainless Steel"
Faucets,Sensor Faucets,4370,Sensor Faucet,Parent,4169,Sensor Faucet - Chrome,SNR-CHR-35019PM,Chrome,https://www.jaquar.com/images/thumbs/0060243_sensor-faucet-chrome_960.jpeg,11700.00,"Kubix Prime Sensor Faucet for Wash Basin (Battery Operated)
",https://www.jaquar.com/en/kubix-prime-sensor-faucet-for-wash-basin?Id=4370,"Sensor Faucets, SNR-CHR-35019PM, Chrome"
Faucets,Sensor Faucets,4370,Sensor Faucet,Variant,4169,Sensor Faucet - Antique Bronze,SNR-ABR-35019PM,Antique Bronze,https://www.jaquar.com/images/thumbs/0052459_sensor-faucet-antique-bronze_960.jpeg,19700.00,"Kubix Prime Sensor Faucet for Wash Basin (Battery Operated)
",https://www.jaquar.com/en/kubix-prime-sensor-faucet-for-wash-basin?Id=4370,"Sensor Faucets, SNR-ABR-35019PM, Antique Bronze"
Faucets,Sensor Faucets,4370,Sensor Faucet,Variant,4169,Sensor Faucet - Antique Copper,SNR-ACR-35019PM,Antique Copper,https://www.jaquar.com/images/thumbs/0067162_sensor-faucet-antique-copper_960.jpeg,19700.00,"Kubix Prime Sensor Faucet for Wash Basin (Battery Operated)
",https://www.jaquar.com/en/kubix-prime-sensor-faucet-for-wash-basin?Id=4370,"Sensor Faucets, SNR-ACR-35019PM, Antique Copper"
Faucets,Sensor Faucets,4370,Sensor Faucet,Variant,4169,Sensor Faucet - Black Chrome,SNR-BCH-35019PM,Black Chrome,https://www.jaquar.com/images/thumbs/0053847_sensor-faucet-black-chrome_960.jpeg,17300.00,"Kubix Prime Sensor Faucet for Wash Basin (Battery Operated)
",https://www.jaquar.com/en/kubix-prime-sensor-faucet-for-wash-basin?Id=4370,"Sensor Faucets, SNR-BCH-35019PM, Black Chrome"
Faucets,Sensor Faucets,4370,Sensor Faucet,Variant,4169,Sensor Faucet - Black Matt,SNR-BLM-35019PM,Black Matt,https://www.jaquar.com/images/thumbs/0052460_sensor-faucet-black-matt_960.jpeg,17300.00,"Kubix Prime Sensor Faucet for Wash Basin (Battery Operated)
",https://www.jaquar.com/en/kubix-prime-sensor-faucet-for-wash-basin?Id=4370,"Sensor Faucets, SNR-BLM-35019PM, Black Matt"
Faucets,Sensor Faucets,4370,Sensor Faucet,Variant,4169,Sensor Faucet - Graphite,SNR-GRF-35019PM,Graphite,https://www.jaquar.com/images/thumbs/0060330_sensor-faucet-graphite_960.jpeg,19700.00,"Kubix Prime Sensor Faucet for Wash Basin (Battery Operated)
",https://www.jaquar.com/en/kubix-prime-sensor-faucet-for-wash-basin?Id=4370,"Sensor Faucets, SNR-GRF-35019PM, Graphite"
Faucets,Sensor Faucets,4370,Sensor Faucet,Variant,4169,Sensor Faucet - Stainless Steel,SNR-SSF-35019PM,Stainless Steel,https://www.jaquar.com/images/thumbs/0060506_sensor-faucet-stainless-steel_960.jpeg,19700.00,"Kubix Prime Sensor Faucet for Wash Basin (Battery Operated)
",https://www.jaquar.com/en/kubix-prime-sensor-faucet-for-wash-basin?Id=4370,"Sensor Faucets, SNR-SSF-35019PM, Stainless Steel"
Faucets,Sensor Faucets,4371,Sensor Faucet,Parent,4169,Sensor Faucet - Chrome,SNR-CHR-35019PM,Chrome,https://www.jaquar.com/images/thumbs/0060243_sensor-faucet-chrome_960.jpeg,11700.00,"Kubix Prime Sensor Faucet for Wash Basin (Battery Operated)
",https://www.jaquar.com/en/kubix-prime-sensor-faucet-for-wash-basin?Id=4371,"Sensor Faucets, SNR-CHR-35019PM, Chrome"
Faucets,Sensor Faucets,4371,Sensor Faucet,Variant,4169,Sensor Faucet - Antique Bronze,SNR-ABR-35019PM,Antique Bronze,https://www.jaquar.com/images/thumbs/0052459_sensor-faucet-antique-bronze_960.jpeg,19700.00,"Kubix Prime Sensor Faucet for Wash Basin (Battery Operated)
",https://www.jaquar.com/en/kubix-prime-sensor-faucet-for-wash-basin?Id=4371,"Sensor Faucets, SNR-ABR-35019PM, Antique Bronze"
Faucets,Sensor Faucets,4371,Sensor Faucet,Variant,4169,Sensor Faucet - Antique Copper,SNR-ACR-35019PM,Antique Copper,https://www.jaquar.com/images/thumbs/0067162_sensor-faucet-antique-copper_960.jpeg,19700.00,"Kubix Prime Sensor Faucet for Wash Basin (Battery Operated)
",https://www.jaquar.com/en/kubix-prime-sensor-faucet-for-wash-basin?Id=4371,"Sensor Faucets, SNR-ACR-35019PM, Antique Copper"
Faucets,Sensor Faucets,4371,Sensor Faucet,Variant,4169,Sensor Faucet - Black Chrome,SNR-BCH-35019PM,Black Chrome,https://www.jaquar.com/images/thumbs/0053847_sensor-faucet-black-chrome_960.jpeg,17300.00,"Kubix Prime Sensor Faucet for Wash Basin (Battery Operated)
",https://www.jaquar.com/en/kubix-prime-sensor-faucet-for-wash-basin?Id=4371,"Sensor Faucets, SNR-BCH-35019PM, Black Chrome"
Faucets,Sensor Faucets,4371,Sensor Faucet,Variant,4169,Sensor Faucet - Black Matt,SNR-BLM-35019PM,Black Matt,https://www.jaquar.com/images/thumbs/0052460_sensor-faucet-black-matt_960.jpeg,17300.00,"Kubix Prime Sensor Faucet for Wash Basin (Battery Operated)
",https://www.jaquar.com/en/kubix-prime-sensor-faucet-for-wash-basin?Id=4371,"Sensor Faucets, SNR-BLM-35019PM, Black Matt"
Faucets,Sensor Faucets,4371,Sensor Faucet,Variant,4169,Sensor Faucet - Graphite,SNR-GRF-35019PM,Graphite,https://www.jaquar.com/images/thumbs/0060330_sensor-faucet-graphite_960.jpeg,19700.00,"Kubix Prime Sensor Faucet for Wash Basin (Battery Operated)
",https://www.jaquar.com/en/kubix-prime-sensor-faucet-for-wash-basin?Id=4371,"Sensor Faucets, SNR-GRF-35019PM, Graphite"
Faucets,Sensor Faucets,4371,Sensor Faucet,Variant,4169,Sensor Faucet - Stainless Steel,SNR-SSF-35019PM,Stainless Steel,https://www.jaquar.com/images/thumbs/0060506_sensor-faucet-stainless-steel_960.jpeg,19700.00,"Kubix Prime Sensor Faucet for Wash Basin (Battery Operated)
",https://www.jaquar.com/en/kubix-prime-sensor-faucet-for-wash-basin?Id=4371,"Sensor Faucets, SNR-SSF-35019PM, Stainless Steel"
Faucets,Sensor Faucets,4367,Sensor Faucet,Parent,4169,Sensor Faucet - Chrome,SNR-CHR-35019PM,Chrome,https://www.jaquar.com/images/thumbs/0060243_sensor-faucet-chrome_960.jpeg,11700.00,"Kubix Prime Sensor Faucet for Wash Basin (Battery Operated)
",https://www.jaquar.com/en/kubix-prime-sensor-faucet-for-wash-basin?Id=4367,"Sensor Faucets, SNR-CHR-35019PM, Chrome"
Faucets,Sensor Faucets,4367,Sensor Faucet,Variant,4169,Sensor Faucet - Antique Bronze,SNR-ABR-35019PM,Antique Bronze,https://www.jaquar.com/images/thumbs/0052459_sensor-faucet-antique-bronze_960.jpeg,19700.00,"Kubix Prime Sensor Faucet for Wash Basin (Battery Operated)
",https://www.jaquar.com/en/kubix-prime-sensor-faucet-for-wash-basin?Id=4367,"Sensor Faucets, SNR-ABR-35019PM, Antique Bronze"
Faucets,Sensor Faucets,4367,Sensor Faucet,Variant,4169,Sensor Faucet - Antique Copper,SNR-ACR-35019PM,Antique Copper,https://www.jaquar.com/images/thumbs/0067162_sensor-faucet-antique-copper_960.jpeg,19700.00,"Kubix Prime Sensor Faucet for Wash Basin (Battery Operated)
",https://www.jaquar.com/en/kubix-prime-sensor-faucet-for-wash-basin?Id=4367,"Sensor Faucets, SNR-ACR-35019PM, Antique Copper"
Faucets,Sensor Faucets,4367,Sensor Faucet,Variant,4169,Sensor Faucet - Black Chrome,SNR-BCH-35019PM,Black Chrome,https://www.jaquar.com/images/thumbs/0053847_sensor-faucet-black-chrome_960.jpeg,17300.00,"Kubix Prime Sensor Faucet for Wash Basin (Battery Operated)
",https://www.jaquar.com/en/kubix-prime-sensor-faucet-for-wash-basin?Id=4367,"Sensor Faucets, SNR-BCH-35019PM, Black Chrome"
Faucets,Sensor Faucets,4367,Sensor Faucet,Variant,4169,Sensor Faucet - Black Matt,SNR-BLM-35019PM,Black Matt,https://www.jaquar.com/images/thumbs/0052460_sensor-faucet-black-matt_960.jpeg,17300.00,"Kubix Prime Sensor Faucet for Wash Basin (Battery Operated)
",https://www.jaquar.com/en/kubix-prime-sensor-faucet-for-wash-basin?Id=4367,"Sensor Faucets, SNR-BLM-35019PM, Black Matt"
Faucets,Sensor Faucets,4367,Sensor Faucet,Variant,4169,Sensor Faucet - Graphite,SNR-GRF-35019PM,Graphite,https://www.jaquar.com/images/thumbs/0060330_sensor-faucet-graphite_960.jpeg,19700.00,"Kubix Prime Sensor Faucet for Wash Basin (Battery Operated)
",https://www.jaquar.com/en/kubix-prime-sensor-faucet-for-wash-basin?Id=4367,"Sensor Faucets, SNR-GRF-35019PM, Graphite"
Faucets,Sensor Faucets,4367,Sensor Faucet,Variant,4169,Sensor Faucet - Stainless Steel,SNR-SSF-35019PM,Stainless Steel,https://www.jaquar.com/images/thumbs/0060506_sensor-faucet-stainless-steel_960.jpeg,19700.00,"Kubix Prime Sensor Faucet for Wash Basin (Battery Operated)
",https://www.jaquar.com/en/kubix-prime-sensor-faucet-for-wash-basin?Id=4367,"Sensor Faucets, SNR-SSF-35019PM, Stainless Steel"
Faucets,Sensor Faucets,4374,Sensor Faucet,Parent,4169,Sensor Faucet - Chrome,SNR-CHR-35019PM,Chrome,https://www.jaquar.com/images/thumbs/0060243_sensor-faucet-chrome_960.jpeg,11700.00,"Kubix Prime Sensor Faucet for Wash Basin (Battery Operated)
",https://www.jaquar.com/en/kubix-prime-sensor-faucet-for-wash-basin?Id=4374,"Sensor Faucets, SNR-CHR-35019PM, Chrome"
Faucets,Sensor Faucets,4374,Sensor Faucet,Variant,4169,Sensor Faucet - Antique Bronze,SNR-ABR-35019PM,Antique Bronze,https://www.jaquar.com/images/thumbs/0052459_sensor-faucet-antique-bronze_960.jpeg,19700.00,"Kubix Prime Sensor Faucet for Wash Basin (Battery Operated)
",https://www.jaquar.com/en/kubix-prime-sensor-faucet-for-wash-basin?Id=4374,"Sensor Faucets, SNR-ABR-35019PM, Antique Bronze"
Faucets,Sensor Faucets,4374,Sensor Faucet,Variant,4169,Sensor Faucet - Antique Copper,SNR-ACR-35019PM,Antique Copper,https://www.jaquar.com/images/thumbs/0067162_sensor-faucet-antique-copper_960.jpeg,19700.00,"Kubix Prime Sensor Faucet for Wash Basin (Battery Operated)
",https://www.jaquar.com/en/kubix-prime-sensor-faucet-for-wash-basin?Id=4374,"Sensor Faucets, SNR-ACR-35019PM, Antique Copper"
Faucets,Sensor Faucets,4374,Sensor Faucet,Variant,4169,Sensor Faucet - Black Chrome,SNR-BCH-35019PM,Black Chrome,https://www.jaquar.com/images/thumbs/0053847_sensor-faucet-black-chrome_960.jpeg,17300.00,"Kubix Prime Sensor Faucet for Wash Basin (Battery Operated)
",https://www.jaquar.com/en/kubix-prime-sensor-faucet-for-wash-basin?Id=4374,"Sensor Faucets, SNR-BCH-35019PM, Black Chrome"
Faucets,Sensor Faucets,4374,Sensor Faucet,Variant,4169,Sensor Faucet - Black Matt,SNR-BLM-35019PM,Black Matt,https://www.jaquar.com/images/thumbs/0052460_sensor-faucet-black-matt_960.jpeg,17300.00,"Kubix Prime Sensor Faucet for Wash Basin (Battery Operated)
",https://www.jaquar.com/en/kubix-prime-sensor-faucet-for-wash-basin?Id=4374,"Sensor Faucets, SNR-BLM-35019PM, Black Matt"
Faucets,Sensor Faucets,4374,Sensor Faucet,Variant,4169,Sensor Faucet - Graphite,SNR-GRF-35019PM,Graphite,https://www.jaquar.com/images/thumbs/0060330_sensor-faucet-graphite_960.jpeg,19700.00,"Kubix Prime Sensor Faucet for Wash Basin (Battery Operated)
",https://www.jaquar.com/en/kubix-prime-sensor-faucet-for-wash-basin?Id=4374,"Sensor Faucets, SNR-GRF-35019PM, Graphite"
Faucets,Sensor Faucets,4374,Sensor Faucet,Variant,4169,Sensor Faucet - Stainless Steel,SNR-SSF-35019PM,Stainless Steel,https://www.jaquar.com/images/thumbs/0060506_sensor-faucet-stainless-steel_960.jpeg,19700.00,"Kubix Prime Sensor Faucet for Wash Basin (Battery Operated)
",https://www.jaquar.com/en/kubix-prime-sensor-faucet-for-wash-basin?Id=4374,"Sensor Faucets, SNR-SSF-35019PM, Stainless Steel"
Faucets,Sensor Faucets,4375,Sensor Faucet,Parent,4169,Sensor Faucet - Chrome,SNR-CHR-35019PM,Chrome,https://www.jaquar.com/images/thumbs/0060243_sensor-faucet-chrome_960.jpeg,11700.00,"Kubix Prime Sensor Faucet for Wash Basin (Battery Operated)
",https://www.jaquar.com/en/kubix-prime-sensor-faucet-for-wash-basin?Id=4375,"Sensor Faucets, SNR-CHR-35019PM, Chrome"
Faucets,Sensor Faucets,4375,Sensor Faucet,Variant,4169,Sensor Faucet - Antique Bronze,SNR-ABR-35019PM,Antique Bronze,https://www.jaquar.com/images/thumbs/0052459_sensor-faucet-antique-bronze_960.jpeg,19700.00,"Kubix Prime Sensor Faucet for Wash Basin (Battery Operated)
",https://www.jaquar.com/en/kubix-prime-sensor-faucet-for-wash-basin?Id=4375,"Sensor Faucets, SNR-ABR-35019PM, Antique Bronze"
Faucets,Sensor Faucets,4375,Sensor Faucet,Variant,4169,Sensor Faucet - Antique Copper,SNR-ACR-35019PM,Antique Copper,https://www.jaquar.com/images/thumbs/0067162_sensor-faucet-antique-copper_960.jpeg,19700.00,"Kubix Prime Sensor Faucet for Wash Basin (Battery Operated)
",https://www.jaquar.com/en/kubix-prime-sensor-faucet-for-wash-basin?Id=4375,"Sensor Faucets, SNR-ACR-35019PM, Antique Copper"
Faucets,Sensor Faucets,4375,Sensor Faucet,Variant,4169,Sensor Faucet - Black Chrome,SNR-BCH-35019PM,Black Chrome,https://www.jaquar.com/images/thumbs/0053847_sensor-faucet-black-chrome_960.jpeg,17300.00,"Kubix Prime Sensor Faucet for Wash Basin (Battery Operated)
",https://www.jaquar.com/en/kubix-prime-sensor-faucet-for-wash-basin?Id=4375,"Sensor Faucets, SNR-BCH-35019PM, Black Chrome"
Faucets,Sensor Faucets,4375,Sensor Faucet,Variant,4169,Sensor Faucet - Black Matt,SNR-BLM-35019PM,Black Matt,https://www.jaquar.com/images/thumbs/0052460_sensor-faucet-black-matt_960.jpeg,17300.00,"Kubix Prime Sensor Faucet for Wash Basin (Battery Operated)
",https://www.jaquar.com/en/kubix-prime-sensor-faucet-for-wash-basin?Id=4375,"Sensor Faucets, SNR-BLM-35019PM, Black Matt"
Faucets,Sensor Faucets,4375,Sensor Faucet,Variant,4169,Sensor Faucet - Graphite,SNR-GRF-35019PM,Graphite,https://www.jaquar.com/images/thumbs/0060330_sensor-faucet-graphite_960.jpeg,19700.00,"Kubix Prime Sensor Faucet for Wash Basin (Battery Operated)
",https://www.jaquar.com/en/kubix-prime-sensor-faucet-for-wash-basin?Id=4375,"Sensor Faucets, SNR-GRF-35019PM, Graphite"
Faucets,Sensor Faucets,4375,Sensor Faucet,Variant,4169,Sensor Faucet - Stainless Steel,SNR-SSF-35019PM,Stainless Steel,https://www.jaquar.com/images/thumbs/0060506_sensor-faucet-stainless-steel_960.jpeg,19700.00,"Kubix Prime Sensor Faucet for Wash Basin (Battery Operated)
",https://www.jaquar.com/en/kubix-prime-sensor-faucet-for-wash-basin?Id=4375,"Sensor Faucets, SNR-SSF-35019PM, Stainless Steel"
Faucets,Sensor Faucets,4379,Sensor Faucet for Wash Basin,Parent,4216,Sensor Faucet for Wash Basin - Chrome,SNR-CHR-35019PMPK,Chrome,https://www.jaquar.com/images/thumbs/0039158_sensor-faucet-for-wash-basin-chrome_960.jpeg,12550.00,"Kubix Prime Sensor Faucet for Wash Basin with Pre-mixed Water Supply Kit (Battery Operated)
",https://www.jaquar.com/en/kubix-prime-sensor-faucet?Id=4379,"Sensor Faucets, SNR-CHR-35019PMPK, Chrome"
Faucets,Sensor Faucets,4379,Sensor Faucet for Wash Basin,Variant,4216,Sensor Faucet for Wash Basin - Antique Bronze,SNR-ABR-35019PMPK,Antique Bronze,https://www.jaquar.com/images/thumbs/0052957_sensor-faucet-for-wash-basin-antique-bronze_960.jpeg,21200.00,"Kubix Prime Sensor Faucet for Wash Basin with Pre-mixed Water Supply Kit (Battery Operated)
",https://www.jaquar.com/en/kubix-prime-sensor-faucet?Id=4379,"Sensor Faucets, SNR-ABR-35019PMPK, Antique Bronze"
Faucets,Sensor Faucets,4379,Sensor Faucet for Wash Basin,Variant,4216,Sensor Faucet for Wash Basin - Antique Copper,SNR-ACR-35019PMPK,Antique Copper,https://www.jaquar.com/images/thumbs/0067161_sensor-faucet-for-wash-basin-antique-copper_960.jpeg,21200.00,"Kubix Prime Sensor Faucet for Wash Basin with Pre-mixed Water Supply Kit (Battery Operated)
",https://www.jaquar.com/en/kubix-prime-sensor-faucet?Id=4379,"Sensor Faucets, SNR-ACR-35019PMPK, Antique Copper"
Faucets,Sensor Faucets,4379,Sensor Faucet for Wash Basin,Variant,4216,Sensor Faucet for Wash Basin - Black chrome,SNR-BCH-35019PMPK,Black Chrome,https://www.jaquar.com/images/thumbs/0053848_sensor-faucet-for-wash-basin-black-chrome_960.jpeg,18500.00,"Kubix Prime Sensor Faucet for Wash Basin with Pre-mixed Water Supply Kit (Battery Operated)
",https://www.jaquar.com/en/kubix-prime-sensor-faucet?Id=4379,"Sensor Faucets, SNR-BCH-35019PMPK, Black Chrome"
Faucets,Sensor Faucets,4379,Sensor Faucet for Wash Basin,Variant,4216,Sensor Faucet for Wash Basin - Black Matt,SNR-BLM-35019PMPK,Black Matt,https://www.jaquar.com/images/thumbs/0052614_sensor-faucet-for-wash-basin-black-matt_960.jpeg,18500.00,"Kubix Prime Sensor Faucet for Wash Basin with Pre-mixed Water Supply Kit (Battery Operated)
",https://www.jaquar.com/en/kubix-prime-sensor-faucet?Id=4379,"Sensor Faucets, SNR-BLM-35019PMPK, Black Matt"
Faucets,Sensor Faucets,4379,Sensor Faucet for Wash Basin,Variant,4216,Sensor Faucet for Wash Basin - Graphite,SNR-GRF-35019PMPK,Graphite,https://www.jaquar.com/images/thumbs/0060331_sensor-faucet-for-wash-basin-graphite_960.jpeg,21200.00,"Kubix Prime Sensor Faucet for Wash Basin with Pre-mixed Water Supply Kit (Battery Operated)
",https://www.jaquar.com/en/kubix-prime-sensor-faucet?Id=4379,"Sensor Faucets, SNR-GRF-35019PMPK, Graphite"
Faucets,Sensor Faucets,4379,Sensor Faucet for Wash Basin,Variant,4216,Sensor Faucet for Wash Basin - Stainless Steel,SNR-SSF-35019PMPK,Stainless Steel,https://www.jaquar.com/images/thumbs/0060507_sensor-faucet-for-wash-basin-stainless-steel_960.jpeg,21200.00,"Kubix Prime Sensor Faucet for Wash Basin with Pre-mixed Water Supply Kit (Battery Operated)
",https://www.jaquar.com/en/kubix-prime-sensor-faucet?Id=4379,"Sensor Faucets, SNR-SSF-35019PMPK, Stainless Steel"
Faucets,Sensor Faucets,4380,Sensor Faucet for Wash Basin,Parent,4216,Sensor Faucet for Wash Basin - Chrome,SNR-CHR-35019PMPK,Chrome,https://www.jaquar.com/images/thumbs/0039158_sensor-faucet-for-wash-basin-chrome_960.jpeg,12550.00,"Kubix Prime Sensor Faucet for Wash Basin with Pre-mixed Water Supply Kit (Battery Operated)
",https://www.jaquar.com/en/kubix-prime-sensor-faucet?Id=4380,"Sensor Faucets, SNR-CHR-35019PMPK, Chrome"
Faucets,Sensor Faucets,4380,Sensor Faucet for Wash Basin,Variant,4216,Sensor Faucet for Wash Basin - Antique Bronze,SNR-ABR-35019PMPK,Antique Bronze,https://www.jaquar.com/images/thumbs/0052957_sensor-faucet-for-wash-basin-antique-bronze_960.jpeg,21200.00,"Kubix Prime Sensor Faucet for Wash Basin with Pre-mixed Water Supply Kit (Battery Operated)
",https://www.jaquar.com/en/kubix-prime-sensor-faucet?Id=4380,"Sensor Faucets, SNR-ABR-35019PMPK, Antique Bronze"
Faucets,Sensor Faucets,4380,Sensor Faucet for Wash Basin,Variant,4216,Sensor Faucet for Wash Basin - Antique Copper,SNR-ACR-35019PMPK,Antique Copper,https://www.jaquar.com/images/thumbs/0067161_sensor-faucet-for-wash-basin-antique-copper_960.jpeg,21200.00,"Kubix Prime Sensor Faucet for Wash Basin with Pre-mixed Water Supply Kit (Battery Operated)
",https://www.jaquar.com/en/kubix-prime-sensor-faucet?Id=4380,"Sensor Faucets, SNR-ACR-35019PMPK, Antique Copper"
Faucets,Sensor Faucets,4380,Sensor Faucet for Wash Basin,Variant,4216,Sensor Faucet for Wash Basin - Black chrome,SNR-BCH-35019PMPK,Black Chrome,https://www.jaquar.com/images/thumbs/0053848_sensor-faucet-for-wash-basin-black-chrome_960.jpeg,18500.00,"Kubix Prime Sensor Faucet for Wash Basin with Pre-mixed Water Supply Kit (Battery Operated)
",https://www.jaquar.com/en/kubix-prime-sensor-faucet?Id=4380,"Sensor Faucets, SNR-BCH-35019PMPK, Black Chrome"
Faucets,Sensor Faucets,4380,Sensor Faucet for Wash Basin,Variant,4216,Sensor Faucet for Wash Basin - Black Matt,SNR-BLM-35019PMPK,Black Matt,https://www.jaquar.com/images/thumbs/0052614_sensor-faucet-for-wash-basin-black-matt_960.jpeg,18500.00,"Kubix Prime Sensor Faucet for Wash Basin with Pre-mixed Water Supply Kit (Battery Operated)
",https://www.jaquar.com/en/kubix-prime-sensor-faucet?Id=4380,"Sensor Faucets, SNR-BLM-35019PMPK, Black Matt"
Faucets,Sensor Faucets,4380,Sensor Faucet for Wash Basin,Variant,4216,Sensor Faucet for Wash Basin - Graphite,SNR-GRF-35019PMPK,Graphite,https://www.jaquar.com/images/thumbs/0060331_sensor-faucet-for-wash-basin-graphite_960.jpeg,21200.00,"Kubix Prime Sensor Faucet for Wash Basin with Pre-mixed Water Supply Kit (Battery Operated)
",https://www.jaquar.com/en/kubix-prime-sensor-faucet?Id=4380,"Sensor Faucets, SNR-GRF-35019PMPK, Graphite"
Faucets,Sensor Faucets,4380,Sensor Faucet for Wash Basin,Variant,4216,Sensor Faucet for Wash Basin - Stainless Steel,SNR-SSF-35019PMPK,Stainless Steel,https://www.jaquar.com/images/thumbs/0060507_sensor-faucet-for-wash-basin-stainless-steel_960.jpeg,21200.00,"Kubix Prime Sensor Faucet for Wash Basin with Pre-mixed Water Supply Kit (Battery Operated)
",https://www.jaquar.com/en/kubix-prime-sensor-faucet?Id=4380,"Sensor Faucets, SNR-SSF-35019PMPK, Stainless Steel"
Faucets,Sensor Faucets,4381,Sensor Faucet for Wash Basin,Parent,4216,Sensor Faucet for Wash Basin - Chrome,SNR-CHR-35019PMPK,Chrome,https://www.jaquar.com/images/thumbs/0039158_sensor-faucet-for-wash-basin-chrome_960.jpeg,12550.00,"Kubix Prime Sensor Faucet for Wash Basin with Pre-mixed Water Supply Kit (Battery Operated)
",https://www.jaquar.com/en/kubix-prime-sensor-faucet?Id=4381,"Sensor Faucets, SNR-CHR-35019PMPK, Chrome"
Faucets,Sensor Faucets,4381,Sensor Faucet for Wash Basin,Variant,4216,Sensor Faucet for Wash Basin - Antique Bronze,SNR-ABR-35019PMPK,Antique Bronze,https://www.jaquar.com/images/thumbs/0052957_sensor-faucet-for-wash-basin-antique-bronze_960.jpeg,21200.00,"Kubix Prime Sensor Faucet for Wash Basin with Pre-mixed Water Supply Kit (Battery Operated)
",https://www.jaquar.com/en/kubix-prime-sensor-faucet?Id=4381,"Sensor Faucets, SNR-ABR-35019PMPK, Antique Bronze"
Faucets,Sensor Faucets,4381,Sensor Faucet for Wash Basin,Variant,4216,Sensor Faucet for Wash Basin - Antique Copper,SNR-ACR-35019PMPK,Antique Copper,https://www.jaquar.com/images/thumbs/0067161_sensor-faucet-for-wash-basin-antique-copper_960.jpeg,21200.00,"Kubix Prime Sensor Faucet for Wash Basin with Pre-mixed Water Supply Kit (Battery Operated)
",https://www.jaquar.com/en/kubix-prime-sensor-faucet?Id=4381,"Sensor Faucets, SNR-ACR-35019PMPK, Antique Copper"
Faucets,Sensor Faucets,4381,Sensor Faucet for Wash Basin,Variant,4216,Sensor Faucet for Wash Basin - Black chrome,SNR-BCH-35019PMPK,Black Chrome,https://www.jaquar.com/images/thumbs/0053848_sensor-faucet-for-wash-basin-black-chrome_960.jpeg,18500.00,"Kubix Prime Sensor Faucet for Wash Basin with Pre-mixed Water Supply Kit (Battery Operated)
",https://www.jaquar.com/en/kubix-prime-sensor-faucet?Id=4381,"Sensor Faucets, SNR-BCH-35019PMPK, Black Chrome"
Faucets,Sensor Faucets,4381,Sensor Faucet for Wash Basin,Variant,4216,Sensor Faucet for Wash Basin - Black Matt,SNR-BLM-35019PMPK,Black Matt,https://www.jaquar.com/images/thumbs/0052614_sensor-faucet-for-wash-basin-black-matt_960.jpeg,18500.00,"Kubix Prime Sensor Faucet for Wash Basin with Pre-mixed Water Supply Kit (Battery Operated)
",https://www.jaquar.com/en/kubix-prime-sensor-faucet?Id=4381,"Sensor Faucets, SNR-BLM-35019PMPK, Black Matt"
Faucets,Sensor Faucets,4381,Sensor Faucet for Wash Basin,Variant,4216,Sensor Faucet for Wash Basin - Graphite,SNR-GRF-35019PMPK,Graphite,https://www.jaquar.com/images/thumbs/0060331_sensor-faucet-for-wash-basin-graphite_960.jpeg,21200.00,"Kubix Prime Sensor Faucet for Wash Basin with Pre-mixed Water Supply Kit (Battery Operated)
",https://www.jaquar.com/en/kubix-prime-sensor-faucet?Id=4381,"Sensor Faucets, SNR-GRF-35019PMPK, Graphite"
Faucets,Sensor Faucets,4381,Sensor Faucet for Wash Basin,Variant,4216,Sensor Faucet for Wash Basin - Stainless Steel,SNR-SSF-35019PMPK,Stainless Steel,https://www.jaquar.com/images/thumbs/0060507_sensor-faucet-for-wash-basin-stainless-steel_960.jpeg,21200.00,"Kubix Prime Sensor Faucet for Wash Basin with Pre-mixed Water Supply Kit (Battery Operated)
",https://www.jaquar.com/en/kubix-prime-sensor-faucet?Id=4381,"Sensor Faucets, SNR-SSF-35019PMPK, Stainless Steel"
Faucets,Sensor Faucets,4382,Sensor Faucet for Wash Basin,Parent,4216,Sensor Faucet for Wash Basin - Chrome,SNR-CHR-35019PMPK,Chrome,https://www.jaquar.com/images/thumbs/0039158_sensor-faucet-for-wash-basin-chrome_960.jpeg,12550.00,"Kubix Prime Sensor Faucet for Wash Basin with Pre-mixed Water Supply Kit (Battery Operated)
",https://www.jaquar.com/en/kubix-prime-sensor-faucet?Id=4382,"Sensor Faucets, SNR-CHR-35019PMPK, Chrome"
Faucets,Sensor Faucets,4382,Sensor Faucet for Wash Basin,Variant,4216,Sensor Faucet for Wash Basin - Antique Bronze,SNR-ABR-35019PMPK,Antique Bronze,https://www.jaquar.com/images/thumbs/0052957_sensor-faucet-for-wash-basin-antique-bronze_960.jpeg,21200.00,"Kubix Prime Sensor Faucet for Wash Basin with Pre-mixed Water Supply Kit (Battery Operated)
",https://www.jaquar.com/en/kubix-prime-sensor-faucet?Id=4382,"Sensor Faucets, SNR-ABR-35019PMPK, Antique Bronze"
Faucets,Sensor Faucets,4382,Sensor Faucet for Wash Basin,Variant,4216,Sensor Faucet for Wash Basin - Antique Copper,SNR-ACR-35019PMPK,Antique Copper,https://www.jaquar.com/images/thumbs/0067161_sensor-faucet-for-wash-basin-antique-copper_960.jpeg,21200.00,"Kubix Prime Sensor Faucet for Wash Basin with Pre-mixed Water Supply Kit (Battery Operated)
",https://www.jaquar.com/en/kubix-prime-sensor-faucet?Id=4382,"Sensor Faucets, SNR-ACR-35019PMPK, Antique Copper"
Faucets,Sensor Faucets,4382,Sensor Faucet for Wash Basin,Variant,4216,Sensor Faucet for Wash Basin - Black chrome,SNR-BCH-35019PMPK,Black Chrome,https://www.jaquar.com/images/thumbs/0053848_sensor-faucet-for-wash-basin-black-chrome_960.jpeg,18500.00,"Kubix Prime Sensor Faucet for Wash Basin with Pre-mixed Water Supply Kit (Battery Operated)
",https://www.jaquar.com/en/kubix-prime-sensor-faucet?Id=4382,"Sensor Faucets, SNR-BCH-35019PMPK, Black Chrome"
Faucets,Sensor Faucets,4382,Sensor Faucet for Wash Basin,Variant,4216,Sensor Faucet for Wash Basin - Black Matt,SNR-BLM-35019PMPK,Black Matt,https://www.jaquar.com/images/thumbs/0052614_sensor-faucet-for-wash-basin-black-matt_960.jpeg,18500.00,"Kubix Prime Sensor Faucet for Wash Basin with Pre-mixed Water Supply Kit (Battery Operated)
",https://www.jaquar.com/en/kubix-prime-sensor-faucet?Id=4382,"Sensor Faucets, SNR-BLM-35019PMPK, Black Matt"
Faucets,Sensor Faucets,4382,Sensor Faucet for Wash Basin,Variant,4216,Sensor Faucet for Wash Basin - Graphite,SNR-GRF-35019PMPK,Graphite,https://www.jaquar.com/images/thumbs/0060331_sensor-faucet-for-wash-basin-graphite_960.jpeg,21200.00,"Kubix Prime Sensor Faucet for Wash Basin with Pre-mixed Water Supply Kit (Battery Operated)
",https://www.jaquar.com/en/kubix-prime-sensor-faucet?Id=4382,"Sensor Faucets, SNR-GRF-35019PMPK, Graphite"
Faucets,Sensor Faucets,4382,Sensor Faucet for Wash Basin,Variant,4216,Sensor Faucet for Wash Basin - Stainless Steel,SNR-SSF-35019PMPK,Stainless Steel,https://www.jaquar.com/images/thumbs/0060507_sensor-faucet-for-wash-basin-stainless-steel_960.jpeg,21200.00,"Kubix Prime Sensor Faucet for Wash Basin with Pre-mixed Water Supply Kit (Battery Operated)
",https://www.jaquar.com/en/kubix-prime-sensor-faucet?Id=4382,"Sensor Faucets, SNR-SSF-35019PMPK, Stainless Steel"
Faucets,Sensor Faucets,4378,Sensor Faucet for Wash Basin,Parent,4216,Sensor Faucet for Wash Basin - Chrome,SNR-CHR-35019PMPK,Chrome,https://www.jaquar.com/images/thumbs/0039158_sensor-faucet-for-wash-basin-chrome_960.jpeg,12550.00,"Kubix Prime Sensor Faucet for Wash Basin with Pre-mixed Water Supply Kit (Battery Operated)
",https://www.jaquar.com/en/kubix-prime-sensor-faucet?Id=4378,"Sensor Faucets, SNR-CHR-35019PMPK, Chrome"
Faucets,Sensor Faucets,4378,Sensor Faucet for Wash Basin,Variant,4216,Sensor Faucet for Wash Basin - Antique Bronze,SNR-ABR-35019PMPK,Antique Bronze,https://www.jaquar.com/images/thumbs/0052957_sensor-faucet-for-wash-basin-antique-bronze_960.jpeg,21200.00,"Kubix Prime Sensor Faucet for Wash Basin with Pre-mixed Water Supply Kit (Battery Operated)
",https://www.jaquar.com/en/kubix-prime-sensor-faucet?Id=4378,"Sensor Faucets, SNR-ABR-35019PMPK, Antique Bronze"
Faucets,Sensor Faucets,4378,Sensor Faucet for Wash Basin,Variant,4216,Sensor Faucet for Wash Basin - Antique Copper,SNR-ACR-35019PMPK,Antique Copper,https://www.jaquar.com/images/thumbs/0067161_sensor-faucet-for-wash-basin-antique-copper_960.jpeg,21200.00,"Kubix Prime Sensor Faucet for Wash Basin with Pre-mixed Water Supply Kit (Battery Operated)
",https://www.jaquar.com/en/kubix-prime-sensor-faucet?Id=4378,"Sensor Faucets, SNR-ACR-35019PMPK, Antique Copper"
Faucets,Sensor Faucets,4378,Sensor Faucet for Wash Basin,Variant,4216,Sensor Faucet for Wash Basin - Black chrome,SNR-BCH-35019PMPK,Black Chrome,https://www.jaquar.com/images/thumbs/0053848_sensor-faucet-for-wash-basin-black-chrome_960.jpeg,18500.00,"Kubix Prime Sensor Faucet for Wash Basin with Pre-mixed Water Supply Kit (Battery Operated)
",https://www.jaquar.com/en/kubix-prime-sensor-faucet?Id=4378,"Sensor Faucets, SNR-BCH-35019PMPK, Black Chrome"
Faucets,Sensor Faucets,4378,Sensor Faucet for Wash Basin,Variant,4216,Sensor Faucet for Wash Basin - Black Matt,SNR-BLM-35019PMPK,Black Matt,https://www.jaquar.com/images/thumbs/0052614_sensor-faucet-for-wash-basin-black-matt_960.jpeg,18500.00,"Kubix Prime Sensor Faucet for Wash Basin with Pre-mixed Water Supply Kit (Battery Operated)
",https://www.jaquar.com/en/kubix-prime-sensor-faucet?Id=4378,"Sensor Faucets, SNR-BLM-35019PMPK, Black Matt"
Faucets,Sensor Faucets,4378,Sensor Faucet for Wash Basin,Variant,4216,Sensor Faucet for Wash Basin - Graphite,SNR-GRF-35019PMPK,Graphite,https://www.jaquar.com/images/thumbs/0060331_sensor-faucet-for-wash-basin-graphite_960.jpeg,21200.00,"Kubix Prime Sensor Faucet for Wash Basin with Pre-mixed Water Supply Kit (Battery Operated)
",https://www.jaquar.com/en/kubix-prime-sensor-faucet?Id=4378,"Sensor Faucets, SNR-GRF-35019PMPK, Graphite"
Faucets,Sensor Faucets,4378,Sensor Faucet for Wash Basin,Variant,4216,Sensor Faucet for Wash Basin - Stainless Steel,SNR-SSF-35019PMPK,Stainless Steel,https://www.jaquar.com/images/thumbs/0060507_sensor-faucet-for-wash-basin-stainless-steel_960.jpeg,21200.00,"Kubix Prime Sensor Faucet for Wash Basin with Pre-mixed Water Supply Kit (Battery Operated)
",https://www.jaquar.com/en/kubix-prime-sensor-faucet?Id=4378,"Sensor Faucets, SNR-SSF-35019PMPK, Stainless Steel"
Faucets,Sensor Faucets,4385,Sensor Faucet for Wash Basin,Parent,4216,Sensor Faucet for Wash Basin - Chrome,SNR-CHR-35019PMPK,Chrome,https://www.jaquar.com/images/thumbs/0039158_sensor-faucet-for-wash-basin-chrome_960.jpeg,12550.00,"Kubix Prime Sensor Faucet for Wash Basin with Pre-mixed Water Supply Kit (Battery Operated)
",https://www.jaquar.com/en/kubix-prime-sensor-faucet?Id=4385,"Sensor Faucets, SNR-CHR-35019PMPK, Chrome"
Faucets,Sensor Faucets,4385,Sensor Faucet for Wash Basin,Variant,4216,Sensor Faucet for Wash Basin - Antique Bronze,SNR-ABR-35019PMPK,Antique Bronze,https://www.jaquar.com/images/thumbs/0052957_sensor-faucet-for-wash-basin-antique-bronze_960.jpeg,21200.00,"Kubix Prime Sensor Faucet for Wash Basin with Pre-mixed Water Supply Kit (Battery Operated)
",https://www.jaquar.com/en/kubix-prime-sensor-faucet?Id=4385,"Sensor Faucets, SNR-ABR-35019PMPK, Antique Bronze"
Faucets,Sensor Faucets,4385,Sensor Faucet for Wash Basin,Variant,4216,Sensor Faucet for Wash Basin - Antique Copper,SNR-ACR-35019PMPK,Antique Copper,https://www.jaquar.com/images/thumbs/0067161_sensor-faucet-for-wash-basin-antique-copper_960.jpeg,21200.00,"Kubix Prime Sensor Faucet for Wash Basin with Pre-mixed Water Supply Kit (Battery Operated)
",https://www.jaquar.com/en/kubix-prime-sensor-faucet?Id=4385,"Sensor Faucets, SNR-ACR-35019PMPK, Antique Copper"
Faucets,Sensor Faucets,4385,Sensor Faucet for Wash Basin,Variant,4216,Sensor Faucet for Wash Basin - Black chrome,SNR-BCH-35019PMPK,Black Chrome,https://www.jaquar.com/images/thumbs/0053848_sensor-faucet-for-wash-basin-black-chrome_960.jpeg,18500.00,"Kubix Prime Sensor Faucet for Wash Basin with Pre-mixed Water Supply Kit (Battery Operated)
",https://www.jaquar.com/en/kubix-prime-sensor-faucet?Id=4385,"Sensor Faucets, SNR-BCH-35019PMPK, Black Chrome"
Faucets,Sensor Faucets,4385,Sensor Faucet for Wash Basin,Variant,4216,Sensor Faucet for Wash Basin - Black Matt,SNR-BLM-35019PMPK,Black Matt,https://www.jaquar.com/images/thumbs/0052614_sensor-faucet-for-wash-basin-black-matt_960.jpeg,18500.00,"Kubix Prime Sensor Faucet for Wash Basin with Pre-mixed Water Supply Kit (Battery Operated)
",https://www.jaquar.com/en/kubix-prime-sensor-faucet?Id=4385,"Sensor Faucets, SNR-BLM-35019PMPK, Black Matt"
Faucets,Sensor Faucets,4385,Sensor Faucet for Wash Basin,Variant,4216,Sensor Faucet for Wash Basin - Graphite,SNR-GRF-35019PMPK,Graphite,https://www.jaquar.com/images/thumbs/0060331_sensor-faucet-for-wash-basin-graphite_960.jpeg,21200.00,"Kubix Prime Sensor Faucet for Wash Basin with Pre-mixed Water Supply Kit (Battery Operated)
",https://www.jaquar.com/en/kubix-prime-sensor-faucet?Id=4385,"Sensor Faucets, SNR-GRF-35019PMPK, Graphite"
Faucets,Sensor Faucets,4385,Sensor Faucet for Wash Basin,Variant,4216,Sensor Faucet for Wash Basin - Stainless Steel,SNR-SSF-35019PMPK,Stainless Steel,https://www.jaquar.com/images/thumbs/0060507_sensor-faucet-for-wash-basin-stainless-steel_960.jpeg,21200.00,"Kubix Prime Sensor Faucet for Wash Basin with Pre-mixed Water Supply Kit (Battery Operated)
",https://www.jaquar.com/en/kubix-prime-sensor-faucet?Id=4385,"Sensor Faucets, SNR-SSF-35019PMPK, Stainless Steel"
Faucets,Sensor Faucets,4386,Sensor Faucet for Wash Basin,Parent,4216,Sensor Faucet for Wash Basin - Chrome,SNR-CHR-35019PMPK,Chrome,https://www.jaquar.com/images/thumbs/0039158_sensor-faucet-for-wash-basin-chrome_960.jpeg,12550.00,"Kubix Prime Sensor Faucet for Wash Basin with Pre-mixed Water Supply Kit (Battery Operated)
",https://www.jaquar.com/en/kubix-prime-sensor-faucet?Id=4386,"Sensor Faucets, SNR-CHR-35019PMPK, Chrome"
Faucets,Sensor Faucets,4386,Sensor Faucet for Wash Basin,Variant,4216,Sensor Faucet for Wash Basin - Antique Bronze,SNR-ABR-35019PMPK,Antique Bronze,https://www.jaquar.com/images/thumbs/0052957_sensor-faucet-for-wash-basin-antique-bronze_960.jpeg,21200.00,"Kubix Prime Sensor Faucet for Wash Basin with Pre-mixed Water Supply Kit (Battery Operated)
",https://www.jaquar.com/en/kubix-prime-sensor-faucet?Id=4386,"Sensor Faucets, SNR-ABR-35019PMPK, Antique Bronze"
Faucets,Sensor Faucets,4386,Sensor Faucet for Wash Basin,Variant,4216,Sensor Faucet for Wash Basin - Antique Copper,SNR-ACR-35019PMPK,Antique Copper,https://www.jaquar.com/images/thumbs/0067161_sensor-faucet-for-wash-basin-antique-copper_960.jpeg,21200.00,"Kubix Prime Sensor Faucet for Wash Basin with Pre-mixed Water Supply Kit (Battery Operated)
",https://www.jaquar.com/en/kubix-prime-sensor-faucet?Id=4386,"Sensor Faucets, SNR-ACR-35019PMPK, Antique Copper"
Faucets,Sensor Faucets,4386,Sensor Faucet for Wash Basin,Variant,4216,Sensor Faucet for Wash Basin - Black chrome,SNR-BCH-35019PMPK,Black Chrome,https://www.jaquar.com/images/thumbs/0053848_sensor-faucet-for-wash-basin-black-chrome_960.jpeg,18500.00,"Kubix Prime Sensor Faucet for Wash Basin with Pre-mixed Water Supply Kit (Battery Operated)
",https://www.jaquar.com/en/kubix-prime-sensor-faucet?Id=4386,"Sensor Faucets, SNR-BCH-35019PMPK, Black Chrome"
Faucets,Sensor Faucets,4386,Sensor Faucet for Wash Basin,Variant,4216,Sensor Faucet for Wash Basin - Black Matt,SNR-BLM-35019PMPK,Black Matt,https://www.jaquar.com/images/thumbs/0052614_sensor-faucet-for-wash-basin-black-matt_960.jpeg,18500.00,"Kubix Prime Sensor Faucet for Wash Basin with Pre-mixed Water Supply Kit (Battery Operated)
",https://www.jaquar.com/en/kubix-prime-sensor-faucet?Id=4386,"Sensor Faucets, SNR-BLM-35019PMPK, Black Matt"
Faucets,Sensor Faucets,4386,Sensor Faucet for Wash Basin,Variant,4216,Sensor Faucet for Wash Basin - Graphite,SNR-GRF-35019PMPK,Graphite,https://www.jaquar.com/images/thumbs/0060331_sensor-faucet-for-wash-basin-graphite_960.jpeg,21200.00,"Kubix Prime Sensor Faucet for Wash Basin with Pre-mixed Water Supply Kit (Battery Operated)
",https://www.jaquar.com/en/kubix-prime-sensor-faucet?Id=4386,"Sensor Faucets, SNR-GRF-35019PMPK, Graphite"
Faucets,Sensor Faucets,4386,Sensor Faucet for Wash Basin,Variant,4216,Sensor Faucet for Wash Basin - Stainless Steel,SNR-SSF-35019PMPK,Stainless Steel,https://www.jaquar.com/images/thumbs/0060507_sensor-faucet-for-wash-basin-stainless-steel_960.jpeg,21200.00,"Kubix Prime Sensor Faucet for Wash Basin with Pre-mixed Water Supply Kit (Battery Operated)
",https://www.jaquar.com/en/kubix-prime-sensor-faucet?Id=4386,"Sensor Faucets, SNR-SSF-35019PMPK, Stainless Steel"
Faucets,Sensor Faucets,4319,Tall Boy Sensor Faucet,Parent,4222,Tall Boy Sensor Faucet - Chrome,SNR-CHR-35017PM,Chrome,https://www.jaquar.com/images/thumbs/0016513_tall-boy-sensor-faucet-chrome_960.jpeg,14500.00,"Kubix Prime Tall Boy Sensor Faucet for Wash Basin (Battery Operated)
",https://www.jaquar.com/en/opal-prime-tall-boy-sensor-faucet-copy?Id=4319,"Sensor Faucets, SNR-CHR-35017PM, Chrome"
Faucets,Sensor Faucets,4319,Tall Boy Sensor Faucet,Variant,4222,Tall Boy Sensor Faucet - Antique Bronze,SNR-ABR-35017PM,Antique Bronze,https://www.jaquar.com/images/thumbs/0037859_tall-boy-sensor-faucet-antique-bronze_960.jpeg,24500.00,"Kubix Prime Tall Boy Sensor Faucet for Wash Basin (Battery Operated)
",https://www.jaquar.com/en/opal-prime-tall-boy-sensor-faucet-copy?Id=4319,"Sensor Faucets, SNR-ABR-35017PM, Antique Bronze"
Faucets,Sensor Faucets,4319,Tall Boy Sensor Faucet,Variant,4222,Tall Boy Sensor Faucet - Antique Copper,SNR-ACR-35017PM,Antique Copper,https://www.jaquar.com/images/thumbs/0053915_tall-boy-sensor-faucet-antique-copper_960.jpeg,24500.00,"Kubix Prime Tall Boy Sensor Faucet for Wash Basin (Battery Operated)
",https://www.jaquar.com/en/opal-prime-tall-boy-sensor-faucet-copy?Id=4319,"Sensor Faucets, SNR-ACR-35017PM, Antique Copper"
Faucets,Sensor Faucets,4319,Tall Boy Sensor Faucet,Variant,4222,Tall Boy Sensor Faucet - Black Chrome,SNR-BCH-35017PM,Black Chrome,https://www.jaquar.com/images/thumbs/0053845_tall-boy-sensor-faucet-black-chrome_960.jpeg,21400.00,"Kubix Prime Tall Boy Sensor Faucet for Wash Basin with Pre-mixed Water Supply Kit (Battery Operated)
",https://www.jaquar.com/en/opal-prime-tall-boy-sensor-faucet-copy?Id=4319,"Sensor Faucets, SNR-BCH-35017PM, Black Chrome"
Faucets,Sensor Faucets,4319,Tall Boy Sensor Faucet,Variant,4222,Tall Boy Sensor Faucet - Black  Matt,SNR-BLM-35017PM,Black Matt,https://www.jaquar.com/images/thumbs/0037862_tall-boy-sensor-faucet-black-matt_960.jpeg,21400.00,"Kubix Prime Tall Boy Sensor Faucet for Wash Basin (Battery Operated)
",https://www.jaquar.com/en/opal-prime-tall-boy-sensor-faucet-copy?Id=4319,"Sensor Faucets, SNR-BLM-35017PM, Black Matt"
Faucets,Sensor Faucets,4319,Tall Boy Sensor Faucet,Variant,4222,Tall Boy Sensor Faucet - Graphite,SNR-GRF-35017PM,Graphite,https://www.jaquar.com/images/thumbs/0037865_tall-boy-sensor-faucet-graphite_960.jpeg,24500.00,"Kubix Prime Tall Boy Sensor Faucet for Wash Basin with Pre-mixed Water Supply Kit (Battery Operated)
",https://www.jaquar.com/en/opal-prime-tall-boy-sensor-faucet-copy?Id=4319,"Sensor Faucets, SNR-GRF-35017PM, Graphite"
Faucets,Sensor Faucets,4319,Tall Boy Sensor Faucet,Variant,4222,Tall Boy Sensor Faucet - Stainless Steel,SNR-SSF-35017PM,Stainless Steel,https://www.jaquar.com/images/thumbs/0038646_tall-boy-sensor-faucet-stainless-steel_960.jpeg,24500.00,"Kubix Prime Tall Boy Sensor Faucet for Wash Basin with Pre-mixed Water Supply Kit (Battery Operated)
",https://www.jaquar.com/en/opal-prime-tall-boy-sensor-faucet-copy?Id=4319,"Sensor Faucets, SNR-SSF-35017PM, Stainless Steel"
Faucets,Sensor Faucets,4322,Tall Boy Sensor Faucet,Parent,4222,Tall Boy Sensor Faucet - Chrome,SNR-CHR-35017PM,Chrome,https://www.jaquar.com/images/thumbs/0016513_tall-boy-sensor-faucet-chrome_960.jpeg,14500.00,"Kubix Prime Tall Boy Sensor Faucet for Wash Basin (Battery Operated)
",https://www.jaquar.com/en/opal-prime-tall-boy-sensor-faucet-copy?Id=4322,"Sensor Faucets, SNR-CHR-35017PM, Chrome"
Faucets,Sensor Faucets,4322,Tall Boy Sensor Faucet,Variant,4222,Tall Boy Sensor Faucet - Antique Bronze,SNR-ABR-35017PM,Antique Bronze,https://www.jaquar.com/images/thumbs/0037859_tall-boy-sensor-faucet-antique-bronze_960.jpeg,24500.00,"Kubix Prime Tall Boy Sensor Faucet for Wash Basin (Battery Operated)
",https://www.jaquar.com/en/opal-prime-tall-boy-sensor-faucet-copy?Id=4322,"Sensor Faucets, SNR-ABR-35017PM, Antique Bronze"
Faucets,Sensor Faucets,4322,Tall Boy Sensor Faucet,Variant,4222,Tall Boy Sensor Faucet - Antique Copper,SNR-ACR-35017PM,Antique Copper,https://www.jaquar.com/images/thumbs/0053915_tall-boy-sensor-faucet-antique-copper_960.jpeg,24500.00,"Kubix Prime Tall Boy Sensor Faucet for Wash Basin (Battery Operated)
",https://www.jaquar.com/en/opal-prime-tall-boy-sensor-faucet-copy?Id=4322,"Sensor Faucets, SNR-ACR-35017PM, Antique Copper"
Faucets,Sensor Faucets,4322,Tall Boy Sensor Faucet,Variant,4222,Tall Boy Sensor Faucet - Black Chrome,SNR-BCH-35017PM,Black Chrome,https://www.jaquar.com/images/thumbs/0053845_tall-boy-sensor-faucet-black-chrome_960.jpeg,21400.00,"Kubix Prime Tall Boy Sensor Faucet for Wash Basin with Pre-mixed Water Supply Kit (Battery Operated)
",https://www.jaquar.com/en/opal-prime-tall-boy-sensor-faucet-copy?Id=4322,"Sensor Faucets, SNR-BCH-35017PM, Black Chrome"
Faucets,Sensor Faucets,4322,Tall Boy Sensor Faucet,Variant,4222,Tall Boy Sensor Faucet - Black  Matt,SNR-BLM-35017PM,Black Matt,https://www.jaquar.com/images/thumbs/0037862_tall-boy-sensor-faucet-black-matt_960.jpeg,21400.00,"Kubix Prime Tall Boy Sensor Faucet for Wash Basin (Battery Operated)
",https://www.jaquar.com/en/opal-prime-tall-boy-sensor-faucet-copy?Id=4322,"Sensor Faucets, SNR-BLM-35017PM, Black Matt"
Faucets,Sensor Faucets,4322,Tall Boy Sensor Faucet,Variant,4222,Tall Boy Sensor Faucet - Graphite,SNR-GRF-35017PM,Graphite,https://www.jaquar.com/images/thumbs/0037865_tall-boy-sensor-faucet-graphite_960.jpeg,24500.00,"Kubix Prime Tall Boy Sensor Faucet for Wash Basin with Pre-mixed Water Supply Kit (Battery Operated)
",https://www.jaquar.com/en/opal-prime-tall-boy-sensor-faucet-copy?Id=4322,"Sensor Faucets, SNR-GRF-35017PM, Graphite"
Faucets,Sensor Faucets,4322,Tall Boy Sensor Faucet,Variant,4222,Tall Boy Sensor Faucet - Stainless Steel,SNR-SSF-35017PM,Stainless Steel,https://www.jaquar.com/images/thumbs/0038646_tall-boy-sensor-faucet-stainless-steel_960.jpeg,24500.00,"Kubix Prime Tall Boy Sensor Faucet for Wash Basin with Pre-mixed Water Supply Kit (Battery Operated)
",https://www.jaquar.com/en/opal-prime-tall-boy-sensor-faucet-copy?Id=4322,"Sensor Faucets, SNR-SSF-35017PM, Stainless Steel"
Faucets,Sensor Faucets,4326,Tall Boy Sensor Faucet,Parent,4222,Tall Boy Sensor Faucet - Chrome,SNR-CHR-35017PM,Chrome,https://www.jaquar.com/images/thumbs/0016513_tall-boy-sensor-faucet-chrome_960.jpeg,14500.00,"Kubix Prime Tall Boy Sensor Faucet for Wash Basin (Battery Operated)
",https://www.jaquar.com/en/opal-prime-tall-boy-sensor-faucet-copy?Id=4326,"Sensor Faucets, SNR-CHR-35017PM, Chrome"
Faucets,Sensor Faucets,4326,Tall Boy Sensor Faucet,Variant,4222,Tall Boy Sensor Faucet - Antique Bronze,SNR-ABR-35017PM,Antique Bronze,https://www.jaquar.com/images/thumbs/0037859_tall-boy-sensor-faucet-antique-bronze_960.jpeg,24500.00,"Kubix Prime Tall Boy Sensor Faucet for Wash Basin (Battery Operated)
",https://www.jaquar.com/en/opal-prime-tall-boy-sensor-faucet-copy?Id=4326,"Sensor Faucets, SNR-ABR-35017PM, Antique Bronze"
Faucets,Sensor Faucets,4326,Tall Boy Sensor Faucet,Variant,4222,Tall Boy Sensor Faucet - Antique Copper,SNR-ACR-35017PM,Antique Copper,https://www.jaquar.com/images/thumbs/0053915_tall-boy-sensor-faucet-antique-copper_960.jpeg,24500.00,"Kubix Prime Tall Boy Sensor Faucet for Wash Basin (Battery Operated)
",https://www.jaquar.com/en/opal-prime-tall-boy-sensor-faucet-copy?Id=4326,"Sensor Faucets, SNR-ACR-35017PM, Antique Copper"
Faucets,Sensor Faucets,4326,Tall Boy Sensor Faucet,Variant,4222,Tall Boy Sensor Faucet - Black Chrome,SNR-BCH-35017PM,Black Chrome,https://www.jaquar.com/images/thumbs/0053845_tall-boy-sensor-faucet-black-chrome_960.jpeg,21400.00,"Kubix Prime Tall Boy Sensor Faucet for Wash Basin with Pre-mixed Water Supply Kit (Battery Operated)
",https://www.jaquar.com/en/opal-prime-tall-boy-sensor-faucet-copy?Id=4326,"Sensor Faucets, SNR-BCH-35017PM, Black Chrome"
Faucets,Sensor Faucets,4326,Tall Boy Sensor Faucet,Variant,4222,Tall Boy Sensor Faucet - Black  Matt,SNR-BLM-35017PM,Black Matt,https://www.jaquar.com/images/thumbs/0037862_tall-boy-sensor-faucet-black-matt_960.jpeg,21400.00,"Kubix Prime Tall Boy Sensor Faucet for Wash Basin (Battery Operated)
",https://www.jaquar.com/en/opal-prime-tall-boy-sensor-faucet-copy?Id=4326,"Sensor Faucets, SNR-BLM-35017PM, Black Matt"
Faucets,Sensor Faucets,4326,Tall Boy Sensor Faucet,Variant,4222,Tall Boy Sensor Faucet - Graphite,SNR-GRF-35017PM,Graphite,https://www.jaquar.com/images/thumbs/0037865_tall-boy-sensor-faucet-graphite_960.jpeg,24500.00,"Kubix Prime Tall Boy Sensor Faucet for Wash Basin with Pre-mixed Water Supply Kit (Battery Operated)
",https://www.jaquar.com/en/opal-prime-tall-boy-sensor-faucet-copy?Id=4326,"Sensor Faucets, SNR-GRF-35017PM, Graphite"
Faucets,Sensor Faucets,4326,Tall Boy Sensor Faucet,Variant,4222,Tall Boy Sensor Faucet - Stainless Steel,SNR-SSF-35017PM,Stainless Steel,https://www.jaquar.com/images/thumbs/0038646_tall-boy-sensor-faucet-stainless-steel_960.jpeg,24500.00,"Kubix Prime Tall Boy Sensor Faucet for Wash Basin with Pre-mixed Water Supply Kit (Battery Operated)
",https://www.jaquar.com/en/opal-prime-tall-boy-sensor-faucet-copy?Id=4326,"Sensor Faucets, SNR-SSF-35017PM, Stainless Steel"
Faucets,Sensor Faucets,4324,Tall Boy Sensor Faucet,Parent,4324,Tall Boy Sensor Faucet - Black Chrome,SNR-BCH-35017PM,,https://www.jaquar.com/images/thumbs/0053845_tall-boy-sensor-faucet-black-chrome_960.jpeg,,Kubix Prime Tall Boy Sensor Faucet for Wash Basin (Battery Operated),https://www.jaquar.com/en/tall-boy-sensor-faucet-black-chrome-2?Id=4324,"Sensor Faucets, SNR-BCH-35017PM"
Faucets,Sensor Faucets,4317,Tall Boy Sensor Faucet,Parent,4222,Tall Boy Sensor Faucet - Chrome,SNR-CHR-35017PM,Chrome,https://www.jaquar.com/images/thumbs/0016513_tall-boy-sensor-faucet-chrome_960.jpeg,14500.00,"Kubix Prime Tall Boy Sensor Faucet for Wash Basin (Battery Operated)
",https://www.jaquar.com/en/opal-prime-tall-boy-sensor-faucet-copy?Id=4317,"Sensor Faucets, SNR-CHR-35017PM, Chrome"
Faucets,Sensor Faucets,4317,Tall Boy Sensor Faucet,Variant,4222,Tall Boy Sensor Faucet - Antique Bronze,SNR-ABR-35017PM,Antique Bronze,https://www.jaquar.com/images/thumbs/0037859_tall-boy-sensor-faucet-antique-bronze_960.jpeg,24500.00,"Kubix Prime Tall Boy Sensor Faucet for Wash Basin (Battery Operated)
",https://www.jaquar.com/en/opal-prime-tall-boy-sensor-faucet-copy?Id=4317,"Sensor Faucets, SNR-ABR-35017PM, Antique Bronze"
Faucets,Sensor Faucets,4317,Tall Boy Sensor Faucet,Variant,4222,Tall Boy Sensor Faucet - Antique Copper,SNR-ACR-35017PM,Antique Copper,https://www.jaquar.com/images/thumbs/0053915_tall-boy-sensor-faucet-antique-copper_960.jpeg,24500.00,"Kubix Prime Tall Boy Sensor Faucet for Wash Basin (Battery Operated)
",https://www.jaquar.com/en/opal-prime-tall-boy-sensor-faucet-copy?Id=4317,"Sensor Faucets, SNR-ACR-35017PM, Antique Copper"
Faucets,Sensor Faucets,4317,Tall Boy Sensor Faucet,Variant,4222,Tall Boy Sensor Faucet - Black Chrome,SNR-BCH-35017PM,Black Chrome,https://www.jaquar.com/images/thumbs/0053845_tall-boy-sensor-faucet-black-chrome_960.jpeg,21400.00,"Kubix Prime Tall Boy Sensor Faucet for Wash Basin with Pre-mixed Water Supply Kit (Battery Operated)
",https://www.jaquar.com/en/opal-prime-tall-boy-sensor-faucet-copy?Id=4317,"Sensor Faucets, SNR-BCH-35017PM, Black Chrome"
Faucets,Sensor Faucets,4317,Tall Boy Sensor Faucet,Variant,4222,Tall Boy Sensor Faucet - Black  Matt,SNR-BLM-35017PM,Black Matt,https://www.jaquar.com/images/thumbs/0037862_tall-boy-sensor-faucet-black-matt_960.jpeg,21400.00,"Kubix Prime Tall Boy Sensor Faucet for Wash Basin (Battery Operated)
",https://www.jaquar.com/en/opal-prime-tall-boy-sensor-faucet-copy?Id=4317,"Sensor Faucets, SNR-BLM-35017PM, Black Matt"
Faucets,Sensor Faucets,4317,Tall Boy Sensor Faucet,Variant,4222,Tall Boy Sensor Faucet - Graphite,SNR-GRF-35017PM,Graphite,https://www.jaquar.com/images/thumbs/0037865_tall-boy-sensor-faucet-graphite_960.jpeg,24500.00,"Kubix Prime Tall Boy Sensor Faucet for Wash Basin with Pre-mixed Water Supply Kit (Battery Operated)
",https://www.jaquar.com/en/opal-prime-tall-boy-sensor-faucet-copy?Id=4317,"Sensor Faucets, SNR-GRF-35017PM, Graphite"
Faucets,Sensor Faucets,4317,Tall Boy Sensor Faucet,Variant,4222,Tall Boy Sensor Faucet - Stainless Steel,SNR-SSF-35017PM,Stainless Steel,https://www.jaquar.com/images/thumbs/0038646_tall-boy-sensor-faucet-stainless-steel_960.jpeg,24500.00,"Kubix Prime Tall Boy Sensor Faucet for Wash Basin with Pre-mixed Water Supply Kit (Battery Operated)
",https://www.jaquar.com/en/opal-prime-tall-boy-sensor-faucet-copy?Id=4317,"Sensor Faucets, SNR-SSF-35017PM, Stainless Steel"
Faucets,Sensor Faucets,4332,Tall Boy Sensor Faucet,Parent,4332,Tall Boy Sensor Faucet - Graphite,SNR-GRF-35017PM,,https://www.jaquar.com/images/thumbs/0037865_tall-boy-sensor-faucet-graphite_960.jpeg,,Kubix Prime Tall Boy Sensor Faucet for Wash Basin (Battery Operated),https://www.jaquar.com/en/tall-boy-sensor-faucet-graphite-2?Id=4332,"Sensor Faucets, SNR-GRF-35017PM"
Faucets,Sensor Faucets,4334,Tall Boy Sensor Faucet,Parent,4334,Tall Boy Sensor Faucet - Stainless Steel,SNR-SSF-35017PM,,https://www.jaquar.com/images/thumbs/0038646_tall-boy-sensor-faucet-stainless-steel_960.jpeg,,Kubix Prime Tall Boy Sensor Faucet for Wash Basin (Battery Operated),https://www.jaquar.com/en/tall-boy-sensor-faucet-stainless-steel-2?Id=4334,"Sensor Faucets, SNR-SSF-35017PM"
Faucets,Sensor Faucets,4320,Tall Boy Sensor Faucet,Parent,4224,Tall Boy Sensor Faucet - Chrome,SNR-CHR-35017PMPK,Chrome,https://www.jaquar.com/images/thumbs/0037877_tall-boy-sensor-faucet-chrome_960.jpeg,15350.00,"Kubix Prime Tall Boy Sensor Faucet for Wash Basin with Pre-mixed Water Supply Kit (Battery Operated)
",https://www.jaquar.com/en/kubix-prime-tall-boy-sensor-faucet-copy?Id=4320,"Sensor Faucets, SNR-CHR-35017PMPK, Chrome"
Faucets,Sensor Faucets,4320,Tall Boy Sensor Faucet,Variant,4224,Tall Boy Sensor Faucet - Antique Bronze,SNR-ABR-35017PMPK,Antique Bronze,https://www.jaquar.com/images/thumbs/0037868_tall-boy-sensor-faucet-antique-bronze_960.jpeg,25900.00,"Kubix Prime Tall Boy Sensor Faucet for Wash Basin with Pre-mixed Water Supply Kit (Battery Operated)
",https://www.jaquar.com/en/kubix-prime-tall-boy-sensor-faucet-copy?Id=4320,"Sensor Faucets, SNR-ABR-35017PMPK, Antique Bronze"
Faucets,Sensor Faucets,4320,Tall Boy Sensor Faucet,Variant,4224,Tall Boy Sensor Faucet - Antique Copper,SNR-ACR-35017PMPK,Antique Copper,https://www.jaquar.com/images/thumbs/0053914_tall-boy-sensor-faucet-antique-copper_960.jpeg,25900.00,"Kubix Prime Tall Boy Sensor Faucet for Wash Basin with Pre-mixed Water Supply Kit (Battery Operated)
",https://www.jaquar.com/en/kubix-prime-tall-boy-sensor-faucet-copy?Id=4320,"Sensor Faucets, SNR-ACR-35017PMPK, Antique Copper"
Faucets,Sensor Faucets,4320,Tall Boy Sensor Faucet,Variant,4224,Tall Boy Sensor Faucet - Black Chrome,SNR-BCH-35017PMPK,Black Chrome,https://www.jaquar.com/images/thumbs/0053846_tall-boy-sensor-faucet-black-chrome_960.jpeg,22600.00,"Kubix Prime Tall Boy Sensor Faucet for Wash Basin with Pre-mixed Water Supply Kit (Battery Operated)
",https://www.jaquar.com/en/kubix-prime-tall-boy-sensor-faucet-copy?Id=4320,"Sensor Faucets, SNR-BCH-35017PMPK, Black Chrome"
Faucets,Sensor Faucets,4320,Tall Boy Sensor Faucet,Variant,4224,Tall Boy Sensor Faucet - Black  Matt,SNR-BLM-35017PMPK,Black Matt,https://www.jaquar.com/images/thumbs/0037871_tall-boy-sensor-faucet-black-matt_960.jpeg,22600.00,"Kubix Prime Tall Boy Sensor Faucet for Wash Basin with Pre-mixed Water Supply Kit (Battery Operated)
",https://www.jaquar.com/en/kubix-prime-tall-boy-sensor-faucet-copy?Id=4320,"Sensor Faucets, SNR-BLM-35017PMPK, Black Matt"
Faucets,Sensor Faucets,4320,Tall Boy Sensor Faucet,Variant,4224,Tall Boy Sensor Faucet - Graphite,SNR-GRF-35017PMPK,Graphite,https://www.jaquar.com/images/thumbs/0037874_tall-boy-sensor-faucet-graphite_960.jpeg,25900.00,"Kubix Prime Tall Boy Sensor Faucet for Wash Basin with Pre-mixed Water Supply Kit (Battery Operated)
",https://www.jaquar.com/en/kubix-prime-tall-boy-sensor-faucet-copy?Id=4320,"Sensor Faucets, SNR-GRF-35017PMPK, Graphite"
Faucets,Sensor Faucets,4320,Tall Boy Sensor Faucet,Variant,4224,Tall Boy Sensor Faucet - Stainless Steel,SNR-SSF-35017PMPK,Stainless Steel,https://www.jaquar.com/images/thumbs/0037875_tall-boy-sensor-faucet-stainless-steel_960.jpeg,25900.00,"Kubix Prime Tall Boy Sensor Faucet for Wash Basin with Pre-mixed Water Supply Kit (Battery Operated)
",https://www.jaquar.com/en/kubix-prime-tall-boy-sensor-faucet-copy?Id=4320,"Sensor Faucets, SNR-SSF-35017PMPK, Stainless Steel"
Faucets,Sensor Faucets,4321,Tall Boy Sensor Faucet,Parent,4224,Tall Boy Sensor Faucet - Chrome,SNR-CHR-35017PMPK,Chrome,https://www.jaquar.com/images/thumbs/0037877_tall-boy-sensor-faucet-chrome_960.jpeg,15350.00,"Kubix Prime Tall Boy Sensor Faucet for Wash Basin with Pre-mixed Water Supply Kit (Battery Operated)
",https://www.jaquar.com/en/kubix-prime-tall-boy-sensor-faucet-copy?Id=4321,"Sensor Faucets, SNR-CHR-35017PMPK, Chrome"
Faucets,Sensor Faucets,4321,Tall Boy Sensor Faucet,Variant,4224,Tall Boy Sensor Faucet - Antique Bronze,SNR-ABR-35017PMPK,Antique Bronze,https://www.jaquar.com/images/thumbs/0037868_tall-boy-sensor-faucet-antique-bronze_960.jpeg,25900.00,"Kubix Prime Tall Boy Sensor Faucet for Wash Basin with Pre-mixed Water Supply Kit (Battery Operated)
",https://www.jaquar.com/en/kubix-prime-tall-boy-sensor-faucet-copy?Id=4321,"Sensor Faucets, SNR-ABR-35017PMPK, Antique Bronze"
Faucets,Sensor Faucets,4321,Tall Boy Sensor Faucet,Variant,4224,Tall Boy Sensor Faucet - Antique Copper,SNR-ACR-35017PMPK,Antique Copper,https://www.jaquar.com/images/thumbs/0053914_tall-boy-sensor-faucet-antique-copper_960.jpeg,25900.00,"Kubix Prime Tall Boy Sensor Faucet for Wash Basin with Pre-mixed Water Supply Kit (Battery Operated)
",https://www.jaquar.com/en/kubix-prime-tall-boy-sensor-faucet-copy?Id=4321,"Sensor Faucets, SNR-ACR-35017PMPK, Antique Copper"
Faucets,Sensor Faucets,4321,Tall Boy Sensor Faucet,Variant,4224,Tall Boy Sensor Faucet - Black Chrome,SNR-BCH-35017PMPK,Black Chrome,https://www.jaquar.com/images/thumbs/0053846_tall-boy-sensor-faucet-black-chrome_960.jpeg,22600.00,"Kubix Prime Tall Boy Sensor Faucet for Wash Basin with Pre-mixed Water Supply Kit (Battery Operated)
",https://www.jaquar.com/en/kubix-prime-tall-boy-sensor-faucet-copy?Id=4321,"Sensor Faucets, SNR-BCH-35017PMPK, Black Chrome"
Faucets,Sensor Faucets,4321,Tall Boy Sensor Faucet,Variant,4224,Tall Boy Sensor Faucet - Black  Matt,SNR-BLM-35017PMPK,Black Matt,https://www.jaquar.com/images/thumbs/0037871_tall-boy-sensor-faucet-black-matt_960.jpeg,22600.00,"Kubix Prime Tall Boy Sensor Faucet for Wash Basin with Pre-mixed Water Supply Kit (Battery Operated)
",https://www.jaquar.com/en/kubix-prime-tall-boy-sensor-faucet-copy?Id=4321,"Sensor Faucets, SNR-BLM-35017PMPK, Black Matt"
Faucets,Sensor Faucets,4321,Tall Boy Sensor Faucet,Variant,4224,Tall Boy Sensor Faucet - Graphite,SNR-GRF-35017PMPK,Graphite,https://www.jaquar.com/images/thumbs/0037874_tall-boy-sensor-faucet-graphite_960.jpeg,25900.00,"Kubix Prime Tall Boy Sensor Faucet for Wash Basin with Pre-mixed Water Supply Kit (Battery Operated)
",https://www.jaquar.com/en/kubix-prime-tall-boy-sensor-faucet-copy?Id=4321,"Sensor Faucets, SNR-GRF-35017PMPK, Graphite"
Faucets,Sensor Faucets,4321,Tall Boy Sensor Faucet,Variant,4224,Tall Boy Sensor Faucet - Stainless Steel,SNR-SSF-35017PMPK,Stainless Steel,https://www.jaquar.com/images/thumbs/0037875_tall-boy-sensor-faucet-stainless-steel_960.jpeg,25900.00,"Kubix Prime Tall Boy Sensor Faucet for Wash Basin with Pre-mixed Water Supply Kit (Battery Operated)
",https://www.jaquar.com/en/kubix-prime-tall-boy-sensor-faucet-copy?Id=4321,"Sensor Faucets, SNR-SSF-35017PMPK, Stainless Steel"
Faucets,Sensor Faucets,4325,Tall Boy Sensor Faucet,Parent,4224,Tall Boy Sensor Faucet - Chrome,SNR-CHR-35017PMPK,Chrome,https://www.jaquar.com/images/thumbs/0037877_tall-boy-sensor-faucet-chrome_960.jpeg,15350.00,"Kubix Prime Tall Boy Sensor Faucet for Wash Basin with Pre-mixed Water Supply Kit (Battery Operated)
",https://www.jaquar.com/en/kubix-prime-tall-boy-sensor-faucet-copy?Id=4325,"Sensor Faucets, SNR-CHR-35017PMPK, Chrome"
Faucets,Sensor Faucets,4325,Tall Boy Sensor Faucet,Variant,4224,Tall Boy Sensor Faucet - Antique Bronze,SNR-ABR-35017PMPK,Antique Bronze,https://www.jaquar.com/images/thumbs/0037868_tall-boy-sensor-faucet-antique-bronze_960.jpeg,25900.00,"Kubix Prime Tall Boy Sensor Faucet for Wash Basin with Pre-mixed Water Supply Kit (Battery Operated)
",https://www.jaquar.com/en/kubix-prime-tall-boy-sensor-faucet-copy?Id=4325,"Sensor Faucets, SNR-ABR-35017PMPK, Antique Bronze"
Faucets,Sensor Faucets,4325,Tall Boy Sensor Faucet,Variant,4224,Tall Boy Sensor Faucet - Antique Copper,SNR-ACR-35017PMPK,Antique Copper,https://www.jaquar.com/images/thumbs/0053914_tall-boy-sensor-faucet-antique-copper_960.jpeg,25900.00,"Kubix Prime Tall Boy Sensor Faucet for Wash Basin with Pre-mixed Water Supply Kit (Battery Operated)
",https://www.jaquar.com/en/kubix-prime-tall-boy-sensor-faucet-copy?Id=4325,"Sensor Faucets, SNR-ACR-35017PMPK, Antique Copper"
Faucets,Sensor Faucets,4325,Tall Boy Sensor Faucet,Variant,4224,Tall Boy Sensor Faucet - Black Chrome,SNR-BCH-35017PMPK,Black Chrome,https://www.jaquar.com/images/thumbs/0053846_tall-boy-sensor-faucet-black-chrome_960.jpeg,22600.00,"Kubix Prime Tall Boy Sensor Faucet for Wash Basin with Pre-mixed Water Supply Kit (Battery Operated)
",https://www.jaquar.com/en/kubix-prime-tall-boy-sensor-faucet-copy?Id=4325,"Sensor Faucets, SNR-BCH-35017PMPK, Black Chrome"
Faucets,Sensor Faucets,4325,Tall Boy Sensor Faucet,Variant,4224,Tall Boy Sensor Faucet - Black  Matt,SNR-BLM-35017PMPK,Black Matt,https://www.jaquar.com/images/thumbs/0037871_tall-boy-sensor-faucet-black-matt_960.jpeg,22600.00,"Kubix Prime Tall Boy Sensor Faucet for Wash Basin with Pre-mixed Water Supply Kit (Battery Operated)
",https://www.jaquar.com/en/kubix-prime-tall-boy-sensor-faucet-copy?Id=4325,"Sensor Faucets, SNR-BLM-35017PMPK, Black Matt"
Faucets,Sensor Faucets,4325,Tall Boy Sensor Faucet,Variant,4224,Tall Boy Sensor Faucet - Graphite,SNR-GRF-35017PMPK,Graphite,https://www.jaquar.com/images/thumbs/0037874_tall-boy-sensor-faucet-graphite_960.jpeg,25900.00,"Kubix Prime Tall Boy Sensor Faucet for Wash Basin with Pre-mixed Water Supply Kit (Battery Operated)
",https://www.jaquar.com/en/kubix-prime-tall-boy-sensor-faucet-copy?Id=4325,"Sensor Faucets, SNR-GRF-35017PMPK, Graphite"
Faucets,Sensor Faucets,4325,Tall Boy Sensor Faucet,Variant,4224,Tall Boy Sensor Faucet - Stainless Steel,SNR-SSF-35017PMPK,Stainless Steel,https://www.jaquar.com/images/thumbs/0037875_tall-boy-sensor-faucet-stainless-steel_960.jpeg,25900.00,"Kubix Prime Tall Boy Sensor Faucet for Wash Basin with Pre-mixed Water Supply Kit (Battery Operated)
",https://www.jaquar.com/en/kubix-prime-tall-boy-sensor-faucet-copy?Id=4325,"Sensor Faucets, SNR-SSF-35017PMPK, Stainless Steel"
Faucets,Sensor Faucets,4323,Tall Boy Sensor Faucet,Parent,4222,Tall Boy Sensor Faucet - Chrome,SNR-CHR-35017PM,Chrome,https://www.jaquar.com/images/thumbs/0016513_tall-boy-sensor-faucet-chrome_960.jpeg,14500.00,"Kubix Prime Tall Boy Sensor Faucet for Wash Basin (Battery Operated)
",https://www.jaquar.com/en/opal-prime-tall-boy-sensor-faucet-copy?Id=4323,"Sensor Faucets, SNR-CHR-35017PM, Chrome"
Faucets,Sensor Faucets,4323,Tall Boy Sensor Faucet,Variant,4222,Tall Boy Sensor Faucet - Antique Bronze,SNR-ABR-35017PM,Antique Bronze,https://www.jaquar.com/images/thumbs/0037859_tall-boy-sensor-faucet-antique-bronze_960.jpeg,24500.00,"Kubix Prime Tall Boy Sensor Faucet for Wash Basin (Battery Operated)
",https://www.jaquar.com/en/opal-prime-tall-boy-sensor-faucet-copy?Id=4323,"Sensor Faucets, SNR-ABR-35017PM, Antique Bronze"
Faucets,Sensor Faucets,4323,Tall Boy Sensor Faucet,Variant,4222,Tall Boy Sensor Faucet - Antique Copper,SNR-ACR-35017PM,Antique Copper,https://www.jaquar.com/images/thumbs/0053915_tall-boy-sensor-faucet-antique-copper_960.jpeg,24500.00,"Kubix Prime Tall Boy Sensor Faucet for Wash Basin (Battery Operated)
",https://www.jaquar.com/en/opal-prime-tall-boy-sensor-faucet-copy?Id=4323,"Sensor Faucets, SNR-ACR-35017PM, Antique Copper"
Faucets,Sensor Faucets,4323,Tall Boy Sensor Faucet,Variant,4222,Tall Boy Sensor Faucet - Black Chrome,SNR-BCH-35017PM,Black Chrome,https://www.jaquar.com/images/thumbs/0053845_tall-boy-sensor-faucet-black-chrome_960.jpeg,21400.00,"Kubix Prime Tall Boy Sensor Faucet for Wash Basin with Pre-mixed Water Supply Kit (Battery Operated)
",https://www.jaquar.com/en/opal-prime-tall-boy-sensor-faucet-copy?Id=4323,"Sensor Faucets, SNR-BCH-35017PM, Black Chrome"
Faucets,Sensor Faucets,4323,Tall Boy Sensor Faucet,Variant,4222,Tall Boy Sensor Faucet - Black  Matt,SNR-BLM-35017PM,Black Matt,https://www.jaquar.com/images/thumbs/0037862_tall-boy-sensor-faucet-black-matt_960.jpeg,21400.00,"Kubix Prime Tall Boy Sensor Faucet for Wash Basin (Battery Operated)
",https://www.jaquar.com/en/opal-prime-tall-boy-sensor-faucet-copy?Id=4323,"Sensor Faucets, SNR-BLM-35017PM, Black Matt"
Faucets,Sensor Faucets,4323,Tall Boy Sensor Faucet,Variant,4222,Tall Boy Sensor Faucet - Graphite,SNR-GRF-35017PM,Graphite,https://www.jaquar.com/images/thumbs/0037865_tall-boy-sensor-faucet-graphite_960.jpeg,24500.00,"Kubix Prime Tall Boy Sensor Faucet for Wash Basin with Pre-mixed Water Supply Kit (Battery Operated)
",https://www.jaquar.com/en/opal-prime-tall-boy-sensor-faucet-copy?Id=4323,"Sensor Faucets, SNR-GRF-35017PM, Graphite"
Faucets,Sensor Faucets,4323,Tall Boy Sensor Faucet,Variant,4222,Tall Boy Sensor Faucet - Stainless Steel,SNR-SSF-35017PM,Stainless Steel,https://www.jaquar.com/images/thumbs/0038646_tall-boy-sensor-faucet-stainless-steel_960.jpeg,24500.00,"Kubix Prime Tall Boy Sensor Faucet for Wash Basin with Pre-mixed Water Supply Kit (Battery Operated)
",https://www.jaquar.com/en/opal-prime-tall-boy-sensor-faucet-copy?Id=4323,"Sensor Faucets, SNR-SSF-35017PM, Stainless Steel"
Faucets,Sensor Faucets,4318,Tall Boy Sensor Faucet,Parent,4224,Tall Boy Sensor Faucet - Chrome,SNR-CHR-35017PMPK,Chrome,https://www.jaquar.com/images/thumbs/0037877_tall-boy-sensor-faucet-chrome_960.jpeg,15350.00,"Kubix Prime Tall Boy Sensor Faucet for Wash Basin with Pre-mixed Water Supply Kit (Battery Operated)
",https://www.jaquar.com/en/kubix-prime-tall-boy-sensor-faucet-copy?Id=4318,"Sensor Faucets, SNR-CHR-35017PMPK, Chrome"
Faucets,Sensor Faucets,4318,Tall Boy Sensor Faucet,Variant,4224,Tall Boy Sensor Faucet - Antique Bronze,SNR-ABR-35017PMPK,Antique Bronze,https://www.jaquar.com/images/thumbs/0037868_tall-boy-sensor-faucet-antique-bronze_960.jpeg,25900.00,"Kubix Prime Tall Boy Sensor Faucet for Wash Basin with Pre-mixed Water Supply Kit (Battery Operated)
",https://www.jaquar.com/en/kubix-prime-tall-boy-sensor-faucet-copy?Id=4318,"Sensor Faucets, SNR-ABR-35017PMPK, Antique Bronze"
Faucets,Sensor Faucets,4318,Tall Boy Sensor Faucet,Variant,4224,Tall Boy Sensor Faucet - Antique Copper,SNR-ACR-35017PMPK,Antique Copper,https://www.jaquar.com/images/thumbs/0053914_tall-boy-sensor-faucet-antique-copper_960.jpeg,25900.00,"Kubix Prime Tall Boy Sensor Faucet for Wash Basin with Pre-mixed Water Supply Kit (Battery Operated)
",https://www.jaquar.com/en/kubix-prime-tall-boy-sensor-faucet-copy?Id=4318,"Sensor Faucets, SNR-ACR-35017PMPK, Antique Copper"
Faucets,Sensor Faucets,4318,Tall Boy Sensor Faucet,Variant,4224,Tall Boy Sensor Faucet - Black Chrome,SNR-BCH-35017PMPK,Black Chrome,https://www.jaquar.com/images/thumbs/0053846_tall-boy-sensor-faucet-black-chrome_960.jpeg,22600.00,"Kubix Prime Tall Boy Sensor Faucet for Wash Basin with Pre-mixed Water Supply Kit (Battery Operated)
",https://www.jaquar.com/en/kubix-prime-tall-boy-sensor-faucet-copy?Id=4318,"Sensor Faucets, SNR-BCH-35017PMPK, Black Chrome"
Faucets,Sensor Faucets,4318,Tall Boy Sensor Faucet,Variant,4224,Tall Boy Sensor Faucet - Black  Matt,SNR-BLM-35017PMPK,Black Matt,https://www.jaquar.com/images/thumbs/0037871_tall-boy-sensor-faucet-black-matt_960.jpeg,22600.00,"Kubix Prime Tall Boy Sensor Faucet for Wash Basin with Pre-mixed Water Supply Kit (Battery Operated)
",https://www.jaquar.com/en/kubix-prime-tall-boy-sensor-faucet-copy?Id=4318,"Sensor Faucets, SNR-BLM-35017PMPK, Black Matt"
Faucets,Sensor Faucets,4318,Tall Boy Sensor Faucet,Variant,4224,Tall Boy Sensor Faucet - Graphite,SNR-GRF-35017PMPK,Graphite,https://www.jaquar.com/images/thumbs/0037874_tall-boy-sensor-faucet-graphite_960.jpeg,25900.00,"Kubix Prime Tall Boy Sensor Faucet for Wash Basin with Pre-mixed Water Supply Kit (Battery Operated)
",https://www.jaquar.com/en/kubix-prime-tall-boy-sensor-faucet-copy?Id=4318,"Sensor Faucets, SNR-GRF-35017PMPK, Graphite"
Faucets,Sensor Faucets,4318,Tall Boy Sensor Faucet,Variant,4224,Tall Boy Sensor Faucet - Stainless Steel,SNR-SSF-35017PMPK,Stainless Steel,https://www.jaquar.com/images/thumbs/0037875_tall-boy-sensor-faucet-stainless-steel_960.jpeg,25900.00,"Kubix Prime Tall Boy Sensor Faucet for Wash Basin with Pre-mixed Water Supply Kit (Battery Operated)
",https://www.jaquar.com/en/kubix-prime-tall-boy-sensor-faucet-copy?Id=4318,"Sensor Faucets, SNR-SSF-35017PMPK, Stainless Steel"
Faucets,Sensor Faucets,4331,Tall Boy Sensor Faucet,Parent,4222,Tall Boy Sensor Faucet - Chrome,SNR-CHR-35017PM,Chrome,https://www.jaquar.com/images/thumbs/0016513_tall-boy-sensor-faucet-chrome_960.jpeg,14500.00,"Kubix Prime Tall Boy Sensor Faucet for Wash Basin (Battery Operated)
",https://www.jaquar.com/en/opal-prime-tall-boy-sensor-faucet-copy?Id=4331,"Sensor Faucets, SNR-CHR-35017PM, Chrome"
Faucets,Sensor Faucets,4331,Tall Boy Sensor Faucet,Variant,4222,Tall Boy Sensor Faucet - Antique Bronze,SNR-ABR-35017PM,Antique Bronze,https://www.jaquar.com/images/thumbs/0037859_tall-boy-sensor-faucet-antique-bronze_960.jpeg,24500.00,"Kubix Prime Tall Boy Sensor Faucet for Wash Basin (Battery Operated)
",https://www.jaquar.com/en/opal-prime-tall-boy-sensor-faucet-copy?Id=4331,"Sensor Faucets, SNR-ABR-35017PM, Antique Bronze"
Faucets,Sensor Faucets,4331,Tall Boy Sensor Faucet,Variant,4222,Tall Boy Sensor Faucet - Antique Copper,SNR-ACR-35017PM,Antique Copper,https://www.jaquar.com/images/thumbs/0053915_tall-boy-sensor-faucet-antique-copper_960.jpeg,24500.00,"Kubix Prime Tall Boy Sensor Faucet for Wash Basin (Battery Operated)
",https://www.jaquar.com/en/opal-prime-tall-boy-sensor-faucet-copy?Id=4331,"Sensor Faucets, SNR-ACR-35017PM, Antique Copper"
Faucets,Sensor Faucets,4331,Tall Boy Sensor Faucet,Variant,4222,Tall Boy Sensor Faucet - Black Chrome,SNR-BCH-35017PM,Black Chrome,https://www.jaquar.com/images/thumbs/0053845_tall-boy-sensor-faucet-black-chrome_960.jpeg,21400.00,"Kubix Prime Tall Boy Sensor Faucet for Wash Basin with Pre-mixed Water Supply Kit (Battery Operated)
",https://www.jaquar.com/en/opal-prime-tall-boy-sensor-faucet-copy?Id=4331,"Sensor Faucets, SNR-BCH-35017PM, Black Chrome"
Faucets,Sensor Faucets,4331,Tall Boy Sensor Faucet,Variant,4222,Tall Boy Sensor Faucet - Black  Matt,SNR-BLM-35017PM,Black Matt,https://www.jaquar.com/images/thumbs/0037862_tall-boy-sensor-faucet-black-matt_960.jpeg,21400.00,"Kubix Prime Tall Boy Sensor Faucet for Wash Basin (Battery Operated)
",https://www.jaquar.com/en/opal-prime-tall-boy-sensor-faucet-copy?Id=4331,"Sensor Faucets, SNR-BLM-35017PM, Black Matt"
Faucets,Sensor Faucets,4331,Tall Boy Sensor Faucet,Variant,4222,Tall Boy Sensor Faucet - Graphite,SNR-GRF-35017PM,Graphite,https://www.jaquar.com/images/thumbs/0037865_tall-boy-sensor-faucet-graphite_960.jpeg,24500.00,"Kubix Prime Tall Boy Sensor Faucet for Wash Basin with Pre-mixed Water Supply Kit (Battery Operated)
",https://www.jaquar.com/en/opal-prime-tall-boy-sensor-faucet-copy?Id=4331,"Sensor Faucets, SNR-GRF-35017PM, Graphite"
Faucets,Sensor Faucets,4331,Tall Boy Sensor Faucet,Variant,4222,Tall Boy Sensor Faucet - Stainless Steel,SNR-SSF-35017PM,Stainless Steel,https://www.jaquar.com/images/thumbs/0038646_tall-boy-sensor-faucet-stainless-steel_960.jpeg,24500.00,"Kubix Prime Tall Boy Sensor Faucet for Wash Basin with Pre-mixed Water Supply Kit (Battery Operated)
",https://www.jaquar.com/en/opal-prime-tall-boy-sensor-faucet-copy?Id=4331,"Sensor Faucets, SNR-SSF-35017PM, Stainless Steel"
Faucets,Sensor Faucets,4333,Tall Boy Sensor Faucet,Parent,4222,Tall Boy Sensor Faucet - Chrome,SNR-CHR-35017PM,Chrome,https://www.jaquar.com/images/thumbs/0016513_tall-boy-sensor-faucet-chrome_960.jpeg,14500.00,"Kubix Prime Tall Boy Sensor Faucet for Wash Basin (Battery Operated)
",https://www.jaquar.com/en/opal-prime-tall-boy-sensor-faucet-copy?Id=4333,"Sensor Faucets, SNR-CHR-35017PM, Chrome"
Faucets,Sensor Faucets,4333,Tall Boy Sensor Faucet,Variant,4222,Tall Boy Sensor Faucet - Antique Bronze,SNR-ABR-35017PM,Antique Bronze,https://www.jaquar.com/images/thumbs/0037859_tall-boy-sensor-faucet-antique-bronze_960.jpeg,24500.00,"Kubix Prime Tall Boy Sensor Faucet for Wash Basin (Battery Operated)
",https://www.jaquar.com/en/opal-prime-tall-boy-sensor-faucet-copy?Id=4333,"Sensor Faucets, SNR-ABR-35017PM, Antique Bronze"
Faucets,Sensor Faucets,4333,Tall Boy Sensor Faucet,Variant,4222,Tall Boy Sensor Faucet - Antique Copper,SNR-ACR-35017PM,Antique Copper,https://www.jaquar.com/images/thumbs/0053915_tall-boy-sensor-faucet-antique-copper_960.jpeg,24500.00,"Kubix Prime Tall Boy Sensor Faucet for Wash Basin (Battery Operated)
",https://www.jaquar.com/en/opal-prime-tall-boy-sensor-faucet-copy?Id=4333,"Sensor Faucets, SNR-ACR-35017PM, Antique Copper"
Faucets,Sensor Faucets,4333,Tall Boy Sensor Faucet,Variant,4222,Tall Boy Sensor Faucet - Black Chrome,SNR-BCH-35017PM,Black Chrome,https://www.jaquar.com/images/thumbs/0053845_tall-boy-sensor-faucet-black-chrome_960.jpeg,21400.00,"Kubix Prime Tall Boy Sensor Faucet for Wash Basin with Pre-mixed Water Supply Kit (Battery Operated)
",https://www.jaquar.com/en/opal-prime-tall-boy-sensor-faucet-copy?Id=4333,"Sensor Faucets, SNR-BCH-35017PM, Black Chrome"
Faucets,Sensor Faucets,4333,Tall Boy Sensor Faucet,Variant,4222,Tall Boy Sensor Faucet - Black  Matt,SNR-BLM-35017PM,Black Matt,https://www.jaquar.com/images/thumbs/0037862_tall-boy-sensor-faucet-black-matt_960.jpeg,21400.00,"Kubix Prime Tall Boy Sensor Faucet for Wash Basin (Battery Operated)
",https://www.jaquar.com/en/opal-prime-tall-boy-sensor-faucet-copy?Id=4333,"Sensor Faucets, SNR-BLM-35017PM, Black Matt"
Faucets,Sensor Faucets,4333,Tall Boy Sensor Faucet,Variant,4222,Tall Boy Sensor Faucet - Graphite,SNR-GRF-35017PM,Graphite,https://www.jaquar.com/images/thumbs/0037865_tall-boy-sensor-faucet-graphite_960.jpeg,24500.00,"Kubix Prime Tall Boy Sensor Faucet for Wash Basin with Pre-mixed Water Supply Kit (Battery Operated)
",https://www.jaquar.com/en/opal-prime-tall-boy-sensor-faucet-copy?Id=4333,"Sensor Faucets, SNR-GRF-35017PM, Graphite"
Faucets,Sensor Faucets,4333,Tall Boy Sensor Faucet,Variant,4222,Tall Boy Sensor Faucet - Stainless Steel,SNR-SSF-35017PM,Stainless Steel,https://www.jaquar.com/images/thumbs/0038646_tall-boy-sensor-faucet-stainless-steel_960.jpeg,24500.00,"Kubix Prime Tall Boy Sensor Faucet for Wash Basin with Pre-mixed Water Supply Kit (Battery Operated)
",https://www.jaquar.com/en/opal-prime-tall-boy-sensor-faucet-copy?Id=4333,"Sensor Faucets, SNR-SSF-35017PM, Stainless Steel"
Faucets,Sensor Faucets,4358,Sensor Faucet,Parent,4170,Sensor Faucet - Chrome,SNR-CHR-15019PM,Chrome,https://www.jaquar.com/images/thumbs/0060197_sensor-faucet-chrome_960.jpeg,11300.00,"Opal Prime Sensor Faucet for Wash Basin (Battery Operated)
",https://www.jaquar.com/en/opal-prime-sensor-faucet-for-wash-basin?Id=4358,"Sensor Faucets, SNR-CHR-15019PM, Chrome"
Faucets,Sensor Faucets,4358,Sensor Faucet,Variant,4170,Sensor Faucet - Antique Bronze,SNR-ABR-15019PM,Antique Bronze,https://www.jaquar.com/images/thumbs/0052064_sensor-faucet-antique-bronze_960.jpeg,19100.00,"Opal Prime Sensor Faucet for Wash Basin (Battery Operated)
",https://www.jaquar.com/en/opal-prime-sensor-faucet-for-wash-basin?Id=4358,"Sensor Faucets, SNR-ABR-15019PM, Antique Bronze"
Faucets,Sensor Faucets,4358,Sensor Faucet,Variant,4170,Sensor Faucet - Antique Copper,SNR-ACR-15019PM,Antique Copper,https://www.jaquar.com/images/thumbs/0053764_sensor-faucet-antique-copper_960.jpeg,19100.00,"Opal Prime Sensor Faucet for Wash Basin (Battery Operated)
",https://www.jaquar.com/en/opal-prime-sensor-faucet-for-wash-basin?Id=4358,"Sensor Faucets, SNR-ACR-15019PM, Antique Copper"
Faucets,Sensor Faucets,4358,Sensor Faucet,Variant,4170,Sensor Faucet - Black Chrome,SNR-BCH-15019PM,Black Chrome,https://www.jaquar.com/images/thumbs/0053843_sensor-faucet-black-chrome_960.jpeg,16700.00,"Opal Prime Sensor Faucet for Wash Basin (Battery Operated)
",https://www.jaquar.com/en/opal-prime-sensor-faucet-for-wash-basin?Id=4358,"Sensor Faucets, SNR-BCH-15019PM, Black Chrome"
Faucets,Sensor Faucets,4358,Sensor Faucet,Variant,4170,Sensor Faucet - Black Matt,SNR-BLM-15019PM,Black Matt,https://www.jaquar.com/images/thumbs/0039102_sensor-faucet-black-matt_960.jpeg,16700.00,"Opal Prime Sensor Faucet for Wash Basin (Battery Operated)
",https://www.jaquar.com/en/opal-prime-sensor-faucet-for-wash-basin?Id=4358,"Sensor Faucets, SNR-BLM-15019PM, Black Matt"
Faucets,Sensor Faucets,4358,Sensor Faucet,Variant,4170,Sensor Faucet - Graphite,SNR-GRF-15019PM,Graphite,https://www.jaquar.com/images/thumbs/0060303_sensor-faucet-graphite_960.jpeg,19100.00,"Opal Prime Sensor Faucet for Wash Basin (Battery Operated)
",https://www.jaquar.com/en/opal-prime-sensor-faucet-for-wash-basin?Id=4358,"Sensor Faucets, SNR-GRF-15019PM, Graphite"
Faucets,Sensor Faucets,4358,Sensor Faucet,Variant,4170,Sensor Faucet - Stainless Steel,SNR-SSF-15019PM,Stainless Steel,https://www.jaquar.com/images/thumbs/0060460_sensor-faucet-stainless-steel_960.jpeg,19100.00,"Opal Prime Sensor Faucet for Wash Basin (Battery Operated)
",https://www.jaquar.com/en/opal-prime-sensor-faucet-for-wash-basin?Id=4358,"Sensor Faucets, SNR-SSF-15019PM, Stainless Steel"
Faucets,Sensor Faucets,4359,Sensor Faucet,Parent,4170,Sensor Faucet - Chrome,SNR-CHR-15019PM,Chrome,https://www.jaquar.com/images/thumbs/0060197_sensor-faucet-chrome_960.jpeg,11300.00,"Opal Prime Sensor Faucet for Wash Basin (Battery Operated)
",https://www.jaquar.com/en/opal-prime-sensor-faucet-for-wash-basin?Id=4359,"Sensor Faucets, SNR-CHR-15019PM, Chrome"
Faucets,Sensor Faucets,4359,Sensor Faucet,Variant,4170,Sensor Faucet - Antique Bronze,SNR-ABR-15019PM,Antique Bronze,https://www.jaquar.com/images/thumbs/0052064_sensor-faucet-antique-bronze_960.jpeg,19100.00,"Opal Prime Sensor Faucet for Wash Basin (Battery Operated)
",https://www.jaquar.com/en/opal-prime-sensor-faucet-for-wash-basin?Id=4359,"Sensor Faucets, SNR-ABR-15019PM, Antique Bronze"
Faucets,Sensor Faucets,4359,Sensor Faucet,Variant,4170,Sensor Faucet - Antique Copper,SNR-ACR-15019PM,Antique Copper,https://www.jaquar.com/images/thumbs/0053764_sensor-faucet-antique-copper_960.jpeg,19100.00,"Opal Prime Sensor Faucet for Wash Basin (Battery Operated)
",https://www.jaquar.com/en/opal-prime-sensor-faucet-for-wash-basin?Id=4359,"Sensor Faucets, SNR-ACR-15019PM, Antique Copper"
Faucets,Sensor Faucets,4359,Sensor Faucet,Variant,4170,Sensor Faucet - Black Chrome,SNR-BCH-15019PM,Black Chrome,https://www.jaquar.com/images/thumbs/0053843_sensor-faucet-black-chrome_960.jpeg,16700.00,"Opal Prime Sensor Faucet for Wash Basin (Battery Operated)
",https://www.jaquar.com/en/opal-prime-sensor-faucet-for-wash-basin?Id=4359,"Sensor Faucets, SNR-BCH-15019PM, Black Chrome"
Faucets,Sensor Faucets,4359,Sensor Faucet,Variant,4170,Sensor Faucet - Black Matt,SNR-BLM-15019PM,Black Matt,https://www.jaquar.com/images/thumbs/0039102_sensor-faucet-black-matt_960.jpeg,16700.00,"Opal Prime Sensor Faucet for Wash Basin (Battery Operated)
",https://www.jaquar.com/en/opal-prime-sensor-faucet-for-wash-basin?Id=4359,"Sensor Faucets, SNR-BLM-15019PM, Black Matt"
Faucets,Sensor Faucets,4359,Sensor Faucet,Variant,4170,Sensor Faucet - Graphite,SNR-GRF-15019PM,Graphite,https://www.jaquar.com/images/thumbs/0060303_sensor-faucet-graphite_960.jpeg,19100.00,"Opal Prime Sensor Faucet for Wash Basin (Battery Operated)
",https://www.jaquar.com/en/opal-prime-sensor-faucet-for-wash-basin?Id=4359,"Sensor Faucets, SNR-GRF-15019PM, Graphite"
Faucets,Sensor Faucets,4359,Sensor Faucet,Variant,4170,Sensor Faucet - Stainless Steel,SNR-SSF-15019PM,Stainless Steel,https://www.jaquar.com/images/thumbs/0060460_sensor-faucet-stainless-steel_960.jpeg,19100.00,"Opal Prime Sensor Faucet for Wash Basin (Battery Operated)
",https://www.jaquar.com/en/opal-prime-sensor-faucet-for-wash-basin?Id=4359,"Sensor Faucets, SNR-SSF-15019PM, Stainless Steel"
Faucets,Sensor Faucets,4360,Sensor Faucet,Parent,4170,Sensor Faucet - Chrome,SNR-CHR-15019PM,Chrome,https://www.jaquar.com/images/thumbs/0060197_sensor-faucet-chrome_960.jpeg,11300.00,"Opal Prime Sensor Faucet for Wash Basin (Battery Operated)
",https://www.jaquar.com/en/opal-prime-sensor-faucet-for-wash-basin?Id=4360,"Sensor Faucets, SNR-CHR-15019PM, Chrome"
Faucets,Sensor Faucets,4360,Sensor Faucet,Variant,4170,Sensor Faucet - Antique Bronze,SNR-ABR-15019PM,Antique Bronze,https://www.jaquar.com/images/thumbs/0052064_sensor-faucet-antique-bronze_960.jpeg,19100.00,"Opal Prime Sensor Faucet for Wash Basin (Battery Operated)
",https://www.jaquar.com/en/opal-prime-sensor-faucet-for-wash-basin?Id=4360,"Sensor Faucets, SNR-ABR-15019PM, Antique Bronze"
Faucets,Sensor Faucets,4360,Sensor Faucet,Variant,4170,Sensor Faucet - Antique Copper,SNR-ACR-15019PM,Antique Copper,https://www.jaquar.com/images/thumbs/0053764_sensor-faucet-antique-copper_960.jpeg,19100.00,"Opal Prime Sensor Faucet for Wash Basin (Battery Operated)
",https://www.jaquar.com/en/opal-prime-sensor-faucet-for-wash-basin?Id=4360,"Sensor Faucets, SNR-ACR-15019PM, Antique Copper"
Faucets,Sensor Faucets,4360,Sensor Faucet,Variant,4170,Sensor Faucet - Black Chrome,SNR-BCH-15019PM,Black Chrome,https://www.jaquar.com/images/thumbs/0053843_sensor-faucet-black-chrome_960.jpeg,16700.00,"Opal Prime Sensor Faucet for Wash Basin (Battery Operated)
",https://www.jaquar.com/en/opal-prime-sensor-faucet-for-wash-basin?Id=4360,"Sensor Faucets, SNR-BCH-15019PM, Black Chrome"
Faucets,Sensor Faucets,4360,Sensor Faucet,Variant,4170,Sensor Faucet - Black Matt,SNR-BLM-15019PM,Black Matt,https://www.jaquar.com/images/thumbs/0039102_sensor-faucet-black-matt_960.jpeg,16700.00,"Opal Prime Sensor Faucet for Wash Basin (Battery Operated)
",https://www.jaquar.com/en/opal-prime-sensor-faucet-for-wash-basin?Id=4360,"Sensor Faucets, SNR-BLM-15019PM, Black Matt"
Faucets,Sensor Faucets,4360,Sensor Faucet,Variant,4170,Sensor Faucet - Graphite,SNR-GRF-15019PM,Graphite,https://www.jaquar.com/images/thumbs/0060303_sensor-faucet-graphite_960.jpeg,19100.00,"Opal Prime Sensor Faucet for Wash Basin (Battery Operated)
",https://www.jaquar.com/en/opal-prime-sensor-faucet-for-wash-basin?Id=4360,"Sensor Faucets, SNR-GRF-15019PM, Graphite"
Faucets,Sensor Faucets,4360,Sensor Faucet,Variant,4170,Sensor Faucet - Stainless Steel,SNR-SSF-15019PM,Stainless Steel,https://www.jaquar.com/images/thumbs/0060460_sensor-faucet-stainless-steel_960.jpeg,19100.00,"Opal Prime Sensor Faucet for Wash Basin (Battery Operated)
",https://www.jaquar.com/en/opal-prime-sensor-faucet-for-wash-basin?Id=4360,"Sensor Faucets, SNR-SSF-15019PM, Stainless Steel"
Faucets,Sensor Faucets,4361,Sensor Faucet,Parent,4170,Sensor Faucet - Chrome,SNR-CHR-15019PM,Chrome,https://www.jaquar.com/images/thumbs/0060197_sensor-faucet-chrome_960.jpeg,11300.00,"Opal Prime Sensor Faucet for Wash Basin (Battery Operated)
",https://www.jaquar.com/en/opal-prime-sensor-faucet-for-wash-basin?Id=4361,"Sensor Faucets, SNR-CHR-15019PM, Chrome"
Faucets,Sensor Faucets,4361,Sensor Faucet,Variant,4170,Sensor Faucet - Antique Bronze,SNR-ABR-15019PM,Antique Bronze,https://www.jaquar.com/images/thumbs/0052064_sensor-faucet-antique-bronze_960.jpeg,19100.00,"Opal Prime Sensor Faucet for Wash Basin (Battery Operated)
",https://www.jaquar.com/en/opal-prime-sensor-faucet-for-wash-basin?Id=4361,"Sensor Faucets, SNR-ABR-15019PM, Antique Bronze"
Faucets,Sensor Faucets,4361,Sensor Faucet,Variant,4170,Sensor Faucet - Antique Copper,SNR-ACR-15019PM,Antique Copper,https://www.jaquar.com/images/thumbs/0053764_sensor-faucet-antique-copper_960.jpeg,19100.00,"Opal Prime Sensor Faucet for Wash Basin (Battery Operated)
",https://www.jaquar.com/en/opal-prime-sensor-faucet-for-wash-basin?Id=4361,"Sensor Faucets, SNR-ACR-15019PM, Antique Copper"
Faucets,Sensor Faucets,4361,Sensor Faucet,Variant,4170,Sensor Faucet - Black Chrome,SNR-BCH-15019PM,Black Chrome,https://www.jaquar.com/images/thumbs/0053843_sensor-faucet-black-chrome_960.jpeg,16700.00,"Opal Prime Sensor Faucet for Wash Basin (Battery Operated)
",https://www.jaquar.com/en/opal-prime-sensor-faucet-for-wash-basin?Id=4361,"Sensor Faucets, SNR-BCH-15019PM, Black Chrome"
Faucets,Sensor Faucets,4361,Sensor Faucet,Variant,4170,Sensor Faucet - Black Matt,SNR-BLM-15019PM,Black Matt,https://www.jaquar.com/images/thumbs/0039102_sensor-faucet-black-matt_960.jpeg,16700.00,"Opal Prime Sensor Faucet for Wash Basin (Battery Operated)
",https://www.jaquar.com/en/opal-prime-sensor-faucet-for-wash-basin?Id=4361,"Sensor Faucets, SNR-BLM-15019PM, Black Matt"
Faucets,Sensor Faucets,4361,Sensor Faucet,Variant,4170,Sensor Faucet - Graphite,SNR-GRF-15019PM,Graphite,https://www.jaquar.com/images/thumbs/0060303_sensor-faucet-graphite_960.jpeg,19100.00,"Opal Prime Sensor Faucet for Wash Basin (Battery Operated)
",https://www.jaquar.com/en/opal-prime-sensor-faucet-for-wash-basin?Id=4361,"Sensor Faucets, SNR-GRF-15019PM, Graphite"
Faucets,Sensor Faucets,4361,Sensor Faucet,Variant,4170,Sensor Faucet - Stainless Steel,SNR-SSF-15019PM,Stainless Steel,https://www.jaquar.com/images/thumbs/0060460_sensor-faucet-stainless-steel_960.jpeg,19100.00,"Opal Prime Sensor Faucet for Wash Basin (Battery Operated)
",https://www.jaquar.com/en/opal-prime-sensor-faucet-for-wash-basin?Id=4361,"Sensor Faucets, SNR-SSF-15019PM, Stainless Steel"
Faucets,Sensor Faucets,4357,Sensor Faucet,Parent,4170,Sensor Faucet - Chrome,SNR-CHR-15019PM,Chrome,https://www.jaquar.com/images/thumbs/0060197_sensor-faucet-chrome_960.jpeg,11300.00,"Opal Prime Sensor Faucet for Wash Basin (Battery Operated)
",https://www.jaquar.com/en/opal-prime-sensor-faucet-for-wash-basin?Id=4357,"Sensor Faucets, SNR-CHR-15019PM, Chrome"
Faucets,Sensor Faucets,4357,Sensor Faucet,Variant,4170,Sensor Faucet - Antique Bronze,SNR-ABR-15019PM,Antique Bronze,https://www.jaquar.com/images/thumbs/0052064_sensor-faucet-antique-bronze_960.jpeg,19100.00,"Opal Prime Sensor Faucet for Wash Basin (Battery Operated)
",https://www.jaquar.com/en/opal-prime-sensor-faucet-for-wash-basin?Id=4357,"Sensor Faucets, SNR-ABR-15019PM, Antique Bronze"
Faucets,Sensor Faucets,4357,Sensor Faucet,Variant,4170,Sensor Faucet - Antique Copper,SNR-ACR-15019PM,Antique Copper,https://www.jaquar.com/images/thumbs/0053764_sensor-faucet-antique-copper_960.jpeg,19100.00,"Opal Prime Sensor Faucet for Wash Basin (Battery Operated)
",https://www.jaquar.com/en/opal-prime-sensor-faucet-for-wash-basin?Id=4357,"Sensor Faucets, SNR-ACR-15019PM, Antique Copper"
Faucets,Sensor Faucets,4357,Sensor Faucet,Variant,4170,Sensor Faucet - Black Chrome,SNR-BCH-15019PM,Black Chrome,https://www.jaquar.com/images/thumbs/0053843_sensor-faucet-black-chrome_960.jpeg,16700.00,"Opal Prime Sensor Faucet for Wash Basin (Battery Operated)
",https://www.jaquar.com/en/opal-prime-sensor-faucet-for-wash-basin?Id=4357,"Sensor Faucets, SNR-BCH-15019PM, Black Chrome"
Faucets,Sensor Faucets,4357,Sensor Faucet,Variant,4170,Sensor Faucet - Black Matt,SNR-BLM-15019PM,Black Matt,https://www.jaquar.com/images/thumbs/0039102_sensor-faucet-black-matt_960.jpeg,16700.00,"Opal Prime Sensor Faucet for Wash Basin (Battery Operated)
",https://www.jaquar.com/en/opal-prime-sensor-faucet-for-wash-basin?Id=4357,"Sensor Faucets, SNR-BLM-15019PM, Black Matt"
Faucets,Sensor Faucets,4357,Sensor Faucet,Variant,4170,Sensor Faucet - Graphite,SNR-GRF-15019PM,Graphite,https://www.jaquar.com/images/thumbs/0060303_sensor-faucet-graphite_960.jpeg,19100.00,"Opal Prime Sensor Faucet for Wash Basin (Battery Operated)
",https://www.jaquar.com/en/opal-prime-sensor-faucet-for-wash-basin?Id=4357,"Sensor Faucets, SNR-GRF-15019PM, Graphite"
Faucets,Sensor Faucets,4357,Sensor Faucet,Variant,4170,Sensor Faucet - Stainless Steel,SNR-SSF-15019PM,Stainless Steel,https://www.jaquar.com/images/thumbs/0060460_sensor-faucet-stainless-steel_960.jpeg,19100.00,"Opal Prime Sensor Faucet for Wash Basin (Battery Operated)
",https://www.jaquar.com/en/opal-prime-sensor-faucet-for-wash-basin?Id=4357,"Sensor Faucets, SNR-SSF-15019PM, Stainless Steel"
Faucets,Sensor Faucets,4364,Sensor Faucet,Parent,4170,Sensor Faucet - Chrome,SNR-CHR-15019PM,Chrome,https://www.jaquar.com/images/thumbs/0060197_sensor-faucet-chrome_960.jpeg,11300.00,"Opal Prime Sensor Faucet for Wash Basin (Battery Operated)
",https://www.jaquar.com/en/opal-prime-sensor-faucet-for-wash-basin?Id=4364,"Sensor Faucets, SNR-CHR-15019PM, Chrome"
Faucets,Sensor Faucets,4364,Sensor Faucet,Variant,4170,Sensor Faucet - Antique Bronze,SNR-ABR-15019PM,Antique Bronze,https://www.jaquar.com/images/thumbs/0052064_sensor-faucet-antique-bronze_960.jpeg,19100.00,"Opal Prime Sensor Faucet for Wash Basin (Battery Operated)
",https://www.jaquar.com/en/opal-prime-sensor-faucet-for-wash-basin?Id=4364,"Sensor Faucets, SNR-ABR-15019PM, Antique Bronze"
Faucets,Sensor Faucets,4364,Sensor Faucet,Variant,4170,Sensor Faucet - Antique Copper,SNR-ACR-15019PM,Antique Copper,https://www.jaquar.com/images/thumbs/0053764_sensor-faucet-antique-copper_960.jpeg,19100.00,"Opal Prime Sensor Faucet for Wash Basin (Battery Operated)
",https://www.jaquar.com/en/opal-prime-sensor-faucet-for-wash-basin?Id=4364,"Sensor Faucets, SNR-ACR-15019PM, Antique Copper"
Faucets,Sensor Faucets,4364,Sensor Faucet,Variant,4170,Sensor Faucet - Black Chrome,SNR-BCH-15019PM,Black Chrome,https://www.jaquar.com/images/thumbs/0053843_sensor-faucet-black-chrome_960.jpeg,16700.00,"Opal Prime Sensor Faucet for Wash Basin (Battery Operated)
",https://www.jaquar.com/en/opal-prime-sensor-faucet-for-wash-basin?Id=4364,"Sensor Faucets, SNR-BCH-15019PM, Black Chrome"
Faucets,Sensor Faucets,4364,Sensor Faucet,Variant,4170,Sensor Faucet - Black Matt,SNR-BLM-15019PM,Black Matt,https://www.jaquar.com/images/thumbs/0039102_sensor-faucet-black-matt_960.jpeg,16700.00,"Opal Prime Sensor Faucet for Wash Basin (Battery Operated)
",https://www.jaquar.com/en/opal-prime-sensor-faucet-for-wash-basin?Id=4364,"Sensor Faucets, SNR-BLM-15019PM, Black Matt"
Faucets,Sensor Faucets,4364,Sensor Faucet,Variant,4170,Sensor Faucet - Graphite,SNR-GRF-15019PM,Graphite,https://www.jaquar.com/images/thumbs/0060303_sensor-faucet-graphite_960.jpeg,19100.00,"Opal Prime Sensor Faucet for Wash Basin (Battery Operated)
",https://www.jaquar.com/en/opal-prime-sensor-faucet-for-wash-basin?Id=4364,"Sensor Faucets, SNR-GRF-15019PM, Graphite"
Faucets,Sensor Faucets,4364,Sensor Faucet,Variant,4170,Sensor Faucet - Stainless Steel,SNR-SSF-15019PM,Stainless Steel,https://www.jaquar.com/images/thumbs/0060460_sensor-faucet-stainless-steel_960.jpeg,19100.00,"Opal Prime Sensor Faucet for Wash Basin (Battery Operated)
",https://www.jaquar.com/en/opal-prime-sensor-faucet-for-wash-basin?Id=4364,"Sensor Faucets, SNR-SSF-15019PM, Stainless Steel"
Faucets,Sensor Faucets,4365,Sensor Faucet,Parent,4170,Sensor Faucet - Chrome,SNR-CHR-15019PM,Chrome,https://www.jaquar.com/images/thumbs/0060197_sensor-faucet-chrome_960.jpeg,11300.00,"Opal Prime Sensor Faucet for Wash Basin (Battery Operated)
",https://www.jaquar.com/en/opal-prime-sensor-faucet-for-wash-basin?Id=4365,"Sensor Faucets, SNR-CHR-15019PM, Chrome"
Faucets,Sensor Faucets,4365,Sensor Faucet,Variant,4170,Sensor Faucet - Antique Bronze,SNR-ABR-15019PM,Antique Bronze,https://www.jaquar.com/images/thumbs/0052064_sensor-faucet-antique-bronze_960.jpeg,19100.00,"Opal Prime Sensor Faucet for Wash Basin (Battery Operated)
",https://www.jaquar.com/en/opal-prime-sensor-faucet-for-wash-basin?Id=4365,"Sensor Faucets, SNR-ABR-15019PM, Antique Bronze"
Faucets,Sensor Faucets,4365,Sensor Faucet,Variant,4170,Sensor Faucet - Antique Copper,SNR-ACR-15019PM,Antique Copper,https://www.jaquar.com/images/thumbs/0053764_sensor-faucet-antique-copper_960.jpeg,19100.00,"Opal Prime Sensor Faucet for Wash Basin (Battery Operated)
",https://www.jaquar.com/en/opal-prime-sensor-faucet-for-wash-basin?Id=4365,"Sensor Faucets, SNR-ACR-15019PM, Antique Copper"
Faucets,Sensor Faucets,4365,Sensor Faucet,Variant,4170,Sensor Faucet - Black Chrome,SNR-BCH-15019PM,Black Chrome,https://www.jaquar.com/images/thumbs/0053843_sensor-faucet-black-chrome_960.jpeg,16700.00,"Opal Prime Sensor Faucet for Wash Basin (Battery Operated)
",https://www.jaquar.com/en/opal-prime-sensor-faucet-for-wash-basin?Id=4365,"Sensor Faucets, SNR-BCH-15019PM, Black Chrome"
Faucets,Sensor Faucets,4365,Sensor Faucet,Variant,4170,Sensor Faucet - Black Matt,SNR-BLM-15019PM,Black Matt,https://www.jaquar.com/images/thumbs/0039102_sensor-faucet-black-matt_960.jpeg,16700.00,"Opal Prime Sensor Faucet for Wash Basin (Battery Operated)
",https://www.jaquar.com/en/opal-prime-sensor-faucet-for-wash-basin?Id=4365,"Sensor Faucets, SNR-BLM-15019PM, Black Matt"
Faucets,Sensor Faucets,4365,Sensor Faucet,Variant,4170,Sensor Faucet - Graphite,SNR-GRF-15019PM,Graphite,https://www.jaquar.com/images/thumbs/0060303_sensor-faucet-graphite_960.jpeg,19100.00,"Opal Prime Sensor Faucet for Wash Basin (Battery Operated)
",https://www.jaquar.com/en/opal-prime-sensor-faucet-for-wash-basin?Id=4365,"Sensor Faucets, SNR-GRF-15019PM, Graphite"
Faucets,Sensor Faucets,4365,Sensor Faucet,Variant,4170,Sensor Faucet - Stainless Steel,SNR-SSF-15019PM,Stainless Steel,https://www.jaquar.com/images/thumbs/0060460_sensor-faucet-stainless-steel_960.jpeg,19100.00,"Opal Prime Sensor Faucet for Wash Basin (Battery Operated)
",https://www.jaquar.com/en/opal-prime-sensor-faucet-for-wash-basin?Id=4365,"Sensor Faucets, SNR-SSF-15019PM, Stainless Steel"
Faucets,Sensor Faucets,4389,Sensor Faucet for Wash Basin,Parent,4217,Sensor Faucet for Wash Basin - Chrome,SNR-CHR-15019PMPK,Chrome,https://www.jaquar.com/images/thumbs/0039118_sensor-faucet-for-wash-basin-chrome_960.jpeg,12150.00,"Opal Prime Sensor Faucet for Wash Basin with Pre-mixed Water Supply Kit (Battery Operated)
",https://www.jaquar.com/en/opal-prime-sensor-faucet?Id=4389,"Sensor Faucets, SNR-CHR-15019PMPK, Chrome"
Faucets,Sensor Faucets,4389,Sensor Faucet for Wash Basin,Variant,4217,Sensor Faucet for Wash Basin - Antique Bronze,SNR-ABR-15019PMPK,Antique Bronze,https://www.jaquar.com/images/thumbs/0060305_sensor-faucet-for-wash-basin-antique-bronze_960.jpeg,20500.00,"Opal Prime Sensor Faucet for Wash Basin with Pre-mixed Water Supply Kit (Battery Operated)
",https://www.jaquar.com/en/opal-prime-sensor-faucet?Id=4389,"Sensor Faucets, SNR-ABR-15019PMPK, Antique Bronze"
Faucets,Sensor Faucets,4389,Sensor Faucet for Wash Basin,Variant,4217,Sensor Faucet for Wash Basin - Antique Copper,SNR-ACR-15019PMPK,Antique Copper,https://www.jaquar.com/images/thumbs/0053765_sensor-faucet-for-wash-basin-antique-copper_960.jpeg,20500.00,"Opal Prime Sensor Faucet for Wash Basin with Pre-mixed Water Supply Kit (Battery Operated)
",https://www.jaquar.com/en/opal-prime-sensor-faucet?Id=4389,"Sensor Faucets, SNR-ACR-15019PMPK, Antique Copper"
Faucets,Sensor Faucets,4389,Sensor Faucet for Wash Basin,Variant,4217,Sensor Faucet for Wash Basin - Black chrome,SNR-BCH-15019PMPK,Black Chrome,https://www.jaquar.com/images/thumbs/0053844_sensor-faucet-for-wash-basin-black-chrome_960.jpeg,17900.00,"Opal Prime Sensor Faucet for Wash Basin with Pre-mixed Water Supply Kit (Battery Operated)
",https://www.jaquar.com/en/opal-prime-sensor-faucet?Id=4389,"Sensor Faucets, SNR-BCH-15019PMPK, Black Chrome"
Faucets,Sensor Faucets,4389,Sensor Faucet for Wash Basin,Variant,4217,Sensor Faucet for Wash Basin - Black Matt,SNR-BLM-15019PMPK,Black Matt,https://www.jaquar.com/images/thumbs/0039122_sensor-faucet-for-wash-basin-black-matt_960.jpeg,17900.00,"Opal Prime Sensor Faucet for Wash Basin with Pre-mixed Water Supply Kit (Battery Operated)
",https://www.jaquar.com/en/opal-prime-sensor-faucet?Id=4389,"Sensor Faucets, SNR-BLM-15019PMPK, Black Matt"
Faucets,Sensor Faucets,4389,Sensor Faucet for Wash Basin,Variant,4217,Sensor Faucet for Wash Basin - Graphite,SNR-GRF-15019PMPK,Graphite,https://www.jaquar.com/images/thumbs/0060304_sensor-faucet-for-wash-basin-graphite_960.jpeg,20500.00,"Opal Prime Sensor Faucet for Wash Basin with Pre-mixed Water Supply Kit (Battery Operated)
",https://www.jaquar.com/en/opal-prime-sensor-faucet?Id=4389,"Sensor Faucets, SNR-GRF-15019PMPK, Graphite"
Faucets,Sensor Faucets,4389,Sensor Faucet for Wash Basin,Variant,4217,Sensor Faucet for Wash Basin - Stainless Steel,SNR-SSF-15019PMPK,Stainless Steel,https://www.jaquar.com/images/thumbs/0060461_sensor-faucet-for-wash-basin-stainless-steel_960.jpeg,20500.00,"Opal Prime Sensor Faucet for Wash Basin with Pre-mixed Water Supply Kit (Battery Operated)
",https://www.jaquar.com/en/opal-prime-sensor-faucet?Id=4389,"Sensor Faucets, SNR-SSF-15019PMPK, Stainless Steel"
Faucets,Sensor Faucets,4390,Sensor Faucet for Wash Basin,Parent,4217,Sensor Faucet for Wash Basin - Chrome,SNR-CHR-15019PMPK,Chrome,https://www.jaquar.com/images/thumbs/0039118_sensor-faucet-for-wash-basin-chrome_960.jpeg,12150.00,"Opal Prime Sensor Faucet for Wash Basin with Pre-mixed Water Supply Kit (Battery Operated)
",https://www.jaquar.com/en/opal-prime-sensor-faucet?Id=4390,"Sensor Faucets, SNR-CHR-15019PMPK, Chrome"
Faucets,Sensor Faucets,4390,Sensor Faucet for Wash Basin,Variant,4217,Sensor Faucet for Wash Basin - Antique Bronze,SNR-ABR-15019PMPK,Antique Bronze,https://www.jaquar.com/images/thumbs/0060305_sensor-faucet-for-wash-basin-antique-bronze_960.jpeg,20500.00,"Opal Prime Sensor Faucet for Wash Basin with Pre-mixed Water Supply Kit (Battery Operated)
",https://www.jaquar.com/en/opal-prime-sensor-faucet?Id=4390,"Sensor Faucets, SNR-ABR-15019PMPK, Antique Bronze"
Faucets,Sensor Faucets,4390,Sensor Faucet for Wash Basin,Variant,4217,Sensor Faucet for Wash Basin - Antique Copper,SNR-ACR-15019PMPK,Antique Copper,https://www.jaquar.com/images/thumbs/0053765_sensor-faucet-for-wash-basin-antique-copper_960.jpeg,20500.00,"Opal Prime Sensor Faucet for Wash Basin with Pre-mixed Water Supply Kit (Battery Operated)
",https://www.jaquar.com/en/opal-prime-sensor-faucet?Id=4390,"Sensor Faucets, SNR-ACR-15019PMPK, Antique Copper"
Faucets,Sensor Faucets,4390,Sensor Faucet for Wash Basin,Variant,4217,Sensor Faucet for Wash Basin - Black chrome,SNR-BCH-15019PMPK,Black Chrome,https://www.jaquar.com/images/thumbs/0053844_sensor-faucet-for-wash-basin-black-chrome_960.jpeg,17900.00,"Opal Prime Sensor Faucet for Wash Basin with Pre-mixed Water Supply Kit (Battery Operated)
",https://www.jaquar.com/en/opal-prime-sensor-faucet?Id=4390,"Sensor Faucets, SNR-BCH-15019PMPK, Black Chrome"
Faucets,Sensor Faucets,4390,Sensor Faucet for Wash Basin,Variant,4217,Sensor Faucet for Wash Basin - Black Matt,SNR-BLM-15019PMPK,Black Matt,https://www.jaquar.com/images/thumbs/0039122_sensor-faucet-for-wash-basin-black-matt_960.jpeg,17900.00,"Opal Prime Sensor Faucet for Wash Basin with Pre-mixed Water Supply Kit (Battery Operated)
",https://www.jaquar.com/en/opal-prime-sensor-faucet?Id=4390,"Sensor Faucets, SNR-BLM-15019PMPK, Black Matt"
Faucets,Sensor Faucets,4390,Sensor Faucet for Wash Basin,Variant,4217,Sensor Faucet for Wash Basin - Graphite,SNR-GRF-15019PMPK,Graphite,https://www.jaquar.com/images/thumbs/0060304_sensor-faucet-for-wash-basin-graphite_960.jpeg,20500.00,"Opal Prime Sensor Faucet for Wash Basin with Pre-mixed Water Supply Kit (Battery Operated)
",https://www.jaquar.com/en/opal-prime-sensor-faucet?Id=4390,"Sensor Faucets, SNR-GRF-15019PMPK, Graphite"
Faucets,Sensor Faucets,4390,Sensor Faucet for Wash Basin,Variant,4217,Sensor Faucet for Wash Basin - Stainless Steel,SNR-SSF-15019PMPK,Stainless Steel,https://www.jaquar.com/images/thumbs/0060461_sensor-faucet-for-wash-basin-stainless-steel_960.jpeg,20500.00,"Opal Prime Sensor Faucet for Wash Basin with Pre-mixed Water Supply Kit (Battery Operated)
",https://www.jaquar.com/en/opal-prime-sensor-faucet?Id=4390,"Sensor Faucets, SNR-SSF-15019PMPK, Stainless Steel"
Faucets,Sensor Faucets,4391,Sensor Faucet for Wash Basin,Parent,4217,Sensor Faucet for Wash Basin - Chrome,SNR-CHR-15019PMPK,Chrome,https://www.jaquar.com/images/thumbs/0039118_sensor-faucet-for-wash-basin-chrome_960.jpeg,12150.00,"Opal Prime Sensor Faucet for Wash Basin with Pre-mixed Water Supply Kit (Battery Operated)
",https://www.jaquar.com/en/opal-prime-sensor-faucet?Id=4391,"Sensor Faucets, SNR-CHR-15019PMPK, Chrome"
Faucets,Sensor Faucets,4391,Sensor Faucet for Wash Basin,Variant,4217,Sensor Faucet for Wash Basin - Antique Bronze,SNR-ABR-15019PMPK,Antique Bronze,https://www.jaquar.com/images/thumbs/0060305_sensor-faucet-for-wash-basin-antique-bronze_960.jpeg,20500.00,"Opal Prime Sensor Faucet for Wash Basin with Pre-mixed Water Supply Kit (Battery Operated)
",https://www.jaquar.com/en/opal-prime-sensor-faucet?Id=4391,"Sensor Faucets, SNR-ABR-15019PMPK, Antique Bronze"
Faucets,Sensor Faucets,4391,Sensor Faucet for Wash Basin,Variant,4217,Sensor Faucet for Wash Basin - Antique Copper,SNR-ACR-15019PMPK,Antique Copper,https://www.jaquar.com/images/thumbs/0053765_sensor-faucet-for-wash-basin-antique-copper_960.jpeg,20500.00,"Opal Prime Sensor Faucet for Wash Basin with Pre-mixed Water Supply Kit (Battery Operated)
",https://www.jaquar.com/en/opal-prime-sensor-faucet?Id=4391,"Sensor Faucets, SNR-ACR-15019PMPK, Antique Copper"
Faucets,Sensor Faucets,4391,Sensor Faucet for Wash Basin,Variant,4217,Sensor Faucet for Wash Basin - Black chrome,SNR-BCH-15019PMPK,Black Chrome,https://www.jaquar.com/images/thumbs/0053844_sensor-faucet-for-wash-basin-black-chrome_960.jpeg,17900.00,"Opal Prime Sensor Faucet for Wash Basin with Pre-mixed Water Supply Kit (Battery Operated)
",https://www.jaquar.com/en/opal-prime-sensor-faucet?Id=4391,"Sensor Faucets, SNR-BCH-15019PMPK, Black Chrome"
Faucets,Sensor Faucets,4391,Sensor Faucet for Wash Basin,Variant,4217,Sensor Faucet for Wash Basin - Black Matt,SNR-BLM-15019PMPK,Black Matt,https://www.jaquar.com/images/thumbs/0039122_sensor-faucet-for-wash-basin-black-matt_960.jpeg,17900.00,"Opal Prime Sensor Faucet for Wash Basin with Pre-mixed Water Supply Kit (Battery Operated)
",https://www.jaquar.com/en/opal-prime-sensor-faucet?Id=4391,"Sensor Faucets, SNR-BLM-15019PMPK, Black Matt"
Faucets,Sensor Faucets,4391,Sensor Faucet for Wash Basin,Variant,4217,Sensor Faucet for Wash Basin - Graphite,SNR-GRF-15019PMPK,Graphite,https://www.jaquar.com/images/thumbs/0060304_sensor-faucet-for-wash-basin-graphite_960.jpeg,20500.00,"Opal Prime Sensor Faucet for Wash Basin with Pre-mixed Water Supply Kit (Battery Operated)
",https://www.jaquar.com/en/opal-prime-sensor-faucet?Id=4391,"Sensor Faucets, SNR-GRF-15019PMPK, Graphite"
Faucets,Sensor Faucets,4391,Sensor Faucet for Wash Basin,Variant,4217,Sensor Faucet for Wash Basin - Stainless Steel,SNR-SSF-15019PMPK,Stainless Steel,https://www.jaquar.com/images/thumbs/0060461_sensor-faucet-for-wash-basin-stainless-steel_960.jpeg,20500.00,"Opal Prime Sensor Faucet for Wash Basin with Pre-mixed Water Supply Kit (Battery Operated)
",https://www.jaquar.com/en/opal-prime-sensor-faucet?Id=4391,"Sensor Faucets, SNR-SSF-15019PMPK, Stainless Steel"
Faucets,Sensor Faucets,4392,Sensor Faucet for Wash Basin,Parent,4217,Sensor Faucet for Wash Basin - Chrome,SNR-CHR-15019PMPK,Chrome,https://www.jaquar.com/images/thumbs/0039118_sensor-faucet-for-wash-basin-chrome_960.jpeg,12150.00,"Opal Prime Sensor Faucet for Wash Basin with Pre-mixed Water Supply Kit (Battery Operated)
",https://www.jaquar.com/en/opal-prime-sensor-faucet?Id=4392,"Sensor Faucets, SNR-CHR-15019PMPK, Chrome"
Faucets,Sensor Faucets,4392,Sensor Faucet for Wash Basin,Variant,4217,Sensor Faucet for Wash Basin - Antique Bronze,SNR-ABR-15019PMPK,Antique Bronze,https://www.jaquar.com/images/thumbs/0060305_sensor-faucet-for-wash-basin-antique-bronze_960.jpeg,20500.00,"Opal Prime Sensor Faucet for Wash Basin with Pre-mixed Water Supply Kit (Battery Operated)
",https://www.jaquar.com/en/opal-prime-sensor-faucet?Id=4392,"Sensor Faucets, SNR-ABR-15019PMPK, Antique Bronze"
Faucets,Sensor Faucets,4392,Sensor Faucet for Wash Basin,Variant,4217,Sensor Faucet for Wash Basin - Antique Copper,SNR-ACR-15019PMPK,Antique Copper,https://www.jaquar.com/images/thumbs/0053765_sensor-faucet-for-wash-basin-antique-copper_960.jpeg,20500.00,"Opal Prime Sensor Faucet for Wash Basin with Pre-mixed Water Supply Kit (Battery Operated)
",https://www.jaquar.com/en/opal-prime-sensor-faucet?Id=4392,"Sensor Faucets, SNR-ACR-15019PMPK, Antique Copper"
Faucets,Sensor Faucets,4392,Sensor Faucet for Wash Basin,Variant,4217,Sensor Faucet for Wash Basin - Black chrome,SNR-BCH-15019PMPK,Black Chrome,https://www.jaquar.com/images/thumbs/0053844_sensor-faucet-for-wash-basin-black-chrome_960.jpeg,17900.00,"Opal Prime Sensor Faucet for Wash Basin with Pre-mixed Water Supply Kit (Battery Operated)
",https://www.jaquar.com/en/opal-prime-sensor-faucet?Id=4392,"Sensor Faucets, SNR-BCH-15019PMPK, Black Chrome"
Faucets,Sensor Faucets,4392,Sensor Faucet for Wash Basin,Variant,4217,Sensor Faucet for Wash Basin - Black Matt,SNR-BLM-15019PMPK,Black Matt,https://www.jaquar.com/images/thumbs/0039122_sensor-faucet-for-wash-basin-black-matt_960.jpeg,17900.00,"Opal Prime Sensor Faucet for Wash Basin with Pre-mixed Water Supply Kit (Battery Operated)
",https://www.jaquar.com/en/opal-prime-sensor-faucet?Id=4392,"Sensor Faucets, SNR-BLM-15019PMPK, Black Matt"
Faucets,Sensor Faucets,4392,Sensor Faucet for Wash Basin,Variant,4217,Sensor Faucet for Wash Basin - Graphite,SNR-GRF-15019PMPK,Graphite,https://www.jaquar.com/images/thumbs/0060304_sensor-faucet-for-wash-basin-graphite_960.jpeg,20500.00,"Opal Prime Sensor Faucet for Wash Basin with Pre-mixed Water Supply Kit (Battery Operated)
",https://www.jaquar.com/en/opal-prime-sensor-faucet?Id=4392,"Sensor Faucets, SNR-GRF-15019PMPK, Graphite"
Faucets,Sensor Faucets,4392,Sensor Faucet for Wash Basin,Variant,4217,Sensor Faucet for Wash Basin - Stainless Steel,SNR-SSF-15019PMPK,Stainless Steel,https://www.jaquar.com/images/thumbs/0060461_sensor-faucet-for-wash-basin-stainless-steel_960.jpeg,20500.00,"Opal Prime Sensor Faucet for Wash Basin with Pre-mixed Water Supply Kit (Battery Operated)
",https://www.jaquar.com/en/opal-prime-sensor-faucet?Id=4392,"Sensor Faucets, SNR-SSF-15019PMPK, Stainless Steel"
Faucets,Sensor Faucets,4388,Sensor Faucet for Wash Basin,Parent,4217,Sensor Faucet for Wash Basin - Chrome,SNR-CHR-15019PMPK,Chrome,https://www.jaquar.com/images/thumbs/0039118_sensor-faucet-for-wash-basin-chrome_960.jpeg,12150.00,"Opal Prime Sensor Faucet for Wash Basin with Pre-mixed Water Supply Kit (Battery Operated)
",https://www.jaquar.com/en/opal-prime-sensor-faucet?Id=4388,"Sensor Faucets, SNR-CHR-15019PMPK, Chrome"
Faucets,Sensor Faucets,4388,Sensor Faucet for Wash Basin,Variant,4217,Sensor Faucet for Wash Basin - Antique Bronze,SNR-ABR-15019PMPK,Antique Bronze,https://www.jaquar.com/images/thumbs/0060305_sensor-faucet-for-wash-basin-antique-bronze_960.jpeg,20500.00,"Opal Prime Sensor Faucet for Wash Basin with Pre-mixed Water Supply Kit (Battery Operated)
",https://www.jaquar.com/en/opal-prime-sensor-faucet?Id=4388,"Sensor Faucets, SNR-ABR-15019PMPK, Antique Bronze"
Faucets,Sensor Faucets,4388,Sensor Faucet for Wash Basin,Variant,4217,Sensor Faucet for Wash Basin - Antique Copper,SNR-ACR-15019PMPK,Antique Copper,https://www.jaquar.com/images/thumbs/0053765_sensor-faucet-for-wash-basin-antique-copper_960.jpeg,20500.00,"Opal Prime Sensor Faucet for Wash Basin with Pre-mixed Water Supply Kit (Battery Operated)
",https://www.jaquar.com/en/opal-prime-sensor-faucet?Id=4388,"Sensor Faucets, SNR-ACR-15019PMPK, Antique Copper"
Faucets,Sensor Faucets,4388,Sensor Faucet for Wash Basin,Variant,4217,Sensor Faucet for Wash Basin - Black chrome,SNR-BCH-15019PMPK,Black Chrome,https://www.jaquar.com/images/thumbs/0053844_sensor-faucet-for-wash-basin-black-chrome_960.jpeg,17900.00,"Opal Prime Sensor Faucet for Wash Basin with Pre-mixed Water Supply Kit (Battery Operated)
",https://www.jaquar.com/en/opal-prime-sensor-faucet?Id=4388,"Sensor Faucets, SNR-BCH-15019PMPK, Black Chrome"
Faucets,Sensor Faucets,4388,Sensor Faucet for Wash Basin,Variant,4217,Sensor Faucet for Wash Basin - Black Matt,SNR-BLM-15019PMPK,Black Matt,https://www.jaquar.com/images/thumbs/0039122_sensor-faucet-for-wash-basin-black-matt_960.jpeg,17900.00,"Opal Prime Sensor Faucet for Wash Basin with Pre-mixed Water Supply Kit (Battery Operated)
",https://www.jaquar.com/en/opal-prime-sensor-faucet?Id=4388,"Sensor Faucets, SNR-BLM-15019PMPK, Black Matt"
Faucets,Sensor Faucets,4388,Sensor Faucet for Wash Basin,Variant,4217,Sensor Faucet for Wash Basin - Graphite,SNR-GRF-15019PMPK,Graphite,https://www.jaquar.com/images/thumbs/0060304_sensor-faucet-for-wash-basin-graphite_960.jpeg,20500.00,"Opal Prime Sensor Faucet for Wash Basin with Pre-mixed Water Supply Kit (Battery Operated)
",https://www.jaquar.com/en/opal-prime-sensor-faucet?Id=4388,"Sensor Faucets, SNR-GRF-15019PMPK, Graphite"
Faucets,Sensor Faucets,4388,Sensor Faucet for Wash Basin,Variant,4217,Sensor Faucet for Wash Basin - Stainless Steel,SNR-SSF-15019PMPK,Stainless Steel,https://www.jaquar.com/images/thumbs/0060461_sensor-faucet-for-wash-basin-stainless-steel_960.jpeg,20500.00,"Opal Prime Sensor Faucet for Wash Basin with Pre-mixed Water Supply Kit (Battery Operated)
",https://www.jaquar.com/en/opal-prime-sensor-faucet?Id=4388,"Sensor Faucets, SNR-SSF-15019PMPK, Stainless Steel"
Faucets,Sensor Faucets,4395,Sensor Faucet for Wash Basin,Parent,4217,Sensor Faucet for Wash Basin - Chrome,SNR-CHR-15019PMPK,Chrome,https://www.jaquar.com/images/thumbs/0039118_sensor-faucet-for-wash-basin-chrome_960.jpeg,12150.00,"Opal Prime Sensor Faucet for Wash Basin with Pre-mixed Water Supply Kit (Battery Operated)
",https://www.jaquar.com/en/opal-prime-sensor-faucet?Id=4395,"Sensor Faucets, SNR-CHR-15019PMPK, Chrome"
Faucets,Sensor Faucets,4395,Sensor Faucet for Wash Basin,Variant,4217,Sensor Faucet for Wash Basin - Antique Bronze,SNR-ABR-15019PMPK,Antique Bronze,https://www.jaquar.com/images/thumbs/0060305_sensor-faucet-for-wash-basin-antique-bronze_960.jpeg,20500.00,"Opal Prime Sensor Faucet for Wash Basin with Pre-mixed Water Supply Kit (Battery Operated)
",https://www.jaquar.com/en/opal-prime-sensor-faucet?Id=4395,"Sensor Faucets, SNR-ABR-15019PMPK, Antique Bronze"
Faucets,Sensor Faucets,4395,Sensor Faucet for Wash Basin,Variant,4217,Sensor Faucet for Wash Basin - Antique Copper,SNR-ACR-15019PMPK,Antique Copper,https://www.jaquar.com/images/thumbs/0053765_sensor-faucet-for-wash-basin-antique-copper_960.jpeg,20500.00,"Opal Prime Sensor Faucet for Wash Basin with Pre-mixed Water Supply Kit (Battery Operated)
",https://www.jaquar.com/en/opal-prime-sensor-faucet?Id=4395,"Sensor Faucets, SNR-ACR-15019PMPK, Antique Copper"
Faucets,Sensor Faucets,4395,Sensor Faucet for Wash Basin,Variant,4217,Sensor Faucet for Wash Basin - Black chrome,SNR-BCH-15019PMPK,Black Chrome,https://www.jaquar.com/images/thumbs/0053844_sensor-faucet-for-wash-basin-black-chrome_960.jpeg,17900.00,"Opal Prime Sensor Faucet for Wash Basin with Pre-mixed Water Supply Kit (Battery Operated)
",https://www.jaquar.com/en/opal-prime-sensor-faucet?Id=4395,"Sensor Faucets, SNR-BCH-15019PMPK, Black Chrome"
Faucets,Sensor Faucets,4395,Sensor Faucet for Wash Basin,Variant,4217,Sensor Faucet for Wash Basin - Black Matt,SNR-BLM-15019PMPK,Black Matt,https://www.jaquar.com/images/thumbs/0039122_sensor-faucet-for-wash-basin-black-matt_960.jpeg,17900.00,"Opal Prime Sensor Faucet for Wash Basin with Pre-mixed Water Supply Kit (Battery Operated)
",https://www.jaquar.com/en/opal-prime-sensor-faucet?Id=4395,"Sensor Faucets, SNR-BLM-15019PMPK, Black Matt"
Faucets,Sensor Faucets,4395,Sensor Faucet for Wash Basin,Variant,4217,Sensor Faucet for Wash Basin - Graphite,SNR-GRF-15019PMPK,Graphite,https://www.jaquar.com/images/thumbs/0060304_sensor-faucet-for-wash-basin-graphite_960.jpeg,20500.00,"Opal Prime Sensor Faucet for Wash Basin with Pre-mixed Water Supply Kit (Battery Operated)
",https://www.jaquar.com/en/opal-prime-sensor-faucet?Id=4395,"Sensor Faucets, SNR-GRF-15019PMPK, Graphite"
Faucets,Sensor Faucets,4395,Sensor Faucet for Wash Basin,Variant,4217,Sensor Faucet for Wash Basin - Stainless Steel,SNR-SSF-15019PMPK,Stainless Steel,https://www.jaquar.com/images/thumbs/0060461_sensor-faucet-for-wash-basin-stainless-steel_960.jpeg,20500.00,"Opal Prime Sensor Faucet for Wash Basin with Pre-mixed Water Supply Kit (Battery Operated)
",https://www.jaquar.com/en/opal-prime-sensor-faucet?Id=4395,"Sensor Faucets, SNR-SSF-15019PMPK, Stainless Steel"
Faucets,Sensor Faucets,4396,Sensor Faucet for Wash Basin,Parent,4217,Sensor Faucet for Wash Basin - Chrome,SNR-CHR-15019PMPK,Chrome,https://www.jaquar.com/images/thumbs/0039118_sensor-faucet-for-wash-basin-chrome_960.jpeg,12150.00,"Opal Prime Sensor Faucet for Wash Basin with Pre-mixed Water Supply Kit (Battery Operated)
",https://www.jaquar.com/en/opal-prime-sensor-faucet?Id=4396,"Sensor Faucets, SNR-CHR-15019PMPK, Chrome"
Faucets,Sensor Faucets,4396,Sensor Faucet for Wash Basin,Variant,4217,Sensor Faucet for Wash Basin - Antique Bronze,SNR-ABR-15019PMPK,Antique Bronze,https://www.jaquar.com/images/thumbs/0060305_sensor-faucet-for-wash-basin-antique-bronze_960.jpeg,20500.00,"Opal Prime Sensor Faucet for Wash Basin with Pre-mixed Water Supply Kit (Battery Operated)
",https://www.jaquar.com/en/opal-prime-sensor-faucet?Id=4396,"Sensor Faucets, SNR-ABR-15019PMPK, Antique Bronze"
Faucets,Sensor Faucets,4396,Sensor Faucet for Wash Basin,Variant,4217,Sensor Faucet for Wash Basin - Antique Copper,SNR-ACR-15019PMPK,Antique Copper,https://www.jaquar.com/images/thumbs/0053765_sensor-faucet-for-wash-basin-antique-copper_960.jpeg,20500.00,"Opal Prime Sensor Faucet for Wash Basin with Pre-mixed Water Supply Kit (Battery Operated)
",https://www.jaquar.com/en/opal-prime-sensor-faucet?Id=4396,"Sensor Faucets, SNR-ACR-15019PMPK, Antique Copper"
Faucets,Sensor Faucets,4396,Sensor Faucet for Wash Basin,Variant,4217,Sensor Faucet for Wash Basin - Black chrome,SNR-BCH-15019PMPK,Black Chrome,https://www.jaquar.com/images/thumbs/0053844_sensor-faucet-for-wash-basin-black-chrome_960.jpeg,17900.00,"Opal Prime Sensor Faucet for Wash Basin with Pre-mixed Water Supply Kit (Battery Operated)
",https://www.jaquar.com/en/opal-prime-sensor-faucet?Id=4396,"Sensor Faucets, SNR-BCH-15019PMPK, Black Chrome"
Faucets,Sensor Faucets,4396,Sensor Faucet for Wash Basin,Variant,4217,Sensor Faucet for Wash Basin - Black Matt,SNR-BLM-15019PMPK,Black Matt,https://www.jaquar.com/images/thumbs/0039122_sensor-faucet-for-wash-basin-black-matt_960.jpeg,17900.00,"Opal Prime Sensor Faucet for Wash Basin with Pre-mixed Water Supply Kit (Battery Operated)
",https://www.jaquar.com/en/opal-prime-sensor-faucet?Id=4396,"Sensor Faucets, SNR-BLM-15019PMPK, Black Matt"
Faucets,Sensor Faucets,4396,Sensor Faucet for Wash Basin,Variant,4217,Sensor Faucet for Wash Basin - Graphite,SNR-GRF-15019PMPK,Graphite,https://www.jaquar.com/images/thumbs/0060304_sensor-faucet-for-wash-basin-graphite_960.jpeg,20500.00,"Opal Prime Sensor Faucet for Wash Basin with Pre-mixed Water Supply Kit (Battery Operated)
",https://www.jaquar.com/en/opal-prime-sensor-faucet?Id=4396,"Sensor Faucets, SNR-GRF-15019PMPK, Graphite"
Faucets,Sensor Faucets,4396,Sensor Faucet for Wash Basin,Variant,4217,Sensor Faucet for Wash Basin - Stainless Steel,SNR-SSF-15019PMPK,Stainless Steel,https://www.jaquar.com/images/thumbs/0060461_sensor-faucet-for-wash-basin-stainless-steel_960.jpeg,20500.00,"Opal Prime Sensor Faucet for Wash Basin with Pre-mixed Water Supply Kit (Battery Operated)
",https://www.jaquar.com/en/opal-prime-sensor-faucet?Id=4396,"Sensor Faucets, SNR-SSF-15019PMPK, Stainless Steel"
Faucets,Sensor Faucets,4338,Tall Boy Sensor Faucet,Parent,4221,Tall Boy Sensor Faucet - Chrome,SNR-CHR-15017PM,Chrome,https://www.jaquar.com/images/thumbs/0060193_tall-boy-sensor-faucet-chrome_960.jpeg,12500.00,"Opal Prime Tall Boy Sensor Faucet for Wash Basin (Battery Operated)
",https://www.jaquar.com/en/kubix-prime-sensor-faucet-2?Id=4338,"Sensor Faucets, SNR-CHR-15017PM, Chrome"
Faucets,Sensor Faucets,4338,Tall Boy Sensor Faucet,Variant,4221,Tall Boy Sensor Faucet - Antique Bronze,SNR-ABR-15017PM,Antique Bronze,https://www.jaquar.com/images/thumbs/0052457_tall-boy-sensor-faucet-antique-bronze_960.jpeg,21100.00,"Opal Prime Tall Boy Sensor Faucet for Wash Basin (Battery Operated)
",https://www.jaquar.com/en/kubix-prime-sensor-faucet-2?Id=4338,"Sensor Faucets, SNR-ABR-15017PM, Antique Bronze"
Faucets,Sensor Faucets,4338,Tall Boy Sensor Faucet,Variant,4221,Tall Boy Sensor Faucet - Antique Copper,SNR-ACR-15017PM,Antique Copper,https://www.jaquar.com/images/thumbs/0053912_tall-boy-sensor-faucet-antique-copper_960.jpeg,21100.00,"Opal Prime Tall Boy Sensor Faucet for Wash Basin (Battery Operated)
",https://www.jaquar.com/en/kubix-prime-sensor-faucet-2?Id=4338,"Sensor Faucets, SNR-ACR-15017PM, Antique Copper"
Faucets,Sensor Faucets,4338,Tall Boy Sensor Faucet,Variant,4221,Tall Boy Sensor Faucet - Black Chrome,SNR-BCH-15017PM,Black Chrome,https://www.jaquar.com/images/thumbs/0053841_tall-boy-sensor-faucet-black-chrome_960.jpeg,18500.00,"Opal Prime Tall Boy Sensor Faucet for Wash Basin (Battery Operated)
",https://www.jaquar.com/en/kubix-prime-sensor-faucet-2?Id=4338,"Sensor Faucets, SNR-BCH-15017PM, Black Chrome"
Faucets,Sensor Faucets,4338,Tall Boy Sensor Faucet,Variant,4221,Tall Boy Sensor Faucet - Black Matt,SNR-BLM-15017PM,Black Matt,https://www.jaquar.com/images/thumbs/0052458_tall-boy-sensor-faucet-black-matt_960.jpeg,18500.00,"Opal Prime Tall Boy Sensor Faucet for Wash Basin (Battery Operated)
",https://www.jaquar.com/en/kubix-prime-sensor-faucet-2?Id=4338,"Sensor Faucets, SNR-BLM-15017PM, Black Matt"
Faucets,Sensor Faucets,4338,Tall Boy Sensor Faucet,Variant,4221,Tall Boy Sensor Faucet - Graphite,SNR-GRF-15017PM,Graphite,https://www.jaquar.com/images/thumbs/0060301_tall-boy-sensor-faucet-graphite_960.jpeg,21100.00,"Opal Prime Tall Boy Sensor Faucet for Wash Basin (Battery Operated)
",https://www.jaquar.com/en/kubix-prime-sensor-faucet-2?Id=4338,"Sensor Faucets, SNR-GRF-15017PM, Graphite"
Faucets,Sensor Faucets,4338,Tall Boy Sensor Faucet,Variant,4221,Tall Boy Sensor Faucet - Stainless Steel,SNR-SSF-15017PM,Stainless Steel,https://www.jaquar.com/images/thumbs/0060672_tall-boy-sensor-faucet-stainless-steel_960.jpeg,21100.00,"Opal Prime Tall Boy Sensor Faucet for Wash Basin (Battery Operated)
",https://www.jaquar.com/en/kubix-prime-sensor-faucet-2?Id=4338,"Sensor Faucets, SNR-SSF-15017PM, Stainless Steel"
Faucets,Sensor Faucets,4339,Tall Boy Sensor Faucet,Parent,4221,Tall Boy Sensor Faucet - Chrome,SNR-CHR-15017PM,Chrome,https://www.jaquar.com/images/thumbs/0060193_tall-boy-sensor-faucet-chrome_960.jpeg,12500.00,"Opal Prime Tall Boy Sensor Faucet for Wash Basin (Battery Operated)
",https://www.jaquar.com/en/kubix-prime-sensor-faucet-2?Id=4339,"Sensor Faucets, SNR-CHR-15017PM, Chrome"
Faucets,Sensor Faucets,4339,Tall Boy Sensor Faucet,Variant,4221,Tall Boy Sensor Faucet - Antique Bronze,SNR-ABR-15017PM,Antique Bronze,https://www.jaquar.com/images/thumbs/0052457_tall-boy-sensor-faucet-antique-bronze_960.jpeg,21100.00,"Opal Prime Tall Boy Sensor Faucet for Wash Basin (Battery Operated)
",https://www.jaquar.com/en/kubix-prime-sensor-faucet-2?Id=4339,"Sensor Faucets, SNR-ABR-15017PM, Antique Bronze"
Faucets,Sensor Faucets,4339,Tall Boy Sensor Faucet,Variant,4221,Tall Boy Sensor Faucet - Antique Copper,SNR-ACR-15017PM,Antique Copper,https://www.jaquar.com/images/thumbs/0053912_tall-boy-sensor-faucet-antique-copper_960.jpeg,21100.00,"Opal Prime Tall Boy Sensor Faucet for Wash Basin (Battery Operated)
",https://www.jaquar.com/en/kubix-prime-sensor-faucet-2?Id=4339,"Sensor Faucets, SNR-ACR-15017PM, Antique Copper"
Faucets,Sensor Faucets,4339,Tall Boy Sensor Faucet,Variant,4221,Tall Boy Sensor Faucet - Black Chrome,SNR-BCH-15017PM,Black Chrome,https://www.jaquar.com/images/thumbs/0053841_tall-boy-sensor-faucet-black-chrome_960.jpeg,18500.00,"Opal Prime Tall Boy Sensor Faucet for Wash Basin (Battery Operated)
",https://www.jaquar.com/en/kubix-prime-sensor-faucet-2?Id=4339,"Sensor Faucets, SNR-BCH-15017PM, Black Chrome"
Faucets,Sensor Faucets,4339,Tall Boy Sensor Faucet,Variant,4221,Tall Boy Sensor Faucet - Black Matt,SNR-BLM-15017PM,Black Matt,https://www.jaquar.com/images/thumbs/0052458_tall-boy-sensor-faucet-black-matt_960.jpeg,18500.00,"Opal Prime Tall Boy Sensor Faucet for Wash Basin (Battery Operated)
",https://www.jaquar.com/en/kubix-prime-sensor-faucet-2?Id=4339,"Sensor Faucets, SNR-BLM-15017PM, Black Matt"
Faucets,Sensor Faucets,4339,Tall Boy Sensor Faucet,Variant,4221,Tall Boy Sensor Faucet - Graphite,SNR-GRF-15017PM,Graphite,https://www.jaquar.com/images/thumbs/0060301_tall-boy-sensor-faucet-graphite_960.jpeg,21100.00,"Opal Prime Tall Boy Sensor Faucet for Wash Basin (Battery Operated)
",https://www.jaquar.com/en/kubix-prime-sensor-faucet-2?Id=4339,"Sensor Faucets, SNR-GRF-15017PM, Graphite"
Faucets,Sensor Faucets,4339,Tall Boy Sensor Faucet,Variant,4221,Tall Boy Sensor Faucet - Stainless Steel,SNR-SSF-15017PM,Stainless Steel,https://www.jaquar.com/images/thumbs/0060672_tall-boy-sensor-faucet-stainless-steel_960.jpeg,21100.00,"Opal Prime Tall Boy Sensor Faucet for Wash Basin (Battery Operated)
",https://www.jaquar.com/en/kubix-prime-sensor-faucet-2?Id=4339,"Sensor Faucets, SNR-SSF-15017PM, Stainless Steel"
Faucets,Sensor Faucets,4340,Tall Boy Sensor Faucet,Parent,4221,Tall Boy Sensor Faucet - Chrome,SNR-CHR-15017PM,Chrome,https://www.jaquar.com/images/thumbs/0060193_tall-boy-sensor-faucet-chrome_960.jpeg,12500.00,"Opal Prime Tall Boy Sensor Faucet for Wash Basin (Battery Operated)
",https://www.jaquar.com/en/kubix-prime-sensor-faucet-2?Id=4340,"Sensor Faucets, SNR-CHR-15017PM, Chrome"
Faucets,Sensor Faucets,4340,Tall Boy Sensor Faucet,Variant,4221,Tall Boy Sensor Faucet - Antique Bronze,SNR-ABR-15017PM,Antique Bronze,https://www.jaquar.com/images/thumbs/0052457_tall-boy-sensor-faucet-antique-bronze_960.jpeg,21100.00,"Opal Prime Tall Boy Sensor Faucet for Wash Basin (Battery Operated)
",https://www.jaquar.com/en/kubix-prime-sensor-faucet-2?Id=4340,"Sensor Faucets, SNR-ABR-15017PM, Antique Bronze"
Faucets,Sensor Faucets,4340,Tall Boy Sensor Faucet,Variant,4221,Tall Boy Sensor Faucet - Antique Copper,SNR-ACR-15017PM,Antique Copper,https://www.jaquar.com/images/thumbs/0053912_tall-boy-sensor-faucet-antique-copper_960.jpeg,21100.00,"Opal Prime Tall Boy Sensor Faucet for Wash Basin (Battery Operated)
",https://www.jaquar.com/en/kubix-prime-sensor-faucet-2?Id=4340,"Sensor Faucets, SNR-ACR-15017PM, Antique Copper"
Faucets,Sensor Faucets,4340,Tall Boy Sensor Faucet,Variant,4221,Tall Boy Sensor Faucet - Black Chrome,SNR-BCH-15017PM,Black Chrome,https://www.jaquar.com/images/thumbs/0053841_tall-boy-sensor-faucet-black-chrome_960.jpeg,18500.00,"Opal Prime Tall Boy Sensor Faucet for Wash Basin (Battery Operated)
",https://www.jaquar.com/en/kubix-prime-sensor-faucet-2?Id=4340,"Sensor Faucets, SNR-BCH-15017PM, Black Chrome"
Faucets,Sensor Faucets,4340,Tall Boy Sensor Faucet,Variant,4221,Tall Boy Sensor Faucet - Black Matt,SNR-BLM-15017PM,Black Matt,https://www.jaquar.com/images/thumbs/0052458_tall-boy-sensor-faucet-black-matt_960.jpeg,18500.00,"Opal Prime Tall Boy Sensor Faucet for Wash Basin (Battery Operated)
",https://www.jaquar.com/en/kubix-prime-sensor-faucet-2?Id=4340,"Sensor Faucets, SNR-BLM-15017PM, Black Matt"
Faucets,Sensor Faucets,4340,Tall Boy Sensor Faucet,Variant,4221,Tall Boy Sensor Faucet - Graphite,SNR-GRF-15017PM,Graphite,https://www.jaquar.com/images/thumbs/0060301_tall-boy-sensor-faucet-graphite_960.jpeg,21100.00,"Opal Prime Tall Boy Sensor Faucet for Wash Basin (Battery Operated)
",https://www.jaquar.com/en/kubix-prime-sensor-faucet-2?Id=4340,"Sensor Faucets, SNR-GRF-15017PM, Graphite"
Faucets,Sensor Faucets,4340,Tall Boy Sensor Faucet,Variant,4221,Tall Boy Sensor Faucet - Stainless Steel,SNR-SSF-15017PM,Stainless Steel,https://www.jaquar.com/images/thumbs/0060672_tall-boy-sensor-faucet-stainless-steel_960.jpeg,21100.00,"Opal Prime Tall Boy Sensor Faucet for Wash Basin (Battery Operated)
",https://www.jaquar.com/en/kubix-prime-sensor-faucet-2?Id=4340,"Sensor Faucets, SNR-SSF-15017PM, Stainless Steel"
Faucets,Sensor Faucets,4341,Tall Boy Sensor Faucet,Parent,4221,Tall Boy Sensor Faucet - Chrome,SNR-CHR-15017PM,Chrome,https://www.jaquar.com/images/thumbs/0060193_tall-boy-sensor-faucet-chrome_960.jpeg,12500.00,"Opal Prime Tall Boy Sensor Faucet for Wash Basin (Battery Operated)
",https://www.jaquar.com/en/kubix-prime-sensor-faucet-2?Id=4341,"Sensor Faucets, SNR-CHR-15017PM, Chrome"
Faucets,Sensor Faucets,4341,Tall Boy Sensor Faucet,Variant,4221,Tall Boy Sensor Faucet - Antique Bronze,SNR-ABR-15017PM,Antique Bronze,https://www.jaquar.com/images/thumbs/0052457_tall-boy-sensor-faucet-antique-bronze_960.jpeg,21100.00,"Opal Prime Tall Boy Sensor Faucet for Wash Basin (Battery Operated)
",https://www.jaquar.com/en/kubix-prime-sensor-faucet-2?Id=4341,"Sensor Faucets, SNR-ABR-15017PM, Antique Bronze"
Faucets,Sensor Faucets,4341,Tall Boy Sensor Faucet,Variant,4221,Tall Boy Sensor Faucet - Antique Copper,SNR-ACR-15017PM,Antique Copper,https://www.jaquar.com/images/thumbs/0053912_tall-boy-sensor-faucet-antique-copper_960.jpeg,21100.00,"Opal Prime Tall Boy Sensor Faucet for Wash Basin (Battery Operated)
",https://www.jaquar.com/en/kubix-prime-sensor-faucet-2?Id=4341,"Sensor Faucets, SNR-ACR-15017PM, Antique Copper"
Faucets,Sensor Faucets,4341,Tall Boy Sensor Faucet,Variant,4221,Tall Boy Sensor Faucet - Black Chrome,SNR-BCH-15017PM,Black Chrome,https://www.jaquar.com/images/thumbs/0053841_tall-boy-sensor-faucet-black-chrome_960.jpeg,18500.00,"Opal Prime Tall Boy Sensor Faucet for Wash Basin (Battery Operated)
",https://www.jaquar.com/en/kubix-prime-sensor-faucet-2?Id=4341,"Sensor Faucets, SNR-BCH-15017PM, Black Chrome"
Faucets,Sensor Faucets,4341,Tall Boy Sensor Faucet,Variant,4221,Tall Boy Sensor Faucet - Black Matt,SNR-BLM-15017PM,Black Matt,https://www.jaquar.com/images/thumbs/0052458_tall-boy-sensor-faucet-black-matt_960.jpeg,18500.00,"Opal Prime Tall Boy Sensor Faucet for Wash Basin (Battery Operated)
",https://www.jaquar.com/en/kubix-prime-sensor-faucet-2?Id=4341,"Sensor Faucets, SNR-BLM-15017PM, Black Matt"
Faucets,Sensor Faucets,4341,Tall Boy Sensor Faucet,Variant,4221,Tall Boy Sensor Faucet - Graphite,SNR-GRF-15017PM,Graphite,https://www.jaquar.com/images/thumbs/0060301_tall-boy-sensor-faucet-graphite_960.jpeg,21100.00,"Opal Prime Tall Boy Sensor Faucet for Wash Basin (Battery Operated)
",https://www.jaquar.com/en/kubix-prime-sensor-faucet-2?Id=4341,"Sensor Faucets, SNR-GRF-15017PM, Graphite"
Faucets,Sensor Faucets,4341,Tall Boy Sensor Faucet,Variant,4221,Tall Boy Sensor Faucet - Stainless Steel,SNR-SSF-15017PM,Stainless Steel,https://www.jaquar.com/images/thumbs/0060672_tall-boy-sensor-faucet-stainless-steel_960.jpeg,21100.00,"Opal Prime Tall Boy Sensor Faucet for Wash Basin (Battery Operated)
",https://www.jaquar.com/en/kubix-prime-sensor-faucet-2?Id=4341,"Sensor Faucets, SNR-SSF-15017PM, Stainless Steel"
Faucets,Sensor Faucets,4337,Tall Boy Sensor Faucet,Parent,4221,Tall Boy Sensor Faucet - Chrome,SNR-CHR-15017PM,Chrome,https://www.jaquar.com/images/thumbs/0060193_tall-boy-sensor-faucet-chrome_960.jpeg,12500.00,"Opal Prime Tall Boy Sensor Faucet for Wash Basin (Battery Operated)
",https://www.jaquar.com/en/kubix-prime-sensor-faucet-2?Id=4337,"Sensor Faucets, SNR-CHR-15017PM, Chrome"
Faucets,Sensor Faucets,4337,Tall Boy Sensor Faucet,Variant,4221,Tall Boy Sensor Faucet - Antique Bronze,SNR-ABR-15017PM,Antique Bronze,https://www.jaquar.com/images/thumbs/0052457_tall-boy-sensor-faucet-antique-bronze_960.jpeg,21100.00,"Opal Prime Tall Boy Sensor Faucet for Wash Basin (Battery Operated)
",https://www.jaquar.com/en/kubix-prime-sensor-faucet-2?Id=4337,"Sensor Faucets, SNR-ABR-15017PM, Antique Bronze"
Faucets,Sensor Faucets,4337,Tall Boy Sensor Faucet,Variant,4221,Tall Boy Sensor Faucet - Antique Copper,SNR-ACR-15017PM,Antique Copper,https://www.jaquar.com/images/thumbs/0053912_tall-boy-sensor-faucet-antique-copper_960.jpeg,21100.00,"Opal Prime Tall Boy Sensor Faucet for Wash Basin (Battery Operated)
",https://www.jaquar.com/en/kubix-prime-sensor-faucet-2?Id=4337,"Sensor Faucets, SNR-ACR-15017PM, Antique Copper"
Faucets,Sensor Faucets,4337,Tall Boy Sensor Faucet,Variant,4221,Tall Boy Sensor Faucet - Black Chrome,SNR-BCH-15017PM,Black Chrome,https://www.jaquar.com/images/thumbs/0053841_tall-boy-sensor-faucet-black-chrome_960.jpeg,18500.00,"Opal Prime Tall Boy Sensor Faucet for Wash Basin (Battery Operated)
",https://www.jaquar.com/en/kubix-prime-sensor-faucet-2?Id=4337,"Sensor Faucets, SNR-BCH-15017PM, Black Chrome"
Faucets,Sensor Faucets,4337,Tall Boy Sensor Faucet,Variant,4221,Tall Boy Sensor Faucet - Black Matt,SNR-BLM-15017PM,Black Matt,https://www.jaquar.com/images/thumbs/0052458_tall-boy-sensor-faucet-black-matt_960.jpeg,18500.00,"Opal Prime Tall Boy Sensor Faucet for Wash Basin (Battery Operated)
",https://www.jaquar.com/en/kubix-prime-sensor-faucet-2?Id=4337,"Sensor Faucets, SNR-BLM-15017PM, Black Matt"
Faucets,Sensor Faucets,4337,Tall Boy Sensor Faucet,Variant,4221,Tall Boy Sensor Faucet - Graphite,SNR-GRF-15017PM,Graphite,https://www.jaquar.com/images/thumbs/0060301_tall-boy-sensor-faucet-graphite_960.jpeg,21100.00,"Opal Prime Tall Boy Sensor Faucet for Wash Basin (Battery Operated)
",https://www.jaquar.com/en/kubix-prime-sensor-faucet-2?Id=4337,"Sensor Faucets, SNR-GRF-15017PM, Graphite"
Faucets,Sensor Faucets,4337,Tall Boy Sensor Faucet,Variant,4221,Tall Boy Sensor Faucet - Stainless Steel,SNR-SSF-15017PM,Stainless Steel,https://www.jaquar.com/images/thumbs/0060672_tall-boy-sensor-faucet-stainless-steel_960.jpeg,21100.00,"Opal Prime Tall Boy Sensor Faucet for Wash Basin (Battery Operated)
",https://www.jaquar.com/en/kubix-prime-sensor-faucet-2?Id=4337,"Sensor Faucets, SNR-SSF-15017PM, Stainless Steel"
Faucets,Sensor Faucets,4344,Tall Boy Sensor Faucet,Parent,4221,Tall Boy Sensor Faucet - Chrome,SNR-CHR-15017PM,Chrome,https://www.jaquar.com/images/thumbs/0060193_tall-boy-sensor-faucet-chrome_960.jpeg,12500.00,"Opal Prime Tall Boy Sensor Faucet for Wash Basin (Battery Operated)
",https://www.jaquar.com/en/kubix-prime-sensor-faucet-2?Id=4344,"Sensor Faucets, SNR-CHR-15017PM, Chrome"
Faucets,Sensor Faucets,4344,Tall Boy Sensor Faucet,Variant,4221,Tall Boy Sensor Faucet - Antique Bronze,SNR-ABR-15017PM,Antique Bronze,https://www.jaquar.com/images/thumbs/0052457_tall-boy-sensor-faucet-antique-bronze_960.jpeg,21100.00,"Opal Prime Tall Boy Sensor Faucet for Wash Basin (Battery Operated)
",https://www.jaquar.com/en/kubix-prime-sensor-faucet-2?Id=4344,"Sensor Faucets, SNR-ABR-15017PM, Antique Bronze"
Faucets,Sensor Faucets,4344,Tall Boy Sensor Faucet,Variant,4221,Tall Boy Sensor Faucet - Antique Copper,SNR-ACR-15017PM,Antique Copper,https://www.jaquar.com/images/thumbs/0053912_tall-boy-sensor-faucet-antique-copper_960.jpeg,21100.00,"Opal Prime Tall Boy Sensor Faucet for Wash Basin (Battery Operated)
",https://www.jaquar.com/en/kubix-prime-sensor-faucet-2?Id=4344,"Sensor Faucets, SNR-ACR-15017PM, Antique Copper"
Faucets,Sensor Faucets,4344,Tall Boy Sensor Faucet,Variant,4221,Tall Boy Sensor Faucet - Black Chrome,SNR-BCH-15017PM,Black Chrome,https://www.jaquar.com/images/thumbs/0053841_tall-boy-sensor-faucet-black-chrome_960.jpeg,18500.00,"Opal Prime Tall Boy Sensor Faucet for Wash Basin (Battery Operated)
",https://www.jaquar.com/en/kubix-prime-sensor-faucet-2?Id=4344,"Sensor Faucets, SNR-BCH-15017PM, Black Chrome"
Faucets,Sensor Faucets,4344,Tall Boy Sensor Faucet,Variant,4221,Tall Boy Sensor Faucet - Black Matt,SNR-BLM-15017PM,Black Matt,https://www.jaquar.com/images/thumbs/0052458_tall-boy-sensor-faucet-black-matt_960.jpeg,18500.00,"Opal Prime Tall Boy Sensor Faucet for Wash Basin (Battery Operated)
",https://www.jaquar.com/en/kubix-prime-sensor-faucet-2?Id=4344,"Sensor Faucets, SNR-BLM-15017PM, Black Matt"
Faucets,Sensor Faucets,4344,Tall Boy Sensor Faucet,Variant,4221,Tall Boy Sensor Faucet - Graphite,SNR-GRF-15017PM,Graphite,https://www.jaquar.com/images/thumbs/0060301_tall-boy-sensor-faucet-graphite_960.jpeg,21100.00,"Opal Prime Tall Boy Sensor Faucet for Wash Basin (Battery Operated)
",https://www.jaquar.com/en/kubix-prime-sensor-faucet-2?Id=4344,"Sensor Faucets, SNR-GRF-15017PM, Graphite"
Faucets,Sensor Faucets,4344,Tall Boy Sensor Faucet,Variant,4221,Tall Boy Sensor Faucet - Stainless Steel,SNR-SSF-15017PM,Stainless Steel,https://www.jaquar.com/images/thumbs/0060672_tall-boy-sensor-faucet-stainless-steel_960.jpeg,21100.00,"Opal Prime Tall Boy Sensor Faucet for Wash Basin (Battery Operated)
",https://www.jaquar.com/en/kubix-prime-sensor-faucet-2?Id=4344,"Sensor Faucets, SNR-SSF-15017PM, Stainless Steel"
Faucets,Sensor Faucets,4345,Tall Boy Sensor Faucet,Parent,4221,Tall Boy Sensor Faucet - Chrome,SNR-CHR-15017PM,Chrome,https://www.jaquar.com/images/thumbs/0060193_tall-boy-sensor-faucet-chrome_960.jpeg,12500.00,"Opal Prime Tall Boy Sensor Faucet for Wash Basin (Battery Operated)
",https://www.jaquar.com/en/kubix-prime-sensor-faucet-2?Id=4345,"Sensor Faucets, SNR-CHR-15017PM, Chrome"
Faucets,Sensor Faucets,4345,Tall Boy Sensor Faucet,Variant,4221,Tall Boy Sensor Faucet - Antique Bronze,SNR-ABR-15017PM,Antique Bronze,https://www.jaquar.com/images/thumbs/0052457_tall-boy-sensor-faucet-antique-bronze_960.jpeg,21100.00,"Opal Prime Tall Boy Sensor Faucet for Wash Basin (Battery Operated)
",https://www.jaquar.com/en/kubix-prime-sensor-faucet-2?Id=4345,"Sensor Faucets, SNR-ABR-15017PM, Antique Bronze"
Faucets,Sensor Faucets,4345,Tall Boy Sensor Faucet,Variant,4221,Tall Boy Sensor Faucet - Antique Copper,SNR-ACR-15017PM,Antique Copper,https://www.jaquar.com/images/thumbs/0053912_tall-boy-sensor-faucet-antique-copper_960.jpeg,21100.00,"Opal Prime Tall Boy Sensor Faucet for Wash Basin (Battery Operated)
",https://www.jaquar.com/en/kubix-prime-sensor-faucet-2?Id=4345,"Sensor Faucets, SNR-ACR-15017PM, Antique Copper"
Faucets,Sensor Faucets,4345,Tall Boy Sensor Faucet,Variant,4221,Tall Boy Sensor Faucet - Black Chrome,SNR-BCH-15017PM,Black Chrome,https://www.jaquar.com/images/thumbs/0053841_tall-boy-sensor-faucet-black-chrome_960.jpeg,18500.00,"Opal Prime Tall Boy Sensor Faucet for Wash Basin (Battery Operated)
",https://www.jaquar.com/en/kubix-prime-sensor-faucet-2?Id=4345,"Sensor Faucets, SNR-BCH-15017PM, Black Chrome"
Faucets,Sensor Faucets,4345,Tall Boy Sensor Faucet,Variant,4221,Tall Boy Sensor Faucet - Black Matt,SNR-BLM-15017PM,Black Matt,https://www.jaquar.com/images/thumbs/0052458_tall-boy-sensor-faucet-black-matt_960.jpeg,18500.00,"Opal Prime Tall Boy Sensor Faucet for Wash Basin (Battery Operated)
",https://www.jaquar.com/en/kubix-prime-sensor-faucet-2?Id=4345,"Sensor Faucets, SNR-BLM-15017PM, Black Matt"
Faucets,Sensor Faucets,4345,Tall Boy Sensor Faucet,Variant,4221,Tall Boy Sensor Faucet - Graphite,SNR-GRF-15017PM,Graphite,https://www.jaquar.com/images/thumbs/0060301_tall-boy-sensor-faucet-graphite_960.jpeg,21100.00,"Opal Prime Tall Boy Sensor Faucet for Wash Basin (Battery Operated)
",https://www.jaquar.com/en/kubix-prime-sensor-faucet-2?Id=4345,"Sensor Faucets, SNR-GRF-15017PM, Graphite"
Faucets,Sensor Faucets,4345,Tall Boy Sensor Faucet,Variant,4221,Tall Boy Sensor Faucet - Stainless Steel,SNR-SSF-15017PM,Stainless Steel,https://www.jaquar.com/images/thumbs/0060672_tall-boy-sensor-faucet-stainless-steel_960.jpeg,21100.00,"Opal Prime Tall Boy Sensor Faucet for Wash Basin (Battery Operated)
",https://www.jaquar.com/en/kubix-prime-sensor-faucet-2?Id=4345,"Sensor Faucets, SNR-SSF-15017PM, Stainless Steel"
Faucets,Sensor Faucets,4348,Tall Boy Sensor Faucet,Parent,4223,Tall Boy Sensor Faucet - Chrome,SNR-CHR-15017PMPK,Chrome,https://www.jaquar.com/images/thumbs/0060195_tall-boy-sensor-faucet-chrome_960.jpeg,13350.00,"Opal Prime Tall Boy Sensor Faucet for Wash Basin with Pre-mixed Water Supply Kit (Battery Operated)
",https://www.jaquar.com/en/opal-prime-tall-boy-sensor-faucet-copy-2?Id=4348,"Sensor Faucets, SNR-CHR-15017PMPK, Chrome"
Faucets,Sensor Faucets,4348,Tall Boy Sensor Faucet,Variant,4223,Tall Boy Sensor Faucet - Antique Bronze,SNR-ABR-15017PMPK,Antique Bronze,https://www.jaquar.com/images/thumbs/0052956_tall-boy-sensor-faucet-antique-bronze_960.jpeg,22500.00,"Opal Prime Tall Boy Sensor Faucet for Wash Basin with Pre-mixed Water Supply Kit (Battery Operated)
",https://www.jaquar.com/en/opal-prime-tall-boy-sensor-faucet-copy-2?Id=4348,"Sensor Faucets, SNR-ABR-15017PMPK, Antique Bronze"
Faucets,Sensor Faucets,4348,Tall Boy Sensor Faucet,Variant,4223,Tall Boy Sensor Faucet - Antique Copper,SNR-ACR-15017PMPK,Antique Copper,https://www.jaquar.com/images/thumbs/0053913_tall-boy-sensor-faucet-antique-copper_960.jpeg,22500.00,"Opal Prime Tall Boy Sensor Faucet for Wash Basin with Pre-mixed Water Supply Kit (Battery Operated)
",https://www.jaquar.com/en/opal-prime-tall-boy-sensor-faucet-copy-2?Id=4348,"Sensor Faucets, SNR-ACR-15017PMPK, Antique Copper"
Faucets,Sensor Faucets,4348,Tall Boy Sensor Faucet,Variant,4223,Tall Boy Sensor Faucet - Black Chrome,SNR-BCH-15017PMPK,Black Chrome,https://www.jaquar.com/images/thumbs/0053842_tall-boy-sensor-faucet-black-chrome_960.jpeg,19700.00,"Opal Prime Tall Boy Sensor Faucet for Wash Basin with Pre-mixed Water Supply Kit (Battery Operated)
",https://www.jaquar.com/en/opal-prime-tall-boy-sensor-faucet-copy-2?Id=4348,"Sensor Faucets, SNR-BCH-15017PMPK, Black Chrome"
Faucets,Sensor Faucets,4348,Tall Boy Sensor Faucet,Variant,4223,Tall Boy Sensor Faucet - Black Matt,SNR-BLM-15017PMPK,Black Matt,https://www.jaquar.com/images/thumbs/0052613_tall-boy-sensor-faucet-black-matt_960.jpeg,19700.00,"Opal Prime Tall Boy Sensor Faucet for Wash Basin with Pre-mixed Water Supply Kit (Battery Operated)
",https://www.jaquar.com/en/opal-prime-tall-boy-sensor-faucet-copy-2?Id=4348,"Sensor Faucets, SNR-BLM-15017PMPK, Black Matt"
Faucets,Sensor Faucets,4348,Tall Boy Sensor Faucet,Variant,4223,Tall Boy Sensor Faucet - Graphite,SNR-GRF-15017PMPK,Graphite,https://www.jaquar.com/images/thumbs/0060302_tall-boy-sensor-faucet-graphite_960.jpeg,22500.00,"Opal Prime Tall Boy Sensor Faucet for Wash Basin with Pre-mixed Water Supply Kit (Battery Operated)
",https://www.jaquar.com/en/opal-prime-tall-boy-sensor-faucet-copy-2?Id=4348,"Sensor Faucets, SNR-GRF-15017PMPK, Graphite"
Faucets,Sensor Faucets,4348,Tall Boy Sensor Faucet,Variant,4223,Tall Boy Sensor Faucet - Stainless Steel,SNR-SSF-15017PMPK,Stainless Steel,https://www.jaquar.com/images/thumbs/0060673_tall-boy-sensor-faucet-stainless-steel_960.jpeg,22500.00,"Opal Prime Tall Boy Sensor Faucet for Wash Basin with Pre-mixed Water Supply Kit (Battery Operated)
",https://www.jaquar.com/en/opal-prime-tall-boy-sensor-faucet-copy-2?Id=4348,"Sensor Faucets, SNR-SSF-15017PMPK, Stainless Steel"
Faucets,Sensor Faucets,4349,Tall Boy Sensor Faucet,Parent,4223,Tall Boy Sensor Faucet - Chrome,SNR-CHR-15017PMPK,Chrome,https://www.jaquar.com/images/thumbs/0060195_tall-boy-sensor-faucet-chrome_960.jpeg,13350.00,"Opal Prime Tall Boy Sensor Faucet for Wash Basin with Pre-mixed Water Supply Kit (Battery Operated)
",https://www.jaquar.com/en/opal-prime-tall-boy-sensor-faucet-copy-2?Id=4349,"Sensor Faucets, SNR-CHR-15017PMPK, Chrome"
Faucets,Sensor Faucets,4349,Tall Boy Sensor Faucet,Variant,4223,Tall Boy Sensor Faucet - Antique Bronze,SNR-ABR-15017PMPK,Antique Bronze,https://www.jaquar.com/images/thumbs/0052956_tall-boy-sensor-faucet-antique-bronze_960.jpeg,22500.00,"Opal Prime Tall Boy Sensor Faucet for Wash Basin with Pre-mixed Water Supply Kit (Battery Operated)
",https://www.jaquar.com/en/opal-prime-tall-boy-sensor-faucet-copy-2?Id=4349,"Sensor Faucets, SNR-ABR-15017PMPK, Antique Bronze"
Faucets,Sensor Faucets,4349,Tall Boy Sensor Faucet,Variant,4223,Tall Boy Sensor Faucet - Antique Copper,SNR-ACR-15017PMPK,Antique Copper,https://www.jaquar.com/images/thumbs/0053913_tall-boy-sensor-faucet-antique-copper_960.jpeg,22500.00,"Opal Prime Tall Boy Sensor Faucet for Wash Basin with Pre-mixed Water Supply Kit (Battery Operated)
",https://www.jaquar.com/en/opal-prime-tall-boy-sensor-faucet-copy-2?Id=4349,"Sensor Faucets, SNR-ACR-15017PMPK, Antique Copper"
Faucets,Sensor Faucets,4349,Tall Boy Sensor Faucet,Variant,4223,Tall Boy Sensor Faucet - Black Chrome,SNR-BCH-15017PMPK,Black Chrome,https://www.jaquar.com/images/thumbs/0053842_tall-boy-sensor-faucet-black-chrome_960.jpeg,19700.00,"Opal Prime Tall Boy Sensor Faucet for Wash Basin with Pre-mixed Water Supply Kit (Battery Operated)
",https://www.jaquar.com/en/opal-prime-tall-boy-sensor-faucet-copy-2?Id=4349,"Sensor Faucets, SNR-BCH-15017PMPK, Black Chrome"
Faucets,Sensor Faucets,4349,Tall Boy Sensor Faucet,Variant,4223,Tall Boy Sensor Faucet - Black Matt,SNR-BLM-15017PMPK,Black Matt,https://www.jaquar.com/images/thumbs/0052613_tall-boy-sensor-faucet-black-matt_960.jpeg,19700.00,"Opal Prime Tall Boy Sensor Faucet for Wash Basin with Pre-mixed Water Supply Kit (Battery Operated)
",https://www.jaquar.com/en/opal-prime-tall-boy-sensor-faucet-copy-2?Id=4349,"Sensor Faucets, SNR-BLM-15017PMPK, Black Matt"
Faucets,Sensor Faucets,4349,Tall Boy Sensor Faucet,Variant,4223,Tall Boy Sensor Faucet - Graphite,SNR-GRF-15017PMPK,Graphite,https://www.jaquar.com/images/thumbs/0060302_tall-boy-sensor-faucet-graphite_960.jpeg,22500.00,"Opal Prime Tall Boy Sensor Faucet for Wash Basin with Pre-mixed Water Supply Kit (Battery Operated)
",https://www.jaquar.com/en/opal-prime-tall-boy-sensor-faucet-copy-2?Id=4349,"Sensor Faucets, SNR-GRF-15017PMPK, Graphite"
Faucets,Sensor Faucets,4349,Tall Boy Sensor Faucet,Variant,4223,Tall Boy Sensor Faucet - Stainless Steel,SNR-SSF-15017PMPK,Stainless Steel,https://www.jaquar.com/images/thumbs/0060673_tall-boy-sensor-faucet-stainless-steel_960.jpeg,22500.00,"Opal Prime Tall Boy Sensor Faucet for Wash Basin with Pre-mixed Water Supply Kit (Battery Operated)
",https://www.jaquar.com/en/opal-prime-tall-boy-sensor-faucet-copy-2?Id=4349,"Sensor Faucets, SNR-SSF-15017PMPK, Stainless Steel"
Faucets,Sensor Faucets,4350,Tall Boy Sensor Faucet,Parent,4223,Tall Boy Sensor Faucet - Chrome,SNR-CHR-15017PMPK,Chrome,https://www.jaquar.com/images/thumbs/0060195_tall-boy-sensor-faucet-chrome_960.jpeg,13350.00,"Opal Prime Tall Boy Sensor Faucet for Wash Basin with Pre-mixed Water Supply Kit (Battery Operated)
",https://www.jaquar.com/en/opal-prime-tall-boy-sensor-faucet-copy-2?Id=4350,"Sensor Faucets, SNR-CHR-15017PMPK, Chrome"
Faucets,Sensor Faucets,4350,Tall Boy Sensor Faucet,Variant,4223,Tall Boy Sensor Faucet - Antique Bronze,SNR-ABR-15017PMPK,Antique Bronze,https://www.jaquar.com/images/thumbs/0052956_tall-boy-sensor-faucet-antique-bronze_960.jpeg,22500.00,"Opal Prime Tall Boy Sensor Faucet for Wash Basin with Pre-mixed Water Supply Kit (Battery Operated)
",https://www.jaquar.com/en/opal-prime-tall-boy-sensor-faucet-copy-2?Id=4350,"Sensor Faucets, SNR-ABR-15017PMPK, Antique Bronze"
Faucets,Sensor Faucets,4350,Tall Boy Sensor Faucet,Variant,4223,Tall Boy Sensor Faucet - Antique Copper,SNR-ACR-15017PMPK,Antique Copper,https://www.jaquar.com/images/thumbs/0053913_tall-boy-sensor-faucet-antique-copper_960.jpeg,22500.00,"Opal Prime Tall Boy Sensor Faucet for Wash Basin with Pre-mixed Water Supply Kit (Battery Operated)
",https://www.jaquar.com/en/opal-prime-tall-boy-sensor-faucet-copy-2?Id=4350,"Sensor Faucets, SNR-ACR-15017PMPK, Antique Copper"
Faucets,Sensor Faucets,4350,Tall Boy Sensor Faucet,Variant,4223,Tall Boy Sensor Faucet - Black Chrome,SNR-BCH-15017PMPK,Black Chrome,https://www.jaquar.com/images/thumbs/0053842_tall-boy-sensor-faucet-black-chrome_960.jpeg,19700.00,"Opal Prime Tall Boy Sensor Faucet for Wash Basin with Pre-mixed Water Supply Kit (Battery Operated)
",https://www.jaquar.com/en/opal-prime-tall-boy-sensor-faucet-copy-2?Id=4350,"Sensor Faucets, SNR-BCH-15017PMPK, Black Chrome"
Faucets,Sensor Faucets,4350,Tall Boy Sensor Faucet,Variant,4223,Tall Boy Sensor Faucet - Black Matt,SNR-BLM-15017PMPK,Black Matt,https://www.jaquar.com/images/thumbs/0052613_tall-boy-sensor-faucet-black-matt_960.jpeg,19700.00,"Opal Prime Tall Boy Sensor Faucet for Wash Basin with Pre-mixed Water Supply Kit (Battery Operated)
",https://www.jaquar.com/en/opal-prime-tall-boy-sensor-faucet-copy-2?Id=4350,"Sensor Faucets, SNR-BLM-15017PMPK, Black Matt"
Faucets,Sensor Faucets,4350,Tall Boy Sensor Faucet,Variant,4223,Tall Boy Sensor Faucet - Graphite,SNR-GRF-15017PMPK,Graphite,https://www.jaquar.com/images/thumbs/0060302_tall-boy-sensor-faucet-graphite_960.jpeg,22500.00,"Opal Prime Tall Boy Sensor Faucet for Wash Basin with Pre-mixed Water Supply Kit (Battery Operated)
",https://www.jaquar.com/en/opal-prime-tall-boy-sensor-faucet-copy-2?Id=4350,"Sensor Faucets, SNR-GRF-15017PMPK, Graphite"
Faucets,Sensor Faucets,4350,Tall Boy Sensor Faucet,Variant,4223,Tall Boy Sensor Faucet - Stainless Steel,SNR-SSF-15017PMPK,Stainless Steel,https://www.jaquar.com/images/thumbs/0060673_tall-boy-sensor-faucet-stainless-steel_960.jpeg,22500.00,"Opal Prime Tall Boy Sensor Faucet for Wash Basin with Pre-mixed Water Supply Kit (Battery Operated)
",https://www.jaquar.com/en/opal-prime-tall-boy-sensor-faucet-copy-2?Id=4350,"Sensor Faucets, SNR-SSF-15017PMPK, Stainless Steel"
Faucets,Sensor Faucets,4351,Tall Boy Sensor Faucet,Parent,4223,Tall Boy Sensor Faucet - Chrome,SNR-CHR-15017PMPK,Chrome,https://www.jaquar.com/images/thumbs/0060195_tall-boy-sensor-faucet-chrome_960.jpeg,13350.00,"Opal Prime Tall Boy Sensor Faucet for Wash Basin with Pre-mixed Water Supply Kit (Battery Operated)
",https://www.jaquar.com/en/opal-prime-tall-boy-sensor-faucet-copy-2?Id=4351,"Sensor Faucets, SNR-CHR-15017PMPK, Chrome"
Faucets,Sensor Faucets,4351,Tall Boy Sensor Faucet,Variant,4223,Tall Boy Sensor Faucet - Antique Bronze,SNR-ABR-15017PMPK,Antique Bronze,https://www.jaquar.com/images/thumbs/0052956_tall-boy-sensor-faucet-antique-bronze_960.jpeg,22500.00,"Opal Prime Tall Boy Sensor Faucet for Wash Basin with Pre-mixed Water Supply Kit (Battery Operated)
",https://www.jaquar.com/en/opal-prime-tall-boy-sensor-faucet-copy-2?Id=4351,"Sensor Faucets, SNR-ABR-15017PMPK, Antique Bronze"
Faucets,Sensor Faucets,4351,Tall Boy Sensor Faucet,Variant,4223,Tall Boy Sensor Faucet - Antique Copper,SNR-ACR-15017PMPK,Antique Copper,https://www.jaquar.com/images/thumbs/0053913_tall-boy-sensor-faucet-antique-copper_960.jpeg,22500.00,"Opal Prime Tall Boy Sensor Faucet for Wash Basin with Pre-mixed Water Supply Kit (Battery Operated)
",https://www.jaquar.com/en/opal-prime-tall-boy-sensor-faucet-copy-2?Id=4351,"Sensor Faucets, SNR-ACR-15017PMPK, Antique Copper"
Faucets,Sensor Faucets,4351,Tall Boy Sensor Faucet,Variant,4223,Tall Boy Sensor Faucet - Black Chrome,SNR-BCH-15017PMPK,Black Chrome,https://www.jaquar.com/images/thumbs/0053842_tall-boy-sensor-faucet-black-chrome_960.jpeg,19700.00,"Opal Prime Tall Boy Sensor Faucet for Wash Basin with Pre-mixed Water Supply Kit (Battery Operated)
",https://www.jaquar.com/en/opal-prime-tall-boy-sensor-faucet-copy-2?Id=4351,"Sensor Faucets, SNR-BCH-15017PMPK, Black Chrome"
Faucets,Sensor Faucets,4351,Tall Boy Sensor Faucet,Variant,4223,Tall Boy Sensor Faucet - Black Matt,SNR-BLM-15017PMPK,Black Matt,https://www.jaquar.com/images/thumbs/0052613_tall-boy-sensor-faucet-black-matt_960.jpeg,19700.00,"Opal Prime Tall Boy Sensor Faucet for Wash Basin with Pre-mixed Water Supply Kit (Battery Operated)
",https://www.jaquar.com/en/opal-prime-tall-boy-sensor-faucet-copy-2?Id=4351,"Sensor Faucets, SNR-BLM-15017PMPK, Black Matt"
Faucets,Sensor Faucets,4351,Tall Boy Sensor Faucet,Variant,4223,Tall Boy Sensor Faucet - Graphite,SNR-GRF-15017PMPK,Graphite,https://www.jaquar.com/images/thumbs/0060302_tall-boy-sensor-faucet-graphite_960.jpeg,22500.00,"Opal Prime Tall Boy Sensor Faucet for Wash Basin with Pre-mixed Water Supply Kit (Battery Operated)
",https://www.jaquar.com/en/opal-prime-tall-boy-sensor-faucet-copy-2?Id=4351,"Sensor Faucets, SNR-GRF-15017PMPK, Graphite"
Faucets,Sensor Faucets,4351,Tall Boy Sensor Faucet,Variant,4223,Tall Boy Sensor Faucet - Stainless Steel,SNR-SSF-15017PMPK,Stainless Steel,https://www.jaquar.com/images/thumbs/0060673_tall-boy-sensor-faucet-stainless-steel_960.jpeg,22500.00,"Opal Prime Tall Boy Sensor Faucet for Wash Basin with Pre-mixed Water Supply Kit (Battery Operated)
",https://www.jaquar.com/en/opal-prime-tall-boy-sensor-faucet-copy-2?Id=4351,"Sensor Faucets, SNR-SSF-15017PMPK, Stainless Steel"
Faucets,Sensor Faucets,4347,Tall Boy Sensor Faucet,Parent,4223,Tall Boy Sensor Faucet - Chrome,SNR-CHR-15017PMPK,Chrome,https://www.jaquar.com/images/thumbs/0060195_tall-boy-sensor-faucet-chrome_960.jpeg,13350.00,"Opal Prime Tall Boy Sensor Faucet for Wash Basin with Pre-mixed Water Supply Kit (Battery Operated)
",https://www.jaquar.com/en/opal-prime-tall-boy-sensor-faucet-copy-2?Id=4347,"Sensor Faucets, SNR-CHR-15017PMPK, Chrome"
Faucets,Sensor Faucets,4347,Tall Boy Sensor Faucet,Variant,4223,Tall Boy Sensor Faucet - Antique Bronze,SNR-ABR-15017PMPK,Antique Bronze,https://www.jaquar.com/images/thumbs/0052956_tall-boy-sensor-faucet-antique-bronze_960.jpeg,22500.00,"Opal Prime Tall Boy Sensor Faucet for Wash Basin with Pre-mixed Water Supply Kit (Battery Operated)
",https://www.jaquar.com/en/opal-prime-tall-boy-sensor-faucet-copy-2?Id=4347,"Sensor Faucets, SNR-ABR-15017PMPK, Antique Bronze"
Faucets,Sensor Faucets,4347,Tall Boy Sensor Faucet,Variant,4223,Tall Boy Sensor Faucet - Antique Copper,SNR-ACR-15017PMPK,Antique Copper,https://www.jaquar.com/images/thumbs/0053913_tall-boy-sensor-faucet-antique-copper_960.jpeg,22500.00,"Opal Prime Tall Boy Sensor Faucet for Wash Basin with Pre-mixed Water Supply Kit (Battery Operated)
",https://www.jaquar.com/en/opal-prime-tall-boy-sensor-faucet-copy-2?Id=4347,"Sensor Faucets, SNR-ACR-15017PMPK, Antique Copper"
Faucets,Sensor Faucets,4347,Tall Boy Sensor Faucet,Variant,4223,Tall Boy Sensor Faucet - Black Chrome,SNR-BCH-15017PMPK,Black Chrome,https://www.jaquar.com/images/thumbs/0053842_tall-boy-sensor-faucet-black-chrome_960.jpeg,19700.00,"Opal Prime Tall Boy Sensor Faucet for Wash Basin with Pre-mixed Water Supply Kit (Battery Operated)
",https://www.jaquar.com/en/opal-prime-tall-boy-sensor-faucet-copy-2?Id=4347,"Sensor Faucets, SNR-BCH-15017PMPK, Black Chrome"
Faucets,Sensor Faucets,4347,Tall Boy Sensor Faucet,Variant,4223,Tall Boy Sensor Faucet - Black Matt,SNR-BLM-15017PMPK,Black Matt,https://www.jaquar.com/images/thumbs/0052613_tall-boy-sensor-faucet-black-matt_960.jpeg,19700.00,"Opal Prime Tall Boy Sensor Faucet for Wash Basin with Pre-mixed Water Supply Kit (Battery Operated)
",https://www.jaquar.com/en/opal-prime-tall-boy-sensor-faucet-copy-2?Id=4347,"Sensor Faucets, SNR-BLM-15017PMPK, Black Matt"
Faucets,Sensor Faucets,4347,Tall Boy Sensor Faucet,Variant,4223,Tall Boy Sensor Faucet - Graphite,SNR-GRF-15017PMPK,Graphite,https://www.jaquar.com/images/thumbs/0060302_tall-boy-sensor-faucet-graphite_960.jpeg,22500.00,"Opal Prime Tall Boy Sensor Faucet for Wash Basin with Pre-mixed Water Supply Kit (Battery Operated)
",https://www.jaquar.com/en/opal-prime-tall-boy-sensor-faucet-copy-2?Id=4347,"Sensor Faucets, SNR-GRF-15017PMPK, Graphite"
Faucets,Sensor Faucets,4347,Tall Boy Sensor Faucet,Variant,4223,Tall Boy Sensor Faucet - Stainless Steel,SNR-SSF-15017PMPK,Stainless Steel,https://www.jaquar.com/images/thumbs/0060673_tall-boy-sensor-faucet-stainless-steel_960.jpeg,22500.00,"Opal Prime Tall Boy Sensor Faucet for Wash Basin with Pre-mixed Water Supply Kit (Battery Operated)
",https://www.jaquar.com/en/opal-prime-tall-boy-sensor-faucet-copy-2?Id=4347,"Sensor Faucets, SNR-SSF-15017PMPK, Stainless Steel"
Faucets,Sensor Faucets,4354,Tall Boy Sensor Faucet,Parent,4223,Tall Boy Sensor Faucet - Chrome,SNR-CHR-15017PMPK,Chrome,https://www.jaquar.com/images/thumbs/0060195_tall-boy-sensor-faucet-chrome_960.jpeg,13350.00,"Opal Prime Tall Boy Sensor Faucet for Wash Basin with Pre-mixed Water Supply Kit (Battery Operated)
",https://www.jaquar.com/en/opal-prime-tall-boy-sensor-faucet-copy-2?Id=4354,"Sensor Faucets, SNR-CHR-15017PMPK, Chrome"
Faucets,Sensor Faucets,4354,Tall Boy Sensor Faucet,Variant,4223,Tall Boy Sensor Faucet - Antique Bronze,SNR-ABR-15017PMPK,Antique Bronze,https://www.jaquar.com/images/thumbs/0052956_tall-boy-sensor-faucet-antique-bronze_960.jpeg,22500.00,"Opal Prime Tall Boy Sensor Faucet for Wash Basin with Pre-mixed Water Supply Kit (Battery Operated)
",https://www.jaquar.com/en/opal-prime-tall-boy-sensor-faucet-copy-2?Id=4354,"Sensor Faucets, SNR-ABR-15017PMPK, Antique Bronze"
Faucets,Sensor Faucets,4354,Tall Boy Sensor Faucet,Variant,4223,Tall Boy Sensor Faucet - Antique Copper,SNR-ACR-15017PMPK,Antique Copper,https://www.jaquar.com/images/thumbs/0053913_tall-boy-sensor-faucet-antique-copper_960.jpeg,22500.00,"Opal Prime Tall Boy Sensor Faucet for Wash Basin with Pre-mixed Water Supply Kit (Battery Operated)
",https://www.jaquar.com/en/opal-prime-tall-boy-sensor-faucet-copy-2?Id=4354,"Sensor Faucets, SNR-ACR-15017PMPK, Antique Copper"
Faucets,Sensor Faucets,4354,Tall Boy Sensor Faucet,Variant,4223,Tall Boy Sensor Faucet - Black Chrome,SNR-BCH-15017PMPK,Black Chrome,https://www.jaquar.com/images/thumbs/0053842_tall-boy-sensor-faucet-black-chrome_960.jpeg,19700.00,"Opal Prime Tall Boy Sensor Faucet for Wash Basin with Pre-mixed Water Supply Kit (Battery Operated)
",https://www.jaquar.com/en/opal-prime-tall-boy-sensor-faucet-copy-2?Id=4354,"Sensor Faucets, SNR-BCH-15017PMPK, Black Chrome"
Faucets,Sensor Faucets,4354,Tall Boy Sensor Faucet,Variant,4223,Tall Boy Sensor Faucet - Black Matt,SNR-BLM-15017PMPK,Black Matt,https://www.jaquar.com/images/thumbs/0052613_tall-boy-sensor-faucet-black-matt_960.jpeg,19700.00,"Opal Prime Tall Boy Sensor Faucet for Wash Basin with Pre-mixed Water Supply Kit (Battery Operated)
",https://www.jaquar.com/en/opal-prime-tall-boy-sensor-faucet-copy-2?Id=4354,"Sensor Faucets, SNR-BLM-15017PMPK, Black Matt"
Faucets,Sensor Faucets,4354,Tall Boy Sensor Faucet,Variant,4223,Tall Boy Sensor Faucet - Graphite,SNR-GRF-15017PMPK,Graphite,https://www.jaquar.com/images/thumbs/0060302_tall-boy-sensor-faucet-graphite_960.jpeg,22500.00,"Opal Prime Tall Boy Sensor Faucet for Wash Basin with Pre-mixed Water Supply Kit (Battery Operated)
",https://www.jaquar.com/en/opal-prime-tall-boy-sensor-faucet-copy-2?Id=4354,"Sensor Faucets, SNR-GRF-15017PMPK, Graphite"
Faucets,Sensor Faucets,4354,Tall Boy Sensor Faucet,Variant,4223,Tall Boy Sensor Faucet - Stainless Steel,SNR-SSF-15017PMPK,Stainless Steel,https://www.jaquar.com/images/thumbs/0060673_tall-boy-sensor-faucet-stainless-steel_960.jpeg,22500.00,"Opal Prime Tall Boy Sensor Faucet for Wash Basin with Pre-mixed Water Supply Kit (Battery Operated)
",https://www.jaquar.com/en/opal-prime-tall-boy-sensor-faucet-copy-2?Id=4354,"Sensor Faucets, SNR-SSF-15017PMPK, Stainless Steel"
Faucets,Sensor Faucets,4355,Tall Boy Sensor Faucet,Parent,4223,Tall Boy Sensor Faucet - Chrome,SNR-CHR-15017PMPK,Chrome,https://www.jaquar.com/images/thumbs/0060195_tall-boy-sensor-faucet-chrome_960.jpeg,13350.00,"Opal Prime Tall Boy Sensor Faucet for Wash Basin with Pre-mixed Water Supply Kit (Battery Operated)
",https://www.jaquar.com/en/opal-prime-tall-boy-sensor-faucet-copy-2?Id=4355,"Sensor Faucets, SNR-CHR-15017PMPK, Chrome"
Faucets,Sensor Faucets,4355,Tall Boy Sensor Faucet,Variant,4223,Tall Boy Sensor Faucet - Antique Bronze,SNR-ABR-15017PMPK,Antique Bronze,https://www.jaquar.com/images/thumbs/0052956_tall-boy-sensor-faucet-antique-bronze_960.jpeg,22500.00,"Opal Prime Tall Boy Sensor Faucet for Wash Basin with Pre-mixed Water Supply Kit (Battery Operated)
",https://www.jaquar.com/en/opal-prime-tall-boy-sensor-faucet-copy-2?Id=4355,"Sensor Faucets, SNR-ABR-15017PMPK, Antique Bronze"
Faucets,Sensor Faucets,4355,Tall Boy Sensor Faucet,Variant,4223,Tall Boy Sensor Faucet - Antique Copper,SNR-ACR-15017PMPK,Antique Copper,https://www.jaquar.com/images/thumbs/0053913_tall-boy-sensor-faucet-antique-copper_960.jpeg,22500.00,"Opal Prime Tall Boy Sensor Faucet for Wash Basin with Pre-mixed Water Supply Kit (Battery Operated)
",https://www.jaquar.com/en/opal-prime-tall-boy-sensor-faucet-copy-2?Id=4355,"Sensor Faucets, SNR-ACR-15017PMPK, Antique Copper"
Faucets,Sensor Faucets,4355,Tall Boy Sensor Faucet,Variant,4223,Tall Boy Sensor Faucet - Black Chrome,SNR-BCH-15017PMPK,Black Chrome,https://www.jaquar.com/images/thumbs/0053842_tall-boy-sensor-faucet-black-chrome_960.jpeg,19700.00,"Opal Prime Tall Boy Sensor Faucet for Wash Basin with Pre-mixed Water Supply Kit (Battery Operated)
",https://www.jaquar.com/en/opal-prime-tall-boy-sensor-faucet-copy-2?Id=4355,"Sensor Faucets, SNR-BCH-15017PMPK, Black Chrome"
Faucets,Sensor Faucets,4355,Tall Boy Sensor Faucet,Variant,4223,Tall Boy Sensor Faucet - Black Matt,SNR-BLM-15017PMPK,Black Matt,https://www.jaquar.com/images/thumbs/0052613_tall-boy-sensor-faucet-black-matt_960.jpeg,19700.00,"Opal Prime Tall Boy Sensor Faucet for Wash Basin with Pre-mixed Water Supply Kit (Battery Operated)
",https://www.jaquar.com/en/opal-prime-tall-boy-sensor-faucet-copy-2?Id=4355,"Sensor Faucets, SNR-BLM-15017PMPK, Black Matt"
Faucets,Sensor Faucets,4355,Tall Boy Sensor Faucet,Variant,4223,Tall Boy Sensor Faucet - Graphite,SNR-GRF-15017PMPK,Graphite,https://www.jaquar.com/images/thumbs/0060302_tall-boy-sensor-faucet-graphite_960.jpeg,22500.00,"Opal Prime Tall Boy Sensor Faucet for Wash Basin with Pre-mixed Water Supply Kit (Battery Operated)
",https://www.jaquar.com/en/opal-prime-tall-boy-sensor-faucet-copy-2?Id=4355,"Sensor Faucets, SNR-GRF-15017PMPK, Graphite"
Faucets,Sensor Faucets,4355,Tall Boy Sensor Faucet,Variant,4223,Tall Boy Sensor Faucet - Stainless Steel,SNR-SSF-15017PMPK,Stainless Steel,https://www.jaquar.com/images/thumbs/0060673_tall-boy-sensor-faucet-stainless-steel_960.jpeg,22500.00,"Opal Prime Tall Boy Sensor Faucet for Wash Basin with Pre-mixed Water Supply Kit (Battery Operated)
",https://www.jaquar.com/en/opal-prime-tall-boy-sensor-faucet-copy-2?Id=4355,"Sensor Faucets, SNR-SSF-15017PMPK, Stainless Steel"
Faucets,Sensor Faucets,1515,Sensor Flushing Valve for Urinal,Parent,1515,Sensor Flushing Valve for Urinal,SNR-CHR-51097,Chrome,https://www.jaquar.com/images/thumbs/0009030_sensor-flushing-valve-for-urinal_960.jpeg,10600.00,"Sensor Flushing Valve for Urinal with Complete Kit (Battery Operated) (Suitable For Urinal URS-WHT-13255)
",https://www.jaquar.com/en/sensotronic-urinal-sensor?Id=1515,"Sensor Faucets, SNR-CHR-51097, Chrome"
Faucets,Sensor Faucets,371,Sensor Concealed Type Flushing Valve,Parent,371,Sensor Concealed Type Flushing Valve,SNR-STL-51087,,https://www.jaquar.com/images/thumbs/0009034_sensor-concealed-type-flushing-valve_960.jpeg,,Sensor Concealed Type Flushing Valve for Urinal Complete Set with Installation Box with Control Cock (Battery Operated),https://www.jaquar.com/en/sensotronic-urinal-sensor-with-control-cock?Id=371,"Sensor Faucets, SNR-STL-51087"
Faucets,Sensor Faucets,11042,Concealed Installation Box for Urinal Sensor,Parent,11042,Concealed Installation Box for Urinal Sensor,SNR-CHR-51085C,,https://www.jaquar.com/images/thumbs/0051884_concealed-installation-box-for-urinal-sensor_960.jpeg,,Concealed Installation Box for Urinal Sensor Consisting of Solenoid Valve with Control Valve (But without Exposed Part Kit),https://www.jaquar.com/en/concealed-installation-box?Id=11042,"Sensor Faucets, SNR-CHR-51085C"
Faucets,Sensor Faucets,11317,Exposed Part Kit of Urinal Sensor,Parent,11043,Exposed Part Kit of Urinal Sensor - Chrome,SNR-CHR-51085K,Chrome ,https://www.jaquar.com/images/thumbs/0053928_exposed-part-kit-of-urinal-sensor-chrome_960.jpeg,6200.00,"Exposed Part Kit of Urinal Sensor Consisting of Wall Flange with Sensor Eye & (4 X 1.5V AA) Batteries (Compatible with SNR-51085C)

",https://www.jaquar.com/en/exposed-part-kit-of-urinal-sensor?Id=11317,"Sensor Faucets, SNR-CHR-51085K, Chrome "
Faucets,Sensor Faucets,11317,Exposed Part Kit of Urinal Sensor,Variant,11043,Exposed Part Kit of Urinal Sensor - Antique Bronze,SNR-ABR-51085K,Antique Bronze,https://www.jaquar.com/images/thumbs/0053929_exposed-part-kit-of-urinal-sensor-antique-bronze_960.jpeg,10400.00,"Exposed Part Kit of Urinal Sensor Consisting of Wall Flange with Sensor Eye & (4 X 1.5V AA) Batteries (Compatible with SNR-51085C)

",https://www.jaquar.com/en/exposed-part-kit-of-urinal-sensor?Id=11317,"Sensor Faucets, SNR-ABR-51085K, Antique Bronze"
Faucets,Sensor Faucets,11317,Exposed Part Kit of Urinal Sensor,Variant,11043,Exposed Part Kit of Urinal Sensor - Antique Copper,SNR-ACR-51085K,Antique Copper,https://www.jaquar.com/images/thumbs/0053930_exposed-part-kit-of-urinal-sensor-antique-copper_960.jpeg,10400.00,"Exposed Part Kit of Urinal Sensor Consisting of Wall Flange with Sensor Eye & (4 X 1.5V AA) Batteries (Compatible with SNR-51085C)

",https://www.jaquar.com/en/exposed-part-kit-of-urinal-sensor?Id=11317,"Sensor Faucets, SNR-ACR-51085K, Antique Copper"
Faucets,Sensor Faucets,11317,Exposed Part Kit of Urinal Sensor,Variant,11043,Exposed Part Kit of Urinal Sensor - Black Chrome,SNR-BCH-51085K,Black Chrome,https://www.jaquar.com/images/thumbs/0053931_exposed-part-kit-of-urinal-sensor-black-chrome_960.jpeg,9150.00,"Exposed Part Kit of Urinal Sensor Consisting of Wall Flange with Sensor Eye & (4 X 1.5V AA) Batteries (Compatible with SNR-51085C)

",https://www.jaquar.com/en/exposed-part-kit-of-urinal-sensor?Id=11317,"Sensor Faucets, SNR-BCH-51085K, Black Chrome"
Faucets,Sensor Faucets,11317,Exposed Part Kit of Urinal Sensor,Variant,11043,Exposed Part Kit of Urinal Sensor - Blush Gold Bright PVD,SNR-BGP-51085K,Blush Gold PVD,https://www.jaquar.com/images/thumbs/0056006_exposed-part-kit-of-urinal-sensor-blush-gold-pvd_960.jpeg,9450.00,"Exposed Part Kit of Urinal Sensor Consisting of Wall Flange with Sensor Eye & (4 X 1.5V AA) Batteries (Compatible with SNR-51085C)

",https://www.jaquar.com/en/exposed-part-kit-of-urinal-sensor?Id=11317,"Sensor Faucets, SNR-BGP-51085K, Blush Gold PVD"
Faucets,Sensor Faucets,11317,Exposed Part Kit of Urinal Sensor,Variant,11043,Exposed Part Kit of Urinal Sensor - Black Matt,SNR-BLM-51085K,Black Matt,https://www.jaquar.com/images/thumbs/0053933_exposed-part-kit-of-urinal-sensor-black-matt_960.jpeg,9150.00,"Exposed Part Kit of Urinal Sensor Consisting of Wall Flange with Sensor Eye & (4 X 1.5V AA) Batteries (Compatible with SNR-51085C)

",https://www.jaquar.com/en/exposed-part-kit-of-urinal-sensor?Id=11317,"Sensor Faucets, SNR-BLM-51085K, Black Matt"
Faucets,Sensor Faucets,11317,Exposed Part Kit of Urinal Sensor,Variant,11043,Exposed Part Kit of Urinal Sensor - Gold Bright PVD,SNR-GBP-51085K,Gold Bright PVD,https://www.jaquar.com/images/thumbs/0055893_exposed-part-kit-of-urinal-sensor-gold-bright-pvd_960.jpeg,10800.00,"Exposed Part Kit of Urinal Sensor Consisting of Wall Flange with Sensor Eye & (4 X 1.5V AA) Batteries (Compatible with SNR-51085C)

",https://www.jaquar.com/en/exposed-part-kit-of-urinal-sensor?Id=11317,"Sensor Faucets, SNR-GBP-51085K, Gold Bright PVD"
Faucets,Sensor Faucets,11317,Exposed Part Kit of Urinal Sensor,Variant,11043,Exposed Part Kit of Urinal Sensor - Gold Matt PVD,SNR-GMP-51085K,Gold Matt PVD,https://www.jaquar.com/images/thumbs/0055683_exposed-part-kit-of-urinal-sensor-gold-matt-pvd_960.jpeg,10800.00,"Exposed Part Kit of Urinal Sensor Consisting of Wall Flange with Sensor Eye & (4 X 1.5V AA) Batteries (Compatible with SNR-51085C)

",https://www.jaquar.com/en/exposed-part-kit-of-urinal-sensor?Id=11317,"Sensor Faucets, SNR-GMP-51085K, Gold Matt PVD"
Faucets,Sensor Faucets,11317,Exposed Part Kit of Urinal Sensor,Variant,11043,Exposed Part Kit of Urinal Sensor - Graphite,SNR-GRF-51085K,Graphite,https://www.jaquar.com/images/thumbs/0053938_exposed-part-kit-of-urinal-sensor-graphite_960.jpeg,10400.00,"Exposed Part Kit of Urinal Sensor Consisting of Wall Flange with Sensor Eye & (4 X 1.5V AA) Batteries (Compatible with SNR-51085C)

",https://www.jaquar.com/en/exposed-part-kit-of-urinal-sensor?Id=11317,"Sensor Faucets, SNR-GRF-51085K, Graphite"
Faucets,Sensor Faucets,11317,Exposed Part Kit of Urinal Sensor,Variant,11043,Exposed Part Kit of Urinal Sensor - Stainless Steel,SNR-SSF-51085K,Stainless Steel,https://www.jaquar.com/images/thumbs/0053939_exposed-part-kit-of-urinal-sensor-stainless-steel_960.jpeg,10400.00,"Exposed Part Kit of Urinal Sensor Consisting of Wall Flange with Sensor Eye & (4 X 1.5V AA) Batteries (Compatible with SNR-51085C)

",https://www.jaquar.com/en/exposed-part-kit-of-urinal-sensor?Id=11317,"Sensor Faucets, SNR-SSF-51085K, Stainless Steel"
Faucets,Sensor Faucets,11318,Exposed Part Kit of Urinal Sensor,Parent,11043,Exposed Part Kit of Urinal Sensor - Chrome,SNR-CHR-51085K,Chrome ,https://www.jaquar.com/images/thumbs/0053928_exposed-part-kit-of-urinal-sensor-chrome_960.jpeg,6200.00,"Exposed Part Kit of Urinal Sensor Consisting of Wall Flange with Sensor Eye & (4 X 1.5V AA) Batteries (Compatible with SNR-51085C)

",https://www.jaquar.com/en/exposed-part-kit-of-urinal-sensor?Id=11318,"Sensor Faucets, SNR-CHR-51085K, Chrome "
Faucets,Sensor Faucets,11318,Exposed Part Kit of Urinal Sensor,Variant,11043,Exposed Part Kit of Urinal Sensor - Antique Bronze,SNR-ABR-51085K,Antique Bronze,https://www.jaquar.com/images/thumbs/0053929_exposed-part-kit-of-urinal-sensor-antique-bronze_960.jpeg,10400.00,"Exposed Part Kit of Urinal Sensor Consisting of Wall Flange with Sensor Eye & (4 X 1.5V AA) Batteries (Compatible with SNR-51085C)

",https://www.jaquar.com/en/exposed-part-kit-of-urinal-sensor?Id=11318,"Sensor Faucets, SNR-ABR-51085K, Antique Bronze"
Faucets,Sensor Faucets,11318,Exposed Part Kit of Urinal Sensor,Variant,11043,Exposed Part Kit of Urinal Sensor - Antique Copper,SNR-ACR-51085K,Antique Copper,https://www.jaquar.com/images/thumbs/0053930_exposed-part-kit-of-urinal-sensor-antique-copper_960.jpeg,10400.00,"Exposed Part Kit of Urinal Sensor Consisting of Wall Flange with Sensor Eye & (4 X 1.5V AA) Batteries (Compatible with SNR-51085C)

",https://www.jaquar.com/en/exposed-part-kit-of-urinal-sensor?Id=11318,"Sensor Faucets, SNR-ACR-51085K, Antique Copper"
Faucets,Sensor Faucets,11318,Exposed Part Kit of Urinal Sensor,Variant,11043,Exposed Part Kit of Urinal Sensor - Black Chrome,SNR-BCH-51085K,Black Chrome,https://www.jaquar.com/images/thumbs/0053931_exposed-part-kit-of-urinal-sensor-black-chrome_960.jpeg,9150.00,"Exposed Part Kit of Urinal Sensor Consisting of Wall Flange with Sensor Eye & (4 X 1.5V AA) Batteries (Compatible with SNR-51085C)

",https://www.jaquar.com/en/exposed-part-kit-of-urinal-sensor?Id=11318,"Sensor Faucets, SNR-BCH-51085K, Black Chrome"
Faucets,Sensor Faucets,11318,Exposed Part Kit of Urinal Sensor,Variant,11043,Exposed Part Kit of Urinal Sensor - Blush Gold Bright PVD,SNR-BGP-51085K,Blush Gold PVD,https://www.jaquar.com/images/thumbs/0056006_exposed-part-kit-of-urinal-sensor-blush-gold-pvd_960.jpeg,9450.00,"Exposed Part Kit of Urinal Sensor Consisting of Wall Flange with Sensor Eye & (4 X 1.5V AA) Batteries (Compatible with SNR-51085C)

",https://www.jaquar.com/en/exposed-part-kit-of-urinal-sensor?Id=11318,"Sensor Faucets, SNR-BGP-51085K, Blush Gold PVD"
Faucets,Sensor Faucets,11318,Exposed Part Kit of Urinal Sensor,Variant,11043,Exposed Part Kit of Urinal Sensor - Black Matt,SNR-BLM-51085K,Black Matt,https://www.jaquar.com/images/thumbs/0053933_exposed-part-kit-of-urinal-sensor-black-matt_960.jpeg,9150.00,"Exposed Part Kit of Urinal Sensor Consisting of Wall Flange with Sensor Eye & (4 X 1.5V AA) Batteries (Compatible with SNR-51085C)

",https://www.jaquar.com/en/exposed-part-kit-of-urinal-sensor?Id=11318,"Sensor Faucets, SNR-BLM-51085K, Black Matt"
Faucets,Sensor Faucets,11318,Exposed Part Kit of Urinal Sensor,Variant,11043,Exposed Part Kit of Urinal Sensor - Gold Bright PVD,SNR-GBP-51085K,Gold Bright PVD,https://www.jaquar.com/images/thumbs/0055893_exposed-part-kit-of-urinal-sensor-gold-bright-pvd_960.jpeg,10800.00,"Exposed Part Kit of Urinal Sensor Consisting of Wall Flange with Sensor Eye & (4 X 1.5V AA) Batteries (Compatible with SNR-51085C)

",https://www.jaquar.com/en/exposed-part-kit-of-urinal-sensor?Id=11318,"Sensor Faucets, SNR-GBP-51085K, Gold Bright PVD"
Faucets,Sensor Faucets,11318,Exposed Part Kit of Urinal Sensor,Variant,11043,Exposed Part Kit of Urinal Sensor - Gold Matt PVD,SNR-GMP-51085K,Gold Matt PVD,https://www.jaquar.com/images/thumbs/0055683_exposed-part-kit-of-urinal-sensor-gold-matt-pvd_960.jpeg,10800.00,"Exposed Part Kit of Urinal Sensor Consisting of Wall Flange with Sensor Eye & (4 X 1.5V AA) Batteries (Compatible with SNR-51085C)

",https://www.jaquar.com/en/exposed-part-kit-of-urinal-sensor?Id=11318,"Sensor Faucets, SNR-GMP-51085K, Gold Matt PVD"
Faucets,Sensor Faucets,11318,Exposed Part Kit of Urinal Sensor,Variant,11043,Exposed Part Kit of Urinal Sensor - Graphite,SNR-GRF-51085K,Graphite,https://www.jaquar.com/images/thumbs/0053938_exposed-part-kit-of-urinal-sensor-graphite_960.jpeg,10400.00,"Exposed Part Kit of Urinal Sensor Consisting of Wall Flange with Sensor Eye & (4 X 1.5V AA) Batteries (Compatible with SNR-51085C)

",https://www.jaquar.com/en/exposed-part-kit-of-urinal-sensor?Id=11318,"Sensor Faucets, SNR-GRF-51085K, Graphite"
Faucets,Sensor Faucets,11318,Exposed Part Kit of Urinal Sensor,Variant,11043,Exposed Part Kit of Urinal Sensor - Stainless Steel,SNR-SSF-51085K,Stainless Steel,https://www.jaquar.com/images/thumbs/0053939_exposed-part-kit-of-urinal-sensor-stainless-steel_960.jpeg,10400.00,"Exposed Part Kit of Urinal Sensor Consisting of Wall Flange with Sensor Eye & (4 X 1.5V AA) Batteries (Compatible with SNR-51085C)

",https://www.jaquar.com/en/exposed-part-kit-of-urinal-sensor?Id=11318,"Sensor Faucets, SNR-SSF-51085K, Stainless Steel"
Faucets,Sensor Faucets,11319,Exposed Part Kit of Urinal Sensor,Parent,11043,Exposed Part Kit of Urinal Sensor - Chrome,SNR-CHR-51085K,Chrome ,https://www.jaquar.com/images/thumbs/0053928_exposed-part-kit-of-urinal-sensor-chrome_960.jpeg,6200.00,"Exposed Part Kit of Urinal Sensor Consisting of Wall Flange with Sensor Eye & (4 X 1.5V AA) Batteries (Compatible with SNR-51085C)

",https://www.jaquar.com/en/exposed-part-kit-of-urinal-sensor?Id=11319,"Sensor Faucets, SNR-CHR-51085K, Chrome "
Faucets,Sensor Faucets,11319,Exposed Part Kit of Urinal Sensor,Variant,11043,Exposed Part Kit of Urinal Sensor - Antique Bronze,SNR-ABR-51085K,Antique Bronze,https://www.jaquar.com/images/thumbs/0053929_exposed-part-kit-of-urinal-sensor-antique-bronze_960.jpeg,10400.00,"Exposed Part Kit of Urinal Sensor Consisting of Wall Flange with Sensor Eye & (4 X 1.5V AA) Batteries (Compatible with SNR-51085C)

",https://www.jaquar.com/en/exposed-part-kit-of-urinal-sensor?Id=11319,"Sensor Faucets, SNR-ABR-51085K, Antique Bronze"
Faucets,Sensor Faucets,11319,Exposed Part Kit of Urinal Sensor,Variant,11043,Exposed Part Kit of Urinal Sensor - Antique Copper,SNR-ACR-51085K,Antique Copper,https://www.jaquar.com/images/thumbs/0053930_exposed-part-kit-of-urinal-sensor-antique-copper_960.jpeg,10400.00,"Exposed Part Kit of Urinal Sensor Consisting of Wall Flange with Sensor Eye & (4 X 1.5V AA) Batteries (Compatible with SNR-51085C)

",https://www.jaquar.com/en/exposed-part-kit-of-urinal-sensor?Id=11319,"Sensor Faucets, SNR-ACR-51085K, Antique Copper"
Faucets,Sensor Faucets,11319,Exposed Part Kit of Urinal Sensor,Variant,11043,Exposed Part Kit of Urinal Sensor - Black Chrome,SNR-BCH-51085K,Black Chrome,https://www.jaquar.com/images/thumbs/0053931_exposed-part-kit-of-urinal-sensor-black-chrome_960.jpeg,9150.00,"Exposed Part Kit of Urinal Sensor Consisting of Wall Flange with Sensor Eye & (4 X 1.5V AA) Batteries (Compatible with SNR-51085C)

",https://www.jaquar.com/en/exposed-part-kit-of-urinal-sensor?Id=11319,"Sensor Faucets, SNR-BCH-51085K, Black Chrome"
Faucets,Sensor Faucets,11319,Exposed Part Kit of Urinal Sensor,Variant,11043,Exposed Part Kit of Urinal Sensor - Blush Gold Bright PVD,SNR-BGP-51085K,Blush Gold PVD,https://www.jaquar.com/images/thumbs/0056006_exposed-part-kit-of-urinal-sensor-blush-gold-pvd_960.jpeg,9450.00,"Exposed Part Kit of Urinal Sensor Consisting of Wall Flange with Sensor Eye & (4 X 1.5V AA) Batteries (Compatible with SNR-51085C)

",https://www.jaquar.com/en/exposed-part-kit-of-urinal-sensor?Id=11319,"Sensor Faucets, SNR-BGP-51085K, Blush Gold PVD"
Faucets,Sensor Faucets,11319,Exposed Part Kit of Urinal Sensor,Variant,11043,Exposed Part Kit of Urinal Sensor - Black Matt,SNR-BLM-51085K,Black Matt,https://www.jaquar.com/images/thumbs/0053933_exposed-part-kit-of-urinal-sensor-black-matt_960.jpeg,9150.00,"Exposed Part Kit of Urinal Sensor Consisting of Wall Flange with Sensor Eye & (4 X 1.5V AA) Batteries (Compatible with SNR-51085C)

",https://www.jaquar.com/en/exposed-part-kit-of-urinal-sensor?Id=11319,"Sensor Faucets, SNR-BLM-51085K, Black Matt"
Faucets,Sensor Faucets,11319,Exposed Part Kit of Urinal Sensor,Variant,11043,Exposed Part Kit of Urinal Sensor - Gold Bright PVD,SNR-GBP-51085K,Gold Bright PVD,https://www.jaquar.com/images/thumbs/0055893_exposed-part-kit-of-urinal-sensor-gold-bright-pvd_960.jpeg,10800.00,"Exposed Part Kit of Urinal Sensor Consisting of Wall Flange with Sensor Eye & (4 X 1.5V AA) Batteries (Compatible with SNR-51085C)

",https://www.jaquar.com/en/exposed-part-kit-of-urinal-sensor?Id=11319,"Sensor Faucets, SNR-GBP-51085K, Gold Bright PVD"
Faucets,Sensor Faucets,11319,Exposed Part Kit of Urinal Sensor,Variant,11043,Exposed Part Kit of Urinal Sensor - Gold Matt PVD,SNR-GMP-51085K,Gold Matt PVD,https://www.jaquar.com/images/thumbs/0055683_exposed-part-kit-of-urinal-sensor-gold-matt-pvd_960.jpeg,10800.00,"Exposed Part Kit of Urinal Sensor Consisting of Wall Flange with Sensor Eye & (4 X 1.5V AA) Batteries (Compatible with SNR-51085C)

",https://www.jaquar.com/en/exposed-part-kit-of-urinal-sensor?Id=11319,"Sensor Faucets, SNR-GMP-51085K, Gold Matt PVD"
Faucets,Sensor Faucets,11319,Exposed Part Kit of Urinal Sensor,Variant,11043,Exposed Part Kit of Urinal Sensor - Graphite,SNR-GRF-51085K,Graphite,https://www.jaquar.com/images/thumbs/0053938_exposed-part-kit-of-urinal-sensor-graphite_960.jpeg,10400.00,"Exposed Part Kit of Urinal Sensor Consisting of Wall Flange with Sensor Eye & (4 X 1.5V AA) Batteries (Compatible with SNR-51085C)

",https://www.jaquar.com/en/exposed-part-kit-of-urinal-sensor?Id=11319,"Sensor Faucets, SNR-GRF-51085K, Graphite"
Faucets,Sensor Faucets,11319,Exposed Part Kit of Urinal Sensor,Variant,11043,Exposed Part Kit of Urinal Sensor - Stainless Steel,SNR-SSF-51085K,Stainless Steel,https://www.jaquar.com/images/thumbs/0053939_exposed-part-kit-of-urinal-sensor-stainless-steel_960.jpeg,10400.00,"Exposed Part Kit of Urinal Sensor Consisting of Wall Flange with Sensor Eye & (4 X 1.5V AA) Batteries (Compatible with SNR-51085C)

",https://www.jaquar.com/en/exposed-part-kit-of-urinal-sensor?Id=11319,"Sensor Faucets, SNR-SSF-51085K, Stainless Steel"
Faucets,Sensor Faucets,11321,Exposed Part Kit of Urinal Sensor,Parent,11043,Exposed Part Kit of Urinal Sensor - Chrome,SNR-CHR-51085K,Chrome ,https://www.jaquar.com/images/thumbs/0053928_exposed-part-kit-of-urinal-sensor-chrome_960.jpeg,6200.00,"Exposed Part Kit of Urinal Sensor Consisting of Wall Flange with Sensor Eye & (4 X 1.5V AA) Batteries (Compatible with SNR-51085C)

",https://www.jaquar.com/en/exposed-part-kit-of-urinal-sensor?Id=11321,"Sensor Faucets, SNR-CHR-51085K, Chrome "
Faucets,Sensor Faucets,11321,Exposed Part Kit of Urinal Sensor,Variant,11043,Exposed Part Kit of Urinal Sensor - Antique Bronze,SNR-ABR-51085K,Antique Bronze,https://www.jaquar.com/images/thumbs/0053929_exposed-part-kit-of-urinal-sensor-antique-bronze_960.jpeg,10400.00,"Exposed Part Kit of Urinal Sensor Consisting of Wall Flange with Sensor Eye & (4 X 1.5V AA) Batteries (Compatible with SNR-51085C)

",https://www.jaquar.com/en/exposed-part-kit-of-urinal-sensor?Id=11321,"Sensor Faucets, SNR-ABR-51085K, Antique Bronze"
Faucets,Sensor Faucets,11321,Exposed Part Kit of Urinal Sensor,Variant,11043,Exposed Part Kit of Urinal Sensor - Antique Copper,SNR-ACR-51085K,Antique Copper,https://www.jaquar.com/images/thumbs/0053930_exposed-part-kit-of-urinal-sensor-antique-copper_960.jpeg,10400.00,"Exposed Part Kit of Urinal Sensor Consisting of Wall Flange with Sensor Eye & (4 X 1.5V AA) Batteries (Compatible with SNR-51085C)

",https://www.jaquar.com/en/exposed-part-kit-of-urinal-sensor?Id=11321,"Sensor Faucets, SNR-ACR-51085K, Antique Copper"
Faucets,Sensor Faucets,11321,Exposed Part Kit of Urinal Sensor,Variant,11043,Exposed Part Kit of Urinal Sensor - Black Chrome,SNR-BCH-51085K,Black Chrome,https://www.jaquar.com/images/thumbs/0053931_exposed-part-kit-of-urinal-sensor-black-chrome_960.jpeg,9150.00,"Exposed Part Kit of Urinal Sensor Consisting of Wall Flange with Sensor Eye & (4 X 1.5V AA) Batteries (Compatible with SNR-51085C)

",https://www.jaquar.com/en/exposed-part-kit-of-urinal-sensor?Id=11321,"Sensor Faucets, SNR-BCH-51085K, Black Chrome"
Faucets,Sensor Faucets,11321,Exposed Part Kit of Urinal Sensor,Variant,11043,Exposed Part Kit of Urinal Sensor - Blush Gold Bright PVD,SNR-BGP-51085K,Blush Gold PVD,https://www.jaquar.com/images/thumbs/0056006_exposed-part-kit-of-urinal-sensor-blush-gold-pvd_960.jpeg,9450.00,"Exposed Part Kit of Urinal Sensor Consisting of Wall Flange with Sensor Eye & (4 X 1.5V AA) Batteries (Compatible with SNR-51085C)

",https://www.jaquar.com/en/exposed-part-kit-of-urinal-sensor?Id=11321,"Sensor Faucets, SNR-BGP-51085K, Blush Gold PVD"
Faucets,Sensor Faucets,11321,Exposed Part Kit of Urinal Sensor,Variant,11043,Exposed Part Kit of Urinal Sensor - Black Matt,SNR-BLM-51085K,Black Matt,https://www.jaquar.com/images/thumbs/0053933_exposed-part-kit-of-urinal-sensor-black-matt_960.jpeg,9150.00,"Exposed Part Kit of Urinal Sensor Consisting of Wall Flange with Sensor Eye & (4 X 1.5V AA) Batteries (Compatible with SNR-51085C)

",https://www.jaquar.com/en/exposed-part-kit-of-urinal-sensor?Id=11321,"Sensor Faucets, SNR-BLM-51085K, Black Matt"
Faucets,Sensor Faucets,11321,Exposed Part Kit of Urinal Sensor,Variant,11043,Exposed Part Kit of Urinal Sensor - Gold Bright PVD,SNR-GBP-51085K,Gold Bright PVD,https://www.jaquar.com/images/thumbs/0055893_exposed-part-kit-of-urinal-sensor-gold-bright-pvd_960.jpeg,10800.00,"Exposed Part Kit of Urinal Sensor Consisting of Wall Flange with Sensor Eye & (4 X 1.5V AA) Batteries (Compatible with SNR-51085C)

",https://www.jaquar.com/en/exposed-part-kit-of-urinal-sensor?Id=11321,"Sensor Faucets, SNR-GBP-51085K, Gold Bright PVD"
Faucets,Sensor Faucets,11321,Exposed Part Kit of Urinal Sensor,Variant,11043,Exposed Part Kit of Urinal Sensor - Gold Matt PVD,SNR-GMP-51085K,Gold Matt PVD,https://www.jaquar.com/images/thumbs/0055683_exposed-part-kit-of-urinal-sensor-gold-matt-pvd_960.jpeg,10800.00,"Exposed Part Kit of Urinal Sensor Consisting of Wall Flange with Sensor Eye & (4 X 1.5V AA) Batteries (Compatible with SNR-51085C)

",https://www.jaquar.com/en/exposed-part-kit-of-urinal-sensor?Id=11321,"Sensor Faucets, SNR-GMP-51085K, Gold Matt PVD"
Faucets,Sensor Faucets,11321,Exposed Part Kit of Urinal Sensor,Variant,11043,Exposed Part Kit of Urinal Sensor - Graphite,SNR-GRF-51085K,Graphite,https://www.jaquar.com/images/thumbs/0053938_exposed-part-kit-of-urinal-sensor-graphite_960.jpeg,10400.00,"Exposed Part Kit of Urinal Sensor Consisting of Wall Flange with Sensor Eye & (4 X 1.5V AA) Batteries (Compatible with SNR-51085C)

",https://www.jaquar.com/en/exposed-part-kit-of-urinal-sensor?Id=11321,"Sensor Faucets, SNR-GRF-51085K, Graphite"
Faucets,Sensor Faucets,11321,Exposed Part Kit of Urinal Sensor,Variant,11043,Exposed Part Kit of Urinal Sensor - Stainless Steel,SNR-SSF-51085K,Stainless Steel,https://www.jaquar.com/images/thumbs/0053939_exposed-part-kit-of-urinal-sensor-stainless-steel_960.jpeg,10400.00,"Exposed Part Kit of Urinal Sensor Consisting of Wall Flange with Sensor Eye & (4 X 1.5V AA) Batteries (Compatible with SNR-51085C)

",https://www.jaquar.com/en/exposed-part-kit-of-urinal-sensor?Id=11321,"Sensor Faucets, SNR-SSF-51085K, Stainless Steel"
Faucets,Sensor Faucets,11320,Exposed Part Kit of Urinal Sensor,Parent,11043,Exposed Part Kit of Urinal Sensor - Chrome,SNR-CHR-51085K,Chrome ,https://www.jaquar.com/images/thumbs/0053928_exposed-part-kit-of-urinal-sensor-chrome_960.jpeg,6200.00,"Exposed Part Kit of Urinal Sensor Consisting of Wall Flange with Sensor Eye & (4 X 1.5V AA) Batteries (Compatible with SNR-51085C)

",https://www.jaquar.com/en/exposed-part-kit-of-urinal-sensor?Id=11320,"Sensor Faucets, SNR-CHR-51085K, Chrome "
Faucets,Sensor Faucets,11320,Exposed Part Kit of Urinal Sensor,Variant,11043,Exposed Part Kit of Urinal Sensor - Antique Bronze,SNR-ABR-51085K,Antique Bronze,https://www.jaquar.com/images/thumbs/0053929_exposed-part-kit-of-urinal-sensor-antique-bronze_960.jpeg,10400.00,"Exposed Part Kit of Urinal Sensor Consisting of Wall Flange with Sensor Eye & (4 X 1.5V AA) Batteries (Compatible with SNR-51085C)

",https://www.jaquar.com/en/exposed-part-kit-of-urinal-sensor?Id=11320,"Sensor Faucets, SNR-ABR-51085K, Antique Bronze"
Faucets,Sensor Faucets,11320,Exposed Part Kit of Urinal Sensor,Variant,11043,Exposed Part Kit of Urinal Sensor - Antique Copper,SNR-ACR-51085K,Antique Copper,https://www.jaquar.com/images/thumbs/0053930_exposed-part-kit-of-urinal-sensor-antique-copper_960.jpeg,10400.00,"Exposed Part Kit of Urinal Sensor Consisting of Wall Flange with Sensor Eye & (4 X 1.5V AA) Batteries (Compatible with SNR-51085C)

",https://www.jaquar.com/en/exposed-part-kit-of-urinal-sensor?Id=11320,"Sensor Faucets, SNR-ACR-51085K, Antique Copper"
Faucets,Sensor Faucets,11320,Exposed Part Kit of Urinal Sensor,Variant,11043,Exposed Part Kit of Urinal Sensor - Black Chrome,SNR-BCH-51085K,Black Chrome,https://www.jaquar.com/images/thumbs/0053931_exposed-part-kit-of-urinal-sensor-black-chrome_960.jpeg,9150.00,"Exposed Part Kit of Urinal Sensor Consisting of Wall Flange with Sensor Eye & (4 X 1.5V AA) Batteries (Compatible with SNR-51085C)

",https://www.jaquar.com/en/exposed-part-kit-of-urinal-sensor?Id=11320,"Sensor Faucets, SNR-BCH-51085K, Black Chrome"
Faucets,Sensor Faucets,11320,Exposed Part Kit of Urinal Sensor,Variant,11043,Exposed Part Kit of Urinal Sensor - Blush Gold Bright PVD,SNR-BGP-51085K,Blush Gold PVD,https://www.jaquar.com/images/thumbs/0056006_exposed-part-kit-of-urinal-sensor-blush-gold-pvd_960.jpeg,9450.00,"Exposed Part Kit of Urinal Sensor Consisting of Wall Flange with Sensor Eye & (4 X 1.5V AA) Batteries (Compatible with SNR-51085C)

",https://www.jaquar.com/en/exposed-part-kit-of-urinal-sensor?Id=11320,"Sensor Faucets, SNR-BGP-51085K, Blush Gold PVD"
Faucets,Sensor Faucets,11320,Exposed Part Kit of Urinal Sensor,Variant,11043,Exposed Part Kit of Urinal Sensor - Black Matt,SNR-BLM-51085K,Black Matt,https://www.jaquar.com/images/thumbs/0053933_exposed-part-kit-of-urinal-sensor-black-matt_960.jpeg,9150.00,"Exposed Part Kit of Urinal Sensor Consisting of Wall Flange with Sensor Eye & (4 X 1.5V AA) Batteries (Compatible with SNR-51085C)

",https://www.jaquar.com/en/exposed-part-kit-of-urinal-sensor?Id=11320,"Sensor Faucets, SNR-BLM-51085K, Black Matt"
Faucets,Sensor Faucets,11320,Exposed Part Kit of Urinal Sensor,Variant,11043,Exposed Part Kit of Urinal Sensor - Gold Bright PVD,SNR-GBP-51085K,Gold Bright PVD,https://www.jaquar.com/images/thumbs/0055893_exposed-part-kit-of-urinal-sensor-gold-bright-pvd_960.jpeg,10800.00,"Exposed Part Kit of Urinal Sensor Consisting of Wall Flange with Sensor Eye & (4 X 1.5V AA) Batteries (Compatible with SNR-51085C)

",https://www.jaquar.com/en/exposed-part-kit-of-urinal-sensor?Id=11320,"Sensor Faucets, SNR-GBP-51085K, Gold Bright PVD"
Faucets,Sensor Faucets,11320,Exposed Part Kit of Urinal Sensor,Variant,11043,Exposed Part Kit of Urinal Sensor - Gold Matt PVD,SNR-GMP-51085K,Gold Matt PVD,https://www.jaquar.com/images/thumbs/0055683_exposed-part-kit-of-urinal-sensor-gold-matt-pvd_960.jpeg,10800.00,"Exposed Part Kit of Urinal Sensor Consisting of Wall Flange with Sensor Eye & (4 X 1.5V AA) Batteries (Compatible with SNR-51085C)

",https://www.jaquar.com/en/exposed-part-kit-of-urinal-sensor?Id=11320,"Sensor Faucets, SNR-GMP-51085K, Gold Matt PVD"
Faucets,Sensor Faucets,11320,Exposed Part Kit of Urinal Sensor,Variant,11043,Exposed Part Kit of Urinal Sensor - Graphite,SNR-GRF-51085K,Graphite,https://www.jaquar.com/images/thumbs/0053938_exposed-part-kit-of-urinal-sensor-graphite_960.jpeg,10400.00,"Exposed Part Kit of Urinal Sensor Consisting of Wall Flange with Sensor Eye & (4 X 1.5V AA) Batteries (Compatible with SNR-51085C)

",https://www.jaquar.com/en/exposed-part-kit-of-urinal-sensor?Id=11320,"Sensor Faucets, SNR-GRF-51085K, Graphite"
Faucets,Sensor Faucets,11320,Exposed Part Kit of Urinal Sensor,Variant,11043,Exposed Part Kit of Urinal Sensor - Stainless Steel,SNR-SSF-51085K,Stainless Steel,https://www.jaquar.com/images/thumbs/0053939_exposed-part-kit-of-urinal-sensor-stainless-steel_960.jpeg,10400.00,"Exposed Part Kit of Urinal Sensor Consisting of Wall Flange with Sensor Eye & (4 X 1.5V AA) Batteries (Compatible with SNR-51085C)

",https://www.jaquar.com/en/exposed-part-kit-of-urinal-sensor?Id=11320,"Sensor Faucets, SNR-SSF-51085K, Stainless Steel"
Faucets,Sensor Faucets,11316,Exposed Part Kit of Urinal Sensor,Parent,11043,Exposed Part Kit of Urinal Sensor - Chrome,SNR-CHR-51085K,Chrome ,https://www.jaquar.com/images/thumbs/0053928_exposed-part-kit-of-urinal-sensor-chrome_960.jpeg,6200.00,"Exposed Part Kit of Urinal Sensor Consisting of Wall Flange with Sensor Eye & (4 X 1.5V AA) Batteries (Compatible with SNR-51085C)

",https://www.jaquar.com/en/exposed-part-kit-of-urinal-sensor?Id=11316,"Sensor Faucets, SNR-CHR-51085K, Chrome "
Faucets,Sensor Faucets,11316,Exposed Part Kit of Urinal Sensor,Variant,11043,Exposed Part Kit of Urinal Sensor - Antique Bronze,SNR-ABR-51085K,Antique Bronze,https://www.jaquar.com/images/thumbs/0053929_exposed-part-kit-of-urinal-sensor-antique-bronze_960.jpeg,10400.00,"Exposed Part Kit of Urinal Sensor Consisting of Wall Flange with Sensor Eye & (4 X 1.5V AA) Batteries (Compatible with SNR-51085C)

",https://www.jaquar.com/en/exposed-part-kit-of-urinal-sensor?Id=11316,"Sensor Faucets, SNR-ABR-51085K, Antique Bronze"
Faucets,Sensor Faucets,11316,Exposed Part Kit of Urinal Sensor,Variant,11043,Exposed Part Kit of Urinal Sensor - Antique Copper,SNR-ACR-51085K,Antique Copper,https://www.jaquar.com/images/thumbs/0053930_exposed-part-kit-of-urinal-sensor-antique-copper_960.jpeg,10400.00,"Exposed Part Kit of Urinal Sensor Consisting of Wall Flange with Sensor Eye & (4 X 1.5V AA) Batteries (Compatible with SNR-51085C)

",https://www.jaquar.com/en/exposed-part-kit-of-urinal-sensor?Id=11316,"Sensor Faucets, SNR-ACR-51085K, Antique Copper"
Faucets,Sensor Faucets,11316,Exposed Part Kit of Urinal Sensor,Variant,11043,Exposed Part Kit of Urinal Sensor - Black Chrome,SNR-BCH-51085K,Black Chrome,https://www.jaquar.com/images/thumbs/0053931_exposed-part-kit-of-urinal-sensor-black-chrome_960.jpeg,9150.00,"Exposed Part Kit of Urinal Sensor Consisting of Wall Flange with Sensor Eye & (4 X 1.5V AA) Batteries (Compatible with SNR-51085C)

",https://www.jaquar.com/en/exposed-part-kit-of-urinal-sensor?Id=11316,"Sensor Faucets, SNR-BCH-51085K, Black Chrome"
Faucets,Sensor Faucets,11316,Exposed Part Kit of Urinal Sensor,Variant,11043,Exposed Part Kit of Urinal Sensor - Blush Gold Bright PVD,SNR-BGP-51085K,Blush Gold PVD,https://www.jaquar.com/images/thumbs/0056006_exposed-part-kit-of-urinal-sensor-blush-gold-pvd_960.jpeg,9450.00,"Exposed Part Kit of Urinal Sensor Consisting of Wall Flange with Sensor Eye & (4 X 1.5V AA) Batteries (Compatible with SNR-51085C)

",https://www.jaquar.com/en/exposed-part-kit-of-urinal-sensor?Id=11316,"Sensor Faucets, SNR-BGP-51085K, Blush Gold PVD"
Faucets,Sensor Faucets,11316,Exposed Part Kit of Urinal Sensor,Variant,11043,Exposed Part Kit of Urinal Sensor - Black Matt,SNR-BLM-51085K,Black Matt,https://www.jaquar.com/images/thumbs/0053933_exposed-part-kit-of-urinal-sensor-black-matt_960.jpeg,9150.00,"Exposed Part Kit of Urinal Sensor Consisting of Wall Flange with Sensor Eye & (4 X 1.5V AA) Batteries (Compatible with SNR-51085C)

",https://www.jaquar.com/en/exposed-part-kit-of-urinal-sensor?Id=11316,"Sensor Faucets, SNR-BLM-51085K, Black Matt"
Faucets,Sensor Faucets,11316,Exposed Part Kit of Urinal Sensor,Variant,11043,Exposed Part Kit of Urinal Sensor - Gold Bright PVD,SNR-GBP-51085K,Gold Bright PVD,https://www.jaquar.com/images/thumbs/0055893_exposed-part-kit-of-urinal-sensor-gold-bright-pvd_960.jpeg,10800.00,"Exposed Part Kit of Urinal Sensor Consisting of Wall Flange with Sensor Eye & (4 X 1.5V AA) Batteries (Compatible with SNR-51085C)

",https://www.jaquar.com/en/exposed-part-kit-of-urinal-sensor?Id=11316,"Sensor Faucets, SNR-GBP-51085K, Gold Bright PVD"
Faucets,Sensor Faucets,11316,Exposed Part Kit of Urinal Sensor,Variant,11043,Exposed Part Kit of Urinal Sensor - Gold Matt PVD,SNR-GMP-51085K,Gold Matt PVD,https://www.jaquar.com/images/thumbs/0055683_exposed-part-kit-of-urinal-sensor-gold-matt-pvd_960.jpeg,10800.00,"Exposed Part Kit of Urinal Sensor Consisting of Wall Flange with Sensor Eye & (4 X 1.5V AA) Batteries (Compatible with SNR-51085C)

",https://www.jaquar.com/en/exposed-part-kit-of-urinal-sensor?Id=11316,"Sensor Faucets, SNR-GMP-51085K, Gold Matt PVD"
Faucets,Sensor Faucets,11316,Exposed Part Kit of Urinal Sensor,Variant,11043,Exposed Part Kit of Urinal Sensor - Graphite,SNR-GRF-51085K,Graphite,https://www.jaquar.com/images/thumbs/0053938_exposed-part-kit-of-urinal-sensor-graphite_960.jpeg,10400.00,"Exposed Part Kit of Urinal Sensor Consisting of Wall Flange with Sensor Eye & (4 X 1.5V AA) Batteries (Compatible with SNR-51085C)

",https://www.jaquar.com/en/exposed-part-kit-of-urinal-sensor?Id=11316,"Sensor Faucets, SNR-GRF-51085K, Graphite"
Faucets,Sensor Faucets,11316,Exposed Part Kit of Urinal Sensor,Variant,11043,Exposed Part Kit of Urinal Sensor - Stainless Steel,SNR-SSF-51085K,Stainless Steel,https://www.jaquar.com/images/thumbs/0053939_exposed-part-kit-of-urinal-sensor-stainless-steel_960.jpeg,10400.00,"Exposed Part Kit of Urinal Sensor Consisting of Wall Flange with Sensor Eye & (4 X 1.5V AA) Batteries (Compatible with SNR-51085C)

",https://www.jaquar.com/en/exposed-part-kit-of-urinal-sensor?Id=11316,"Sensor Faucets, SNR-SSF-51085K, Stainless Steel"
Faucets,Sensor Faucets,11322,Exposed Part Kit of Urinal Sensor,Parent,11043,Exposed Part Kit of Urinal Sensor - Chrome,SNR-CHR-51085K,Chrome ,https://www.jaquar.com/images/thumbs/0053928_exposed-part-kit-of-urinal-sensor-chrome_960.jpeg,6200.00,"Exposed Part Kit of Urinal Sensor Consisting of Wall Flange with Sensor Eye & (4 X 1.5V AA) Batteries (Compatible with SNR-51085C)

",https://www.jaquar.com/en/exposed-part-kit-of-urinal-sensor?Id=11322,"Sensor Faucets, SNR-CHR-51085K, Chrome "
Faucets,Sensor Faucets,11322,Exposed Part Kit of Urinal Sensor,Variant,11043,Exposed Part Kit of Urinal Sensor - Antique Bronze,SNR-ABR-51085K,Antique Bronze,https://www.jaquar.com/images/thumbs/0053929_exposed-part-kit-of-urinal-sensor-antique-bronze_960.jpeg,10400.00,"Exposed Part Kit of Urinal Sensor Consisting of Wall Flange with Sensor Eye & (4 X 1.5V AA) Batteries (Compatible with SNR-51085C)

",https://www.jaquar.com/en/exposed-part-kit-of-urinal-sensor?Id=11322,"Sensor Faucets, SNR-ABR-51085K, Antique Bronze"
Faucets,Sensor Faucets,11322,Exposed Part Kit of Urinal Sensor,Variant,11043,Exposed Part Kit of Urinal Sensor - Antique Copper,SNR-ACR-51085K,Antique Copper,https://www.jaquar.com/images/thumbs/0053930_exposed-part-kit-of-urinal-sensor-antique-copper_960.jpeg,10400.00,"Exposed Part Kit of Urinal Sensor Consisting of Wall Flange with Sensor Eye & (4 X 1.5V AA) Batteries (Compatible with SNR-51085C)

",https://www.jaquar.com/en/exposed-part-kit-of-urinal-sensor?Id=11322,"Sensor Faucets, SNR-ACR-51085K, Antique Copper"
Faucets,Sensor Faucets,11322,Exposed Part Kit of Urinal Sensor,Variant,11043,Exposed Part Kit of Urinal Sensor - Black Chrome,SNR-BCH-51085K,Black Chrome,https://www.jaquar.com/images/thumbs/0053931_exposed-part-kit-of-urinal-sensor-black-chrome_960.jpeg,9150.00,"Exposed Part Kit of Urinal Sensor Consisting of Wall Flange with Sensor Eye & (4 X 1.5V AA) Batteries (Compatible with SNR-51085C)

",https://www.jaquar.com/en/exposed-part-kit-of-urinal-sensor?Id=11322,"Sensor Faucets, SNR-BCH-51085K, Black Chrome"
Faucets,Sensor Faucets,11322,Exposed Part Kit of Urinal Sensor,Variant,11043,Exposed Part Kit of Urinal Sensor - Blush Gold Bright PVD,SNR-BGP-51085K,Blush Gold PVD,https://www.jaquar.com/images/thumbs/0056006_exposed-part-kit-of-urinal-sensor-blush-gold-pvd_960.jpeg,9450.00,"Exposed Part Kit of Urinal Sensor Consisting of Wall Flange with Sensor Eye & (4 X 1.5V AA) Batteries (Compatible with SNR-51085C)

",https://www.jaquar.com/en/exposed-part-kit-of-urinal-sensor?Id=11322,"Sensor Faucets, SNR-BGP-51085K, Blush Gold PVD"
Faucets,Sensor Faucets,11322,Exposed Part Kit of Urinal Sensor,Variant,11043,Exposed Part Kit of Urinal Sensor - Black Matt,SNR-BLM-51085K,Black Matt,https://www.jaquar.com/images/thumbs/0053933_exposed-part-kit-of-urinal-sensor-black-matt_960.jpeg,9150.00,"Exposed Part Kit of Urinal Sensor Consisting of Wall Flange with Sensor Eye & (4 X 1.5V AA) Batteries (Compatible with SNR-51085C)

",https://www.jaquar.com/en/exposed-part-kit-of-urinal-sensor?Id=11322,"Sensor Faucets, SNR-BLM-51085K, Black Matt"
Faucets,Sensor Faucets,11322,Exposed Part Kit of Urinal Sensor,Variant,11043,Exposed Part Kit of Urinal Sensor - Gold Bright PVD,SNR-GBP-51085K,Gold Bright PVD,https://www.jaquar.com/images/thumbs/0055893_exposed-part-kit-of-urinal-sensor-gold-bright-pvd_960.jpeg,10800.00,"Exposed Part Kit of Urinal Sensor Consisting of Wall Flange with Sensor Eye & (4 X 1.5V AA) Batteries (Compatible with SNR-51085C)

",https://www.jaquar.com/en/exposed-part-kit-of-urinal-sensor?Id=11322,"Sensor Faucets, SNR-GBP-51085K, Gold Bright PVD"
Faucets,Sensor Faucets,11322,Exposed Part Kit of Urinal Sensor,Variant,11043,Exposed Part Kit of Urinal Sensor - Gold Matt PVD,SNR-GMP-51085K,Gold Matt PVD,https://www.jaquar.com/images/thumbs/0055683_exposed-part-kit-of-urinal-sensor-gold-matt-pvd_960.jpeg,10800.00,"Exposed Part Kit of Urinal Sensor Consisting of Wall Flange with Sensor Eye & (4 X 1.5V AA) Batteries (Compatible with SNR-51085C)

",https://www.jaquar.com/en/exposed-part-kit-of-urinal-sensor?Id=11322,"Sensor Faucets, SNR-GMP-51085K, Gold Matt PVD"
Faucets,Sensor Faucets,11322,Exposed Part Kit of Urinal Sensor,Variant,11043,Exposed Part Kit of Urinal Sensor - Graphite,SNR-GRF-51085K,Graphite,https://www.jaquar.com/images/thumbs/0053938_exposed-part-kit-of-urinal-sensor-graphite_960.jpeg,10400.00,"Exposed Part Kit of Urinal Sensor Consisting of Wall Flange with Sensor Eye & (4 X 1.5V AA) Batteries (Compatible with SNR-51085C)

",https://www.jaquar.com/en/exposed-part-kit-of-urinal-sensor?Id=11322,"Sensor Faucets, SNR-GRF-51085K, Graphite"
Faucets,Sensor Faucets,11322,Exposed Part Kit of Urinal Sensor,Variant,11043,Exposed Part Kit of Urinal Sensor - Stainless Steel,SNR-SSF-51085K,Stainless Steel,https://www.jaquar.com/images/thumbs/0053939_exposed-part-kit-of-urinal-sensor-stainless-steel_960.jpeg,10400.00,"Exposed Part Kit of Urinal Sensor Consisting of Wall Flange with Sensor Eye & (4 X 1.5V AA) Batteries (Compatible with SNR-51085C)

",https://www.jaquar.com/en/exposed-part-kit-of-urinal-sensor?Id=11322,"Sensor Faucets, SNR-SSF-51085K, Stainless Steel"
Faucets,Sensor Faucets,11325,Exposed Part Kit of Urinal Sensor,Parent,11043,Exposed Part Kit of Urinal Sensor - Chrome,SNR-CHR-51085K,Chrome ,https://www.jaquar.com/images/thumbs/0053928_exposed-part-kit-of-urinal-sensor-chrome_960.jpeg,6200.00,"Exposed Part Kit of Urinal Sensor Consisting of Wall Flange with Sensor Eye & (4 X 1.5V AA) Batteries (Compatible with SNR-51085C)

",https://www.jaquar.com/en/exposed-part-kit-of-urinal-sensor?Id=11325,"Sensor Faucets, SNR-CHR-51085K, Chrome "
Faucets,Sensor Faucets,11325,Exposed Part Kit of Urinal Sensor,Variant,11043,Exposed Part Kit of Urinal Sensor - Antique Bronze,SNR-ABR-51085K,Antique Bronze,https://www.jaquar.com/images/thumbs/0053929_exposed-part-kit-of-urinal-sensor-antique-bronze_960.jpeg,10400.00,"Exposed Part Kit of Urinal Sensor Consisting of Wall Flange with Sensor Eye & (4 X 1.5V AA) Batteries (Compatible with SNR-51085C)

",https://www.jaquar.com/en/exposed-part-kit-of-urinal-sensor?Id=11325,"Sensor Faucets, SNR-ABR-51085K, Antique Bronze"
Faucets,Sensor Faucets,11325,Exposed Part Kit of Urinal Sensor,Variant,11043,Exposed Part Kit of Urinal Sensor - Antique Copper,SNR-ACR-51085K,Antique Copper,https://www.jaquar.com/images/thumbs/0053930_exposed-part-kit-of-urinal-sensor-antique-copper_960.jpeg,10400.00,"Exposed Part Kit of Urinal Sensor Consisting of Wall Flange with Sensor Eye & (4 X 1.5V AA) Batteries (Compatible with SNR-51085C)

",https://www.jaquar.com/en/exposed-part-kit-of-urinal-sensor?Id=11325,"Sensor Faucets, SNR-ACR-51085K, Antique Copper"
Faucets,Sensor Faucets,11325,Exposed Part Kit of Urinal Sensor,Variant,11043,Exposed Part Kit of Urinal Sensor - Black Chrome,SNR-BCH-51085K,Black Chrome,https://www.jaquar.com/images/thumbs/0053931_exposed-part-kit-of-urinal-sensor-black-chrome_960.jpeg,9150.00,"Exposed Part Kit of Urinal Sensor Consisting of Wall Flange with Sensor Eye & (4 X 1.5V AA) Batteries (Compatible with SNR-51085C)

",https://www.jaquar.com/en/exposed-part-kit-of-urinal-sensor?Id=11325,"Sensor Faucets, SNR-BCH-51085K, Black Chrome"
Faucets,Sensor Faucets,11325,Exposed Part Kit of Urinal Sensor,Variant,11043,Exposed Part Kit of Urinal Sensor - Blush Gold Bright PVD,SNR-BGP-51085K,Blush Gold PVD,https://www.jaquar.com/images/thumbs/0056006_exposed-part-kit-of-urinal-sensor-blush-gold-pvd_960.jpeg,9450.00,"Exposed Part Kit of Urinal Sensor Consisting of Wall Flange with Sensor Eye & (4 X 1.5V AA) Batteries (Compatible with SNR-51085C)

",https://www.jaquar.com/en/exposed-part-kit-of-urinal-sensor?Id=11325,"Sensor Faucets, SNR-BGP-51085K, Blush Gold PVD"
Faucets,Sensor Faucets,11325,Exposed Part Kit of Urinal Sensor,Variant,11043,Exposed Part Kit of Urinal Sensor - Black Matt,SNR-BLM-51085K,Black Matt,https://www.jaquar.com/images/thumbs/0053933_exposed-part-kit-of-urinal-sensor-black-matt_960.jpeg,9150.00,"Exposed Part Kit of Urinal Sensor Consisting of Wall Flange with Sensor Eye & (4 X 1.5V AA) Batteries (Compatible with SNR-51085C)

",https://www.jaquar.com/en/exposed-part-kit-of-urinal-sensor?Id=11325,"Sensor Faucets, SNR-BLM-51085K, Black Matt"
Faucets,Sensor Faucets,11325,Exposed Part Kit of Urinal Sensor,Variant,11043,Exposed Part Kit of Urinal Sensor - Gold Bright PVD,SNR-GBP-51085K,Gold Bright PVD,https://www.jaquar.com/images/thumbs/0055893_exposed-part-kit-of-urinal-sensor-gold-bright-pvd_960.jpeg,10800.00,"Exposed Part Kit of Urinal Sensor Consisting of Wall Flange with Sensor Eye & (4 X 1.5V AA) Batteries (Compatible with SNR-51085C)

",https://www.jaquar.com/en/exposed-part-kit-of-urinal-sensor?Id=11325,"Sensor Faucets, SNR-GBP-51085K, Gold Bright PVD"
Faucets,Sensor Faucets,11325,Exposed Part Kit of Urinal Sensor,Variant,11043,Exposed Part Kit of Urinal Sensor - Gold Matt PVD,SNR-GMP-51085K,Gold Matt PVD,https://www.jaquar.com/images/thumbs/0055683_exposed-part-kit-of-urinal-sensor-gold-matt-pvd_960.jpeg,10800.00,"Exposed Part Kit of Urinal Sensor Consisting of Wall Flange with Sensor Eye & (4 X 1.5V AA) Batteries (Compatible with SNR-51085C)

",https://www.jaquar.com/en/exposed-part-kit-of-urinal-sensor?Id=11325,"Sensor Faucets, SNR-GMP-51085K, Gold Matt PVD"
Faucets,Sensor Faucets,11325,Exposed Part Kit of Urinal Sensor,Variant,11043,Exposed Part Kit of Urinal Sensor - Graphite,SNR-GRF-51085K,Graphite,https://www.jaquar.com/images/thumbs/0053938_exposed-part-kit-of-urinal-sensor-graphite_960.jpeg,10400.00,"Exposed Part Kit of Urinal Sensor Consisting of Wall Flange with Sensor Eye & (4 X 1.5V AA) Batteries (Compatible with SNR-51085C)

",https://www.jaquar.com/en/exposed-part-kit-of-urinal-sensor?Id=11325,"Sensor Faucets, SNR-GRF-51085K, Graphite"
Faucets,Sensor Faucets,11325,Exposed Part Kit of Urinal Sensor,Variant,11043,Exposed Part Kit of Urinal Sensor - Stainless Steel,SNR-SSF-51085K,Stainless Steel,https://www.jaquar.com/images/thumbs/0053939_exposed-part-kit-of-urinal-sensor-stainless-steel_960.jpeg,10400.00,"Exposed Part Kit of Urinal Sensor Consisting of Wall Flange with Sensor Eye & (4 X 1.5V AA) Batteries (Compatible with SNR-51085C)

",https://www.jaquar.com/en/exposed-part-kit-of-urinal-sensor?Id=11325,"Sensor Faucets, SNR-SSF-51085K, Stainless Steel"
Faucets,Sensor Faucets,11326,Exposed Part Kit of Urinal Sensor,Parent,11043,Exposed Part Kit of Urinal Sensor - Chrome,SNR-CHR-51085K,Chrome ,https://www.jaquar.com/images/thumbs/0053928_exposed-part-kit-of-urinal-sensor-chrome_960.jpeg,6200.00,"Exposed Part Kit of Urinal Sensor Consisting of Wall Flange with Sensor Eye & (4 X 1.5V AA) Batteries (Compatible with SNR-51085C)

",https://www.jaquar.com/en/exposed-part-kit-of-urinal-sensor?Id=11326,"Sensor Faucets, SNR-CHR-51085K, Chrome "
Faucets,Sensor Faucets,11326,Exposed Part Kit of Urinal Sensor,Variant,11043,Exposed Part Kit of Urinal Sensor - Antique Bronze,SNR-ABR-51085K,Antique Bronze,https://www.jaquar.com/images/thumbs/0053929_exposed-part-kit-of-urinal-sensor-antique-bronze_960.jpeg,10400.00,"Exposed Part Kit of Urinal Sensor Consisting of Wall Flange with Sensor Eye & (4 X 1.5V AA) Batteries (Compatible with SNR-51085C)

",https://www.jaquar.com/en/exposed-part-kit-of-urinal-sensor?Id=11326,"Sensor Faucets, SNR-ABR-51085K, Antique Bronze"
Faucets,Sensor Faucets,11326,Exposed Part Kit of Urinal Sensor,Variant,11043,Exposed Part Kit of Urinal Sensor - Antique Copper,SNR-ACR-51085K,Antique Copper,https://www.jaquar.com/images/thumbs/0053930_exposed-part-kit-of-urinal-sensor-antique-copper_960.jpeg,10400.00,"Exposed Part Kit of Urinal Sensor Consisting of Wall Flange with Sensor Eye & (4 X 1.5V AA) Batteries (Compatible with SNR-51085C)

",https://www.jaquar.com/en/exposed-part-kit-of-urinal-sensor?Id=11326,"Sensor Faucets, SNR-ACR-51085K, Antique Copper"
Faucets,Sensor Faucets,11326,Exposed Part Kit of Urinal Sensor,Variant,11043,Exposed Part Kit of Urinal Sensor - Black Chrome,SNR-BCH-51085K,Black Chrome,https://www.jaquar.com/images/thumbs/0053931_exposed-part-kit-of-urinal-sensor-black-chrome_960.jpeg,9150.00,"Exposed Part Kit of Urinal Sensor Consisting of Wall Flange with Sensor Eye & (4 X 1.5V AA) Batteries (Compatible with SNR-51085C)

",https://www.jaquar.com/en/exposed-part-kit-of-urinal-sensor?Id=11326,"Sensor Faucets, SNR-BCH-51085K, Black Chrome"
Faucets,Sensor Faucets,11326,Exposed Part Kit of Urinal Sensor,Variant,11043,Exposed Part Kit of Urinal Sensor - Blush Gold Bright PVD,SNR-BGP-51085K,Blush Gold PVD,https://www.jaquar.com/images/thumbs/0056006_exposed-part-kit-of-urinal-sensor-blush-gold-pvd_960.jpeg,9450.00,"Exposed Part Kit of Urinal Sensor Consisting of Wall Flange with Sensor Eye & (4 X 1.5V AA) Batteries (Compatible with SNR-51085C)

",https://www.jaquar.com/en/exposed-part-kit-of-urinal-sensor?Id=11326,"Sensor Faucets, SNR-BGP-51085K, Blush Gold PVD"
Faucets,Sensor Faucets,11326,Exposed Part Kit of Urinal Sensor,Variant,11043,Exposed Part Kit of Urinal Sensor - Black Matt,SNR-BLM-51085K,Black Matt,https://www.jaquar.com/images/thumbs/0053933_exposed-part-kit-of-urinal-sensor-black-matt_960.jpeg,9150.00,"Exposed Part Kit of Urinal Sensor Consisting of Wall Flange with Sensor Eye & (4 X 1.5V AA) Batteries (Compatible with SNR-51085C)

",https://www.jaquar.com/en/exposed-part-kit-of-urinal-sensor?Id=11326,"Sensor Faucets, SNR-BLM-51085K, Black Matt"
Faucets,Sensor Faucets,11326,Exposed Part Kit of Urinal Sensor,Variant,11043,Exposed Part Kit of Urinal Sensor - Gold Bright PVD,SNR-GBP-51085K,Gold Bright PVD,https://www.jaquar.com/images/thumbs/0055893_exposed-part-kit-of-urinal-sensor-gold-bright-pvd_960.jpeg,10800.00,"Exposed Part Kit of Urinal Sensor Consisting of Wall Flange with Sensor Eye & (4 X 1.5V AA) Batteries (Compatible with SNR-51085C)

",https://www.jaquar.com/en/exposed-part-kit-of-urinal-sensor?Id=11326,"Sensor Faucets, SNR-GBP-51085K, Gold Bright PVD"
Faucets,Sensor Faucets,11326,Exposed Part Kit of Urinal Sensor,Variant,11043,Exposed Part Kit of Urinal Sensor - Gold Matt PVD,SNR-GMP-51085K,Gold Matt PVD,https://www.jaquar.com/images/thumbs/0055683_exposed-part-kit-of-urinal-sensor-gold-matt-pvd_960.jpeg,10800.00,"Exposed Part Kit of Urinal Sensor Consisting of Wall Flange with Sensor Eye & (4 X 1.5V AA) Batteries (Compatible with SNR-51085C)

",https://www.jaquar.com/en/exposed-part-kit-of-urinal-sensor?Id=11326,"Sensor Faucets, SNR-GMP-51085K, Gold Matt PVD"
Faucets,Sensor Faucets,11326,Exposed Part Kit of Urinal Sensor,Variant,11043,Exposed Part Kit of Urinal Sensor - Graphite,SNR-GRF-51085K,Graphite,https://www.jaquar.com/images/thumbs/0053938_exposed-part-kit-of-urinal-sensor-graphite_960.jpeg,10400.00,"Exposed Part Kit of Urinal Sensor Consisting of Wall Flange with Sensor Eye & (4 X 1.5V AA) Batteries (Compatible with SNR-51085C)

",https://www.jaquar.com/en/exposed-part-kit-of-urinal-sensor?Id=11326,"Sensor Faucets, SNR-GRF-51085K, Graphite"
Faucets,Sensor Faucets,11326,Exposed Part Kit of Urinal Sensor,Variant,11043,Exposed Part Kit of Urinal Sensor - Stainless Steel,SNR-SSF-51085K,Stainless Steel,https://www.jaquar.com/images/thumbs/0053939_exposed-part-kit-of-urinal-sensor-stainless-steel_960.jpeg,10400.00,"Exposed Part Kit of Urinal Sensor Consisting of Wall Flange with Sensor Eye & (4 X 1.5V AA) Batteries (Compatible with SNR-51085C)

",https://www.jaquar.com/en/exposed-part-kit-of-urinal-sensor?Id=11326,"Sensor Faucets, SNR-SSF-51085K, Stainless Steel"
Faucets,Sensor Faucets,11327,Exposed Part Kit of Urinal Sensor,Parent,11043,Exposed Part Kit of Urinal Sensor - Chrome,SNR-CHR-51085K,Chrome ,https://www.jaquar.com/images/thumbs/0053928_exposed-part-kit-of-urinal-sensor-chrome_960.jpeg,6200.00,"Exposed Part Kit of Urinal Sensor Consisting of Wall Flange with Sensor Eye & (4 X 1.5V AA) Batteries (Compatible with SNR-51085C)

",https://www.jaquar.com/en/exposed-part-kit-of-urinal-sensor?Id=11327,"Sensor Faucets, SNR-CHR-51085K, Chrome "
Faucets,Sensor Faucets,11327,Exposed Part Kit of Urinal Sensor,Variant,11043,Exposed Part Kit of Urinal Sensor - Antique Bronze,SNR-ABR-51085K,Antique Bronze,https://www.jaquar.com/images/thumbs/0053929_exposed-part-kit-of-urinal-sensor-antique-bronze_960.jpeg,10400.00,"Exposed Part Kit of Urinal Sensor Consisting of Wall Flange with Sensor Eye & (4 X 1.5V AA) Batteries (Compatible with SNR-51085C)

",https://www.jaquar.com/en/exposed-part-kit-of-urinal-sensor?Id=11327,"Sensor Faucets, SNR-ABR-51085K, Antique Bronze"
Faucets,Sensor Faucets,11327,Exposed Part Kit of Urinal Sensor,Variant,11043,Exposed Part Kit of Urinal Sensor - Antique Copper,SNR-ACR-51085K,Antique Copper,https://www.jaquar.com/images/thumbs/0053930_exposed-part-kit-of-urinal-sensor-antique-copper_960.jpeg,10400.00,"Exposed Part Kit of Urinal Sensor Consisting of Wall Flange with Sensor Eye & (4 X 1.5V AA) Batteries (Compatible with SNR-51085C)

",https://www.jaquar.com/en/exposed-part-kit-of-urinal-sensor?Id=11327,"Sensor Faucets, SNR-ACR-51085K, Antique Copper"
Faucets,Sensor Faucets,11327,Exposed Part Kit of Urinal Sensor,Variant,11043,Exposed Part Kit of Urinal Sensor - Black Chrome,SNR-BCH-51085K,Black Chrome,https://www.jaquar.com/images/thumbs/0053931_exposed-part-kit-of-urinal-sensor-black-chrome_960.jpeg,9150.00,"Exposed Part Kit of Urinal Sensor Consisting of Wall Flange with Sensor Eye & (4 X 1.5V AA) Batteries (Compatible with SNR-51085C)

",https://www.jaquar.com/en/exposed-part-kit-of-urinal-sensor?Id=11327,"Sensor Faucets, SNR-BCH-51085K, Black Chrome"
Faucets,Sensor Faucets,11327,Exposed Part Kit of Urinal Sensor,Variant,11043,Exposed Part Kit of Urinal Sensor - Blush Gold Bright PVD,SNR-BGP-51085K,Blush Gold PVD,https://www.jaquar.com/images/thumbs/0056006_exposed-part-kit-of-urinal-sensor-blush-gold-pvd_960.jpeg,9450.00,"Exposed Part Kit of Urinal Sensor Consisting of Wall Flange with Sensor Eye & (4 X 1.5V AA) Batteries (Compatible with SNR-51085C)

",https://www.jaquar.com/en/exposed-part-kit-of-urinal-sensor?Id=11327,"Sensor Faucets, SNR-BGP-51085K, Blush Gold PVD"
Faucets,Sensor Faucets,11327,Exposed Part Kit of Urinal Sensor,Variant,11043,Exposed Part Kit of Urinal Sensor - Black Matt,SNR-BLM-51085K,Black Matt,https://www.jaquar.com/images/thumbs/0053933_exposed-part-kit-of-urinal-sensor-black-matt_960.jpeg,9150.00,"Exposed Part Kit of Urinal Sensor Consisting of Wall Flange with Sensor Eye & (4 X 1.5V AA) Batteries (Compatible with SNR-51085C)

",https://www.jaquar.com/en/exposed-part-kit-of-urinal-sensor?Id=11327,"Sensor Faucets, SNR-BLM-51085K, Black Matt"
Faucets,Sensor Faucets,11327,Exposed Part Kit of Urinal Sensor,Variant,11043,Exposed Part Kit of Urinal Sensor - Gold Bright PVD,SNR-GBP-51085K,Gold Bright PVD,https://www.jaquar.com/images/thumbs/0055893_exposed-part-kit-of-urinal-sensor-gold-bright-pvd_960.jpeg,10800.00,"Exposed Part Kit of Urinal Sensor Consisting of Wall Flange with Sensor Eye & (4 X 1.5V AA) Batteries (Compatible with SNR-51085C)

",https://www.jaquar.com/en/exposed-part-kit-of-urinal-sensor?Id=11327,"Sensor Faucets, SNR-GBP-51085K, Gold Bright PVD"
Faucets,Sensor Faucets,11327,Exposed Part Kit of Urinal Sensor,Variant,11043,Exposed Part Kit of Urinal Sensor - Gold Matt PVD,SNR-GMP-51085K,Gold Matt PVD,https://www.jaquar.com/images/thumbs/0055683_exposed-part-kit-of-urinal-sensor-gold-matt-pvd_960.jpeg,10800.00,"Exposed Part Kit of Urinal Sensor Consisting of Wall Flange with Sensor Eye & (4 X 1.5V AA) Batteries (Compatible with SNR-51085C)

",https://www.jaquar.com/en/exposed-part-kit-of-urinal-sensor?Id=11327,"Sensor Faucets, SNR-GMP-51085K, Gold Matt PVD"
Faucets,Sensor Faucets,11327,Exposed Part Kit of Urinal Sensor,Variant,11043,Exposed Part Kit of Urinal Sensor - Graphite,SNR-GRF-51085K,Graphite,https://www.jaquar.com/images/thumbs/0053938_exposed-part-kit-of-urinal-sensor-graphite_960.jpeg,10400.00,"Exposed Part Kit of Urinal Sensor Consisting of Wall Flange with Sensor Eye & (4 X 1.5V AA) Batteries (Compatible with SNR-51085C)

",https://www.jaquar.com/en/exposed-part-kit-of-urinal-sensor?Id=11327,"Sensor Faucets, SNR-GRF-51085K, Graphite"
Faucets,Sensor Faucets,11327,Exposed Part Kit of Urinal Sensor,Variant,11043,Exposed Part Kit of Urinal Sensor - Stainless Steel,SNR-SSF-51085K,Stainless Steel,https://www.jaquar.com/images/thumbs/0053939_exposed-part-kit-of-urinal-sensor-stainless-steel_960.jpeg,10400.00,"Exposed Part Kit of Urinal Sensor Consisting of Wall Flange with Sensor Eye & (4 X 1.5V AA) Batteries (Compatible with SNR-51085C)

",https://www.jaquar.com/en/exposed-part-kit-of-urinal-sensor?Id=11327,"Sensor Faucets, SNR-SSF-51085K, Stainless Steel"
Faucets,Sensor Faucets,372,Sensor Concealed Type Flushing Valve,Parent,372,Sensor Concealed Type Flushing Valve,SNR-STL-51093N,Chrome,https://www.jaquar.com/images/thumbs/0009035_sensor-concealed-type-flushing-valve_960.jpeg,15200.00,"Sensor Concealed Type Flushing Valve for Western Commode Complete Set with Provision for Manual Operation Also (Battery Operated)
",https://www.jaquar.com/en/sensotronic-wc-sensor?Id=372,"Sensor Faucets, SNR-STL-51093N, Chrome"
Faucets,Sensor Faucets,9715,Sensor Faucet for Wash Basin,Parent,9715,Sensor Faucet for Wash Basin,SNR-CHR-51033EB,Chrome,https://www.jaquar.com/images/thumbs/0046746_sensor-faucet-for-wash-basin_960.jpeg,14400.00,"Sensor Faucet for Wash Basin in Rectangular Shape (9V transformer)
",https://www.jaquar.com/en/sensor-faucet-for-wash-basin-8?Id=9715,"Sensor Faucets, SNR-CHR-51033EB, Chrome"
Faucets,Sensor Faucets,9713,Sensor Faucet for Wash Basin,Parent,9713,Sensor Faucet for Wash Basin,SNR-CHR-51021EB,Chrome,https://www.jaquar.com/images/thumbs/0046739_sensor-faucet-for-wash-basin_960.jpeg,11400.00,"Sensor Faucet for Wash Basin (9V transformer)
",https://www.jaquar.com/en/sensor-faucet-for-wash-basin-6?Id=9713,"Sensor Faucets, SNR-CHR-51021EB, Chrome"
Faucets,Sensor Faucets,9712,Sensor Faucet for Wash Basin,Parent,9712,Sensor Faucet for Wash Basin,SNR-CHR-51021AEB,Chrome,https://www.jaquar.com/images/thumbs/0046732_sensor-faucet-for-wash-basin_960.jpeg,13600.00,"Sensor Faucet for Wash Basin with 175mm Extension Body (9V transformer )
",https://www.jaquar.com/en/sensor-faucet-for-wash-basin-5?Id=9712,"Sensor Faucets, SNR-CHR-51021AEB, Chrome"
Faucets,Sensor Faucets,9711,Sensor Faucet for Wash Basin,Parent,9711,Sensor Faucet for Wash Basin,SNR-CHR-51001SQEB,,https://www.jaquar.com/images/thumbs/0046728_sensor-faucet-for-wash-basin_960.jpeg,,Sensor Faucet for Wash Basin in Square Shape with Base Flange (9V transformer),https://www.jaquar.com/en/sensor-faucet-for-wash-basin-4?Id=9711,"Sensor Faucets, SNR-CHR-51001SQEB"
Faucets,Sensor Faucets,9714,Sensor Faucet for Wash Basin,Parent,9714,Sensor Faucet for Wash Basin,SNR-CHR-51027EB,,https://www.jaquar.com/images/thumbs/0046743_sensor-faucet-for-wash-basin_960.jpeg,,Sensor Faucet for Wash Basin (9V transformer),https://www.jaquar.com/en/sensor-faucet-for-wash-basin-7?Id=9714,"Sensor Faucets, SNR-CHR-51027EB"
Faucets,Sensor Faucets,9709,Sensor Faucet,Parent,9709,Sensor Faucet,SNR-CHR-35019PMEB,,https://www.jaquar.com/images/thumbs/0060244_sensor-faucet_960.jpeg,,Kubix Prime Sensor Faucet for Wash Basin (9V transformer),https://www.jaquar.com/en/sensor-faucet-2?Id=9709,"Sensor Faucets, SNR-CHR-35019PMEB"
Faucets,Sensor Faucets,9704,Sensor Faucet,Parent,9704,Sensor Faucet,SNR-CHR-15019PMEB,,https://www.jaquar.com/images/thumbs/0060198_sensor-faucet_960.jpeg,,Opal Prime Sensor Faucet for Wash Basin (9V transformer),https://www.jaquar.com/en/sensor-faucet?Id=9704,"Sensor Faucets, SNR-CHR-15019PMEB"
Faucets,Sensor Faucets,9710,Sensor Faucet for Wash Basin,Parent,9710,Sensor Faucet for Wash Basin,SNR-CHR-35019PMEBPK,,https://www.jaquar.com/images/thumbs/0069354_sensor-faucet-for-wash-basin_960.jpeg,,Kubix Prime Sensor Faucet for Wash Basin with Pre-mixed Water Supply Kit (9V transformer),https://www.jaquar.com/en/sensor-faucet-for-wash-basin-3?Id=9710,"Sensor Faucets, SNR-CHR-35019PMEBPK"
Faucets,Sensor Faucets,9705,Sensor Faucet for Wash Basin,Parent,9705,Sensor Faucet for Wash Basin,SNR-CHR-15019PMEBPK,,https://www.jaquar.com/images/thumbs/0069353_sensor-faucet-for-wash-basin_960.jpeg,,Opal Prime Sensor Faucet for Wash Basin with Pre-mixed Water Supply Kit (9V transformer),https://www.jaquar.com/en/sensor-faucet-for-wash-basin?Id=9705,"Sensor Faucets, SNR-CHR-15019PMEBPK"
Faucets,Sensor Faucets,9706,Tall Boy Sensor Faucet,Parent,9706,Tall Boy Sensor Faucet,SNR-CHR-35017PMEB,,https://www.jaquar.com/images/thumbs/0046492_tall-boy-sensor-faucet_960.jpeg,,Kubix Prime Tall Boy Sensor Faucet for Wash Basin (9V transformer),https://www.jaquar.com/en/tall-boy-sensor-faucet-3?Id=9706,"Sensor Faucets, SNR-CHR-35017PMEB"
Faucets,Sensor Faucets,10969,Laguna Sensor Faucet,Parent,10969,Laguna Sensor Faucet,SNR-CHR-91019EB,,https://www.jaquar.com/images/thumbs/0051618_laguna-sensor-faucet_960.jpeg,,Laguna Sensor Faucet for Wash Basin (9V transformer),https://www.jaquar.com/en/laguna-sensor-faucet?Id=10969,"Sensor Faucets, SNR-CHR-91019EB"
Faucets,Sensor Faucets,10970,Laguna Sensor Faucet,Parent,10970,Laguna Sensor Faucet,SNR-CHR-91019EBPK,,https://www.jaquar.com/images/thumbs/0051620_laguna-sensor-faucet_960.jpeg,,Laguna Sensor Faucet for Wash Basin with Pre-mixed Water Supply Kit (9V transformer),https://www.jaquar.com/en/laguna-sensor-faucet-2?Id=10970,"Sensor Faucets, SNR-CHR-91019EBPK"
Faucets,Sensor Faucets,10975,Laguna Sensor Faucet for Wash Basin,Parent,10973,Laguna Sensor Faucet for Wash Basin - Chrome,SNR-CHR-91019,Chrome,https://www.jaquar.com/images/thumbs/0051628_laguna-sensor-faucet-for-wash-basin-chrome_960.jpeg,14100.00,"Laguna Sensor Faucet for Wash Basin (Battery Operated)
",https://www.jaquar.com/en/laguna-sensor-faucet-for-wash-basin?Id=10975,"Sensor Faucets, SNR-CHR-91019, Chrome"
Faucets,Sensor Faucets,10975,Laguna Sensor Faucet for Wash Basin,Variant,10973,Laguna Sensor Faucet for Wash Basin - Black Chrome,SNR-BCH-91019,Black Chrome,https://www.jaquar.com/images/thumbs/0055001_laguna-sensor-faucet-for-wash-basin-black-chrome_960.jpeg,20400.00,"Laguna Sensor Faucet for Wash Basin (Battery Operated)
",https://www.jaquar.com/en/laguna-sensor-faucet-for-wash-basin?Id=10975,"Sensor Faucets, SNR-BCH-91019, Black Chrome"
Faucets,Sensor Faucets,10975,Laguna Sensor Faucet for Wash Basin,Variant,10973,Laguna Sensor Faucet for Wash Basin - Black Matt,SNR-BLM-91019,Black Matt,https://www.jaquar.com/images/thumbs/0055009_laguna-sensor-faucet-for-wash-basin-black-matt_960.jpeg,20400.00,"Laguna Sensor Faucet for Wash Basin (Battery Operated)
",https://www.jaquar.com/en/laguna-sensor-faucet-for-wash-basin?Id=10975,"Sensor Faucets, SNR-BLM-91019, Black Matt"
Faucets,Sensor Faucets,10975,Laguna Sensor Faucet for Wash Basin,Variant,10973,Laguna Sensor Faucet for Wash Basin - Gold Matt PVD,SNR-GMP-91019,Gold Matt PVD,https://www.jaquar.com/images/thumbs/0055021_laguna-sensor-faucet-for-wash-basin-gold-matt-pvd_960.jpeg,24000.00,"Laguna Sensor Faucet for Wash Basin (Battery Operated)
",https://www.jaquar.com/en/laguna-sensor-faucet-for-wash-basin?Id=10975,"Sensor Faucets, SNR-GMP-91019, Gold Matt PVD"
Faucets,Sensor Faucets,10975,Laguna Sensor Faucet for Wash Basin,Variant,10973,Laguna Sensor Faucet for Wash Basin - Gold Bright PVD,SNR-GBP-91019,Gold Bright PVD,https://www.jaquar.com/images/thumbs/0055017_laguna-sensor-faucet-for-wash-basin-gold-bright-pvd_960.jpeg,24000.00,"Laguna Sensor Faucet for Wash Basin (Battery Operated)
",https://www.jaquar.com/en/laguna-sensor-faucet-for-wash-basin?Id=10975,"Sensor Faucets, SNR-GBP-91019, Gold Bright PVD"
Faucets,Sensor Faucets,10975,Laguna Sensor Faucet for Wash Basin,Variant,10973,Laguna Sensor Faucet for Wash Basin - Blush Gold Bright PVD,SNR-BGP-91019,Blush Gold PVD,https://www.jaquar.com/images/thumbs/0055005_laguna-sensor-faucet-for-wash-basin-blush-gold-pvd_960.jpeg,21100.00,"Laguna Sensor Faucet for Wash Basin (Battery Operated)
",https://www.jaquar.com/en/laguna-sensor-faucet-for-wash-basin?Id=10975,"Sensor Faucets, SNR-BGP-91019, Blush Gold PVD"
Faucets,Sensor Faucets,10982,Laguna Sensor Faucet for Wash Basin,Parent,10980,Laguna Sensor Faucet for Wash Basin - Chrome,SNR-CHR-91019PK,Chrome,https://www.jaquar.com/images/thumbs/0051642_laguna-sensor-faucet-for-wash-basin-chrome_960.jpeg,14950.00,"Laguna Sensor Faucet for Wash Basin with Pre-mixed Water Supply Kit (Battery Operated)
",https://www.jaquar.com/en/laguna-sensor-faucet-for-wash-basin-2?Id=10982,"Sensor Faucets, SNR-CHR-91019PK, Chrome"
Faucets,Sensor Faucets,10982,Laguna Sensor Faucet for Wash Basin,Variant,10980,Laguna Sensor Faucet for Wash Basin - Black Chrome,SNR-BCH-91019PK,Black Chrome,https://www.jaquar.com/images/thumbs/0055002_laguna-sensor-faucet-for-wash-basin-black-chrome_960.jpeg,21600.00,"Laguna Sensor Faucet for Wash Basin with Pre-mixed Water Supply Kit (Battery Operated)
",https://www.jaquar.com/en/laguna-sensor-faucet-for-wash-basin-2?Id=10982,"Sensor Faucets, SNR-BCH-91019PK, Black Chrome"
Faucets,Sensor Faucets,10982,Laguna Sensor Faucet for Wash Basin,Variant,10980,Laguna Sensor Faucet for Wash Basin - Black Matt,SNR-BLM-91019PK,Black Matt,https://www.jaquar.com/images/thumbs/0055010_laguna-sensor-faucet-for-wash-basin-black-matt_960.jpeg,21600.00,"Laguna Sensor Faucet for Wash Basin with Pre-mixed Water Supply Kit (Battery Operated)
",https://www.jaquar.com/en/laguna-sensor-faucet-for-wash-basin-2?Id=10982,"Sensor Faucets, SNR-BLM-91019PK, Black Matt"
Faucets,Sensor Faucets,10982,Laguna Sensor Faucet for Wash Basin,Variant,10980,Laguna Sensor Faucet for Wash Basin - Gold Matt PVD,SNR-GMP-91019PK,Gold Matt PVD,https://www.jaquar.com/images/thumbs/0055022_laguna-sensor-faucet-for-wash-basin-gold-matt-pvd_960.jpeg,25500.00,"Laguna Sensor Faucet for Wash Basin with Pre-mixed Water Supply Kit (Battery Operated)
",https://www.jaquar.com/en/laguna-sensor-faucet-for-wash-basin-2?Id=10982,"Sensor Faucets, SNR-GMP-91019PK, Gold Matt PVD"
Faucets,Sensor Faucets,10982,Laguna Sensor Faucet for Wash Basin,Variant,10980,Laguna Sensor Faucet for Wash Basin - Gold Bright PVD,SNR-GBP-91019PK,Gold Bright PVD,https://www.jaquar.com/images/thumbs/0055018_laguna-sensor-faucet-for-wash-basin-gold-bright-pvd_960.jpeg,25500.00,"Laguna Sensor Faucet for Wash Basin with Pre-mixed Water Supply Kit (Battery Operated)
",https://www.jaquar.com/en/laguna-sensor-faucet-for-wash-basin-2?Id=10982,"Sensor Faucets, SNR-GBP-91019PK, Gold Bright PVD"
Faucets,Sensor Faucets,10982,Laguna Sensor Faucet for Wash Basin,Variant,10980,Laguna Sensor Faucet for Wash Basin - Blush Gold Bright PVD,SNR-BGP-91019PK,Blush Gold PVD,https://www.jaquar.com/images/thumbs/0055006_laguna-sensor-faucet-for-wash-basin-blush-gold-pvd_960.jpeg,22400.00,"Laguna Sensor Faucet for Wash Basin with Pre-mixed Water Supply Kit (Battery Operated)
",https://www.jaquar.com/en/laguna-sensor-faucet-for-wash-basin-2?Id=10982,"Sensor Faucets, SNR-BGP-91019PK, Blush Gold PVD"
Faucets,Sensor Faucets,10983,Laguna Sensor Faucet for Wash Basin,Parent,10980,Laguna Sensor Faucet for Wash Basin - Chrome,SNR-CHR-91019PK,Chrome,https://www.jaquar.com/images/thumbs/0051642_laguna-sensor-faucet-for-wash-basin-chrome_960.jpeg,14950.00,"Laguna Sensor Faucet for Wash Basin with Pre-mixed Water Supply Kit (Battery Operated)
",https://www.jaquar.com/en/laguna-sensor-faucet-for-wash-basin-2?Id=10983,"Sensor Faucets, SNR-CHR-91019PK, Chrome"
Faucets,Sensor Faucets,10983,Laguna Sensor Faucet for Wash Basin,Variant,10980,Laguna Sensor Faucet for Wash Basin - Black Chrome,SNR-BCH-91019PK,Black Chrome,https://www.jaquar.com/images/thumbs/0055002_laguna-sensor-faucet-for-wash-basin-black-chrome_960.jpeg,21600.00,"Laguna Sensor Faucet for Wash Basin with Pre-mixed Water Supply Kit (Battery Operated)
",https://www.jaquar.com/en/laguna-sensor-faucet-for-wash-basin-2?Id=10983,"Sensor Faucets, SNR-BCH-91019PK, Black Chrome"
Faucets,Sensor Faucets,10983,Laguna Sensor Faucet for Wash Basin,Variant,10980,Laguna Sensor Faucet for Wash Basin - Black Matt,SNR-BLM-91019PK,Black Matt,https://www.jaquar.com/images/thumbs/0055010_laguna-sensor-faucet-for-wash-basin-black-matt_960.jpeg,21600.00,"Laguna Sensor Faucet for Wash Basin with Pre-mixed Water Supply Kit (Battery Operated)
",https://www.jaquar.com/en/laguna-sensor-faucet-for-wash-basin-2?Id=10983,"Sensor Faucets, SNR-BLM-91019PK, Black Matt"
Faucets,Sensor Faucets,10983,Laguna Sensor Faucet for Wash Basin,Variant,10980,Laguna Sensor Faucet for Wash Basin - Gold Matt PVD,SNR-GMP-91019PK,Gold Matt PVD,https://www.jaquar.com/images/thumbs/0055022_laguna-sensor-faucet-for-wash-basin-gold-matt-pvd_960.jpeg,25500.00,"Laguna Sensor Faucet for Wash Basin with Pre-mixed Water Supply Kit (Battery Operated)
",https://www.jaquar.com/en/laguna-sensor-faucet-for-wash-basin-2?Id=10983,"Sensor Faucets, SNR-GMP-91019PK, Gold Matt PVD"
Faucets,Sensor Faucets,10983,Laguna Sensor Faucet for Wash Basin,Variant,10980,Laguna Sensor Faucet for Wash Basin - Gold Bright PVD,SNR-GBP-91019PK,Gold Bright PVD,https://www.jaquar.com/images/thumbs/0055018_laguna-sensor-faucet-for-wash-basin-gold-bright-pvd_960.jpeg,25500.00,"Laguna Sensor Faucet for Wash Basin with Pre-mixed Water Supply Kit (Battery Operated)
",https://www.jaquar.com/en/laguna-sensor-faucet-for-wash-basin-2?Id=10983,"Sensor Faucets, SNR-GBP-91019PK, Gold Bright PVD"
Faucets,Sensor Faucets,10983,Laguna Sensor Faucet for Wash Basin,Variant,10980,Laguna Sensor Faucet for Wash Basin - Blush Gold Bright PVD,SNR-BGP-91019PK,Blush Gold PVD,https://www.jaquar.com/images/thumbs/0055006_laguna-sensor-faucet-for-wash-basin-blush-gold-pvd_960.jpeg,22400.00,"Laguna Sensor Faucet for Wash Basin with Pre-mixed Water Supply Kit (Battery Operated)
",https://www.jaquar.com/en/laguna-sensor-faucet-for-wash-basin-2?Id=10983,"Sensor Faucets, SNR-BGP-91019PK, Blush Gold PVD"
Faucets,Sensor Faucets,10976,Laguna Sensor Faucet for Wash Basin,Parent,10973,Laguna Sensor Faucet for Wash Basin - Chrome,SNR-CHR-91019,Chrome,https://www.jaquar.com/images/thumbs/0051628_laguna-sensor-faucet-for-wash-basin-chrome_960.jpeg,14100.00,"Laguna Sensor Faucet for Wash Basin (Battery Operated)
",https://www.jaquar.com/en/laguna-sensor-faucet-for-wash-basin?Id=10976,"Sensor Faucets, SNR-CHR-91019, Chrome"
Faucets,Sensor Faucets,10976,Laguna Sensor Faucet for Wash Basin,Variant,10973,Laguna Sensor Faucet for Wash Basin - Black Chrome,SNR-BCH-91019,Black Chrome,https://www.jaquar.com/images/thumbs/0055001_laguna-sensor-faucet-for-wash-basin-black-chrome_960.jpeg,20400.00,"Laguna Sensor Faucet for Wash Basin (Battery Operated)
",https://www.jaquar.com/en/laguna-sensor-faucet-for-wash-basin?Id=10976,"Sensor Faucets, SNR-BCH-91019, Black Chrome"
Faucets,Sensor Faucets,10976,Laguna Sensor Faucet for Wash Basin,Variant,10973,Laguna Sensor Faucet for Wash Basin - Black Matt,SNR-BLM-91019,Black Matt,https://www.jaquar.com/images/thumbs/0055009_laguna-sensor-faucet-for-wash-basin-black-matt_960.jpeg,20400.00,"Laguna Sensor Faucet for Wash Basin (Battery Operated)
",https://www.jaquar.com/en/laguna-sensor-faucet-for-wash-basin?Id=10976,"Sensor Faucets, SNR-BLM-91019, Black Matt"
Faucets,Sensor Faucets,10976,Laguna Sensor Faucet for Wash Basin,Variant,10973,Laguna Sensor Faucet for Wash Basin - Gold Matt PVD,SNR-GMP-91019,Gold Matt PVD,https://www.jaquar.com/images/thumbs/0055021_laguna-sensor-faucet-for-wash-basin-gold-matt-pvd_960.jpeg,24000.00,"Laguna Sensor Faucet for Wash Basin (Battery Operated)
",https://www.jaquar.com/en/laguna-sensor-faucet-for-wash-basin?Id=10976,"Sensor Faucets, SNR-GMP-91019, Gold Matt PVD"
Faucets,Sensor Faucets,10976,Laguna Sensor Faucet for Wash Basin,Variant,10973,Laguna Sensor Faucet for Wash Basin - Gold Bright PVD,SNR-GBP-91019,Gold Bright PVD,https://www.jaquar.com/images/thumbs/0055017_laguna-sensor-faucet-for-wash-basin-gold-bright-pvd_960.jpeg,24000.00,"Laguna Sensor Faucet for Wash Basin (Battery Operated)
",https://www.jaquar.com/en/laguna-sensor-faucet-for-wash-basin?Id=10976,"Sensor Faucets, SNR-GBP-91019, Gold Bright PVD"
Faucets,Sensor Faucets,10976,Laguna Sensor Faucet for Wash Basin,Variant,10973,Laguna Sensor Faucet for Wash Basin - Blush Gold Bright PVD,SNR-BGP-91019,Blush Gold PVD,https://www.jaquar.com/images/thumbs/0055005_laguna-sensor-faucet-for-wash-basin-blush-gold-pvd_960.jpeg,21100.00,"Laguna Sensor Faucet for Wash Basin (Battery Operated)
",https://www.jaquar.com/en/laguna-sensor-faucet-for-wash-basin?Id=10976,"Sensor Faucets, SNR-BGP-91019, Blush Gold PVD"
Faucets,Sensor Faucets,10979,Laguna Sensor Faucet for Wash Basin,Parent,10973,Laguna Sensor Faucet for Wash Basin - Chrome,SNR-CHR-91019,Chrome,https://www.jaquar.com/images/thumbs/0051628_laguna-sensor-faucet-for-wash-basin-chrome_960.jpeg,14100.00,"Laguna Sensor Faucet for Wash Basin (Battery Operated)
",https://www.jaquar.com/en/laguna-sensor-faucet-for-wash-basin?Id=10979,"Sensor Faucets, SNR-CHR-91019, Chrome"
Faucets,Sensor Faucets,10979,Laguna Sensor Faucet for Wash Basin,Variant,10973,Laguna Sensor Faucet for Wash Basin - Black Chrome,SNR-BCH-91019,Black Chrome,https://www.jaquar.com/images/thumbs/0055001_laguna-sensor-faucet-for-wash-basin-black-chrome_960.jpeg,20400.00,"Laguna Sensor Faucet for Wash Basin (Battery Operated)
",https://www.jaquar.com/en/laguna-sensor-faucet-for-wash-basin?Id=10979,"Sensor Faucets, SNR-BCH-91019, Black Chrome"
Faucets,Sensor Faucets,10979,Laguna Sensor Faucet for Wash Basin,Variant,10973,Laguna Sensor Faucet for Wash Basin - Black Matt,SNR-BLM-91019,Black Matt,https://www.jaquar.com/images/thumbs/0055009_laguna-sensor-faucet-for-wash-basin-black-matt_960.jpeg,20400.00,"Laguna Sensor Faucet for Wash Basin (Battery Operated)
",https://www.jaquar.com/en/laguna-sensor-faucet-for-wash-basin?Id=10979,"Sensor Faucets, SNR-BLM-91019, Black Matt"
Faucets,Sensor Faucets,10979,Laguna Sensor Faucet for Wash Basin,Variant,10973,Laguna Sensor Faucet for Wash Basin - Gold Matt PVD,SNR-GMP-91019,Gold Matt PVD,https://www.jaquar.com/images/thumbs/0055021_laguna-sensor-faucet-for-wash-basin-gold-matt-pvd_960.jpeg,24000.00,"Laguna Sensor Faucet for Wash Basin (Battery Operated)
",https://www.jaquar.com/en/laguna-sensor-faucet-for-wash-basin?Id=10979,"Sensor Faucets, SNR-GMP-91019, Gold Matt PVD"
Faucets,Sensor Faucets,10979,Laguna Sensor Faucet for Wash Basin,Variant,10973,Laguna Sensor Faucet for Wash Basin - Gold Bright PVD,SNR-GBP-91019,Gold Bright PVD,https://www.jaquar.com/images/thumbs/0055017_laguna-sensor-faucet-for-wash-basin-gold-bright-pvd_960.jpeg,24000.00,"Laguna Sensor Faucet for Wash Basin (Battery Operated)
",https://www.jaquar.com/en/laguna-sensor-faucet-for-wash-basin?Id=10979,"Sensor Faucets, SNR-GBP-91019, Gold Bright PVD"
Faucets,Sensor Faucets,10979,Laguna Sensor Faucet for Wash Basin,Variant,10973,Laguna Sensor Faucet for Wash Basin - Blush Gold Bright PVD,SNR-BGP-91019,Blush Gold PVD,https://www.jaquar.com/images/thumbs/0055005_laguna-sensor-faucet-for-wash-basin-blush-gold-pvd_960.jpeg,21100.00,"Laguna Sensor Faucet for Wash Basin (Battery Operated)
",https://www.jaquar.com/en/laguna-sensor-faucet-for-wash-basin?Id=10979,"Sensor Faucets, SNR-BGP-91019, Blush Gold PVD"
Faucets,Sensor Faucets,10986,Laguna Sensor Faucet for Wash Basin,Parent,10980,Laguna Sensor Faucet for Wash Basin - Chrome,SNR-CHR-91019PK,Chrome,https://www.jaquar.com/images/thumbs/0051642_laguna-sensor-faucet-for-wash-basin-chrome_960.jpeg,14950.00,"Laguna Sensor Faucet for Wash Basin with Pre-mixed Water Supply Kit (Battery Operated)
",https://www.jaquar.com/en/laguna-sensor-faucet-for-wash-basin-2?Id=10986,"Sensor Faucets, SNR-CHR-91019PK, Chrome"
Faucets,Sensor Faucets,10986,Laguna Sensor Faucet for Wash Basin,Variant,10980,Laguna Sensor Faucet for Wash Basin - Black Chrome,SNR-BCH-91019PK,Black Chrome,https://www.jaquar.com/images/thumbs/0055002_laguna-sensor-faucet-for-wash-basin-black-chrome_960.jpeg,21600.00,"Laguna Sensor Faucet for Wash Basin with Pre-mixed Water Supply Kit (Battery Operated)
",https://www.jaquar.com/en/laguna-sensor-faucet-for-wash-basin-2?Id=10986,"Sensor Faucets, SNR-BCH-91019PK, Black Chrome"
Faucets,Sensor Faucets,10986,Laguna Sensor Faucet for Wash Basin,Variant,10980,Laguna Sensor Faucet for Wash Basin - Black Matt,SNR-BLM-91019PK,Black Matt,https://www.jaquar.com/images/thumbs/0055010_laguna-sensor-faucet-for-wash-basin-black-matt_960.jpeg,21600.00,"Laguna Sensor Faucet for Wash Basin with Pre-mixed Water Supply Kit (Battery Operated)
",https://www.jaquar.com/en/laguna-sensor-faucet-for-wash-basin-2?Id=10986,"Sensor Faucets, SNR-BLM-91019PK, Black Matt"
Faucets,Sensor Faucets,10986,Laguna Sensor Faucet for Wash Basin,Variant,10980,Laguna Sensor Faucet for Wash Basin - Gold Matt PVD,SNR-GMP-91019PK,Gold Matt PVD,https://www.jaquar.com/images/thumbs/0055022_laguna-sensor-faucet-for-wash-basin-gold-matt-pvd_960.jpeg,25500.00,"Laguna Sensor Faucet for Wash Basin with Pre-mixed Water Supply Kit (Battery Operated)
",https://www.jaquar.com/en/laguna-sensor-faucet-for-wash-basin-2?Id=10986,"Sensor Faucets, SNR-GMP-91019PK, Gold Matt PVD"
Faucets,Sensor Faucets,10986,Laguna Sensor Faucet for Wash Basin,Variant,10980,Laguna Sensor Faucet for Wash Basin - Gold Bright PVD,SNR-GBP-91019PK,Gold Bright PVD,https://www.jaquar.com/images/thumbs/0055018_laguna-sensor-faucet-for-wash-basin-gold-bright-pvd_960.jpeg,25500.00,"Laguna Sensor Faucet for Wash Basin with Pre-mixed Water Supply Kit (Battery Operated)
",https://www.jaquar.com/en/laguna-sensor-faucet-for-wash-basin-2?Id=10986,"Sensor Faucets, SNR-GBP-91019PK, Gold Bright PVD"
Faucets,Sensor Faucets,10986,Laguna Sensor Faucet for Wash Basin,Variant,10980,Laguna Sensor Faucet for Wash Basin - Blush Gold Bright PVD,SNR-BGP-91019PK,Blush Gold PVD,https://www.jaquar.com/images/thumbs/0055006_laguna-sensor-faucet-for-wash-basin-blush-gold-pvd_960.jpeg,22400.00,"Laguna Sensor Faucet for Wash Basin with Pre-mixed Water Supply Kit (Battery Operated)
",https://www.jaquar.com/en/laguna-sensor-faucet-for-wash-basin-2?Id=10986,"Sensor Faucets, SNR-BGP-91019PK, Blush Gold PVD"
Faucets,Sensor Faucets,10981,Laguna Sensor Faucet for Wash Basin,Parent,10980,Laguna Sensor Faucet for Wash Basin - Chrome,SNR-CHR-91019PK,Chrome,https://www.jaquar.com/images/thumbs/0051642_laguna-sensor-faucet-for-wash-basin-chrome_960.jpeg,14950.00,"Laguna Sensor Faucet for Wash Basin with Pre-mixed Water Supply Kit (Battery Operated)
",https://www.jaquar.com/en/laguna-sensor-faucet-for-wash-basin-2?Id=10981,"Sensor Faucets, SNR-CHR-91019PK, Chrome"
Faucets,Sensor Faucets,10981,Laguna Sensor Faucet for Wash Basin,Variant,10980,Laguna Sensor Faucet for Wash Basin - Black Chrome,SNR-BCH-91019PK,Black Chrome,https://www.jaquar.com/images/thumbs/0055002_laguna-sensor-faucet-for-wash-basin-black-chrome_960.jpeg,21600.00,"Laguna Sensor Faucet for Wash Basin with Pre-mixed Water Supply Kit (Battery Operated)
",https://www.jaquar.com/en/laguna-sensor-faucet-for-wash-basin-2?Id=10981,"Sensor Faucets, SNR-BCH-91019PK, Black Chrome"
Faucets,Sensor Faucets,10981,Laguna Sensor Faucet for Wash Basin,Variant,10980,Laguna Sensor Faucet for Wash Basin - Black Matt,SNR-BLM-91019PK,Black Matt,https://www.jaquar.com/images/thumbs/0055010_laguna-sensor-faucet-for-wash-basin-black-matt_960.jpeg,21600.00,"Laguna Sensor Faucet for Wash Basin with Pre-mixed Water Supply Kit (Battery Operated)
",https://www.jaquar.com/en/laguna-sensor-faucet-for-wash-basin-2?Id=10981,"Sensor Faucets, SNR-BLM-91019PK, Black Matt"
Faucets,Sensor Faucets,10981,Laguna Sensor Faucet for Wash Basin,Variant,10980,Laguna Sensor Faucet for Wash Basin - Gold Matt PVD,SNR-GMP-91019PK,Gold Matt PVD,https://www.jaquar.com/images/thumbs/0055022_laguna-sensor-faucet-for-wash-basin-gold-matt-pvd_960.jpeg,25500.00,"Laguna Sensor Faucet for Wash Basin with Pre-mixed Water Supply Kit (Battery Operated)
",https://www.jaquar.com/en/laguna-sensor-faucet-for-wash-basin-2?Id=10981,"Sensor Faucets, SNR-GMP-91019PK, Gold Matt PVD"
Faucets,Sensor Faucets,10981,Laguna Sensor Faucet for Wash Basin,Variant,10980,Laguna Sensor Faucet for Wash Basin - Gold Bright PVD,SNR-GBP-91019PK,Gold Bright PVD,https://www.jaquar.com/images/thumbs/0055018_laguna-sensor-faucet-for-wash-basin-gold-bright-pvd_960.jpeg,25500.00,"Laguna Sensor Faucet for Wash Basin with Pre-mixed Water Supply Kit (Battery Operated)
",https://www.jaquar.com/en/laguna-sensor-faucet-for-wash-basin-2?Id=10981,"Sensor Faucets, SNR-GBP-91019PK, Gold Bright PVD"
Faucets,Sensor Faucets,10981,Laguna Sensor Faucet for Wash Basin,Variant,10980,Laguna Sensor Faucet for Wash Basin - Blush Gold Bright PVD,SNR-BGP-91019PK,Blush Gold PVD,https://www.jaquar.com/images/thumbs/0055006_laguna-sensor-faucet-for-wash-basin-blush-gold-pvd_960.jpeg,22400.00,"Laguna Sensor Faucet for Wash Basin with Pre-mixed Water Supply Kit (Battery Operated)
",https://www.jaquar.com/en/laguna-sensor-faucet-for-wash-basin-2?Id=10981,"Sensor Faucets, SNR-BGP-91019PK, Blush Gold PVD"
Faucets,Sensor Faucets,10974,Laguna Sensor Faucet for Wash Basin,Parent,10973,Laguna Sensor Faucet for Wash Basin - Chrome,SNR-CHR-91019,Chrome,https://www.jaquar.com/images/thumbs/0051628_laguna-sensor-faucet-for-wash-basin-chrome_960.jpeg,14100.00,"Laguna Sensor Faucet for Wash Basin (Battery Operated)
",https://www.jaquar.com/en/laguna-sensor-faucet-for-wash-basin?Id=10974,"Sensor Faucets, SNR-CHR-91019, Chrome"
Faucets,Sensor Faucets,10974,Laguna Sensor Faucet for Wash Basin,Variant,10973,Laguna Sensor Faucet for Wash Basin - Black Chrome,SNR-BCH-91019,Black Chrome,https://www.jaquar.com/images/thumbs/0055001_laguna-sensor-faucet-for-wash-basin-black-chrome_960.jpeg,20400.00,"Laguna Sensor Faucet for Wash Basin (Battery Operated)
",https://www.jaquar.com/en/laguna-sensor-faucet-for-wash-basin?Id=10974,"Sensor Faucets, SNR-BCH-91019, Black Chrome"
Faucets,Sensor Faucets,10974,Laguna Sensor Faucet for Wash Basin,Variant,10973,Laguna Sensor Faucet for Wash Basin - Black Matt,SNR-BLM-91019,Black Matt,https://www.jaquar.com/images/thumbs/0055009_laguna-sensor-faucet-for-wash-basin-black-matt_960.jpeg,20400.00,"Laguna Sensor Faucet for Wash Basin (Battery Operated)
",https://www.jaquar.com/en/laguna-sensor-faucet-for-wash-basin?Id=10974,"Sensor Faucets, SNR-BLM-91019, Black Matt"
Faucets,Sensor Faucets,10974,Laguna Sensor Faucet for Wash Basin,Variant,10973,Laguna Sensor Faucet for Wash Basin - Gold Matt PVD,SNR-GMP-91019,Gold Matt PVD,https://www.jaquar.com/images/thumbs/0055021_laguna-sensor-faucet-for-wash-basin-gold-matt-pvd_960.jpeg,24000.00,"Laguna Sensor Faucet for Wash Basin (Battery Operated)
",https://www.jaquar.com/en/laguna-sensor-faucet-for-wash-basin?Id=10974,"Sensor Faucets, SNR-GMP-91019, Gold Matt PVD"
Faucets,Sensor Faucets,10974,Laguna Sensor Faucet for Wash Basin,Variant,10973,Laguna Sensor Faucet for Wash Basin - Gold Bright PVD,SNR-GBP-91019,Gold Bright PVD,https://www.jaquar.com/images/thumbs/0055017_laguna-sensor-faucet-for-wash-basin-gold-bright-pvd_960.jpeg,24000.00,"Laguna Sensor Faucet for Wash Basin (Battery Operated)
",https://www.jaquar.com/en/laguna-sensor-faucet-for-wash-basin?Id=10974,"Sensor Faucets, SNR-GBP-91019, Gold Bright PVD"
Faucets,Sensor Faucets,10974,Laguna Sensor Faucet for Wash Basin,Variant,10973,Laguna Sensor Faucet for Wash Basin - Blush Gold Bright PVD,SNR-BGP-91019,Blush Gold PVD,https://www.jaquar.com/images/thumbs/0055005_laguna-sensor-faucet-for-wash-basin-blush-gold-pvd_960.jpeg,21100.00,"Laguna Sensor Faucet for Wash Basin (Battery Operated)
",https://www.jaquar.com/en/laguna-sensor-faucet-for-wash-basin?Id=10974,"Sensor Faucets, SNR-BGP-91019, Blush Gold PVD"
Faucets,Sensor Faucets,10978,Laguna Sensor Faucet for Wash Basin,Parent,10973,Laguna Sensor Faucet for Wash Basin - Chrome,SNR-CHR-91019,Chrome,https://www.jaquar.com/images/thumbs/0051628_laguna-sensor-faucet-for-wash-basin-chrome_960.jpeg,14100.00,"Laguna Sensor Faucet for Wash Basin (Battery Operated)
",https://www.jaquar.com/en/laguna-sensor-faucet-for-wash-basin?Id=10978,"Sensor Faucets, SNR-CHR-91019, Chrome"
Faucets,Sensor Faucets,10978,Laguna Sensor Faucet for Wash Basin,Variant,10973,Laguna Sensor Faucet for Wash Basin - Black Chrome,SNR-BCH-91019,Black Chrome,https://www.jaquar.com/images/thumbs/0055001_laguna-sensor-faucet-for-wash-basin-black-chrome_960.jpeg,20400.00,"Laguna Sensor Faucet for Wash Basin (Battery Operated)
",https://www.jaquar.com/en/laguna-sensor-faucet-for-wash-basin?Id=10978,"Sensor Faucets, SNR-BCH-91019, Black Chrome"
Faucets,Sensor Faucets,10978,Laguna Sensor Faucet for Wash Basin,Variant,10973,Laguna Sensor Faucet for Wash Basin - Black Matt,SNR-BLM-91019,Black Matt,https://www.jaquar.com/images/thumbs/0055009_laguna-sensor-faucet-for-wash-basin-black-matt_960.jpeg,20400.00,"Laguna Sensor Faucet for Wash Basin (Battery Operated)
",https://www.jaquar.com/en/laguna-sensor-faucet-for-wash-basin?Id=10978,"Sensor Faucets, SNR-BLM-91019, Black Matt"
Faucets,Sensor Faucets,10978,Laguna Sensor Faucet for Wash Basin,Variant,10973,Laguna Sensor Faucet for Wash Basin - Gold Matt PVD,SNR-GMP-91019,Gold Matt PVD,https://www.jaquar.com/images/thumbs/0055021_laguna-sensor-faucet-for-wash-basin-gold-matt-pvd_960.jpeg,24000.00,"Laguna Sensor Faucet for Wash Basin (Battery Operated)
",https://www.jaquar.com/en/laguna-sensor-faucet-for-wash-basin?Id=10978,"Sensor Faucets, SNR-GMP-91019, Gold Matt PVD"
Faucets,Sensor Faucets,10978,Laguna Sensor Faucet for Wash Basin,Variant,10973,Laguna Sensor Faucet for Wash Basin - Gold Bright PVD,SNR-GBP-91019,Gold Bright PVD,https://www.jaquar.com/images/thumbs/0055017_laguna-sensor-faucet-for-wash-basin-gold-bright-pvd_960.jpeg,24000.00,"Laguna Sensor Faucet for Wash Basin (Battery Operated)
",https://www.jaquar.com/en/laguna-sensor-faucet-for-wash-basin?Id=10978,"Sensor Faucets, SNR-GBP-91019, Gold Bright PVD"
Faucets,Sensor Faucets,10978,Laguna Sensor Faucet for Wash Basin,Variant,10973,Laguna Sensor Faucet for Wash Basin - Blush Gold Bright PVD,SNR-BGP-91019,Blush Gold PVD,https://www.jaquar.com/images/thumbs/0055005_laguna-sensor-faucet-for-wash-basin-blush-gold-pvd_960.jpeg,21100.00,"Laguna Sensor Faucet for Wash Basin (Battery Operated)
",https://www.jaquar.com/en/laguna-sensor-faucet-for-wash-basin?Id=10978,"Sensor Faucets, SNR-BGP-91019, Blush Gold PVD"
Faucets,Sensor Faucets,10985,Laguna Sensor Faucet for Wash Basin,Parent,10980,Laguna Sensor Faucet for Wash Basin - Chrome,SNR-CHR-91019PK,Chrome,https://www.jaquar.com/images/thumbs/0051642_laguna-sensor-faucet-for-wash-basin-chrome_960.jpeg,14950.00,"Laguna Sensor Faucet for Wash Basin with Pre-mixed Water Supply Kit (Battery Operated)
",https://www.jaquar.com/en/laguna-sensor-faucet-for-wash-basin-2?Id=10985,"Sensor Faucets, SNR-CHR-91019PK, Chrome"
Faucets,Sensor Faucets,10985,Laguna Sensor Faucet for Wash Basin,Variant,10980,Laguna Sensor Faucet for Wash Basin - Black Chrome,SNR-BCH-91019PK,Black Chrome,https://www.jaquar.com/images/thumbs/0055002_laguna-sensor-faucet-for-wash-basin-black-chrome_960.jpeg,21600.00,"Laguna Sensor Faucet for Wash Basin with Pre-mixed Water Supply Kit (Battery Operated)
",https://www.jaquar.com/en/laguna-sensor-faucet-for-wash-basin-2?Id=10985,"Sensor Faucets, SNR-BCH-91019PK, Black Chrome"
Faucets,Sensor Faucets,10985,Laguna Sensor Faucet for Wash Basin,Variant,10980,Laguna Sensor Faucet for Wash Basin - Black Matt,SNR-BLM-91019PK,Black Matt,https://www.jaquar.com/images/thumbs/0055010_laguna-sensor-faucet-for-wash-basin-black-matt_960.jpeg,21600.00,"Laguna Sensor Faucet for Wash Basin with Pre-mixed Water Supply Kit (Battery Operated)
",https://www.jaquar.com/en/laguna-sensor-faucet-for-wash-basin-2?Id=10985,"Sensor Faucets, SNR-BLM-91019PK, Black Matt"
Faucets,Sensor Faucets,10985,Laguna Sensor Faucet for Wash Basin,Variant,10980,Laguna Sensor Faucet for Wash Basin - Gold Matt PVD,SNR-GMP-91019PK,Gold Matt PVD,https://www.jaquar.com/images/thumbs/0055022_laguna-sensor-faucet-for-wash-basin-gold-matt-pvd_960.jpeg,25500.00,"Laguna Sensor Faucet for Wash Basin with Pre-mixed Water Supply Kit (Battery Operated)
",https://www.jaquar.com/en/laguna-sensor-faucet-for-wash-basin-2?Id=10985,"Sensor Faucets, SNR-GMP-91019PK, Gold Matt PVD"
Faucets,Sensor Faucets,10985,Laguna Sensor Faucet for Wash Basin,Variant,10980,Laguna Sensor Faucet for Wash Basin - Gold Bright PVD,SNR-GBP-91019PK,Gold Bright PVD,https://www.jaquar.com/images/thumbs/0055018_laguna-sensor-faucet-for-wash-basin-gold-bright-pvd_960.jpeg,25500.00,"Laguna Sensor Faucet for Wash Basin with Pre-mixed Water Supply Kit (Battery Operated)
",https://www.jaquar.com/en/laguna-sensor-faucet-for-wash-basin-2?Id=10985,"Sensor Faucets, SNR-GBP-91019PK, Gold Bright PVD"
Faucets,Sensor Faucets,10985,Laguna Sensor Faucet for Wash Basin,Variant,10980,Laguna Sensor Faucet for Wash Basin - Blush Gold Bright PVD,SNR-BGP-91019PK,Blush Gold PVD,https://www.jaquar.com/images/thumbs/0055006_laguna-sensor-faucet-for-wash-basin-blush-gold-pvd_960.jpeg,22400.00,"Laguna Sensor Faucet for Wash Basin with Pre-mixed Water Supply Kit (Battery Operated)
",https://www.jaquar.com/en/laguna-sensor-faucet-for-wash-basin-2?Id=10985,"Sensor Faucets, SNR-BGP-91019PK, Blush Gold PVD"
Faucets,Sensor Faucets,10984,Laguna Sensor Faucet for Wash Basin,Parent,10980,Laguna Sensor Faucet for Wash Basin - Chrome,SNR-CHR-91019PK,Chrome,https://www.jaquar.com/images/thumbs/0051642_laguna-sensor-faucet-for-wash-basin-chrome_960.jpeg,14950.00,"Laguna Sensor Faucet for Wash Basin with Pre-mixed Water Supply Kit (Battery Operated)
",https://www.jaquar.com/en/laguna-sensor-faucet-for-wash-basin-2?Id=10984,"Sensor Faucets, SNR-CHR-91019PK, Chrome"
Faucets,Sensor Faucets,10984,Laguna Sensor Faucet for Wash Basin,Variant,10980,Laguna Sensor Faucet for Wash Basin - Black Chrome,SNR-BCH-91019PK,Black Chrome,https://www.jaquar.com/images/thumbs/0055002_laguna-sensor-faucet-for-wash-basin-black-chrome_960.jpeg,21600.00,"Laguna Sensor Faucet for Wash Basin with Pre-mixed Water Supply Kit (Battery Operated)
",https://www.jaquar.com/en/laguna-sensor-faucet-for-wash-basin-2?Id=10984,"Sensor Faucets, SNR-BCH-91019PK, Black Chrome"
Faucets,Sensor Faucets,10984,Laguna Sensor Faucet for Wash Basin,Variant,10980,Laguna Sensor Faucet for Wash Basin - Black Matt,SNR-BLM-91019PK,Black Matt,https://www.jaquar.com/images/thumbs/0055010_laguna-sensor-faucet-for-wash-basin-black-matt_960.jpeg,21600.00,"Laguna Sensor Faucet for Wash Basin with Pre-mixed Water Supply Kit (Battery Operated)
",https://www.jaquar.com/en/laguna-sensor-faucet-for-wash-basin-2?Id=10984,"Sensor Faucets, SNR-BLM-91019PK, Black Matt"
Faucets,Sensor Faucets,10984,Laguna Sensor Faucet for Wash Basin,Variant,10980,Laguna Sensor Faucet for Wash Basin - Gold Matt PVD,SNR-GMP-91019PK,Gold Matt PVD,https://www.jaquar.com/images/thumbs/0055022_laguna-sensor-faucet-for-wash-basin-gold-matt-pvd_960.jpeg,25500.00,"Laguna Sensor Faucet for Wash Basin with Pre-mixed Water Supply Kit (Battery Operated)
",https://www.jaquar.com/en/laguna-sensor-faucet-for-wash-basin-2?Id=10984,"Sensor Faucets, SNR-GMP-91019PK, Gold Matt PVD"
Faucets,Sensor Faucets,10984,Laguna Sensor Faucet for Wash Basin,Variant,10980,Laguna Sensor Faucet for Wash Basin - Gold Bright PVD,SNR-GBP-91019PK,Gold Bright PVD,https://www.jaquar.com/images/thumbs/0055018_laguna-sensor-faucet-for-wash-basin-gold-bright-pvd_960.jpeg,25500.00,"Laguna Sensor Faucet for Wash Basin with Pre-mixed Water Supply Kit (Battery Operated)
",https://www.jaquar.com/en/laguna-sensor-faucet-for-wash-basin-2?Id=10984,"Sensor Faucets, SNR-GBP-91019PK, Gold Bright PVD"
Faucets,Sensor Faucets,10984,Laguna Sensor Faucet for Wash Basin,Variant,10980,Laguna Sensor Faucet for Wash Basin - Blush Gold Bright PVD,SNR-BGP-91019PK,Blush Gold PVD,https://www.jaquar.com/images/thumbs/0055006_laguna-sensor-faucet-for-wash-basin-blush-gold-pvd_960.jpeg,22400.00,"Laguna Sensor Faucet for Wash Basin with Pre-mixed Water Supply Kit (Battery Operated)
",https://www.jaquar.com/en/laguna-sensor-faucet-for-wash-basin-2?Id=10984,"Sensor Faucets, SNR-BGP-91019PK, Blush Gold PVD"
Faucets,Sensor Faucets,10977,Laguna Sensor Faucet for Wash Basin,Parent,10973,Laguna Sensor Faucet for Wash Basin - Chrome,SNR-CHR-91019,Chrome,https://www.jaquar.com/images/thumbs/0051628_laguna-sensor-faucet-for-wash-basin-chrome_960.jpeg,14100.00,"Laguna Sensor Faucet for Wash Basin (Battery Operated)
",https://www.jaquar.com/en/laguna-sensor-faucet-for-wash-basin?Id=10977,"Sensor Faucets, SNR-CHR-91019, Chrome"
Faucets,Sensor Faucets,10977,Laguna Sensor Faucet for Wash Basin,Variant,10973,Laguna Sensor Faucet for Wash Basin - Black Chrome,SNR-BCH-91019,Black Chrome,https://www.jaquar.com/images/thumbs/0055001_laguna-sensor-faucet-for-wash-basin-black-chrome_960.jpeg,20400.00,"Laguna Sensor Faucet for Wash Basin (Battery Operated)
",https://www.jaquar.com/en/laguna-sensor-faucet-for-wash-basin?Id=10977,"Sensor Faucets, SNR-BCH-91019, Black Chrome"
Faucets,Sensor Faucets,10977,Laguna Sensor Faucet for Wash Basin,Variant,10973,Laguna Sensor Faucet for Wash Basin - Black Matt,SNR-BLM-91019,Black Matt,https://www.jaquar.com/images/thumbs/0055009_laguna-sensor-faucet-for-wash-basin-black-matt_960.jpeg,20400.00,"Laguna Sensor Faucet for Wash Basin (Battery Operated)
",https://www.jaquar.com/en/laguna-sensor-faucet-for-wash-basin?Id=10977,"Sensor Faucets, SNR-BLM-91019, Black Matt"
Faucets,Sensor Faucets,10977,Laguna Sensor Faucet for Wash Basin,Variant,10973,Laguna Sensor Faucet for Wash Basin - Gold Matt PVD,SNR-GMP-91019,Gold Matt PVD,https://www.jaquar.com/images/thumbs/0055021_laguna-sensor-faucet-for-wash-basin-gold-matt-pvd_960.jpeg,24000.00,"Laguna Sensor Faucet for Wash Basin (Battery Operated)
",https://www.jaquar.com/en/laguna-sensor-faucet-for-wash-basin?Id=10977,"Sensor Faucets, SNR-GMP-91019, Gold Matt PVD"
Faucets,Sensor Faucets,10977,Laguna Sensor Faucet for Wash Basin,Variant,10973,Laguna Sensor Faucet for Wash Basin - Gold Bright PVD,SNR-GBP-91019,Gold Bright PVD,https://www.jaquar.com/images/thumbs/0055017_laguna-sensor-faucet-for-wash-basin-gold-bright-pvd_960.jpeg,24000.00,"Laguna Sensor Faucet for Wash Basin (Battery Operated)
",https://www.jaquar.com/en/laguna-sensor-faucet-for-wash-basin?Id=10977,"Sensor Faucets, SNR-GBP-91019, Gold Bright PVD"
Faucets,Sensor Faucets,10977,Laguna Sensor Faucet for Wash Basin,Variant,10973,Laguna Sensor Faucet for Wash Basin - Blush Gold Bright PVD,SNR-BGP-91019,Blush Gold PVD,https://www.jaquar.com/images/thumbs/0055005_laguna-sensor-faucet-for-wash-basin-blush-gold-pvd_960.jpeg,21100.00,"Laguna Sensor Faucet for Wash Basin (Battery Operated)
",https://www.jaquar.com/en/laguna-sensor-faucet-for-wash-basin?Id=10977,"Sensor Faucets, SNR-BGP-91019, Blush Gold PVD"
Faucets,Sensor Faucets,10971,Laguna Tall Boy Sensor Faucet,Parent,10971,Laguna Tall Boy Sensor Faucet,SNR-CHR-91017EB,,https://www.jaquar.com/images/thumbs/0051622_laguna-tall-boy-sensor-faucet_960.jpeg,,Laguna Tall Boy Sensor Faucet for Wash Basin (9V transformer),https://www.jaquar.com/en/laguna-tall-boy-sensor-faucet?Id=10971,"Sensor Faucets, SNR-CHR-91017EB"
Faucets,Sensor Faucets,10972,Laguna Tall Boy Sensor Faucet,Parent,10972,Laguna Tall Boy Sensor Faucet,SNR-CHR-91017EBPK,,https://www.jaquar.com/images/thumbs/0051624_laguna-tall-boy-sensor-faucet_960.jpeg,,Laguna Tall Boy Sensor Faucet for Wash Basin with Pre-mixed Water Supply Kit (9V transformer),https://www.jaquar.com/en/laguna-tall-boy-sensor-faucet-2?Id=10972,"Sensor Faucets, SNR-CHR-91017EBPK"
Faucets,Sensor Faucets,10989,Laguna Tall Boy Sensor Faucet,Parent,10987,Laguna Tall Boy Sensor Faucet - Chrome,SNR-CHR-91017,Chrome,https://www.jaquar.com/images/thumbs/0051660_laguna-tall-boy-sensor-faucet-chrome_960.jpeg,17400.00,"Laguna Tall Boy Sensor Faucet for Wash Basin (Battery Operated)
",https://www.jaquar.com/en/laguna-tall-boy-sensor-faucet-3?Id=10989,"Sensor Faucets, SNR-CHR-91017, Chrome"
Faucets,Sensor Faucets,10989,Laguna Tall Boy Sensor Faucet,Variant,10987,Laguna Tall Boy Sensor Faucet - Black Chrome,SNR-BCH-91017,Black Chrome,https://www.jaquar.com/images/thumbs/0054999_laguna-tall-boy-sensor-faucet-black-chrome_960.jpeg,25200.00,"Laguna Tall Boy Sensor Faucet for Wash Basin (Battery Operated)
",https://www.jaquar.com/en/laguna-tall-boy-sensor-faucet-3?Id=10989,"Sensor Faucets, SNR-BCH-91017, Black Chrome"
Faucets,Sensor Faucets,10989,Laguna Tall Boy Sensor Faucet,Variant,10987,Laguna Tall Boy Sensor Faucet - Black Matt,SNR-BLM-91017,Black Matt,https://www.jaquar.com/images/thumbs/0055007_laguna-tall-boy-sensor-faucet-black-matt_960.jpeg,25200.00,"Laguna Tall Boy Sensor Faucet for Wash Basin (Battery Operated)
",https://www.jaquar.com/en/laguna-tall-boy-sensor-faucet-3?Id=10989,"Sensor Faucets, SNR-BLM-91017, Black Matt"
Faucets,Sensor Faucets,10989,Laguna Tall Boy Sensor Faucet,Variant,10987,Laguna Tall Boy Sensor Faucet - Gold Matt PVD,SNR-GMP-91017,Gold Matt PVD,https://www.jaquar.com/images/thumbs/0055019_laguna-tall-boy-sensor-faucet-gold-matt-pvd_960.jpeg,29700.00,"Laguna Tall Boy Sensor Faucet for Wash Basin (Battery Operated)
",https://www.jaquar.com/en/laguna-tall-boy-sensor-faucet-3?Id=10989,"Sensor Faucets, SNR-GMP-91017, Gold Matt PVD"
Faucets,Sensor Faucets,10989,Laguna Tall Boy Sensor Faucet,Variant,10987,Laguna Tall Boy Sensor Faucet - Gold Bright PVD,SNR-GBP-91017,Gold Bright PVD,https://www.jaquar.com/images/thumbs/0055015_laguna-tall-boy-sensor-faucet-gold-bright-pvd_960.jpeg,29700.00,"Laguna Tall Boy Sensor Faucet for Wash Basin (Battery Operated)
",https://www.jaquar.com/en/laguna-tall-boy-sensor-faucet-3?Id=10989,"Sensor Faucets, SNR-GBP-91017, Gold Bright PVD"
Faucets,Sensor Faucets,10989,Laguna Tall Boy Sensor Faucet,Variant,10987,Laguna Tall Boy Sensor Faucet - Blush Gold Bright PVD,SNR-BGP-91017,Blush Gold PVD,https://www.jaquar.com/images/thumbs/0055003_laguna-tall-boy-sensor-faucet-blush-gold-pvd_960.jpeg,26000.00,"Laguna Tall Boy Sensor Faucet for Wash Basin (Battery Operated)
",https://www.jaquar.com/en/laguna-tall-boy-sensor-faucet-3?Id=10989,"Sensor Faucets, SNR-BGP-91017, Blush Gold PVD"
Faucets,Sensor Faucets,10994,Laguna Tall Boy Sensor Faucet,Parent,11000,Laguna Tall Boy Sensor Faucet - Chrome,SNR-CHR-91017PK,Chrome,https://www.jaquar.com/images/thumbs/0051667_laguna-tall-boy-sensor-faucet-chrome_960.jpeg,18250.00,"Laguna Tall Boy Sensor Faucet for Wash Basin with Pre-mixed Water Supply Kit (Battery Operated)
",https://www.jaquar.com/en/laguna-tall-boy-sensor-faucet-4?Id=10994,"Sensor Faucets, SNR-CHR-91017PK, Chrome"
Faucets,Sensor Faucets,10994,Laguna Tall Boy Sensor Faucet,Variant,11000,Laguna Tall Boy Sensor Faucet - Black Chrome,SNR-BCH-91017PK,Black Chrome,https://www.jaquar.com/images/thumbs/0055000_laguna-tall-boy-sensor-faucet-black-chrome_960.jpeg,26400.00,"Laguna Tall Boy Sensor Faucet for Wash Basin with Pre-mixed Water Supply Kit (Battery Operated)
",https://www.jaquar.com/en/laguna-tall-boy-sensor-faucet-4?Id=10994,"Sensor Faucets, SNR-BCH-91017PK, Black Chrome"
Faucets,Sensor Faucets,10994,Laguna Tall Boy Sensor Faucet,Variant,11000,Laguna Tall Boy Sensor Faucet - Black Matt,SNR-BLM-91017PK,Black Matt,https://www.jaquar.com/images/thumbs/0055008_laguna-tall-boy-sensor-faucet-black-matt_960.jpeg,26400.00,"Laguna Tall Boy Sensor Faucet for Wash Basin with Pre-mixed Water Supply Kit (Battery Operated)
",https://www.jaquar.com/en/laguna-tall-boy-sensor-faucet-4?Id=10994,"Sensor Faucets, SNR-BLM-91017PK, Black Matt"
Faucets,Sensor Faucets,10994,Laguna Tall Boy Sensor Faucet,Variant,11000,Laguna Tall Boy Sensor Faucet - Gold Matt PVD,SNR-GMP-91017PK,Gold Matt PVD,https://www.jaquar.com/images/thumbs/0055020_laguna-tall-boy-sensor-faucet-gold-matt-pvd_960.jpeg,31100.00,"Laguna Tall Boy Sensor Faucet for Wash Basin with Pre-mixed Water Supply Kit (Battery Operated)
",https://www.jaquar.com/en/laguna-tall-boy-sensor-faucet-4?Id=10994,"Sensor Faucets, SNR-GMP-91017PK, Gold Matt PVD"
Faucets,Sensor Faucets,10994,Laguna Tall Boy Sensor Faucet,Variant,11000,Laguna Tall Boy Sensor Faucet - Gold Bright PVD,SNR-GBP-91017PK,Gold Bright PVD,https://www.jaquar.com/images/thumbs/0055016_laguna-tall-boy-sensor-faucet-gold-bright-pvd_960.jpeg,31100.00,"Laguna Tall Boy Sensor Faucet for Wash Basin with Pre-mixed Water Supply Kit (Battery Operated)
",https://www.jaquar.com/en/laguna-tall-boy-sensor-faucet-4?Id=10994,"Sensor Faucets, SNR-GBP-91017PK, Gold Bright PVD"
Faucets,Sensor Faucets,10994,Laguna Tall Boy Sensor Faucet,Variant,11000,Laguna Tall Boy Sensor Faucet - Blush Gold Bright PVD,SNR-BGP-91017PK,Blush Gold PVD,https://www.jaquar.com/images/thumbs/0055004_laguna-tall-boy-sensor-faucet-blush-gold-pvd_960.jpeg,27300.00,"Laguna Tall Boy Sensor Faucet for Wash Basin with Pre-mixed Water Supply Kit (Battery Operated)
",https://www.jaquar.com/en/laguna-tall-boy-sensor-faucet-4?Id=10994,"Sensor Faucets, SNR-BGP-91017PK, Blush Gold PVD"
Faucets,Sensor Faucets,10990,Laguna Tall Boy Sensor Faucet,Parent,10987,Laguna Tall Boy Sensor Faucet - Chrome,SNR-CHR-91017,Chrome,https://www.jaquar.com/images/thumbs/0051660_laguna-tall-boy-sensor-faucet-chrome_960.jpeg,17400.00,"Laguna Tall Boy Sensor Faucet for Wash Basin (Battery Operated)
",https://www.jaquar.com/en/laguna-tall-boy-sensor-faucet-3?Id=10990,"Sensor Faucets, SNR-CHR-91017, Chrome"
Faucets,Sensor Faucets,10990,Laguna Tall Boy Sensor Faucet,Variant,10987,Laguna Tall Boy Sensor Faucet - Black Chrome,SNR-BCH-91017,Black Chrome,https://www.jaquar.com/images/thumbs/0054999_laguna-tall-boy-sensor-faucet-black-chrome_960.jpeg,25200.00,"Laguna Tall Boy Sensor Faucet for Wash Basin (Battery Operated)
",https://www.jaquar.com/en/laguna-tall-boy-sensor-faucet-3?Id=10990,"Sensor Faucets, SNR-BCH-91017, Black Chrome"
Faucets,Sensor Faucets,10990,Laguna Tall Boy Sensor Faucet,Variant,10987,Laguna Tall Boy Sensor Faucet - Black Matt,SNR-BLM-91017,Black Matt,https://www.jaquar.com/images/thumbs/0055007_laguna-tall-boy-sensor-faucet-black-matt_960.jpeg,25200.00,"Laguna Tall Boy Sensor Faucet for Wash Basin (Battery Operated)
",https://www.jaquar.com/en/laguna-tall-boy-sensor-faucet-3?Id=10990,"Sensor Faucets, SNR-BLM-91017, Black Matt"
Faucets,Sensor Faucets,10990,Laguna Tall Boy Sensor Faucet,Variant,10987,Laguna Tall Boy Sensor Faucet - Gold Matt PVD,SNR-GMP-91017,Gold Matt PVD,https://www.jaquar.com/images/thumbs/0055019_laguna-tall-boy-sensor-faucet-gold-matt-pvd_960.jpeg,29700.00,"Laguna Tall Boy Sensor Faucet for Wash Basin (Battery Operated)
",https://www.jaquar.com/en/laguna-tall-boy-sensor-faucet-3?Id=10990,"Sensor Faucets, SNR-GMP-91017, Gold Matt PVD"
Faucets,Sensor Faucets,10990,Laguna Tall Boy Sensor Faucet,Variant,10987,Laguna Tall Boy Sensor Faucet - Gold Bright PVD,SNR-GBP-91017,Gold Bright PVD,https://www.jaquar.com/images/thumbs/0055015_laguna-tall-boy-sensor-faucet-gold-bright-pvd_960.jpeg,29700.00,"Laguna Tall Boy Sensor Faucet for Wash Basin (Battery Operated)
",https://www.jaquar.com/en/laguna-tall-boy-sensor-faucet-3?Id=10990,"Sensor Faucets, SNR-GBP-91017, Gold Bright PVD"
Faucets,Sensor Faucets,10990,Laguna Tall Boy Sensor Faucet,Variant,10987,Laguna Tall Boy Sensor Faucet - Blush Gold Bright PVD,SNR-BGP-91017,Blush Gold PVD,https://www.jaquar.com/images/thumbs/0055003_laguna-tall-boy-sensor-faucet-blush-gold-pvd_960.jpeg,26000.00,"Laguna Tall Boy Sensor Faucet for Wash Basin (Battery Operated)
",https://www.jaquar.com/en/laguna-tall-boy-sensor-faucet-3?Id=10990,"Sensor Faucets, SNR-BGP-91017, Blush Gold PVD"
Faucets,Sensor Faucets,10996,Laguna Tall Boy Sensor Faucet,Parent,11000,Laguna Tall Boy Sensor Faucet - Chrome,SNR-CHR-91017PK,Chrome,https://www.jaquar.com/images/thumbs/0051667_laguna-tall-boy-sensor-faucet-chrome_960.jpeg,18250.00,"Laguna Tall Boy Sensor Faucet for Wash Basin with Pre-mixed Water Supply Kit (Battery Operated)
",https://www.jaquar.com/en/laguna-tall-boy-sensor-faucet-4?Id=10996,"Sensor Faucets, SNR-CHR-91017PK, Chrome"
Faucets,Sensor Faucets,10996,Laguna Tall Boy Sensor Faucet,Variant,11000,Laguna Tall Boy Sensor Faucet - Black Chrome,SNR-BCH-91017PK,Black Chrome,https://www.jaquar.com/images/thumbs/0055000_laguna-tall-boy-sensor-faucet-black-chrome_960.jpeg,26400.00,"Laguna Tall Boy Sensor Faucet for Wash Basin with Pre-mixed Water Supply Kit (Battery Operated)
",https://www.jaquar.com/en/laguna-tall-boy-sensor-faucet-4?Id=10996,"Sensor Faucets, SNR-BCH-91017PK, Black Chrome"
Faucets,Sensor Faucets,10996,Laguna Tall Boy Sensor Faucet,Variant,11000,Laguna Tall Boy Sensor Faucet - Black Matt,SNR-BLM-91017PK,Black Matt,https://www.jaquar.com/images/thumbs/0055008_laguna-tall-boy-sensor-faucet-black-matt_960.jpeg,26400.00,"Laguna Tall Boy Sensor Faucet for Wash Basin with Pre-mixed Water Supply Kit (Battery Operated)
",https://www.jaquar.com/en/laguna-tall-boy-sensor-faucet-4?Id=10996,"Sensor Faucets, SNR-BLM-91017PK, Black Matt"
Faucets,Sensor Faucets,10996,Laguna Tall Boy Sensor Faucet,Variant,11000,Laguna Tall Boy Sensor Faucet - Gold Matt PVD,SNR-GMP-91017PK,Gold Matt PVD,https://www.jaquar.com/images/thumbs/0055020_laguna-tall-boy-sensor-faucet-gold-matt-pvd_960.jpeg,31100.00,"Laguna Tall Boy Sensor Faucet for Wash Basin with Pre-mixed Water Supply Kit (Battery Operated)
",https://www.jaquar.com/en/laguna-tall-boy-sensor-faucet-4?Id=10996,"Sensor Faucets, SNR-GMP-91017PK, Gold Matt PVD"
Faucets,Sensor Faucets,10996,Laguna Tall Boy Sensor Faucet,Variant,11000,Laguna Tall Boy Sensor Faucet - Gold Bright PVD,SNR-GBP-91017PK,Gold Bright PVD,https://www.jaquar.com/images/thumbs/0055016_laguna-tall-boy-sensor-faucet-gold-bright-pvd_960.jpeg,31100.00,"Laguna Tall Boy Sensor Faucet for Wash Basin with Pre-mixed Water Supply Kit (Battery Operated)
",https://www.jaquar.com/en/laguna-tall-boy-sensor-faucet-4?Id=10996,"Sensor Faucets, SNR-GBP-91017PK, Gold Bright PVD"
Faucets,Sensor Faucets,10996,Laguna Tall Boy Sensor Faucet,Variant,11000,Laguna Tall Boy Sensor Faucet - Blush Gold Bright PVD,SNR-BGP-91017PK,Blush Gold PVD,https://www.jaquar.com/images/thumbs/0055004_laguna-tall-boy-sensor-faucet-blush-gold-pvd_960.jpeg,27300.00,"Laguna Tall Boy Sensor Faucet for Wash Basin with Pre-mixed Water Supply Kit (Battery Operated)
",https://www.jaquar.com/en/laguna-tall-boy-sensor-faucet-4?Id=10996,"Sensor Faucets, SNR-BGP-91017PK, Blush Gold PVD"
Faucets,Sensor Faucets,10999,Laguna Tall Boy Sensor Faucet,Parent,11000,Laguna Tall Boy Sensor Faucet - Chrome,SNR-CHR-91017PK,Chrome,https://www.jaquar.com/images/thumbs/0051667_laguna-tall-boy-sensor-faucet-chrome_960.jpeg,18250.00,"Laguna Tall Boy Sensor Faucet for Wash Basin with Pre-mixed Water Supply Kit (Battery Operated)
",https://www.jaquar.com/en/laguna-tall-boy-sensor-faucet-4?Id=10999,"Sensor Faucets, SNR-CHR-91017PK, Chrome"
Faucets,Sensor Faucets,10999,Laguna Tall Boy Sensor Faucet,Variant,11000,Laguna Tall Boy Sensor Faucet - Black Chrome,SNR-BCH-91017PK,Black Chrome,https://www.jaquar.com/images/thumbs/0055000_laguna-tall-boy-sensor-faucet-black-chrome_960.jpeg,26400.00,"Laguna Tall Boy Sensor Faucet for Wash Basin with Pre-mixed Water Supply Kit (Battery Operated)
",https://www.jaquar.com/en/laguna-tall-boy-sensor-faucet-4?Id=10999,"Sensor Faucets, SNR-BCH-91017PK, Black Chrome"
Faucets,Sensor Faucets,10999,Laguna Tall Boy Sensor Faucet,Variant,11000,Laguna Tall Boy Sensor Faucet - Black Matt,SNR-BLM-91017PK,Black Matt,https://www.jaquar.com/images/thumbs/0055008_laguna-tall-boy-sensor-faucet-black-matt_960.jpeg,26400.00,"Laguna Tall Boy Sensor Faucet for Wash Basin with Pre-mixed Water Supply Kit (Battery Operated)
",https://www.jaquar.com/en/laguna-tall-boy-sensor-faucet-4?Id=10999,"Sensor Faucets, SNR-BLM-91017PK, Black Matt"
Faucets,Sensor Faucets,10999,Laguna Tall Boy Sensor Faucet,Variant,11000,Laguna Tall Boy Sensor Faucet - Gold Matt PVD,SNR-GMP-91017PK,Gold Matt PVD,https://www.jaquar.com/images/thumbs/0055020_laguna-tall-boy-sensor-faucet-gold-matt-pvd_960.jpeg,31100.00,"Laguna Tall Boy Sensor Faucet for Wash Basin with Pre-mixed Water Supply Kit (Battery Operated)
",https://www.jaquar.com/en/laguna-tall-boy-sensor-faucet-4?Id=10999,"Sensor Faucets, SNR-GMP-91017PK, Gold Matt PVD"
Faucets,Sensor Faucets,10999,Laguna Tall Boy Sensor Faucet,Variant,11000,Laguna Tall Boy Sensor Faucet - Gold Bright PVD,SNR-GBP-91017PK,Gold Bright PVD,https://www.jaquar.com/images/thumbs/0055016_laguna-tall-boy-sensor-faucet-gold-bright-pvd_960.jpeg,31100.00,"Laguna Tall Boy Sensor Faucet for Wash Basin with Pre-mixed Water Supply Kit (Battery Operated)
",https://www.jaquar.com/en/laguna-tall-boy-sensor-faucet-4?Id=10999,"Sensor Faucets, SNR-GBP-91017PK, Gold Bright PVD"
Faucets,Sensor Faucets,10999,Laguna Tall Boy Sensor Faucet,Variant,11000,Laguna Tall Boy Sensor Faucet - Blush Gold Bright PVD,SNR-BGP-91017PK,Blush Gold PVD,https://www.jaquar.com/images/thumbs/0055004_laguna-tall-boy-sensor-faucet-blush-gold-pvd_960.jpeg,27300.00,"Laguna Tall Boy Sensor Faucet for Wash Basin with Pre-mixed Water Supply Kit (Battery Operated)
",https://www.jaquar.com/en/laguna-tall-boy-sensor-faucet-4?Id=10999,"Sensor Faucets, SNR-BGP-91017PK, Blush Gold PVD"
Faucets,Sensor Faucets,10993,Laguna Tall Boy Sensor Faucet,Parent,10987,Laguna Tall Boy Sensor Faucet - Chrome,SNR-CHR-91017,Chrome,https://www.jaquar.com/images/thumbs/0051660_laguna-tall-boy-sensor-faucet-chrome_960.jpeg,17400.00,"Laguna Tall Boy Sensor Faucet for Wash Basin (Battery Operated)
",https://www.jaquar.com/en/laguna-tall-boy-sensor-faucet-3?Id=10993,"Sensor Faucets, SNR-CHR-91017, Chrome"
Faucets,Sensor Faucets,10993,Laguna Tall Boy Sensor Faucet,Variant,10987,Laguna Tall Boy Sensor Faucet - Black Chrome,SNR-BCH-91017,Black Chrome,https://www.jaquar.com/images/thumbs/0054999_laguna-tall-boy-sensor-faucet-black-chrome_960.jpeg,25200.00,"Laguna Tall Boy Sensor Faucet for Wash Basin (Battery Operated)
",https://www.jaquar.com/en/laguna-tall-boy-sensor-faucet-3?Id=10993,"Sensor Faucets, SNR-BCH-91017, Black Chrome"
Faucets,Sensor Faucets,10993,Laguna Tall Boy Sensor Faucet,Variant,10987,Laguna Tall Boy Sensor Faucet - Black Matt,SNR-BLM-91017,Black Matt,https://www.jaquar.com/images/thumbs/0055007_laguna-tall-boy-sensor-faucet-black-matt_960.jpeg,25200.00,"Laguna Tall Boy Sensor Faucet for Wash Basin (Battery Operated)
",https://www.jaquar.com/en/laguna-tall-boy-sensor-faucet-3?Id=10993,"Sensor Faucets, SNR-BLM-91017, Black Matt"
Faucets,Sensor Faucets,10993,Laguna Tall Boy Sensor Faucet,Variant,10987,Laguna Tall Boy Sensor Faucet - Gold Matt PVD,SNR-GMP-91017,Gold Matt PVD,https://www.jaquar.com/images/thumbs/0055019_laguna-tall-boy-sensor-faucet-gold-matt-pvd_960.jpeg,29700.00,"Laguna Tall Boy Sensor Faucet for Wash Basin (Battery Operated)
",https://www.jaquar.com/en/laguna-tall-boy-sensor-faucet-3?Id=10993,"Sensor Faucets, SNR-GMP-91017, Gold Matt PVD"
Faucets,Sensor Faucets,10993,Laguna Tall Boy Sensor Faucet,Variant,10987,Laguna Tall Boy Sensor Faucet - Gold Bright PVD,SNR-GBP-91017,Gold Bright PVD,https://www.jaquar.com/images/thumbs/0055015_laguna-tall-boy-sensor-faucet-gold-bright-pvd_960.jpeg,29700.00,"Laguna Tall Boy Sensor Faucet for Wash Basin (Battery Operated)
",https://www.jaquar.com/en/laguna-tall-boy-sensor-faucet-3?Id=10993,"Sensor Faucets, SNR-GBP-91017, Gold Bright PVD"
Faucets,Sensor Faucets,10993,Laguna Tall Boy Sensor Faucet,Variant,10987,Laguna Tall Boy Sensor Faucet - Blush Gold Bright PVD,SNR-BGP-91017,Blush Gold PVD,https://www.jaquar.com/images/thumbs/0055003_laguna-tall-boy-sensor-faucet-blush-gold-pvd_960.jpeg,26000.00,"Laguna Tall Boy Sensor Faucet for Wash Basin (Battery Operated)
",https://www.jaquar.com/en/laguna-tall-boy-sensor-faucet-3?Id=10993,"Sensor Faucets, SNR-BGP-91017, Blush Gold PVD"
Faucets,Sensor Faucets,10995,Laguna Tall Boy Sensor Faucet,Parent,11000,Laguna Tall Boy Sensor Faucet - Chrome,SNR-CHR-91017PK,Chrome,https://www.jaquar.com/images/thumbs/0051667_laguna-tall-boy-sensor-faucet-chrome_960.jpeg,18250.00,"Laguna Tall Boy Sensor Faucet for Wash Basin with Pre-mixed Water Supply Kit (Battery Operated)
",https://www.jaquar.com/en/laguna-tall-boy-sensor-faucet-4?Id=10995,"Sensor Faucets, SNR-CHR-91017PK, Chrome"
Faucets,Sensor Faucets,10995,Laguna Tall Boy Sensor Faucet,Variant,11000,Laguna Tall Boy Sensor Faucet - Black Chrome,SNR-BCH-91017PK,Black Chrome,https://www.jaquar.com/images/thumbs/0055000_laguna-tall-boy-sensor-faucet-black-chrome_960.jpeg,26400.00,"Laguna Tall Boy Sensor Faucet for Wash Basin with Pre-mixed Water Supply Kit (Battery Operated)
",https://www.jaquar.com/en/laguna-tall-boy-sensor-faucet-4?Id=10995,"Sensor Faucets, SNR-BCH-91017PK, Black Chrome"
Faucets,Sensor Faucets,10995,Laguna Tall Boy Sensor Faucet,Variant,11000,Laguna Tall Boy Sensor Faucet - Black Matt,SNR-BLM-91017PK,Black Matt,https://www.jaquar.com/images/thumbs/0055008_laguna-tall-boy-sensor-faucet-black-matt_960.jpeg,26400.00,"Laguna Tall Boy Sensor Faucet for Wash Basin with Pre-mixed Water Supply Kit (Battery Operated)
",https://www.jaquar.com/en/laguna-tall-boy-sensor-faucet-4?Id=10995,"Sensor Faucets, SNR-BLM-91017PK, Black Matt"
Faucets,Sensor Faucets,10995,Laguna Tall Boy Sensor Faucet,Variant,11000,Laguna Tall Boy Sensor Faucet - Gold Matt PVD,SNR-GMP-91017PK,Gold Matt PVD,https://www.jaquar.com/images/thumbs/0055020_laguna-tall-boy-sensor-faucet-gold-matt-pvd_960.jpeg,31100.00,"Laguna Tall Boy Sensor Faucet for Wash Basin with Pre-mixed Water Supply Kit (Battery Operated)
",https://www.jaquar.com/en/laguna-tall-boy-sensor-faucet-4?Id=10995,"Sensor Faucets, SNR-GMP-91017PK, Gold Matt PVD"
Faucets,Sensor Faucets,10995,Laguna Tall Boy Sensor Faucet,Variant,11000,Laguna Tall Boy Sensor Faucet - Gold Bright PVD,SNR-GBP-91017PK,Gold Bright PVD,https://www.jaquar.com/images/thumbs/0055016_laguna-tall-boy-sensor-faucet-gold-bright-pvd_960.jpeg,31100.00,"Laguna Tall Boy Sensor Faucet for Wash Basin with Pre-mixed Water Supply Kit (Battery Operated)
",https://www.jaquar.com/en/laguna-tall-boy-sensor-faucet-4?Id=10995,"Sensor Faucets, SNR-GBP-91017PK, Gold Bright PVD"
Faucets,Sensor Faucets,10995,Laguna Tall Boy Sensor Faucet,Variant,11000,Laguna Tall Boy Sensor Faucet - Blush Gold Bright PVD,SNR-BGP-91017PK,Blush Gold PVD,https://www.jaquar.com/images/thumbs/0055004_laguna-tall-boy-sensor-faucet-blush-gold-pvd_960.jpeg,27300.00,"Laguna Tall Boy Sensor Faucet for Wash Basin with Pre-mixed Water Supply Kit (Battery Operated)
",https://www.jaquar.com/en/laguna-tall-boy-sensor-faucet-4?Id=10995,"Sensor Faucets, SNR-BGP-91017PK, Blush Gold PVD"
Faucets,Sensor Faucets,10988,Laguna Tall Boy Sensor Faucet,Parent,10987,Laguna Tall Boy Sensor Faucet - Chrome,SNR-CHR-91017,Chrome,https://www.jaquar.com/images/thumbs/0051660_laguna-tall-boy-sensor-faucet-chrome_960.jpeg,17400.00,"Laguna Tall Boy Sensor Faucet for Wash Basin (Battery Operated)
",https://www.jaquar.com/en/laguna-tall-boy-sensor-faucet-3?Id=10988,"Sensor Faucets, SNR-CHR-91017, Chrome"
Faucets,Sensor Faucets,10988,Laguna Tall Boy Sensor Faucet,Variant,10987,Laguna Tall Boy Sensor Faucet - Black Chrome,SNR-BCH-91017,Black Chrome,https://www.jaquar.com/images/thumbs/0054999_laguna-tall-boy-sensor-faucet-black-chrome_960.jpeg,25200.00,"Laguna Tall Boy Sensor Faucet for Wash Basin (Battery Operated)
",https://www.jaquar.com/en/laguna-tall-boy-sensor-faucet-3?Id=10988,"Sensor Faucets, SNR-BCH-91017, Black Chrome"
Faucets,Sensor Faucets,10988,Laguna Tall Boy Sensor Faucet,Variant,10987,Laguna Tall Boy Sensor Faucet - Black Matt,SNR-BLM-91017,Black Matt,https://www.jaquar.com/images/thumbs/0055007_laguna-tall-boy-sensor-faucet-black-matt_960.jpeg,25200.00,"Laguna Tall Boy Sensor Faucet for Wash Basin (Battery Operated)
",https://www.jaquar.com/en/laguna-tall-boy-sensor-faucet-3?Id=10988,"Sensor Faucets, SNR-BLM-91017, Black Matt"
Faucets,Sensor Faucets,10988,Laguna Tall Boy Sensor Faucet,Variant,10987,Laguna Tall Boy Sensor Faucet - Gold Matt PVD,SNR-GMP-91017,Gold Matt PVD,https://www.jaquar.com/images/thumbs/0055019_laguna-tall-boy-sensor-faucet-gold-matt-pvd_960.jpeg,29700.00,"Laguna Tall Boy Sensor Faucet for Wash Basin (Battery Operated)
",https://www.jaquar.com/en/laguna-tall-boy-sensor-faucet-3?Id=10988,"Sensor Faucets, SNR-GMP-91017, Gold Matt PVD"
Faucets,Sensor Faucets,10988,Laguna Tall Boy Sensor Faucet,Variant,10987,Laguna Tall Boy Sensor Faucet - Gold Bright PVD,SNR-GBP-91017,Gold Bright PVD,https://www.jaquar.com/images/thumbs/0055015_laguna-tall-boy-sensor-faucet-gold-bright-pvd_960.jpeg,29700.00,"Laguna Tall Boy Sensor Faucet for Wash Basin (Battery Operated)
",https://www.jaquar.com/en/laguna-tall-boy-sensor-faucet-3?Id=10988,"Sensor Faucets, SNR-GBP-91017, Gold Bright PVD"
Faucets,Sensor Faucets,10988,Laguna Tall Boy Sensor Faucet,Variant,10987,Laguna Tall Boy Sensor Faucet - Blush Gold Bright PVD,SNR-BGP-91017,Blush Gold PVD,https://www.jaquar.com/images/thumbs/0055003_laguna-tall-boy-sensor-faucet-blush-gold-pvd_960.jpeg,26000.00,"Laguna Tall Boy Sensor Faucet for Wash Basin (Battery Operated)
",https://www.jaquar.com/en/laguna-tall-boy-sensor-faucet-3?Id=10988,"Sensor Faucets, SNR-BGP-91017, Blush Gold PVD"
Faucets,Sensor Faucets,10992,Laguna Tall Boy Sensor Faucet,Parent,10987,Laguna Tall Boy Sensor Faucet - Chrome,SNR-CHR-91017,Chrome,https://www.jaquar.com/images/thumbs/0051660_laguna-tall-boy-sensor-faucet-chrome_960.jpeg,17400.00,"Laguna Tall Boy Sensor Faucet for Wash Basin (Battery Operated)
",https://www.jaquar.com/en/laguna-tall-boy-sensor-faucet-3?Id=10992,"Sensor Faucets, SNR-CHR-91017, Chrome"
Faucets,Sensor Faucets,10992,Laguna Tall Boy Sensor Faucet,Variant,10987,Laguna Tall Boy Sensor Faucet - Black Chrome,SNR-BCH-91017,Black Chrome,https://www.jaquar.com/images/thumbs/0054999_laguna-tall-boy-sensor-faucet-black-chrome_960.jpeg,25200.00,"Laguna Tall Boy Sensor Faucet for Wash Basin (Battery Operated)
",https://www.jaquar.com/en/laguna-tall-boy-sensor-faucet-3?Id=10992,"Sensor Faucets, SNR-BCH-91017, Black Chrome"
Faucets,Sensor Faucets,10992,Laguna Tall Boy Sensor Faucet,Variant,10987,Laguna Tall Boy Sensor Faucet - Black Matt,SNR-BLM-91017,Black Matt,https://www.jaquar.com/images/thumbs/0055007_laguna-tall-boy-sensor-faucet-black-matt_960.jpeg,25200.00,"Laguna Tall Boy Sensor Faucet for Wash Basin (Battery Operated)
",https://www.jaquar.com/en/laguna-tall-boy-sensor-faucet-3?Id=10992,"Sensor Faucets, SNR-BLM-91017, Black Matt"
Faucets,Sensor Faucets,10992,Laguna Tall Boy Sensor Faucet,Variant,10987,Laguna Tall Boy Sensor Faucet - Gold Matt PVD,SNR-GMP-91017,Gold Matt PVD,https://www.jaquar.com/images/thumbs/0055019_laguna-tall-boy-sensor-faucet-gold-matt-pvd_960.jpeg,29700.00,"Laguna Tall Boy Sensor Faucet for Wash Basin (Battery Operated)
",https://www.jaquar.com/en/laguna-tall-boy-sensor-faucet-3?Id=10992,"Sensor Faucets, SNR-GMP-91017, Gold Matt PVD"
Faucets,Sensor Faucets,10992,Laguna Tall Boy Sensor Faucet,Variant,10987,Laguna Tall Boy Sensor Faucet - Gold Bright PVD,SNR-GBP-91017,Gold Bright PVD,https://www.jaquar.com/images/thumbs/0055015_laguna-tall-boy-sensor-faucet-gold-bright-pvd_960.jpeg,29700.00,"Laguna Tall Boy Sensor Faucet for Wash Basin (Battery Operated)
",https://www.jaquar.com/en/laguna-tall-boy-sensor-faucet-3?Id=10992,"Sensor Faucets, SNR-GBP-91017, Gold Bright PVD"
Faucets,Sensor Faucets,10992,Laguna Tall Boy Sensor Faucet,Variant,10987,Laguna Tall Boy Sensor Faucet - Blush Gold Bright PVD,SNR-BGP-91017,Blush Gold PVD,https://www.jaquar.com/images/thumbs/0055003_laguna-tall-boy-sensor-faucet-blush-gold-pvd_960.jpeg,26000.00,"Laguna Tall Boy Sensor Faucet for Wash Basin (Battery Operated)
",https://www.jaquar.com/en/laguna-tall-boy-sensor-faucet-3?Id=10992,"Sensor Faucets, SNR-BGP-91017, Blush Gold PVD"
Faucets,Sensor Faucets,10998,Laguna Tall Boy Sensor Faucet,Parent,11000,Laguna Tall Boy Sensor Faucet - Chrome,SNR-CHR-91017PK,Chrome,https://www.jaquar.com/images/thumbs/0051667_laguna-tall-boy-sensor-faucet-chrome_960.jpeg,18250.00,"Laguna Tall Boy Sensor Faucet for Wash Basin with Pre-mixed Water Supply Kit (Battery Operated)
",https://www.jaquar.com/en/laguna-tall-boy-sensor-faucet-4?Id=10998,"Sensor Faucets, SNR-CHR-91017PK, Chrome"
Faucets,Sensor Faucets,10998,Laguna Tall Boy Sensor Faucet,Variant,11000,Laguna Tall Boy Sensor Faucet - Black Chrome,SNR-BCH-91017PK,Black Chrome,https://www.jaquar.com/images/thumbs/0055000_laguna-tall-boy-sensor-faucet-black-chrome_960.jpeg,26400.00,"Laguna Tall Boy Sensor Faucet for Wash Basin with Pre-mixed Water Supply Kit (Battery Operated)
",https://www.jaquar.com/en/laguna-tall-boy-sensor-faucet-4?Id=10998,"Sensor Faucets, SNR-BCH-91017PK, Black Chrome"
Faucets,Sensor Faucets,10998,Laguna Tall Boy Sensor Faucet,Variant,11000,Laguna Tall Boy Sensor Faucet - Black Matt,SNR-BLM-91017PK,Black Matt,https://www.jaquar.com/images/thumbs/0055008_laguna-tall-boy-sensor-faucet-black-matt_960.jpeg,26400.00,"Laguna Tall Boy Sensor Faucet for Wash Basin with Pre-mixed Water Supply Kit (Battery Operated)
",https://www.jaquar.com/en/laguna-tall-boy-sensor-faucet-4?Id=10998,"Sensor Faucets, SNR-BLM-91017PK, Black Matt"
Faucets,Sensor Faucets,10998,Laguna Tall Boy Sensor Faucet,Variant,11000,Laguna Tall Boy Sensor Faucet - Gold Matt PVD,SNR-GMP-91017PK,Gold Matt PVD,https://www.jaquar.com/images/thumbs/0055020_laguna-tall-boy-sensor-faucet-gold-matt-pvd_960.jpeg,31100.00,"Laguna Tall Boy Sensor Faucet for Wash Basin with Pre-mixed Water Supply Kit (Battery Operated)
",https://www.jaquar.com/en/laguna-tall-boy-sensor-faucet-4?Id=10998,"Sensor Faucets, SNR-GMP-91017PK, Gold Matt PVD"
Faucets,Sensor Faucets,10998,Laguna Tall Boy Sensor Faucet,Variant,11000,Laguna Tall Boy Sensor Faucet - Gold Bright PVD,SNR-GBP-91017PK,Gold Bright PVD,https://www.jaquar.com/images/thumbs/0055016_laguna-tall-boy-sensor-faucet-gold-bright-pvd_960.jpeg,31100.00,"Laguna Tall Boy Sensor Faucet for Wash Basin with Pre-mixed Water Supply Kit (Battery Operated)
",https://www.jaquar.com/en/laguna-tall-boy-sensor-faucet-4?Id=10998,"Sensor Faucets, SNR-GBP-91017PK, Gold Bright PVD"
Faucets,Sensor Faucets,10998,Laguna Tall Boy Sensor Faucet,Variant,11000,Laguna Tall Boy Sensor Faucet - Blush Gold Bright PVD,SNR-BGP-91017PK,Blush Gold PVD,https://www.jaquar.com/images/thumbs/0055004_laguna-tall-boy-sensor-faucet-blush-gold-pvd_960.jpeg,27300.00,"Laguna Tall Boy Sensor Faucet for Wash Basin with Pre-mixed Water Supply Kit (Battery Operated)
",https://www.jaquar.com/en/laguna-tall-boy-sensor-faucet-4?Id=10998,"Sensor Faucets, SNR-BGP-91017PK, Blush Gold PVD"
Faucets,Sensor Faucets,10997,Laguna Tall Boy Sensor Faucet,Parent,11000,Laguna Tall Boy Sensor Faucet - Chrome,SNR-CHR-91017PK,Chrome,https://www.jaquar.com/images/thumbs/0051667_laguna-tall-boy-sensor-faucet-chrome_960.jpeg,18250.00,"Laguna Tall Boy Sensor Faucet for Wash Basin with Pre-mixed Water Supply Kit (Battery Operated)
",https://www.jaquar.com/en/laguna-tall-boy-sensor-faucet-4?Id=10997,"Sensor Faucets, SNR-CHR-91017PK, Chrome"
Faucets,Sensor Faucets,10997,Laguna Tall Boy Sensor Faucet,Variant,11000,Laguna Tall Boy Sensor Faucet - Black Chrome,SNR-BCH-91017PK,Black Chrome,https://www.jaquar.com/images/thumbs/0055000_laguna-tall-boy-sensor-faucet-black-chrome_960.jpeg,26400.00,"Laguna Tall Boy Sensor Faucet for Wash Basin with Pre-mixed Water Supply Kit (Battery Operated)
",https://www.jaquar.com/en/laguna-tall-boy-sensor-faucet-4?Id=10997,"Sensor Faucets, SNR-BCH-91017PK, Black Chrome"
Faucets,Sensor Faucets,10997,Laguna Tall Boy Sensor Faucet,Variant,11000,Laguna Tall Boy Sensor Faucet - Black Matt,SNR-BLM-91017PK,Black Matt,https://www.jaquar.com/images/thumbs/0055008_laguna-tall-boy-sensor-faucet-black-matt_960.jpeg,26400.00,"Laguna Tall Boy Sensor Faucet for Wash Basin with Pre-mixed Water Supply Kit (Battery Operated)
",https://www.jaquar.com/en/laguna-tall-boy-sensor-faucet-4?Id=10997,"Sensor Faucets, SNR-BLM-91017PK, Black Matt"
Faucets,Sensor Faucets,10997,Laguna Tall Boy Sensor Faucet,Variant,11000,Laguna Tall Boy Sensor Faucet - Gold Matt PVD,SNR-GMP-91017PK,Gold Matt PVD,https://www.jaquar.com/images/thumbs/0055020_laguna-tall-boy-sensor-faucet-gold-matt-pvd_960.jpeg,31100.00,"Laguna Tall Boy Sensor Faucet for Wash Basin with Pre-mixed Water Supply Kit (Battery Operated)
",https://www.jaquar.com/en/laguna-tall-boy-sensor-faucet-4?Id=10997,"Sensor Faucets, SNR-GMP-91017PK, Gold Matt PVD"
Faucets,Sensor Faucets,10997,Laguna Tall Boy Sensor Faucet,Variant,11000,Laguna Tall Boy Sensor Faucet - Gold Bright PVD,SNR-GBP-91017PK,Gold Bright PVD,https://www.jaquar.com/images/thumbs/0055016_laguna-tall-boy-sensor-faucet-gold-bright-pvd_960.jpeg,31100.00,"Laguna Tall Boy Sensor Faucet for Wash Basin with Pre-mixed Water Supply Kit (Battery Operated)
",https://www.jaquar.com/en/laguna-tall-boy-sensor-faucet-4?Id=10997,"Sensor Faucets, SNR-GBP-91017PK, Gold Bright PVD"
Faucets,Sensor Faucets,10997,Laguna Tall Boy Sensor Faucet,Variant,11000,Laguna Tall Boy Sensor Faucet - Blush Gold Bright PVD,SNR-BGP-91017PK,Blush Gold PVD,https://www.jaquar.com/images/thumbs/0055004_laguna-tall-boy-sensor-faucet-blush-gold-pvd_960.jpeg,27300.00,"Laguna Tall Boy Sensor Faucet for Wash Basin with Pre-mixed Water Supply Kit (Battery Operated)
",https://www.jaquar.com/en/laguna-tall-boy-sensor-faucet-4?Id=10997,"Sensor Faucets, SNR-BGP-91017PK, Blush Gold PVD"
Faucets,Sensor Faucets,10991,Laguna Tall Boy Sensor Faucet,Parent,10987,Laguna Tall Boy Sensor Faucet - Chrome,SNR-CHR-91017,Chrome,https://www.jaquar.com/images/thumbs/0051660_laguna-tall-boy-sensor-faucet-chrome_960.jpeg,17400.00,"Laguna Tall Boy Sensor Faucet for Wash Basin (Battery Operated)
",https://www.jaquar.com/en/laguna-tall-boy-sensor-faucet-3?Id=10991,"Sensor Faucets, SNR-CHR-91017, Chrome"
Faucets,Sensor Faucets,10991,Laguna Tall Boy Sensor Faucet,Variant,10987,Laguna Tall Boy Sensor Faucet - Black Chrome,SNR-BCH-91017,Black Chrome,https://www.jaquar.com/images/thumbs/0054999_laguna-tall-boy-sensor-faucet-black-chrome_960.jpeg,25200.00,"Laguna Tall Boy Sensor Faucet for Wash Basin (Battery Operated)
",https://www.jaquar.com/en/laguna-tall-boy-sensor-faucet-3?Id=10991,"Sensor Faucets, SNR-BCH-91017, Black Chrome"
Faucets,Sensor Faucets,10991,Laguna Tall Boy Sensor Faucet,Variant,10987,Laguna Tall Boy Sensor Faucet - Black Matt,SNR-BLM-91017,Black Matt,https://www.jaquar.com/images/thumbs/0055007_laguna-tall-boy-sensor-faucet-black-matt_960.jpeg,25200.00,"Laguna Tall Boy Sensor Faucet for Wash Basin (Battery Operated)
",https://www.jaquar.com/en/laguna-tall-boy-sensor-faucet-3?Id=10991,"Sensor Faucets, SNR-BLM-91017, Black Matt"
Faucets,Sensor Faucets,10991,Laguna Tall Boy Sensor Faucet,Variant,10987,Laguna Tall Boy Sensor Faucet - Gold Matt PVD,SNR-GMP-91017,Gold Matt PVD,https://www.jaquar.com/images/thumbs/0055019_laguna-tall-boy-sensor-faucet-gold-matt-pvd_960.jpeg,29700.00,"Laguna Tall Boy Sensor Faucet for Wash Basin (Battery Operated)
",https://www.jaquar.com/en/laguna-tall-boy-sensor-faucet-3?Id=10991,"Sensor Faucets, SNR-GMP-91017, Gold Matt PVD"
Faucets,Sensor Faucets,10991,Laguna Tall Boy Sensor Faucet,Variant,10987,Laguna Tall Boy Sensor Faucet - Gold Bright PVD,SNR-GBP-91017,Gold Bright PVD,https://www.jaquar.com/images/thumbs/0055015_laguna-tall-boy-sensor-faucet-gold-bright-pvd_960.jpeg,29700.00,"Laguna Tall Boy Sensor Faucet for Wash Basin (Battery Operated)
",https://www.jaquar.com/en/laguna-tall-boy-sensor-faucet-3?Id=10991,"Sensor Faucets, SNR-GBP-91017, Gold Bright PVD"
Faucets,Sensor Faucets,10991,Laguna Tall Boy Sensor Faucet,Variant,10987,Laguna Tall Boy Sensor Faucet - Blush Gold Bright PVD,SNR-BGP-91017,Blush Gold PVD,https://www.jaquar.com/images/thumbs/0055003_laguna-tall-boy-sensor-faucet-blush-gold-pvd_960.jpeg,26000.00,"Laguna Tall Boy Sensor Faucet for Wash Basin (Battery Operated)
",https://www.jaquar.com/en/laguna-tall-boy-sensor-faucet-3?Id=10991,"Sensor Faucets, SNR-BGP-91017, Blush Gold PVD"
Faucets,Sensor Faucets,9702,Tall Boy Sensor Faucet,Parent,9702,Tall Boy Sensor Faucet,SNR-CHR-15017PMEB,,https://www.jaquar.com/images/thumbs/0069350_tall-boy-sensor-faucet_960.jpeg,,Opal Prime Tall Boy Sensor Faucet for Wash Basin (9V transformer),https://www.jaquar.com/en/tall-boy-sensor-faucet?Id=9702,"Sensor Faucets, SNR-CHR-15017PMEB"
Faucets,Sensor Faucets,9703,Tall Boy Sensor Faucet,Parent,9703,Tall Boy Sensor Faucet,SNR-CHR-15017PMEBPK,,https://www.jaquar.com/images/thumbs/0069352_tall-boy-sensor-faucet_960.jpeg,,Opal Prime Tall Boy Sensor Faucet for Wash Basin with Pre-mixed Water Supply Kit (9V transformer),https://www.jaquar.com/en/tall-boy-sensor-faucet-2?Id=9703,"Sensor Faucets, SNR-CHR-15017PMEBPK"
Faucets,Sensor Faucets,9708,Tall Boy Sensor Faucet,Parent,9708,Tall Boy Sensor Faucet,SNR-CHR-35017PMEBPK,,https://www.jaquar.com/images/thumbs/0046495_tall-boy-sensor-faucet_960.jpeg,,Kubix Prime Tall Boy Sensor Faucet for Wash Basin with Pre-mixed Water Supply Kit (9V transformer),https://www.jaquar.com/en/tall-boy-sensor-faucet-4?Id=9708,"Sensor Faucets, SNR-CHR-35017PMEBPK"
Faucets,Sensor Faucets,10299,Sensor Concealed Type Flush  Valve,Parent,10299,Sensor Concealed Type Flush  Valve,SNR-STL-51077E4MAD,,https://www.jaquar.com/images/thumbs/0047963_sensor-concealed-type-flush-valve_960.jpeg,,Sensor Concealed Type Flush Valve for Urinal Complete set with 4 meter adopter wire Installation Box & Control Valve (9V transformer),https://www.jaquar.com/en/sensor-concealed-type-flush-valve?Id=10299,"Sensor Faucets, SNR-STL-51077E4MAD"
