category,series,parent_product_id,parent_name,is_parent,variant_id,product_name,product_code,color,image_url,mrp,description,product_url,bullet_points
Faucets,Vignette Prime,2630,Single Lever Basin Mixer,Parent,935,Single Lever Basin Mixer - Chrome,VGP-CHR-81011B,Chrome,https://www.jaquar.com/images/thumbs/0060266_single-lever-basin-mixer-chrome_960.jpeg,5650.00,Single Lever Basin Mixer without Popup Waste System with 450mm Long Braided Hoses,https://www.jaquar.com/en/vignette-chrome-basin-mixer?Id=2630,"Vignette Prime, VGP-CHR-81011B, Chrome"
Faucets,Vignette Prime,2630,Single Lever Basin Mixer,Variant,935,Single Lever Basin Mixer - Antique Bronze,VGP-ABR-81011B,Antique Bronze,https://www.jaquar.com/images/thumbs/0056034_single-lever-basin-mixer-antique-bronze_960.jpeg,9450.00,Single Lever Basin Mixer without Popup Waste System with 450mm Long Braided Hoses,https://www.jaquar.com/en/vignette-chrome-basin-mixer?Id=2630,"Vignette Prime, VGP-ABR-81011B, Antique Bronze"
Faucets,Vignette Prime,2630,Single Lever Basin Mixer,Variant,935,Single Lever Basin Mixer - Antique Copper,VGP-ACR-81011B,Antique Copper,https://www.jaquar.com/images/thumbs/0056035_single-lever-basin-mixer-antique-copper_960.jpeg,9450.00,"Single Lever Basin Mixer without Popup Waste System with 450mm Long Braided Hoses
",https://www.jaquar.com/en/vignette-chrome-basin-mixer?Id=2630,"Vignette Prime, VGP-ACR-81011B, Antique Copper"
Faucets,Vignette Prime,2630,Single Lever Basin Mixer,Variant,935,Single Lever Basin Mixer - Black Chrome,VGP-BCH-81011B,Black Chrome,https://www.jaquar.com/images/thumbs/0056036_single-lever-basin-mixer-black-chrome_960.jpeg,8250.00,"Single Lever Basin Mixer without Popup Waste System with 450mm Long Braided Hoses
",https://www.jaquar.com/en/vignette-chrome-basin-mixer?Id=2630,"Vignette Prime, VGP-BCH-81011B, Black Chrome"
Faucets,Vignette Prime,2630,Single Lever Basin Mixer,Variant,935,Single Lever Basin Mixer - Black Matt,VGP-BLM-81011B,Black Matt,https://www.jaquar.com/images/thumbs/0059997_single-lever-basin-mixer-black-matt_960.jpeg,8250.00,"Single Lever Basin Mixer without Popup Waste System with 450mm Long Braided Hoses
",https://www.jaquar.com/en/vignette-chrome-basin-mixer?Id=2630,"Vignette Prime, VGP-BLM-81011B, Black Matt"
Faucets,Vignette Prime,2630,Single Lever Basin Mixer,Variant,935,Single Lever Basin Mixer - Graphite,VGP-GRF-81011B,Graphite,https://www.jaquar.com/images/thumbs/0057341_single-lever-basin-mixer-graphite_960.jpeg,9450.00,"Single Lever Basin Mixer without Popup Waste System with 450mm Long Braided Hoses
",https://www.jaquar.com/en/vignette-chrome-basin-mixer?Id=2630,"Vignette Prime, VGP-GRF-81011B, Graphite"
Faucets,Vignette Prime,2630,Single Lever Basin Mixer,Variant,935,Single Lever Basin Mixer - Stainless Steel,VGP-SSF-81011B,Stainless Steel,https://www.jaquar.com/images/thumbs/0057342_single-lever-basin-mixer-stainless-steel_960.jpeg,9450.00,"Single Lever Basin Mixer without Popup Waste System with 450mm Long Braided Hoses
",https://www.jaquar.com/en/vignette-chrome-basin-mixer?Id=2630,"Vignette Prime, VGP-SSF-81011B, Stainless Steel"
Faucets,Vignette Prime,2631,Single Lever Basin Mixer,Parent,935,Single Lever Basin Mixer - Chrome,VGP-CHR-81011B,Chrome,https://www.jaquar.com/images/thumbs/0060266_single-lever-basin-mixer-chrome_960.jpeg,5650.00,Single Lever Basin Mixer without Popup Waste System with 450mm Long Braided Hoses,https://www.jaquar.com/en/vignette-chrome-basin-mixer?Id=2631,"Vignette Prime, VGP-CHR-81011B, Chrome"
Faucets,Vignette Prime,2631,Single Lever Basin Mixer,Variant,935,Single Lever Basin Mixer - Antique Bronze,VGP-ABR-81011B,Antique Bronze,https://www.jaquar.com/images/thumbs/0056034_single-lever-basin-mixer-antique-bronze_960.jpeg,9450.00,Single Lever Basin Mixer without Popup Waste System with 450mm Long Braided Hoses,https://www.jaquar.com/en/vignette-chrome-basin-mixer?Id=2631,"Vignette Prime, VGP-ABR-81011B, Antique Bronze"
Faucets,Vignette Prime,2631,Single Lever Basin Mixer,Variant,935,Single Lever Basin Mixer - Antique Copper,VGP-ACR-81011B,Antique Copper,https://www.jaquar.com/images/thumbs/0056035_single-lever-basin-mixer-antique-copper_960.jpeg,9450.00,"Single Lever Basin Mixer without Popup Waste System with 450mm Long Braided Hoses
",https://www.jaquar.com/en/vignette-chrome-basin-mixer?Id=2631,"Vignette Prime, VGP-ACR-81011B, Antique Copper"
Faucets,Vignette Prime,2631,Single Lever Basin Mixer,Variant,935,Single Lever Basin Mixer - Black Chrome,VGP-BCH-81011B,Black Chrome,https://www.jaquar.com/images/thumbs/0056036_single-lever-basin-mixer-black-chrome_960.jpeg,8250.00,"Single Lever Basin Mixer without Popup Waste System with 450mm Long Braided Hoses
",https://www.jaquar.com/en/vignette-chrome-basin-mixer?Id=2631,"Vignette Prime, VGP-BCH-81011B, Black Chrome"
Faucets,Vignette Prime,2631,Single Lever Basin Mixer,Variant,935,Single Lever Basin Mixer - Black Matt,VGP-BLM-81011B,Black Matt,https://www.jaquar.com/images/thumbs/0059997_single-lever-basin-mixer-black-matt_960.jpeg,8250.00,"Single Lever Basin Mixer without Popup Waste System with 450mm Long Braided Hoses
",https://www.jaquar.com/en/vignette-chrome-basin-mixer?Id=2631,"Vignette Prime, VGP-BLM-81011B, Black Matt"
Faucets,Vignette Prime,2631,Single Lever Basin Mixer,Variant,935,Single Lever Basin Mixer - Graphite,VGP-GRF-81011B,Graphite,https://www.jaquar.com/images/thumbs/0057341_single-lever-basin-mixer-graphite_960.jpeg,9450.00,"Single Lever Basin Mixer without Popup Waste System with 450mm Long Braided Hoses
",https://www.jaquar.com/en/vignette-chrome-basin-mixer?Id=2631,"Vignette Prime, VGP-GRF-81011B, Graphite"
Faucets,Vignette Prime,2631,Single Lever Basin Mixer,Variant,935,Single Lever Basin Mixer - Stainless Steel,VGP-SSF-81011B,Stainless Steel,https://www.jaquar.com/images/thumbs/0057342_single-lever-basin-mixer-stainless-steel_960.jpeg,9450.00,"Single Lever Basin Mixer without Popup Waste System with 450mm Long Braided Hoses
",https://www.jaquar.com/en/vignette-chrome-basin-mixer?Id=2631,"Vignette Prime, VGP-SSF-81011B, Stainless Steel"
Faucets,Vignette Prime,2632,Single Lever Basin Mixer,Parent,935,Single Lever Basin Mixer - Chrome,VGP-CHR-81011B,Chrome,https://www.jaquar.com/images/thumbs/0060266_single-lever-basin-mixer-chrome_960.jpeg,5650.00,Single Lever Basin Mixer without Popup Waste System with 450mm Long Braided Hoses,https://www.jaquar.com/en/vignette-chrome-basin-mixer?Id=2632,"Vignette Prime, VGP-CHR-81011B, Chrome"
Faucets,Vignette Prime,2632,Single Lever Basin Mixer,Variant,935,Single Lever Basin Mixer - Antique Bronze,VGP-ABR-81011B,Antique Bronze,https://www.jaquar.com/images/thumbs/0056034_single-lever-basin-mixer-antique-bronze_960.jpeg,9450.00,Single Lever Basin Mixer without Popup Waste System with 450mm Long Braided Hoses,https://www.jaquar.com/en/vignette-chrome-basin-mixer?Id=2632,"Vignette Prime, VGP-ABR-81011B, Antique Bronze"
Faucets,Vignette Prime,2632,Single Lever Basin Mixer,Variant,935,Single Lever Basin Mixer - Antique Copper,VGP-ACR-81011B,Antique Copper,https://www.jaquar.com/images/thumbs/0056035_single-lever-basin-mixer-antique-copper_960.jpeg,9450.00,"Single Lever Basin Mixer without Popup Waste System with 450mm Long Braided Hoses
",https://www.jaquar.com/en/vignette-chrome-basin-mixer?Id=2632,"Vignette Prime, VGP-ACR-81011B, Antique Copper"
Faucets,Vignette Prime,2632,Single Lever Basin Mixer,Variant,935,Single Lever Basin Mixer - Black Chrome,VGP-BCH-81011B,Black Chrome,https://www.jaquar.com/images/thumbs/0056036_single-lever-basin-mixer-black-chrome_960.jpeg,8250.00,"Single Lever Basin Mixer without Popup Waste System with 450mm Long Braided Hoses
",https://www.jaquar.com/en/vignette-chrome-basin-mixer?Id=2632,"Vignette Prime, VGP-BCH-81011B, Black Chrome"
Faucets,Vignette Prime,2632,Single Lever Basin Mixer,Variant,935,Single Lever Basin Mixer - Black Matt,VGP-BLM-81011B,Black Matt,https://www.jaquar.com/images/thumbs/0059997_single-lever-basin-mixer-black-matt_960.jpeg,8250.00,"Single Lever Basin Mixer without Popup Waste System with 450mm Long Braided Hoses
",https://www.jaquar.com/en/vignette-chrome-basin-mixer?Id=2632,"Vignette Prime, VGP-BLM-81011B, Black Matt"
Faucets,Vignette Prime,2632,Single Lever Basin Mixer,Variant,935,Single Lever Basin Mixer - Graphite,VGP-GRF-81011B,Graphite,https://www.jaquar.com/images/thumbs/0057341_single-lever-basin-mixer-graphite_960.jpeg,9450.00,"Single Lever Basin Mixer without Popup Waste System with 450mm Long Braided Hoses
",https://www.jaquar.com/en/vignette-chrome-basin-mixer?Id=2632,"Vignette Prime, VGP-GRF-81011B, Graphite"
Faucets,Vignette Prime,2632,Single Lever Basin Mixer,Variant,935,Single Lever Basin Mixer - Stainless Steel,VGP-SSF-81011B,Stainless Steel,https://www.jaquar.com/images/thumbs/0057342_single-lever-basin-mixer-stainless-steel_960.jpeg,9450.00,"Single Lever Basin Mixer without Popup Waste System with 450mm Long Braided Hoses
",https://www.jaquar.com/en/vignette-chrome-basin-mixer?Id=2632,"Vignette Prime, VGP-SSF-81011B, Stainless Steel"
Faucets,Vignette Prime,2633,Single Lever Basin Mixer,Parent,935,Single Lever Basin Mixer - Chrome,VGP-CHR-81011B,Chrome,https://www.jaquar.com/images/thumbs/0060266_single-lever-basin-mixer-chrome_960.jpeg,5650.00,Single Lever Basin Mixer without Popup Waste System with 450mm Long Braided Hoses,https://www.jaquar.com/en/vignette-chrome-basin-mixer?Id=2633,"Vignette Prime, VGP-CHR-81011B, Chrome"
Faucets,Vignette Prime,2633,Single Lever Basin Mixer,Variant,935,Single Lever Basin Mixer - Antique Bronze,VGP-ABR-81011B,Antique Bronze,https://www.jaquar.com/images/thumbs/0056034_single-lever-basin-mixer-antique-bronze_960.jpeg,9450.00,Single Lever Basin Mixer without Popup Waste System with 450mm Long Braided Hoses,https://www.jaquar.com/en/vignette-chrome-basin-mixer?Id=2633,"Vignette Prime, VGP-ABR-81011B, Antique Bronze"
Faucets,Vignette Prime,2633,Single Lever Basin Mixer,Variant,935,Single Lever Basin Mixer - Antique Copper,VGP-ACR-81011B,Antique Copper,https://www.jaquar.com/images/thumbs/0056035_single-lever-basin-mixer-antique-copper_960.jpeg,9450.00,"Single Lever Basin Mixer without Popup Waste System with 450mm Long Braided Hoses
",https://www.jaquar.com/en/vignette-chrome-basin-mixer?Id=2633,"Vignette Prime, VGP-ACR-81011B, Antique Copper"
Faucets,Vignette Prime,2633,Single Lever Basin Mixer,Variant,935,Single Lever Basin Mixer - Black Chrome,VGP-BCH-81011B,Black Chrome,https://www.jaquar.com/images/thumbs/0056036_single-lever-basin-mixer-black-chrome_960.jpeg,8250.00,"Single Lever Basin Mixer without Popup Waste System with 450mm Long Braided Hoses
",https://www.jaquar.com/en/vignette-chrome-basin-mixer?Id=2633,"Vignette Prime, VGP-BCH-81011B, Black Chrome"
Faucets,Vignette Prime,2633,Single Lever Basin Mixer,Variant,935,Single Lever Basin Mixer - Black Matt,VGP-BLM-81011B,Black Matt,https://www.jaquar.com/images/thumbs/0059997_single-lever-basin-mixer-black-matt_960.jpeg,8250.00,"Single Lever Basin Mixer without Popup Waste System with 450mm Long Braided Hoses
",https://www.jaquar.com/en/vignette-chrome-basin-mixer?Id=2633,"Vignette Prime, VGP-BLM-81011B, Black Matt"
Faucets,Vignette Prime,2633,Single Lever Basin Mixer,Variant,935,Single Lever Basin Mixer - Graphite,VGP-GRF-81011B,Graphite,https://www.jaquar.com/images/thumbs/0057341_single-lever-basin-mixer-graphite_960.jpeg,9450.00,"Single Lever Basin Mixer without Popup Waste System with 450mm Long Braided Hoses
",https://www.jaquar.com/en/vignette-chrome-basin-mixer?Id=2633,"Vignette Prime, VGP-GRF-81011B, Graphite"
Faucets,Vignette Prime,2633,Single Lever Basin Mixer,Variant,935,Single Lever Basin Mixer - Stainless Steel,VGP-SSF-81011B,Stainless Steel,https://www.jaquar.com/images/thumbs/0057342_single-lever-basin-mixer-stainless-steel_960.jpeg,9450.00,"Single Lever Basin Mixer without Popup Waste System with 450mm Long Braided Hoses
",https://www.jaquar.com/en/vignette-chrome-basin-mixer?Id=2633,"Vignette Prime, VGP-SSF-81011B, Stainless Steel"
Faucets,Vignette Prime,2629,Single Lever Basin Mixer,Parent,935,Single Lever Basin Mixer - Chrome,VGP-CHR-81011B,Chrome,https://www.jaquar.com/images/thumbs/0060266_single-lever-basin-mixer-chrome_960.jpeg,5650.00,Single Lever Basin Mixer without Popup Waste System with 450mm Long Braided Hoses,https://www.jaquar.com/en/vignette-chrome-basin-mixer?Id=2629,"Vignette Prime, VGP-CHR-81011B, Chrome"
Faucets,Vignette Prime,2629,Single Lever Basin Mixer,Variant,935,Single Lever Basin Mixer - Antique Bronze,VGP-ABR-81011B,Antique Bronze,https://www.jaquar.com/images/thumbs/0056034_single-lever-basin-mixer-antique-bronze_960.jpeg,9450.00,Single Lever Basin Mixer without Popup Waste System with 450mm Long Braided Hoses,https://www.jaquar.com/en/vignette-chrome-basin-mixer?Id=2629,"Vignette Prime, VGP-ABR-81011B, Antique Bronze"
Faucets,Vignette Prime,2629,Single Lever Basin Mixer,Variant,935,Single Lever Basin Mixer - Antique Copper,VGP-ACR-81011B,Antique Copper,https://www.jaquar.com/images/thumbs/0056035_single-lever-basin-mixer-antique-copper_960.jpeg,9450.00,"Single Lever Basin Mixer without Popup Waste System with 450mm Long Braided Hoses
",https://www.jaquar.com/en/vignette-chrome-basin-mixer?Id=2629,"Vignette Prime, VGP-ACR-81011B, Antique Copper"
Faucets,Vignette Prime,2629,Single Lever Basin Mixer,Variant,935,Single Lever Basin Mixer - Black Chrome,VGP-BCH-81011B,Black Chrome,https://www.jaquar.com/images/thumbs/0056036_single-lever-basin-mixer-black-chrome_960.jpeg,8250.00,"Single Lever Basin Mixer without Popup Waste System with 450mm Long Braided Hoses
",https://www.jaquar.com/en/vignette-chrome-basin-mixer?Id=2629,"Vignette Prime, VGP-BCH-81011B, Black Chrome"
Faucets,Vignette Prime,2629,Single Lever Basin Mixer,Variant,935,Single Lever Basin Mixer - Black Matt,VGP-BLM-81011B,Black Matt,https://www.jaquar.com/images/thumbs/0059997_single-lever-basin-mixer-black-matt_960.jpeg,8250.00,"Single Lever Basin Mixer without Popup Waste System with 450mm Long Braided Hoses
",https://www.jaquar.com/en/vignette-chrome-basin-mixer?Id=2629,"Vignette Prime, VGP-BLM-81011B, Black Matt"
Faucets,Vignette Prime,2629,Single Lever Basin Mixer,Variant,935,Single Lever Basin Mixer - Graphite,VGP-GRF-81011B,Graphite,https://www.jaquar.com/images/thumbs/0057341_single-lever-basin-mixer-graphite_960.jpeg,9450.00,"Single Lever Basin Mixer without Popup Waste System with 450mm Long Braided Hoses
",https://www.jaquar.com/en/vignette-chrome-basin-mixer?Id=2629,"Vignette Prime, VGP-GRF-81011B, Graphite"
Faucets,Vignette Prime,2629,Single Lever Basin Mixer,Variant,935,Single Lever Basin Mixer - Stainless Steel,VGP-SSF-81011B,Stainless Steel,https://www.jaquar.com/images/thumbs/0057342_single-lever-basin-mixer-stainless-steel_960.jpeg,9450.00,"Single Lever Basin Mixer without Popup Waste System with 450mm Long Braided Hoses
",https://www.jaquar.com/en/vignette-chrome-basin-mixer?Id=2629,"Vignette Prime, VGP-SSF-81011B, Stainless Steel"
Faucets,Vignette Prime,2636,Single Lever Basin Mixer,Parent,935,Single Lever Basin Mixer - Chrome,VGP-CHR-81011B,Chrome,https://www.jaquar.com/images/thumbs/0060266_single-lever-basin-mixer-chrome_960.jpeg,5650.00,Single Lever Basin Mixer without Popup Waste System with 450mm Long Braided Hoses,https://www.jaquar.com/en/vignette-chrome-basin-mixer?Id=2636,"Vignette Prime, VGP-CHR-81011B, Chrome"
Faucets,Vignette Prime,2636,Single Lever Basin Mixer,Variant,935,Single Lever Basin Mixer - Antique Bronze,VGP-ABR-81011B,Antique Bronze,https://www.jaquar.com/images/thumbs/0056034_single-lever-basin-mixer-antique-bronze_960.jpeg,9450.00,Single Lever Basin Mixer without Popup Waste System with 450mm Long Braided Hoses,https://www.jaquar.com/en/vignette-chrome-basin-mixer?Id=2636,"Vignette Prime, VGP-ABR-81011B, Antique Bronze"
Faucets,Vignette Prime,2636,Single Lever Basin Mixer,Variant,935,Single Lever Basin Mixer - Antique Copper,VGP-ACR-81011B,Antique Copper,https://www.jaquar.com/images/thumbs/0056035_single-lever-basin-mixer-antique-copper_960.jpeg,9450.00,"Single Lever Basin Mixer without Popup Waste System with 450mm Long Braided Hoses
",https://www.jaquar.com/en/vignette-chrome-basin-mixer?Id=2636,"Vignette Prime, VGP-ACR-81011B, Antique Copper"
Faucets,Vignette Prime,2636,Single Lever Basin Mixer,Variant,935,Single Lever Basin Mixer - Black Chrome,VGP-BCH-81011B,Black Chrome,https://www.jaquar.com/images/thumbs/0056036_single-lever-basin-mixer-black-chrome_960.jpeg,8250.00,"Single Lever Basin Mixer without Popup Waste System with 450mm Long Braided Hoses
",https://www.jaquar.com/en/vignette-chrome-basin-mixer?Id=2636,"Vignette Prime, VGP-BCH-81011B, Black Chrome"
Faucets,Vignette Prime,2636,Single Lever Basin Mixer,Variant,935,Single Lever Basin Mixer - Black Matt,VGP-BLM-81011B,Black Matt,https://www.jaquar.com/images/thumbs/0059997_single-lever-basin-mixer-black-matt_960.jpeg,8250.00,"Single Lever Basin Mixer without Popup Waste System with 450mm Long Braided Hoses
",https://www.jaquar.com/en/vignette-chrome-basin-mixer?Id=2636,"Vignette Prime, VGP-BLM-81011B, Black Matt"
Faucets,Vignette Prime,2636,Single Lever Basin Mixer,Variant,935,Single Lever Basin Mixer - Graphite,VGP-GRF-81011B,Graphite,https://www.jaquar.com/images/thumbs/0057341_single-lever-basin-mixer-graphite_960.jpeg,9450.00,"Single Lever Basin Mixer without Popup Waste System with 450mm Long Braided Hoses
",https://www.jaquar.com/en/vignette-chrome-basin-mixer?Id=2636,"Vignette Prime, VGP-GRF-81011B, Graphite"
Faucets,Vignette Prime,2636,Single Lever Basin Mixer,Variant,935,Single Lever Basin Mixer - Stainless Steel,VGP-SSF-81011B,Stainless Steel,https://www.jaquar.com/images/thumbs/0057342_single-lever-basin-mixer-stainless-steel_960.jpeg,9450.00,"Single Lever Basin Mixer without Popup Waste System with 450mm Long Braided Hoses
",https://www.jaquar.com/en/vignette-chrome-basin-mixer?Id=2636,"Vignette Prime, VGP-SSF-81011B, Stainless Steel"
Faucets,Vignette Prime,2637,Single Lever Basin Mixer,Parent,935,Single Lever Basin Mixer - Chrome,VGP-CHR-81011B,Chrome,https://www.jaquar.com/images/thumbs/0060266_single-lever-basin-mixer-chrome_960.jpeg,5650.00,Single Lever Basin Mixer without Popup Waste System with 450mm Long Braided Hoses,https://www.jaquar.com/en/vignette-chrome-basin-mixer?Id=2637,"Vignette Prime, VGP-CHR-81011B, Chrome"
Faucets,Vignette Prime,2637,Single Lever Basin Mixer,Variant,935,Single Lever Basin Mixer - Antique Bronze,VGP-ABR-81011B,Antique Bronze,https://www.jaquar.com/images/thumbs/0056034_single-lever-basin-mixer-antique-bronze_960.jpeg,9450.00,Single Lever Basin Mixer without Popup Waste System with 450mm Long Braided Hoses,https://www.jaquar.com/en/vignette-chrome-basin-mixer?Id=2637,"Vignette Prime, VGP-ABR-81011B, Antique Bronze"
Faucets,Vignette Prime,2637,Single Lever Basin Mixer,Variant,935,Single Lever Basin Mixer - Antique Copper,VGP-ACR-81011B,Antique Copper,https://www.jaquar.com/images/thumbs/0056035_single-lever-basin-mixer-antique-copper_960.jpeg,9450.00,"Single Lever Basin Mixer without Popup Waste System with 450mm Long Braided Hoses
",https://www.jaquar.com/en/vignette-chrome-basin-mixer?Id=2637,"Vignette Prime, VGP-ACR-81011B, Antique Copper"
Faucets,Vignette Prime,2637,Single Lever Basin Mixer,Variant,935,Single Lever Basin Mixer - Black Chrome,VGP-BCH-81011B,Black Chrome,https://www.jaquar.com/images/thumbs/0056036_single-lever-basin-mixer-black-chrome_960.jpeg,8250.00,"Single Lever Basin Mixer without Popup Waste System with 450mm Long Braided Hoses
",https://www.jaquar.com/en/vignette-chrome-basin-mixer?Id=2637,"Vignette Prime, VGP-BCH-81011B, Black Chrome"
Faucets,Vignette Prime,2637,Single Lever Basin Mixer,Variant,935,Single Lever Basin Mixer - Black Matt,VGP-BLM-81011B,Black Matt,https://www.jaquar.com/images/thumbs/0059997_single-lever-basin-mixer-black-matt_960.jpeg,8250.00,"Single Lever Basin Mixer without Popup Waste System with 450mm Long Braided Hoses
",https://www.jaquar.com/en/vignette-chrome-basin-mixer?Id=2637,"Vignette Prime, VGP-BLM-81011B, Black Matt"
Faucets,Vignette Prime,2637,Single Lever Basin Mixer,Variant,935,Single Lever Basin Mixer - Graphite,VGP-GRF-81011B,Graphite,https://www.jaquar.com/images/thumbs/0057341_single-lever-basin-mixer-graphite_960.jpeg,9450.00,"Single Lever Basin Mixer without Popup Waste System with 450mm Long Braided Hoses
",https://www.jaquar.com/en/vignette-chrome-basin-mixer?Id=2637,"Vignette Prime, VGP-GRF-81011B, Graphite"
Faucets,Vignette Prime,2637,Single Lever Basin Mixer,Variant,935,Single Lever Basin Mixer - Stainless Steel,VGP-SSF-81011B,Stainless Steel,https://www.jaquar.com/images/thumbs/0057342_single-lever-basin-mixer-stainless-steel_960.jpeg,9450.00,"Single Lever Basin Mixer without Popup Waste System with 450mm Long Braided Hoses
",https://www.jaquar.com/en/vignette-chrome-basin-mixer?Id=2637,"Vignette Prime, VGP-SSF-81011B, Stainless Steel"
Faucets,Vignette Prime,2640,Single Lever Basin Mixer,Parent,2091,Single Lever Basin Mixer - Chrome,VGP-CHR-81051B,Chrome,https://www.jaquar.com/images/thumbs/0060270_single-lever-basin-mixer-chrome_960.jpeg,6650.00,"Single Lever Basin Mixer with Popup Waste System & 450mm Long Braided Hoses
",https://www.jaquar.com/en/vignette-chrome-basin-mixer-with-pop-up-waste-system?Id=2640,"Vignette Prime, VGP-CHR-81051B, Chrome"
Faucets,Vignette Prime,2640,Single Lever Basin Mixer,Variant,2091,Single Lever Basin Mixer - Antique Bronze,VGP-ABR-81051B,Antique Bronze,https://www.jaquar.com/images/thumbs/0054848_single-lever-basin-mixer-antique-bronze_960.jpeg,11100.00,"Single Lever Basin Mixer with Popup Waste System & 450mm Long Braided Hoses
",https://www.jaquar.com/en/vignette-chrome-basin-mixer-with-pop-up-waste-system?Id=2640,"Vignette Prime, VGP-ABR-81051B, Antique Bronze"
Faucets,Vignette Prime,2640,Single Lever Basin Mixer,Variant,2091,Single Lever Basin Mixer - Antique Copper,VGP-ACR-81051B,Antique Copper,https://www.jaquar.com/images/thumbs/0055100_single-lever-basin-mixer-antique-copper_960.jpeg,11100.00,"Single Lever Basin Mixer with Popup Waste System & 450mm Long Braided Hoses
",https://www.jaquar.com/en/vignette-chrome-basin-mixer-with-pop-up-waste-system?Id=2640,"Vignette Prime, VGP-ACR-81051B, Antique Copper"
Faucets,Vignette Prime,2640,Single Lever Basin Mixer,Variant,2091,Single Lever Basin Mixer - Black Chrome,VGP-BCH-81051B,Black Chrome,https://www.jaquar.com/images/thumbs/0054926_single-lever-basin-mixer-black-chrome_960.jpeg,9700.00,"Single Lever Basin Mixer with Popup Waste System & 450mm Long Braided Hoses
",https://www.jaquar.com/en/vignette-chrome-basin-mixer-with-pop-up-waste-system?Id=2640,"Vignette Prime, VGP-BCH-81051B, Black Chrome"
Faucets,Vignette Prime,2640,Single Lever Basin Mixer,Variant,2091,Single Lever Basin Mixer - Black Matt,VGP-BLM-81051B,Black Matt,https://www.jaquar.com/images/thumbs/0055101_single-lever-basin-mixer-black-matt_960.jpeg,9700.00,"Single Lever Basin Mixer with Popup Waste System & 450mm Long Braided Hoses
",https://www.jaquar.com/en/vignette-chrome-basin-mixer-with-pop-up-waste-system?Id=2640,"Vignette Prime, VGP-BLM-81051B, Black Matt"
Faucets,Vignette Prime,2640,Single Lever Basin Mixer,Variant,2091,Single Lever Basin Mixer - Graphite,VGP-GRF-81051B,Graphite,https://www.jaquar.com/images/thumbs/0054756_single-lever-basin-mixer-graphite_960.jpeg,11100.00,"Single Lever Basin Mixer with Popup Waste System & 450mm Long Braided Hoses
",https://www.jaquar.com/en/vignette-chrome-basin-mixer-with-pop-up-waste-system?Id=2640,"Vignette Prime, VGP-GRF-81051B, Graphite"
Faucets,Vignette Prime,2640,Single Lever Basin Mixer,Variant,2091,Single Lever Basin Mixer - Stainless Steel,VGP-SSF-81051B,Stainless Steel,https://www.jaquar.com/images/thumbs/0059461_single-lever-basin-mixer-stainless-steel_960.jpeg,11100.00,"Single Lever Basin Mixer with Popup Waste System & 450mm Long Braided Hoses
",https://www.jaquar.com/en/vignette-chrome-basin-mixer-with-pop-up-waste-system?Id=2640,"Vignette Prime, VGP-SSF-81051B, Stainless Steel"
Faucets,Vignette Prime,2641,Single Lever Basin Mixer,Parent,2091,Single Lever Basin Mixer - Chrome,VGP-CHR-81051B,Chrome,https://www.jaquar.com/images/thumbs/0060270_single-lever-basin-mixer-chrome_960.jpeg,6650.00,"Single Lever Basin Mixer with Popup Waste System & 450mm Long Braided Hoses
",https://www.jaquar.com/en/vignette-chrome-basin-mixer-with-pop-up-waste-system?Id=2641,"Vignette Prime, VGP-CHR-81051B, Chrome"
Faucets,Vignette Prime,2641,Single Lever Basin Mixer,Variant,2091,Single Lever Basin Mixer - Antique Bronze,VGP-ABR-81051B,Antique Bronze,https://www.jaquar.com/images/thumbs/0054848_single-lever-basin-mixer-antique-bronze_960.jpeg,11100.00,"Single Lever Basin Mixer with Popup Waste System & 450mm Long Braided Hoses
",https://www.jaquar.com/en/vignette-chrome-basin-mixer-with-pop-up-waste-system?Id=2641,"Vignette Prime, VGP-ABR-81051B, Antique Bronze"
Faucets,Vignette Prime,2641,Single Lever Basin Mixer,Variant,2091,Single Lever Basin Mixer - Antique Copper,VGP-ACR-81051B,Antique Copper,https://www.jaquar.com/images/thumbs/0055100_single-lever-basin-mixer-antique-copper_960.jpeg,11100.00,"Single Lever Basin Mixer with Popup Waste System & 450mm Long Braided Hoses
",https://www.jaquar.com/en/vignette-chrome-basin-mixer-with-pop-up-waste-system?Id=2641,"Vignette Prime, VGP-ACR-81051B, Antique Copper"
Faucets,Vignette Prime,2641,Single Lever Basin Mixer,Variant,2091,Single Lever Basin Mixer - Black Chrome,VGP-BCH-81051B,Black Chrome,https://www.jaquar.com/images/thumbs/0054926_single-lever-basin-mixer-black-chrome_960.jpeg,9700.00,"Single Lever Basin Mixer with Popup Waste System & 450mm Long Braided Hoses
",https://www.jaquar.com/en/vignette-chrome-basin-mixer-with-pop-up-waste-system?Id=2641,"Vignette Prime, VGP-BCH-81051B, Black Chrome"
Faucets,Vignette Prime,2641,Single Lever Basin Mixer,Variant,2091,Single Lever Basin Mixer - Black Matt,VGP-BLM-81051B,Black Matt,https://www.jaquar.com/images/thumbs/0055101_single-lever-basin-mixer-black-matt_960.jpeg,9700.00,"Single Lever Basin Mixer with Popup Waste System & 450mm Long Braided Hoses
",https://www.jaquar.com/en/vignette-chrome-basin-mixer-with-pop-up-waste-system?Id=2641,"Vignette Prime, VGP-BLM-81051B, Black Matt"
Faucets,Vignette Prime,2641,Single Lever Basin Mixer,Variant,2091,Single Lever Basin Mixer - Graphite,VGP-GRF-81051B,Graphite,https://www.jaquar.com/images/thumbs/0054756_single-lever-basin-mixer-graphite_960.jpeg,11100.00,"Single Lever Basin Mixer with Popup Waste System & 450mm Long Braided Hoses
",https://www.jaquar.com/en/vignette-chrome-basin-mixer-with-pop-up-waste-system?Id=2641,"Vignette Prime, VGP-GRF-81051B, Graphite"
Faucets,Vignette Prime,2641,Single Lever Basin Mixer,Variant,2091,Single Lever Basin Mixer - Stainless Steel,VGP-SSF-81051B,Stainless Steel,https://www.jaquar.com/images/thumbs/0059461_single-lever-basin-mixer-stainless-steel_960.jpeg,11100.00,"Single Lever Basin Mixer with Popup Waste System & 450mm Long Braided Hoses
",https://www.jaquar.com/en/vignette-chrome-basin-mixer-with-pop-up-waste-system?Id=2641,"Vignette Prime, VGP-SSF-81051B, Stainless Steel"
Faucets,Vignette Prime,2642,Single Lever Basin Mixer,Parent,2091,Single Lever Basin Mixer - Chrome,VGP-CHR-81051B,Chrome,https://www.jaquar.com/images/thumbs/0060270_single-lever-basin-mixer-chrome_960.jpeg,6650.00,"Single Lever Basin Mixer with Popup Waste System & 450mm Long Braided Hoses
",https://www.jaquar.com/en/vignette-chrome-basin-mixer-with-pop-up-waste-system?Id=2642,"Vignette Prime, VGP-CHR-81051B, Chrome"
Faucets,Vignette Prime,2642,Single Lever Basin Mixer,Variant,2091,Single Lever Basin Mixer - Antique Bronze,VGP-ABR-81051B,Antique Bronze,https://www.jaquar.com/images/thumbs/0054848_single-lever-basin-mixer-antique-bronze_960.jpeg,11100.00,"Single Lever Basin Mixer with Popup Waste System & 450mm Long Braided Hoses
",https://www.jaquar.com/en/vignette-chrome-basin-mixer-with-pop-up-waste-system?Id=2642,"Vignette Prime, VGP-ABR-81051B, Antique Bronze"
Faucets,Vignette Prime,2642,Single Lever Basin Mixer,Variant,2091,Single Lever Basin Mixer - Antique Copper,VGP-ACR-81051B,Antique Copper,https://www.jaquar.com/images/thumbs/0055100_single-lever-basin-mixer-antique-copper_960.jpeg,11100.00,"Single Lever Basin Mixer with Popup Waste System & 450mm Long Braided Hoses
",https://www.jaquar.com/en/vignette-chrome-basin-mixer-with-pop-up-waste-system?Id=2642,"Vignette Prime, VGP-ACR-81051B, Antique Copper"
Faucets,Vignette Prime,2642,Single Lever Basin Mixer,Variant,2091,Single Lever Basin Mixer - Black Chrome,VGP-BCH-81051B,Black Chrome,https://www.jaquar.com/images/thumbs/0054926_single-lever-basin-mixer-black-chrome_960.jpeg,9700.00,"Single Lever Basin Mixer with Popup Waste System & 450mm Long Braided Hoses
",https://www.jaquar.com/en/vignette-chrome-basin-mixer-with-pop-up-waste-system?Id=2642,"Vignette Prime, VGP-BCH-81051B, Black Chrome"
Faucets,Vignette Prime,2642,Single Lever Basin Mixer,Variant,2091,Single Lever Basin Mixer - Black Matt,VGP-BLM-81051B,Black Matt,https://www.jaquar.com/images/thumbs/0055101_single-lever-basin-mixer-black-matt_960.jpeg,9700.00,"Single Lever Basin Mixer with Popup Waste System & 450mm Long Braided Hoses
",https://www.jaquar.com/en/vignette-chrome-basin-mixer-with-pop-up-waste-system?Id=2642,"Vignette Prime, VGP-BLM-81051B, Black Matt"
Faucets,Vignette Prime,2642,Single Lever Basin Mixer,Variant,2091,Single Lever Basin Mixer - Graphite,VGP-GRF-81051B,Graphite,https://www.jaquar.com/images/thumbs/0054756_single-lever-basin-mixer-graphite_960.jpeg,11100.00,"Single Lever Basin Mixer with Popup Waste System & 450mm Long Braided Hoses
",https://www.jaquar.com/en/vignette-chrome-basin-mixer-with-pop-up-waste-system?Id=2642,"Vignette Prime, VGP-GRF-81051B, Graphite"
Faucets,Vignette Prime,2642,Single Lever Basin Mixer,Variant,2091,Single Lever Basin Mixer - Stainless Steel,VGP-SSF-81051B,Stainless Steel,https://www.jaquar.com/images/thumbs/0059461_single-lever-basin-mixer-stainless-steel_960.jpeg,11100.00,"Single Lever Basin Mixer with Popup Waste System & 450mm Long Braided Hoses
",https://www.jaquar.com/en/vignette-chrome-basin-mixer-with-pop-up-waste-system?Id=2642,"Vignette Prime, VGP-SSF-81051B, Stainless Steel"
Faucets,Vignette Prime,2643,Single Lever Basin Mixer,Parent,2091,Single Lever Basin Mixer - Chrome,VGP-CHR-81051B,Chrome,https://www.jaquar.com/images/thumbs/0060270_single-lever-basin-mixer-chrome_960.jpeg,6650.00,"Single Lever Basin Mixer with Popup Waste System & 450mm Long Braided Hoses
",https://www.jaquar.com/en/vignette-chrome-basin-mixer-with-pop-up-waste-system?Id=2643,"Vignette Prime, VGP-CHR-81051B, Chrome"
Faucets,Vignette Prime,2643,Single Lever Basin Mixer,Variant,2091,Single Lever Basin Mixer - Antique Bronze,VGP-ABR-81051B,Antique Bronze,https://www.jaquar.com/images/thumbs/0054848_single-lever-basin-mixer-antique-bronze_960.jpeg,11100.00,"Single Lever Basin Mixer with Popup Waste System & 450mm Long Braided Hoses
",https://www.jaquar.com/en/vignette-chrome-basin-mixer-with-pop-up-waste-system?Id=2643,"Vignette Prime, VGP-ABR-81051B, Antique Bronze"
Faucets,Vignette Prime,2643,Single Lever Basin Mixer,Variant,2091,Single Lever Basin Mixer - Antique Copper,VGP-ACR-81051B,Antique Copper,https://www.jaquar.com/images/thumbs/0055100_single-lever-basin-mixer-antique-copper_960.jpeg,11100.00,"Single Lever Basin Mixer with Popup Waste System & 450mm Long Braided Hoses
",https://www.jaquar.com/en/vignette-chrome-basin-mixer-with-pop-up-waste-system?Id=2643,"Vignette Prime, VGP-ACR-81051B, Antique Copper"
Faucets,Vignette Prime,2643,Single Lever Basin Mixer,Variant,2091,Single Lever Basin Mixer - Black Chrome,VGP-BCH-81051B,Black Chrome,https://www.jaquar.com/images/thumbs/0054926_single-lever-basin-mixer-black-chrome_960.jpeg,9700.00,"Single Lever Basin Mixer with Popup Waste System & 450mm Long Braided Hoses
",https://www.jaquar.com/en/vignette-chrome-basin-mixer-with-pop-up-waste-system?Id=2643,"Vignette Prime, VGP-BCH-81051B, Black Chrome"
Faucets,Vignette Prime,2643,Single Lever Basin Mixer,Variant,2091,Single Lever Basin Mixer - Black Matt,VGP-BLM-81051B,Black Matt,https://www.jaquar.com/images/thumbs/0055101_single-lever-basin-mixer-black-matt_960.jpeg,9700.00,"Single Lever Basin Mixer with Popup Waste System & 450mm Long Braided Hoses
",https://www.jaquar.com/en/vignette-chrome-basin-mixer-with-pop-up-waste-system?Id=2643,"Vignette Prime, VGP-BLM-81051B, Black Matt"
Faucets,Vignette Prime,2643,Single Lever Basin Mixer,Variant,2091,Single Lever Basin Mixer - Graphite,VGP-GRF-81051B,Graphite,https://www.jaquar.com/images/thumbs/0054756_single-lever-basin-mixer-graphite_960.jpeg,11100.00,"Single Lever Basin Mixer with Popup Waste System & 450mm Long Braided Hoses
",https://www.jaquar.com/en/vignette-chrome-basin-mixer-with-pop-up-waste-system?Id=2643,"Vignette Prime, VGP-GRF-81051B, Graphite"
Faucets,Vignette Prime,2643,Single Lever Basin Mixer,Variant,2091,Single Lever Basin Mixer - Stainless Steel,VGP-SSF-81051B,Stainless Steel,https://www.jaquar.com/images/thumbs/0059461_single-lever-basin-mixer-stainless-steel_960.jpeg,11100.00,"Single Lever Basin Mixer with Popup Waste System & 450mm Long Braided Hoses
",https://www.jaquar.com/en/vignette-chrome-basin-mixer-with-pop-up-waste-system?Id=2643,"Vignette Prime, VGP-SSF-81051B, Stainless Steel"
Faucets,Vignette Prime,2639,Single Lever Basin Mixer,Parent,2091,Single Lever Basin Mixer - Chrome,VGP-CHR-81051B,Chrome,https://www.jaquar.com/images/thumbs/0060270_single-lever-basin-mixer-chrome_960.jpeg,6650.00,"Single Lever Basin Mixer with Popup Waste System & 450mm Long Braided Hoses
",https://www.jaquar.com/en/vignette-chrome-basin-mixer-with-pop-up-waste-system?Id=2639,"Vignette Prime, VGP-CHR-81051B, Chrome"
Faucets,Vignette Prime,2639,Single Lever Basin Mixer,Variant,2091,Single Lever Basin Mixer - Antique Bronze,VGP-ABR-81051B,Antique Bronze,https://www.jaquar.com/images/thumbs/0054848_single-lever-basin-mixer-antique-bronze_960.jpeg,11100.00,"Single Lever Basin Mixer with Popup Waste System & 450mm Long Braided Hoses
",https://www.jaquar.com/en/vignette-chrome-basin-mixer-with-pop-up-waste-system?Id=2639,"Vignette Prime, VGP-ABR-81051B, Antique Bronze"
Faucets,Vignette Prime,2639,Single Lever Basin Mixer,Variant,2091,Single Lever Basin Mixer - Antique Copper,VGP-ACR-81051B,Antique Copper,https://www.jaquar.com/images/thumbs/0055100_single-lever-basin-mixer-antique-copper_960.jpeg,11100.00,"Single Lever Basin Mixer with Popup Waste System & 450mm Long Braided Hoses
",https://www.jaquar.com/en/vignette-chrome-basin-mixer-with-pop-up-waste-system?Id=2639,"Vignette Prime, VGP-ACR-81051B, Antique Copper"
Faucets,Vignette Prime,2639,Single Lever Basin Mixer,Variant,2091,Single Lever Basin Mixer - Black Chrome,VGP-BCH-81051B,Black Chrome,https://www.jaquar.com/images/thumbs/0054926_single-lever-basin-mixer-black-chrome_960.jpeg,9700.00,"Single Lever Basin Mixer with Popup Waste System & 450mm Long Braided Hoses
",https://www.jaquar.com/en/vignette-chrome-basin-mixer-with-pop-up-waste-system?Id=2639,"Vignette Prime, VGP-BCH-81051B, Black Chrome"
Faucets,Vignette Prime,2639,Single Lever Basin Mixer,Variant,2091,Single Lever Basin Mixer - Black Matt,VGP-BLM-81051B,Black Matt,https://www.jaquar.com/images/thumbs/0055101_single-lever-basin-mixer-black-matt_960.jpeg,9700.00,"Single Lever Basin Mixer with Popup Waste System & 450mm Long Braided Hoses
",https://www.jaquar.com/en/vignette-chrome-basin-mixer-with-pop-up-waste-system?Id=2639,"Vignette Prime, VGP-BLM-81051B, Black Matt"
Faucets,Vignette Prime,2639,Single Lever Basin Mixer,Variant,2091,Single Lever Basin Mixer - Graphite,VGP-GRF-81051B,Graphite,https://www.jaquar.com/images/thumbs/0054756_single-lever-basin-mixer-graphite_960.jpeg,11100.00,"Single Lever Basin Mixer with Popup Waste System & 450mm Long Braided Hoses
",https://www.jaquar.com/en/vignette-chrome-basin-mixer-with-pop-up-waste-system?Id=2639,"Vignette Prime, VGP-GRF-81051B, Graphite"
Faucets,Vignette Prime,2639,Single Lever Basin Mixer,Variant,2091,Single Lever Basin Mixer - Stainless Steel,VGP-SSF-81051B,Stainless Steel,https://www.jaquar.com/images/thumbs/0059461_single-lever-basin-mixer-stainless-steel_960.jpeg,11100.00,"Single Lever Basin Mixer with Popup Waste System & 450mm Long Braided Hoses
",https://www.jaquar.com/en/vignette-chrome-basin-mixer-with-pop-up-waste-system?Id=2639,"Vignette Prime, VGP-SSF-81051B, Stainless Steel"
Faucets,Vignette Prime,2646,Single Lever Basin Mixer,Parent,2091,Single Lever Basin Mixer - Chrome,VGP-CHR-81051B,Chrome,https://www.jaquar.com/images/thumbs/0060270_single-lever-basin-mixer-chrome_960.jpeg,6650.00,"Single Lever Basin Mixer with Popup Waste System & 450mm Long Braided Hoses
",https://www.jaquar.com/en/vignette-chrome-basin-mixer-with-pop-up-waste-system?Id=2646,"Vignette Prime, VGP-CHR-81051B, Chrome"
Faucets,Vignette Prime,2646,Single Lever Basin Mixer,Variant,2091,Single Lever Basin Mixer - Antique Bronze,VGP-ABR-81051B,Antique Bronze,https://www.jaquar.com/images/thumbs/0054848_single-lever-basin-mixer-antique-bronze_960.jpeg,11100.00,"Single Lever Basin Mixer with Popup Waste System & 450mm Long Braided Hoses
",https://www.jaquar.com/en/vignette-chrome-basin-mixer-with-pop-up-waste-system?Id=2646,"Vignette Prime, VGP-ABR-81051B, Antique Bronze"
Faucets,Vignette Prime,2646,Single Lever Basin Mixer,Variant,2091,Single Lever Basin Mixer - Antique Copper,VGP-ACR-81051B,Antique Copper,https://www.jaquar.com/images/thumbs/0055100_single-lever-basin-mixer-antique-copper_960.jpeg,11100.00,"Single Lever Basin Mixer with Popup Waste System & 450mm Long Braided Hoses
",https://www.jaquar.com/en/vignette-chrome-basin-mixer-with-pop-up-waste-system?Id=2646,"Vignette Prime, VGP-ACR-81051B, Antique Copper"
Faucets,Vignette Prime,2646,Single Lever Basin Mixer,Variant,2091,Single Lever Basin Mixer - Black Chrome,VGP-BCH-81051B,Black Chrome,https://www.jaquar.com/images/thumbs/0054926_single-lever-basin-mixer-black-chrome_960.jpeg,9700.00,"Single Lever Basin Mixer with Popup Waste System & 450mm Long Braided Hoses
",https://www.jaquar.com/en/vignette-chrome-basin-mixer-with-pop-up-waste-system?Id=2646,"Vignette Prime, VGP-BCH-81051B, Black Chrome"
Faucets,Vignette Prime,2646,Single Lever Basin Mixer,Variant,2091,Single Lever Basin Mixer - Black Matt,VGP-BLM-81051B,Black Matt,https://www.jaquar.com/images/thumbs/0055101_single-lever-basin-mixer-black-matt_960.jpeg,9700.00,"Single Lever Basin Mixer with Popup Waste System & 450mm Long Braided Hoses
",https://www.jaquar.com/en/vignette-chrome-basin-mixer-with-pop-up-waste-system?Id=2646,"Vignette Prime, VGP-BLM-81051B, Black Matt"
Faucets,Vignette Prime,2646,Single Lever Basin Mixer,Variant,2091,Single Lever Basin Mixer - Graphite,VGP-GRF-81051B,Graphite,https://www.jaquar.com/images/thumbs/0054756_single-lever-basin-mixer-graphite_960.jpeg,11100.00,"Single Lever Basin Mixer with Popup Waste System & 450mm Long Braided Hoses
",https://www.jaquar.com/en/vignette-chrome-basin-mixer-with-pop-up-waste-system?Id=2646,"Vignette Prime, VGP-GRF-81051B, Graphite"
Faucets,Vignette Prime,2646,Single Lever Basin Mixer,Variant,2091,Single Lever Basin Mixer - Stainless Steel,VGP-SSF-81051B,Stainless Steel,https://www.jaquar.com/images/thumbs/0059461_single-lever-basin-mixer-stainless-steel_960.jpeg,11100.00,"Single Lever Basin Mixer with Popup Waste System & 450mm Long Braided Hoses
",https://www.jaquar.com/en/vignette-chrome-basin-mixer-with-pop-up-waste-system?Id=2646,"Vignette Prime, VGP-SSF-81051B, Stainless Steel"
Faucets,Vignette Prime,2647,Single Lever Basin Mixer,Parent,2091,Single Lever Basin Mixer - Chrome,VGP-CHR-81051B,Chrome,https://www.jaquar.com/images/thumbs/0060270_single-lever-basin-mixer-chrome_960.jpeg,6650.00,"Single Lever Basin Mixer with Popup Waste System & 450mm Long Braided Hoses
",https://www.jaquar.com/en/vignette-chrome-basin-mixer-with-pop-up-waste-system?Id=2647,"Vignette Prime, VGP-CHR-81051B, Chrome"
Faucets,Vignette Prime,2647,Single Lever Basin Mixer,Variant,2091,Single Lever Basin Mixer - Antique Bronze,VGP-ABR-81051B,Antique Bronze,https://www.jaquar.com/images/thumbs/0054848_single-lever-basin-mixer-antique-bronze_960.jpeg,11100.00,"Single Lever Basin Mixer with Popup Waste System & 450mm Long Braided Hoses
",https://www.jaquar.com/en/vignette-chrome-basin-mixer-with-pop-up-waste-system?Id=2647,"Vignette Prime, VGP-ABR-81051B, Antique Bronze"
Faucets,Vignette Prime,2647,Single Lever Basin Mixer,Variant,2091,Single Lever Basin Mixer - Antique Copper,VGP-ACR-81051B,Antique Copper,https://www.jaquar.com/images/thumbs/0055100_single-lever-basin-mixer-antique-copper_960.jpeg,11100.00,"Single Lever Basin Mixer with Popup Waste System & 450mm Long Braided Hoses
",https://www.jaquar.com/en/vignette-chrome-basin-mixer-with-pop-up-waste-system?Id=2647,"Vignette Prime, VGP-ACR-81051B, Antique Copper"
Faucets,Vignette Prime,2647,Single Lever Basin Mixer,Variant,2091,Single Lever Basin Mixer - Black Chrome,VGP-BCH-81051B,Black Chrome,https://www.jaquar.com/images/thumbs/0054926_single-lever-basin-mixer-black-chrome_960.jpeg,9700.00,"Single Lever Basin Mixer with Popup Waste System & 450mm Long Braided Hoses
",https://www.jaquar.com/en/vignette-chrome-basin-mixer-with-pop-up-waste-system?Id=2647,"Vignette Prime, VGP-BCH-81051B, Black Chrome"
Faucets,Vignette Prime,2647,Single Lever Basin Mixer,Variant,2091,Single Lever Basin Mixer - Black Matt,VGP-BLM-81051B,Black Matt,https://www.jaquar.com/images/thumbs/0055101_single-lever-basin-mixer-black-matt_960.jpeg,9700.00,"Single Lever Basin Mixer with Popup Waste System & 450mm Long Braided Hoses
",https://www.jaquar.com/en/vignette-chrome-basin-mixer-with-pop-up-waste-system?Id=2647,"Vignette Prime, VGP-BLM-81051B, Black Matt"
Faucets,Vignette Prime,2647,Single Lever Basin Mixer,Variant,2091,Single Lever Basin Mixer - Graphite,VGP-GRF-81051B,Graphite,https://www.jaquar.com/images/thumbs/0054756_single-lever-basin-mixer-graphite_960.jpeg,11100.00,"Single Lever Basin Mixer with Popup Waste System & 450mm Long Braided Hoses
",https://www.jaquar.com/en/vignette-chrome-basin-mixer-with-pop-up-waste-system?Id=2647,"Vignette Prime, VGP-GRF-81051B, Graphite"
Faucets,Vignette Prime,2647,Single Lever Basin Mixer,Variant,2091,Single Lever Basin Mixer - Stainless Steel,VGP-SSF-81051B,Stainless Steel,https://www.jaquar.com/images/thumbs/0059461_single-lever-basin-mixer-stainless-steel_960.jpeg,11100.00,"Single Lever Basin Mixer with Popup Waste System & 450mm Long Braided Hoses
",https://www.jaquar.com/en/vignette-chrome-basin-mixer-with-pop-up-waste-system?Id=2647,"Vignette Prime, VGP-SSF-81051B, Stainless Steel"
Faucets,Vignette Prime,2621,Single Lever Tall Boy,Parent,936,Single Lever Tall Boy - Chrome,VGP-CHR-81005NB,Chrome,https://www.jaquar.com/images/thumbs/0060264_single-lever-tall-boy-chrome_960.jpeg,7450.00,"Single Lever Tall Boy with 180mm Extension Body Fixed Spout without Popup Waste System with 600mm Long Braided Hoses
",https://www.jaquar.com/en/vignette-chrome-basin-mixer-tall-boy?Id=2621,"Vignette Prime, VGP-CHR-81005NB, Chrome"
Faucets,Vignette Prime,2621,Single Lever Tall Boy,Variant,936,Single Lever Tall Boy - Antique Bronze,VGP-ABR-81005NB,Antique Bronze,https://www.jaquar.com/images/thumbs/0059955_single-lever-tall-boy-antique-bronze_960.jpeg,12300.00,"Single Lever Tall Boy with 180mm Extension Body Fixed Spout without Popup Waste System with 600mm Long Braided Hoses
",https://www.jaquar.com/en/vignette-chrome-basin-mixer-tall-boy?Id=2621,"Vignette Prime, VGP-ABR-81005NB, Antique Bronze"
Faucets,Vignette Prime,2621,Single Lever Tall Boy,Variant,936,Single Lever Tall Boy -  Antique Copper,VGP-ACR-81005NB,Antique Copper,https://www.jaquar.com/images/thumbs/0059953_single-lever-tall-boy-antique-copper_960.jpeg,12300.00,"Single Lever Tall Boy with 180mm Extension Body Fixed Spout without Popup Waste System with 600mm Long Braided Hoses
",https://www.jaquar.com/en/vignette-chrome-basin-mixer-tall-boy?Id=2621,"Vignette Prime, VGP-ACR-81005NB, Antique Copper"
Faucets,Vignette Prime,2621,Single Lever Tall Boy,Variant,936,Single Lever Tall Boy -  Black Chrome,VGP-BCH-81005NB,Black Chrome,https://www.jaquar.com/images/thumbs/0059951_single-lever-tall-boy-black-chrome_960.jpeg,10800.00,"Single Lever Tall Boy with 180mm Extension Body Fixed Spout without Popup Waste System with 600mm Long Braided Hoses
",https://www.jaquar.com/en/vignette-chrome-basin-mixer-tall-boy?Id=2621,"Vignette Prime, VGP-BCH-81005NB, Black Chrome"
Faucets,Vignette Prime,2621,Single Lever Tall Boy,Variant,936,Single Lever Tall Boy -  Black Matt,VGP-BLM-81005NB,Black Matt,https://www.jaquar.com/images/thumbs/0059950_single-lever-tall-boy-black-matt_960.jpeg,10800.00,"Single Lever Tall Boy with 180mm Extension Body Fixed Spout without Popup Waste System with 600mm Long Braided Hoses
",https://www.jaquar.com/en/vignette-chrome-basin-mixer-tall-boy?Id=2621,"Vignette Prime, VGP-BLM-81005NB, Black Matt"
Faucets,Vignette Prime,2621,Single Lever Tall Boy,Variant,936,Single Lever Tall Boy -  Graphite,VGP-GRF-81005NB,Graphite,https://www.jaquar.com/images/thumbs/0059949_single-lever-tall-boy-graphite_960.jpeg,12300.00,"Single Lever Tall Boy with 180mm Extension Body Fixed Spout without Popup Waste System with 600mm Long Braided Hoses
",https://www.jaquar.com/en/vignette-chrome-basin-mixer-tall-boy?Id=2621,"Vignette Prime, VGP-GRF-81005NB, Graphite"
Faucets,Vignette Prime,2621,Single Lever Tall Boy,Variant,936,Single Lever Tall Boy -  Stainless Steel,VGP-SSF-81005NB,Stainless Steel,https://www.jaquar.com/images/thumbs/0059995_single-lever-tall-boy-stainless-steel_960.jpeg,12300.00,"Single Lever Tall Boy with 180mm Extension Body Fixed Spout without Popup Waste System with 600mm Long Braided Hoses
",https://www.jaquar.com/en/vignette-chrome-basin-mixer-tall-boy?Id=2621,"Vignette Prime, VGP-SSF-81005NB, Stainless Steel"
Faucets,Vignette Prime,2622,Single Lever Tall Boy,Parent,936,Single Lever Tall Boy - Chrome,VGP-CHR-81005NB,Chrome,https://www.jaquar.com/images/thumbs/0060264_single-lever-tall-boy-chrome_960.jpeg,7450.00,"Single Lever Tall Boy with 180mm Extension Body Fixed Spout without Popup Waste System with 600mm Long Braided Hoses
",https://www.jaquar.com/en/vignette-chrome-basin-mixer-tall-boy?Id=2622,"Vignette Prime, VGP-CHR-81005NB, Chrome"
Faucets,Vignette Prime,2622,Single Lever Tall Boy,Variant,936,Single Lever Tall Boy - Antique Bronze,VGP-ABR-81005NB,Antique Bronze,https://www.jaquar.com/images/thumbs/0059955_single-lever-tall-boy-antique-bronze_960.jpeg,12300.00,"Single Lever Tall Boy with 180mm Extension Body Fixed Spout without Popup Waste System with 600mm Long Braided Hoses
",https://www.jaquar.com/en/vignette-chrome-basin-mixer-tall-boy?Id=2622,"Vignette Prime, VGP-ABR-81005NB, Antique Bronze"
Faucets,Vignette Prime,2622,Single Lever Tall Boy,Variant,936,Single Lever Tall Boy -  Antique Copper,VGP-ACR-81005NB,Antique Copper,https://www.jaquar.com/images/thumbs/0059953_single-lever-tall-boy-antique-copper_960.jpeg,12300.00,"Single Lever Tall Boy with 180mm Extension Body Fixed Spout without Popup Waste System with 600mm Long Braided Hoses
",https://www.jaquar.com/en/vignette-chrome-basin-mixer-tall-boy?Id=2622,"Vignette Prime, VGP-ACR-81005NB, Antique Copper"
Faucets,Vignette Prime,2622,Single Lever Tall Boy,Variant,936,Single Lever Tall Boy -  Black Chrome,VGP-BCH-81005NB,Black Chrome,https://www.jaquar.com/images/thumbs/0059951_single-lever-tall-boy-black-chrome_960.jpeg,10800.00,"Single Lever Tall Boy with 180mm Extension Body Fixed Spout without Popup Waste System with 600mm Long Braided Hoses
",https://www.jaquar.com/en/vignette-chrome-basin-mixer-tall-boy?Id=2622,"Vignette Prime, VGP-BCH-81005NB, Black Chrome"
Faucets,Vignette Prime,2622,Single Lever Tall Boy,Variant,936,Single Lever Tall Boy -  Black Matt,VGP-BLM-81005NB,Black Matt,https://www.jaquar.com/images/thumbs/0059950_single-lever-tall-boy-black-matt_960.jpeg,10800.00,"Single Lever Tall Boy with 180mm Extension Body Fixed Spout without Popup Waste System with 600mm Long Braided Hoses
",https://www.jaquar.com/en/vignette-chrome-basin-mixer-tall-boy?Id=2622,"Vignette Prime, VGP-BLM-81005NB, Black Matt"
Faucets,Vignette Prime,2622,Single Lever Tall Boy,Variant,936,Single Lever Tall Boy -  Graphite,VGP-GRF-81005NB,Graphite,https://www.jaquar.com/images/thumbs/0059949_single-lever-tall-boy-graphite_960.jpeg,12300.00,"Single Lever Tall Boy with 180mm Extension Body Fixed Spout without Popup Waste System with 600mm Long Braided Hoses
",https://www.jaquar.com/en/vignette-chrome-basin-mixer-tall-boy?Id=2622,"Vignette Prime, VGP-GRF-81005NB, Graphite"
Faucets,Vignette Prime,2622,Single Lever Tall Boy,Variant,936,Single Lever Tall Boy -  Stainless Steel,VGP-SSF-81005NB,Stainless Steel,https://www.jaquar.com/images/thumbs/0059995_single-lever-tall-boy-stainless-steel_960.jpeg,12300.00,"Single Lever Tall Boy with 180mm Extension Body Fixed Spout without Popup Waste System with 600mm Long Braided Hoses
",https://www.jaquar.com/en/vignette-chrome-basin-mixer-tall-boy?Id=2622,"Vignette Prime, VGP-SSF-81005NB, Stainless Steel"
Faucets,Vignette Prime,2623,Single Lever Tall Boy,Parent,936,Single Lever Tall Boy - Chrome,VGP-CHR-81005NB,Chrome,https://www.jaquar.com/images/thumbs/0060264_single-lever-tall-boy-chrome_960.jpeg,7450.00,"Single Lever Tall Boy with 180mm Extension Body Fixed Spout without Popup Waste System with 600mm Long Braided Hoses
",https://www.jaquar.com/en/vignette-chrome-basin-mixer-tall-boy?Id=2623,"Vignette Prime, VGP-CHR-81005NB, Chrome"
Faucets,Vignette Prime,2623,Single Lever Tall Boy,Variant,936,Single Lever Tall Boy - Antique Bronze,VGP-ABR-81005NB,Antique Bronze,https://www.jaquar.com/images/thumbs/0059955_single-lever-tall-boy-antique-bronze_960.jpeg,12300.00,"Single Lever Tall Boy with 180mm Extension Body Fixed Spout without Popup Waste System with 600mm Long Braided Hoses
",https://www.jaquar.com/en/vignette-chrome-basin-mixer-tall-boy?Id=2623,"Vignette Prime, VGP-ABR-81005NB, Antique Bronze"
Faucets,Vignette Prime,2623,Single Lever Tall Boy,Variant,936,Single Lever Tall Boy -  Antique Copper,VGP-ACR-81005NB,Antique Copper,https://www.jaquar.com/images/thumbs/0059953_single-lever-tall-boy-antique-copper_960.jpeg,12300.00,"Single Lever Tall Boy with 180mm Extension Body Fixed Spout without Popup Waste System with 600mm Long Braided Hoses
",https://www.jaquar.com/en/vignette-chrome-basin-mixer-tall-boy?Id=2623,"Vignette Prime, VGP-ACR-81005NB, Antique Copper"
Faucets,Vignette Prime,2623,Single Lever Tall Boy,Variant,936,Single Lever Tall Boy -  Black Chrome,VGP-BCH-81005NB,Black Chrome,https://www.jaquar.com/images/thumbs/0059951_single-lever-tall-boy-black-chrome_960.jpeg,10800.00,"Single Lever Tall Boy with 180mm Extension Body Fixed Spout without Popup Waste System with 600mm Long Braided Hoses
",https://www.jaquar.com/en/vignette-chrome-basin-mixer-tall-boy?Id=2623,"Vignette Prime, VGP-BCH-81005NB, Black Chrome"
Faucets,Vignette Prime,2623,Single Lever Tall Boy,Variant,936,Single Lever Tall Boy -  Black Matt,VGP-BLM-81005NB,Black Matt,https://www.jaquar.com/images/thumbs/0059950_single-lever-tall-boy-black-matt_960.jpeg,10800.00,"Single Lever Tall Boy with 180mm Extension Body Fixed Spout without Popup Waste System with 600mm Long Braided Hoses
",https://www.jaquar.com/en/vignette-chrome-basin-mixer-tall-boy?Id=2623,"Vignette Prime, VGP-BLM-81005NB, Black Matt"
Faucets,Vignette Prime,2623,Single Lever Tall Boy,Variant,936,Single Lever Tall Boy -  Graphite,VGP-GRF-81005NB,Graphite,https://www.jaquar.com/images/thumbs/0059949_single-lever-tall-boy-graphite_960.jpeg,12300.00,"Single Lever Tall Boy with 180mm Extension Body Fixed Spout without Popup Waste System with 600mm Long Braided Hoses
",https://www.jaquar.com/en/vignette-chrome-basin-mixer-tall-boy?Id=2623,"Vignette Prime, VGP-GRF-81005NB, Graphite"
Faucets,Vignette Prime,2623,Single Lever Tall Boy,Variant,936,Single Lever Tall Boy -  Stainless Steel,VGP-SSF-81005NB,Stainless Steel,https://www.jaquar.com/images/thumbs/0059995_single-lever-tall-boy-stainless-steel_960.jpeg,12300.00,"Single Lever Tall Boy with 180mm Extension Body Fixed Spout without Popup Waste System with 600mm Long Braided Hoses
",https://www.jaquar.com/en/vignette-chrome-basin-mixer-tall-boy?Id=2623,"Vignette Prime, VGP-SSF-81005NB, Stainless Steel"
Faucets,Vignette Prime,2626,Single Lever Tall Boy,Parent,936,Single Lever Tall Boy - Chrome,VGP-CHR-81005NB,Chrome,https://www.jaquar.com/images/thumbs/0060264_single-lever-tall-boy-chrome_960.jpeg,7450.00,"Single Lever Tall Boy with 180mm Extension Body Fixed Spout without Popup Waste System with 600mm Long Braided Hoses
",https://www.jaquar.com/en/vignette-chrome-basin-mixer-tall-boy?Id=2626,"Vignette Prime, VGP-CHR-81005NB, Chrome"
Faucets,Vignette Prime,2626,Single Lever Tall Boy,Variant,936,Single Lever Tall Boy - Antique Bronze,VGP-ABR-81005NB,Antique Bronze,https://www.jaquar.com/images/thumbs/0059955_single-lever-tall-boy-antique-bronze_960.jpeg,12300.00,"Single Lever Tall Boy with 180mm Extension Body Fixed Spout without Popup Waste System with 600mm Long Braided Hoses
",https://www.jaquar.com/en/vignette-chrome-basin-mixer-tall-boy?Id=2626,"Vignette Prime, VGP-ABR-81005NB, Antique Bronze"
Faucets,Vignette Prime,2626,Single Lever Tall Boy,Variant,936,Single Lever Tall Boy -  Antique Copper,VGP-ACR-81005NB,Antique Copper,https://www.jaquar.com/images/thumbs/0059953_single-lever-tall-boy-antique-copper_960.jpeg,12300.00,"Single Lever Tall Boy with 180mm Extension Body Fixed Spout without Popup Waste System with 600mm Long Braided Hoses
",https://www.jaquar.com/en/vignette-chrome-basin-mixer-tall-boy?Id=2626,"Vignette Prime, VGP-ACR-81005NB, Antique Copper"
Faucets,Vignette Prime,2626,Single Lever Tall Boy,Variant,936,Single Lever Tall Boy -  Black Chrome,VGP-BCH-81005NB,Black Chrome,https://www.jaquar.com/images/thumbs/0059951_single-lever-tall-boy-black-chrome_960.jpeg,10800.00,"Single Lever Tall Boy with 180mm Extension Body Fixed Spout without Popup Waste System with 600mm Long Braided Hoses
",https://www.jaquar.com/en/vignette-chrome-basin-mixer-tall-boy?Id=2626,"Vignette Prime, VGP-BCH-81005NB, Black Chrome"
Faucets,Vignette Prime,2626,Single Lever Tall Boy,Variant,936,Single Lever Tall Boy -  Black Matt,VGP-BLM-81005NB,Black Matt,https://www.jaquar.com/images/thumbs/0059950_single-lever-tall-boy-black-matt_960.jpeg,10800.00,"Single Lever Tall Boy with 180mm Extension Body Fixed Spout without Popup Waste System with 600mm Long Braided Hoses
",https://www.jaquar.com/en/vignette-chrome-basin-mixer-tall-boy?Id=2626,"Vignette Prime, VGP-BLM-81005NB, Black Matt"
Faucets,Vignette Prime,2626,Single Lever Tall Boy,Variant,936,Single Lever Tall Boy -  Graphite,VGP-GRF-81005NB,Graphite,https://www.jaquar.com/images/thumbs/0059949_single-lever-tall-boy-graphite_960.jpeg,12300.00,"Single Lever Tall Boy with 180mm Extension Body Fixed Spout without Popup Waste System with 600mm Long Braided Hoses
",https://www.jaquar.com/en/vignette-chrome-basin-mixer-tall-boy?Id=2626,"Vignette Prime, VGP-GRF-81005NB, Graphite"
Faucets,Vignette Prime,2626,Single Lever Tall Boy,Variant,936,Single Lever Tall Boy -  Stainless Steel,VGP-SSF-81005NB,Stainless Steel,https://www.jaquar.com/images/thumbs/0059995_single-lever-tall-boy-stainless-steel_960.jpeg,12300.00,"Single Lever Tall Boy with 180mm Extension Body Fixed Spout without Popup Waste System with 600mm Long Braided Hoses
",https://www.jaquar.com/en/vignette-chrome-basin-mixer-tall-boy?Id=2626,"Vignette Prime, VGP-SSF-81005NB, Stainless Steel"
Faucets,Vignette Prime,2627,Single Lever Tall Boy,Parent,936,Single Lever Tall Boy - Chrome,VGP-CHR-81005NB,Chrome,https://www.jaquar.com/images/thumbs/0060264_single-lever-tall-boy-chrome_960.jpeg,7450.00,"Single Lever Tall Boy with 180mm Extension Body Fixed Spout without Popup Waste System with 600mm Long Braided Hoses
",https://www.jaquar.com/en/vignette-chrome-basin-mixer-tall-boy?Id=2627,"Vignette Prime, VGP-CHR-81005NB, Chrome"
Faucets,Vignette Prime,2627,Single Lever Tall Boy,Variant,936,Single Lever Tall Boy - Antique Bronze,VGP-ABR-81005NB,Antique Bronze,https://www.jaquar.com/images/thumbs/0059955_single-lever-tall-boy-antique-bronze_960.jpeg,12300.00,"Single Lever Tall Boy with 180mm Extension Body Fixed Spout without Popup Waste System with 600mm Long Braided Hoses
",https://www.jaquar.com/en/vignette-chrome-basin-mixer-tall-boy?Id=2627,"Vignette Prime, VGP-ABR-81005NB, Antique Bronze"
Faucets,Vignette Prime,2627,Single Lever Tall Boy,Variant,936,Single Lever Tall Boy -  Antique Copper,VGP-ACR-81005NB,Antique Copper,https://www.jaquar.com/images/thumbs/0059953_single-lever-tall-boy-antique-copper_960.jpeg,12300.00,"Single Lever Tall Boy with 180mm Extension Body Fixed Spout without Popup Waste System with 600mm Long Braided Hoses
",https://www.jaquar.com/en/vignette-chrome-basin-mixer-tall-boy?Id=2627,"Vignette Prime, VGP-ACR-81005NB, Antique Copper"
Faucets,Vignette Prime,2627,Single Lever Tall Boy,Variant,936,Single Lever Tall Boy -  Black Chrome,VGP-BCH-81005NB,Black Chrome,https://www.jaquar.com/images/thumbs/0059951_single-lever-tall-boy-black-chrome_960.jpeg,10800.00,"Single Lever Tall Boy with 180mm Extension Body Fixed Spout without Popup Waste System with 600mm Long Braided Hoses
",https://www.jaquar.com/en/vignette-chrome-basin-mixer-tall-boy?Id=2627,"Vignette Prime, VGP-BCH-81005NB, Black Chrome"
Faucets,Vignette Prime,2627,Single Lever Tall Boy,Variant,936,Single Lever Tall Boy -  Black Matt,VGP-BLM-81005NB,Black Matt,https://www.jaquar.com/images/thumbs/0059950_single-lever-tall-boy-black-matt_960.jpeg,10800.00,"Single Lever Tall Boy with 180mm Extension Body Fixed Spout without Popup Waste System with 600mm Long Braided Hoses
",https://www.jaquar.com/en/vignette-chrome-basin-mixer-tall-boy?Id=2627,"Vignette Prime, VGP-BLM-81005NB, Black Matt"
Faucets,Vignette Prime,2627,Single Lever Tall Boy,Variant,936,Single Lever Tall Boy -  Graphite,VGP-GRF-81005NB,Graphite,https://www.jaquar.com/images/thumbs/0059949_single-lever-tall-boy-graphite_960.jpeg,12300.00,"Single Lever Tall Boy with 180mm Extension Body Fixed Spout without Popup Waste System with 600mm Long Braided Hoses
",https://www.jaquar.com/en/vignette-chrome-basin-mixer-tall-boy?Id=2627,"Vignette Prime, VGP-GRF-81005NB, Graphite"
Faucets,Vignette Prime,2627,Single Lever Tall Boy,Variant,936,Single Lever Tall Boy -  Stainless Steel,VGP-SSF-81005NB,Stainless Steel,https://www.jaquar.com/images/thumbs/0059995_single-lever-tall-boy-stainless-steel_960.jpeg,12300.00,"Single Lever Tall Boy with 180mm Extension Body Fixed Spout without Popup Waste System with 600mm Long Braided Hoses
",https://www.jaquar.com/en/vignette-chrome-basin-mixer-tall-boy?Id=2627,"Vignette Prime, VGP-SSF-81005NB, Stainless Steel"
Faucets,Vignette Prime,2620,Single Lever Tall Boy,Parent,936,Single Lever Tall Boy - Chrome,VGP-CHR-81005NB,Chrome,https://www.jaquar.com/images/thumbs/0060264_single-lever-tall-boy-chrome_960.jpeg,7450.00,"Single Lever Tall Boy with 180mm Extension Body Fixed Spout without Popup Waste System with 600mm Long Braided Hoses
",https://www.jaquar.com/en/vignette-chrome-basin-mixer-tall-boy?Id=2620,"Vignette Prime, VGP-CHR-81005NB, Chrome"
Faucets,Vignette Prime,2620,Single Lever Tall Boy,Variant,936,Single Lever Tall Boy - Antique Bronze,VGP-ABR-81005NB,Antique Bronze,https://www.jaquar.com/images/thumbs/0059955_single-lever-tall-boy-antique-bronze_960.jpeg,12300.00,"Single Lever Tall Boy with 180mm Extension Body Fixed Spout without Popup Waste System with 600mm Long Braided Hoses
",https://www.jaquar.com/en/vignette-chrome-basin-mixer-tall-boy?Id=2620,"Vignette Prime, VGP-ABR-81005NB, Antique Bronze"
Faucets,Vignette Prime,2620,Single Lever Tall Boy,Variant,936,Single Lever Tall Boy -  Antique Copper,VGP-ACR-81005NB,Antique Copper,https://www.jaquar.com/images/thumbs/0059953_single-lever-tall-boy-antique-copper_960.jpeg,12300.00,"Single Lever Tall Boy with 180mm Extension Body Fixed Spout without Popup Waste System with 600mm Long Braided Hoses
",https://www.jaquar.com/en/vignette-chrome-basin-mixer-tall-boy?Id=2620,"Vignette Prime, VGP-ACR-81005NB, Antique Copper"
Faucets,Vignette Prime,2620,Single Lever Tall Boy,Variant,936,Single Lever Tall Boy -  Black Chrome,VGP-BCH-81005NB,Black Chrome,https://www.jaquar.com/images/thumbs/0059951_single-lever-tall-boy-black-chrome_960.jpeg,10800.00,"Single Lever Tall Boy with 180mm Extension Body Fixed Spout without Popup Waste System with 600mm Long Braided Hoses
",https://www.jaquar.com/en/vignette-chrome-basin-mixer-tall-boy?Id=2620,"Vignette Prime, VGP-BCH-81005NB, Black Chrome"
Faucets,Vignette Prime,2620,Single Lever Tall Boy,Variant,936,Single Lever Tall Boy -  Black Matt,VGP-BLM-81005NB,Black Matt,https://www.jaquar.com/images/thumbs/0059950_single-lever-tall-boy-black-matt_960.jpeg,10800.00,"Single Lever Tall Boy with 180mm Extension Body Fixed Spout without Popup Waste System with 600mm Long Braided Hoses
",https://www.jaquar.com/en/vignette-chrome-basin-mixer-tall-boy?Id=2620,"Vignette Prime, VGP-BLM-81005NB, Black Matt"
Faucets,Vignette Prime,2620,Single Lever Tall Boy,Variant,936,Single Lever Tall Boy -  Graphite,VGP-GRF-81005NB,Graphite,https://www.jaquar.com/images/thumbs/0059949_single-lever-tall-boy-graphite_960.jpeg,12300.00,"Single Lever Tall Boy with 180mm Extension Body Fixed Spout without Popup Waste System with 600mm Long Braided Hoses
",https://www.jaquar.com/en/vignette-chrome-basin-mixer-tall-boy?Id=2620,"Vignette Prime, VGP-GRF-81005NB, Graphite"
Faucets,Vignette Prime,2620,Single Lever Tall Boy,Variant,936,Single Lever Tall Boy -  Stainless Steel,VGP-SSF-81005NB,Stainless Steel,https://www.jaquar.com/images/thumbs/0059995_single-lever-tall-boy-stainless-steel_960.jpeg,12300.00,"Single Lever Tall Boy with 180mm Extension Body Fixed Spout without Popup Waste System with 600mm Long Braided Hoses
",https://www.jaquar.com/en/vignette-chrome-basin-mixer-tall-boy?Id=2620,"Vignette Prime, VGP-SSF-81005NB, Stainless Steel"
Faucets,Vignette Prime,2619,Single Lever Tall Boy,Parent,936,Single Lever Tall Boy - Chrome,VGP-CHR-81005NB,Chrome,https://www.jaquar.com/images/thumbs/0060264_single-lever-tall-boy-chrome_960.jpeg,7450.00,"Single Lever Tall Boy with 180mm Extension Body Fixed Spout without Popup Waste System with 600mm Long Braided Hoses
",https://www.jaquar.com/en/vignette-chrome-basin-mixer-tall-boy?Id=2619,"Vignette Prime, VGP-CHR-81005NB, Chrome"
Faucets,Vignette Prime,2619,Single Lever Tall Boy,Variant,936,Single Lever Tall Boy - Antique Bronze,VGP-ABR-81005NB,Antique Bronze,https://www.jaquar.com/images/thumbs/0059955_single-lever-tall-boy-antique-bronze_960.jpeg,12300.00,"Single Lever Tall Boy with 180mm Extension Body Fixed Spout without Popup Waste System with 600mm Long Braided Hoses
",https://www.jaquar.com/en/vignette-chrome-basin-mixer-tall-boy?Id=2619,"Vignette Prime, VGP-ABR-81005NB, Antique Bronze"
Faucets,Vignette Prime,2619,Single Lever Tall Boy,Variant,936,Single Lever Tall Boy -  Antique Copper,VGP-ACR-81005NB,Antique Copper,https://www.jaquar.com/images/thumbs/0059953_single-lever-tall-boy-antique-copper_960.jpeg,12300.00,"Single Lever Tall Boy with 180mm Extension Body Fixed Spout without Popup Waste System with 600mm Long Braided Hoses
",https://www.jaquar.com/en/vignette-chrome-basin-mixer-tall-boy?Id=2619,"Vignette Prime, VGP-ACR-81005NB, Antique Copper"
Faucets,Vignette Prime,2619,Single Lever Tall Boy,Variant,936,Single Lever Tall Boy -  Black Chrome,VGP-BCH-81005NB,Black Chrome,https://www.jaquar.com/images/thumbs/0059951_single-lever-tall-boy-black-chrome_960.jpeg,10800.00,"Single Lever Tall Boy with 180mm Extension Body Fixed Spout without Popup Waste System with 600mm Long Braided Hoses
",https://www.jaquar.com/en/vignette-chrome-basin-mixer-tall-boy?Id=2619,"Vignette Prime, VGP-BCH-81005NB, Black Chrome"
Faucets,Vignette Prime,2619,Single Lever Tall Boy,Variant,936,Single Lever Tall Boy -  Black Matt,VGP-BLM-81005NB,Black Matt,https://www.jaquar.com/images/thumbs/0059950_single-lever-tall-boy-black-matt_960.jpeg,10800.00,"Single Lever Tall Boy with 180mm Extension Body Fixed Spout without Popup Waste System with 600mm Long Braided Hoses
",https://www.jaquar.com/en/vignette-chrome-basin-mixer-tall-boy?Id=2619,"Vignette Prime, VGP-BLM-81005NB, Black Matt"
Faucets,Vignette Prime,2619,Single Lever Tall Boy,Variant,936,Single Lever Tall Boy -  Graphite,VGP-GRF-81005NB,Graphite,https://www.jaquar.com/images/thumbs/0059949_single-lever-tall-boy-graphite_960.jpeg,12300.00,"Single Lever Tall Boy with 180mm Extension Body Fixed Spout without Popup Waste System with 600mm Long Braided Hoses
",https://www.jaquar.com/en/vignette-chrome-basin-mixer-tall-boy?Id=2619,"Vignette Prime, VGP-GRF-81005NB, Graphite"
Faucets,Vignette Prime,2619,Single Lever Tall Boy,Variant,936,Single Lever Tall Boy -  Stainless Steel,VGP-SSF-81005NB,Stainless Steel,https://www.jaquar.com/images/thumbs/0059995_single-lever-tall-boy-stainless-steel_960.jpeg,12300.00,"Single Lever Tall Boy with 180mm Extension Body Fixed Spout without Popup Waste System with 600mm Long Braided Hoses
",https://www.jaquar.com/en/vignette-chrome-basin-mixer-tall-boy?Id=2619,"Vignette Prime, VGP-SSF-81005NB, Stainless Steel"
Faucets,Vignette Prime,2651,Exposed Part Kit of Single Lever Basin Mixer Wall Mounted,Parent,937,Exposed Part Kit of Single Lever Basin Mixer Wall Mounted - Chrome,VGP-CHR-81233NK,Chrome,https://www.jaquar.com/images/thumbs/0060276_exposed-part-kit-of-single-lever-basin-mixer-wall-mounted-chrome_960.jpeg,4950.00,"Exposed Part Kit of Single Lever Basin Mixer Wall Mounted Consisting of Operating Lever, Cartridge Sleeve, Wall Flange, Nipple & Spout (Compatible with ALD-233N or ALD-235N)
",https://www.jaquar.com/en/vignette-concealed-wall-basin-mixer?Id=2651,"Vignette Prime, VGP-CHR-81233NK, Chrome"
Faucets,Vignette Prime,2651,Exposed Part Kit of Single Lever Basin Mixer Wall Mounted,Variant,937,Exposed Part Kit of Single Lever Basin Mixer Wall Mounted - Antique Bronze,VGP-ABR-81233NK,Antique Bronze,https://www.jaquar.com/images/thumbs/0054853_exposed-part-kit-of-single-lever-basin-mixer-wall-mounted-antique-bronze_960.jpeg,8150.00,"Exposed Part Kit of Single Lever Basin Mixer Wall Mounted Consisting of Operating Lever, Cartridge Sleeve, Wall Flange, Nipple & Spout (Compatible with ALD-233N or ALD-235N)
",https://www.jaquar.com/en/vignette-concealed-wall-basin-mixer?Id=2651,"Vignette Prime, VGP-ABR-81233NK, Antique Bronze"
Faucets,Vignette Prime,2651,Exposed Part Kit of Single Lever Basin Mixer Wall Mounted,Variant,937,Exposed Part Kit of Single Lever Basin Mixer Wall Mounted - Antique Copper,VGP-ACR-81233NK,Antique Copper,https://www.jaquar.com/images/thumbs/0055102_exposed-part-kit-of-single-lever-basin-mixer-wall-mounted-antique-copper_960.jpeg,8150.00,"Exposed Part Kit of Single Lever Basin Mixer Wall Mounted Consisting of Operating Lever, Cartridge Sleeve, Wall Flange, Nipple & Spout (Compatible with ALD-233N or ALD-235N)
",https://www.jaquar.com/en/vignette-concealed-wall-basin-mixer?Id=2651,"Vignette Prime, VGP-ACR-81233NK, Antique Copper"
Faucets,Vignette Prime,2651,Exposed Part Kit of Single Lever Basin Mixer Wall Mounted,Variant,937,Exposed Part Kit of Single Lever Basin Mixer Wall Mounted - Black Chrome,VGP-BCH-81233NK,Black Chrome,https://www.jaquar.com/images/thumbs/0054927_exposed-part-kit-of-single-lever-basin-mixer-wall-mounted-black-chrome_960.jpeg,7150.00,"Exposed Part Kit of Single Lever Basin Mixer Wall Mounted Consisting of Operating Lever, Cartridge Sleeve, Wall Flange, Nipple & Spout (Compatible with ALD-233N or ALD-235N)
",https://www.jaquar.com/en/vignette-concealed-wall-basin-mixer?Id=2651,"Vignette Prime, VGP-BCH-81233NK, Black Chrome"
Faucets,Vignette Prime,2651,Exposed Part Kit of Single Lever Basin Mixer Wall Mounted,Variant,937,Exposed Part Kit of Single Lever Basin Mixer Wall Mounted - Black Matt,VGP-BLM-81233NK,Black Matt,https://www.jaquar.com/images/thumbs/0055103_exposed-part-kit-of-single-lever-basin-mixer-wall-mounted-black-matt_960.jpeg,7150.00,"Exposed Part Kit of Single Lever Basin Mixer Wall Mounted Consisting of Operating Lever, Cartridge Sleeve, Wall Flange, Nipple & Spout (Compatible with ALD-233N or ALD-235N)
",https://www.jaquar.com/en/vignette-concealed-wall-basin-mixer?Id=2651,"Vignette Prime, VGP-BLM-81233NK, Black Matt"
Faucets,Vignette Prime,2651,Exposed Part Kit of Single Lever Basin Mixer Wall Mounted,Variant,937,Exposed Part Kit of Single Lever Basin Mixer Wall Mounted - Graphite,VGP-GRF-81233NK,Graphite,https://www.jaquar.com/images/thumbs/0054757_exposed-part-kit-of-single-lever-basin-mixer-wall-mounted-graphite_960.jpeg,8150.00,"Exposed Part Kit of Single Lever Basin Mixer Wall Mounted Consisting of Operating Lever, Cartridge Sleeve, Wall Flange, Nipple & Spout (Compatible with ALD-233N or ALD-235N)
",https://www.jaquar.com/en/vignette-concealed-wall-basin-mixer?Id=2651,"Vignette Prime, VGP-GRF-81233NK, Graphite"
Faucets,Vignette Prime,2651,Exposed Part Kit of Single Lever Basin Mixer Wall Mounted,Variant,937,Exposed Part Kit of Single Lever Basin Mixer Wall Mounted - Stainless Steel,VGP-SSF-81233NK,Stainless Steel,https://www.jaquar.com/images/thumbs/0054779_exposed-part-kit-of-single-lever-basin-mixer-wall-mounted-stainless-steel_960.jpeg,8150.00,"Exposed Part Kit of Single Lever Basin Mixer Wall Mounted Consisting of Operating Lever, Cartridge Sleeve, Wall Flange, Nipple & Spout (Compatible with ALD-233N or ALD-235N)
",https://www.jaquar.com/en/vignette-concealed-wall-basin-mixer?Id=2651,"Vignette Prime, VGP-SSF-81233NK, Stainless Steel"
Faucets,Vignette Prime,2652,Exposed Part Kit of Single Lever Basin Mixer Wall Mounted,Parent,937,Exposed Part Kit of Single Lever Basin Mixer Wall Mounted - Chrome,VGP-CHR-81233NK,Chrome,https://www.jaquar.com/images/thumbs/0060276_exposed-part-kit-of-single-lever-basin-mixer-wall-mounted-chrome_960.jpeg,4950.00,"Exposed Part Kit of Single Lever Basin Mixer Wall Mounted Consisting of Operating Lever, Cartridge Sleeve, Wall Flange, Nipple & Spout (Compatible with ALD-233N or ALD-235N)
",https://www.jaquar.com/en/vignette-concealed-wall-basin-mixer?Id=2652,"Vignette Prime, VGP-CHR-81233NK, Chrome"
Faucets,Vignette Prime,2652,Exposed Part Kit of Single Lever Basin Mixer Wall Mounted,Variant,937,Exposed Part Kit of Single Lever Basin Mixer Wall Mounted - Antique Bronze,VGP-ABR-81233NK,Antique Bronze,https://www.jaquar.com/images/thumbs/0054853_exposed-part-kit-of-single-lever-basin-mixer-wall-mounted-antique-bronze_960.jpeg,8150.00,"Exposed Part Kit of Single Lever Basin Mixer Wall Mounted Consisting of Operating Lever, Cartridge Sleeve, Wall Flange, Nipple & Spout (Compatible with ALD-233N or ALD-235N)
",https://www.jaquar.com/en/vignette-concealed-wall-basin-mixer?Id=2652,"Vignette Prime, VGP-ABR-81233NK, Antique Bronze"
Faucets,Vignette Prime,2652,Exposed Part Kit of Single Lever Basin Mixer Wall Mounted,Variant,937,Exposed Part Kit of Single Lever Basin Mixer Wall Mounted - Antique Copper,VGP-ACR-81233NK,Antique Copper,https://www.jaquar.com/images/thumbs/0055102_exposed-part-kit-of-single-lever-basin-mixer-wall-mounted-antique-copper_960.jpeg,8150.00,"Exposed Part Kit of Single Lever Basin Mixer Wall Mounted Consisting of Operating Lever, Cartridge Sleeve, Wall Flange, Nipple & Spout (Compatible with ALD-233N or ALD-235N)
",https://www.jaquar.com/en/vignette-concealed-wall-basin-mixer?Id=2652,"Vignette Prime, VGP-ACR-81233NK, Antique Copper"
Faucets,Vignette Prime,2652,Exposed Part Kit of Single Lever Basin Mixer Wall Mounted,Variant,937,Exposed Part Kit of Single Lever Basin Mixer Wall Mounted - Black Chrome,VGP-BCH-81233NK,Black Chrome,https://www.jaquar.com/images/thumbs/0054927_exposed-part-kit-of-single-lever-basin-mixer-wall-mounted-black-chrome_960.jpeg,7150.00,"Exposed Part Kit of Single Lever Basin Mixer Wall Mounted Consisting of Operating Lever, Cartridge Sleeve, Wall Flange, Nipple & Spout (Compatible with ALD-233N or ALD-235N)
",https://www.jaquar.com/en/vignette-concealed-wall-basin-mixer?Id=2652,"Vignette Prime, VGP-BCH-81233NK, Black Chrome"
Faucets,Vignette Prime,2652,Exposed Part Kit of Single Lever Basin Mixer Wall Mounted,Variant,937,Exposed Part Kit of Single Lever Basin Mixer Wall Mounted - Black Matt,VGP-BLM-81233NK,Black Matt,https://www.jaquar.com/images/thumbs/0055103_exposed-part-kit-of-single-lever-basin-mixer-wall-mounted-black-matt_960.jpeg,7150.00,"Exposed Part Kit of Single Lever Basin Mixer Wall Mounted Consisting of Operating Lever, Cartridge Sleeve, Wall Flange, Nipple & Spout (Compatible with ALD-233N or ALD-235N)
",https://www.jaquar.com/en/vignette-concealed-wall-basin-mixer?Id=2652,"Vignette Prime, VGP-BLM-81233NK, Black Matt"
Faucets,Vignette Prime,2652,Exposed Part Kit of Single Lever Basin Mixer Wall Mounted,Variant,937,Exposed Part Kit of Single Lever Basin Mixer Wall Mounted - Graphite,VGP-GRF-81233NK,Graphite,https://www.jaquar.com/images/thumbs/0054757_exposed-part-kit-of-single-lever-basin-mixer-wall-mounted-graphite_960.jpeg,8150.00,"Exposed Part Kit of Single Lever Basin Mixer Wall Mounted Consisting of Operating Lever, Cartridge Sleeve, Wall Flange, Nipple & Spout (Compatible with ALD-233N or ALD-235N)
",https://www.jaquar.com/en/vignette-concealed-wall-basin-mixer?Id=2652,"Vignette Prime, VGP-GRF-81233NK, Graphite"
Faucets,Vignette Prime,2652,Exposed Part Kit of Single Lever Basin Mixer Wall Mounted,Variant,937,Exposed Part Kit of Single Lever Basin Mixer Wall Mounted - Stainless Steel,VGP-SSF-81233NK,Stainless Steel,https://www.jaquar.com/images/thumbs/0054779_exposed-part-kit-of-single-lever-basin-mixer-wall-mounted-stainless-steel_960.jpeg,8150.00,"Exposed Part Kit of Single Lever Basin Mixer Wall Mounted Consisting of Operating Lever, Cartridge Sleeve, Wall Flange, Nipple & Spout (Compatible with ALD-233N or ALD-235N)
",https://www.jaquar.com/en/vignette-concealed-wall-basin-mixer?Id=2652,"Vignette Prime, VGP-SSF-81233NK, Stainless Steel"
Faucets,Vignette Prime,2653,Exposed Part Kit of Single Lever Basin Mixer Wall Mounted,Parent,937,Exposed Part Kit of Single Lever Basin Mixer Wall Mounted - Chrome,VGP-CHR-81233NK,Chrome,https://www.jaquar.com/images/thumbs/0060276_exposed-part-kit-of-single-lever-basin-mixer-wall-mounted-chrome_960.jpeg,4950.00,"Exposed Part Kit of Single Lever Basin Mixer Wall Mounted Consisting of Operating Lever, Cartridge Sleeve, Wall Flange, Nipple & Spout (Compatible with ALD-233N or ALD-235N)
",https://www.jaquar.com/en/vignette-concealed-wall-basin-mixer?Id=2653,"Vignette Prime, VGP-CHR-81233NK, Chrome"
Faucets,Vignette Prime,2653,Exposed Part Kit of Single Lever Basin Mixer Wall Mounted,Variant,937,Exposed Part Kit of Single Lever Basin Mixer Wall Mounted - Antique Bronze,VGP-ABR-81233NK,Antique Bronze,https://www.jaquar.com/images/thumbs/0054853_exposed-part-kit-of-single-lever-basin-mixer-wall-mounted-antique-bronze_960.jpeg,8150.00,"Exposed Part Kit of Single Lever Basin Mixer Wall Mounted Consisting of Operating Lever, Cartridge Sleeve, Wall Flange, Nipple & Spout (Compatible with ALD-233N or ALD-235N)
",https://www.jaquar.com/en/vignette-concealed-wall-basin-mixer?Id=2653,"Vignette Prime, VGP-ABR-81233NK, Antique Bronze"
Faucets,Vignette Prime,2653,Exposed Part Kit of Single Lever Basin Mixer Wall Mounted,Variant,937,Exposed Part Kit of Single Lever Basin Mixer Wall Mounted - Antique Copper,VGP-ACR-81233NK,Antique Copper,https://www.jaquar.com/images/thumbs/0055102_exposed-part-kit-of-single-lever-basin-mixer-wall-mounted-antique-copper_960.jpeg,8150.00,"Exposed Part Kit of Single Lever Basin Mixer Wall Mounted Consisting of Operating Lever, Cartridge Sleeve, Wall Flange, Nipple & Spout (Compatible with ALD-233N or ALD-235N)
",https://www.jaquar.com/en/vignette-concealed-wall-basin-mixer?Id=2653,"Vignette Prime, VGP-ACR-81233NK, Antique Copper"
Faucets,Vignette Prime,2653,Exposed Part Kit of Single Lever Basin Mixer Wall Mounted,Variant,937,Exposed Part Kit of Single Lever Basin Mixer Wall Mounted - Black Chrome,VGP-BCH-81233NK,Black Chrome,https://www.jaquar.com/images/thumbs/0054927_exposed-part-kit-of-single-lever-basin-mixer-wall-mounted-black-chrome_960.jpeg,7150.00,"Exposed Part Kit of Single Lever Basin Mixer Wall Mounted Consisting of Operating Lever, Cartridge Sleeve, Wall Flange, Nipple & Spout (Compatible with ALD-233N or ALD-235N)
",https://www.jaquar.com/en/vignette-concealed-wall-basin-mixer?Id=2653,"Vignette Prime, VGP-BCH-81233NK, Black Chrome"
Faucets,Vignette Prime,2653,Exposed Part Kit of Single Lever Basin Mixer Wall Mounted,Variant,937,Exposed Part Kit of Single Lever Basin Mixer Wall Mounted - Black Matt,VGP-BLM-81233NK,Black Matt,https://www.jaquar.com/images/thumbs/0055103_exposed-part-kit-of-single-lever-basin-mixer-wall-mounted-black-matt_960.jpeg,7150.00,"Exposed Part Kit of Single Lever Basin Mixer Wall Mounted Consisting of Operating Lever, Cartridge Sleeve, Wall Flange, Nipple & Spout (Compatible with ALD-233N or ALD-235N)
",https://www.jaquar.com/en/vignette-concealed-wall-basin-mixer?Id=2653,"Vignette Prime, VGP-BLM-81233NK, Black Matt"
Faucets,Vignette Prime,2653,Exposed Part Kit of Single Lever Basin Mixer Wall Mounted,Variant,937,Exposed Part Kit of Single Lever Basin Mixer Wall Mounted - Graphite,VGP-GRF-81233NK,Graphite,https://www.jaquar.com/images/thumbs/0054757_exposed-part-kit-of-single-lever-basin-mixer-wall-mounted-graphite_960.jpeg,8150.00,"Exposed Part Kit of Single Lever Basin Mixer Wall Mounted Consisting of Operating Lever, Cartridge Sleeve, Wall Flange, Nipple & Spout (Compatible with ALD-233N or ALD-235N)
",https://www.jaquar.com/en/vignette-concealed-wall-basin-mixer?Id=2653,"Vignette Prime, VGP-GRF-81233NK, Graphite"
Faucets,Vignette Prime,2653,Exposed Part Kit of Single Lever Basin Mixer Wall Mounted,Variant,937,Exposed Part Kit of Single Lever Basin Mixer Wall Mounted - Stainless Steel,VGP-SSF-81233NK,Stainless Steel,https://www.jaquar.com/images/thumbs/0054779_exposed-part-kit-of-single-lever-basin-mixer-wall-mounted-stainless-steel_960.jpeg,8150.00,"Exposed Part Kit of Single Lever Basin Mixer Wall Mounted Consisting of Operating Lever, Cartridge Sleeve, Wall Flange, Nipple & Spout (Compatible with ALD-233N or ALD-235N)
",https://www.jaquar.com/en/vignette-concealed-wall-basin-mixer?Id=2653,"Vignette Prime, VGP-SSF-81233NK, Stainless Steel"
Faucets,Vignette Prime,2654,Exposed Part Kit of Single Lever Basin Mixer Wall Mounted,Parent,937,Exposed Part Kit of Single Lever Basin Mixer Wall Mounted - Chrome,VGP-CHR-81233NK,Chrome,https://www.jaquar.com/images/thumbs/0060276_exposed-part-kit-of-single-lever-basin-mixer-wall-mounted-chrome_960.jpeg,4950.00,"Exposed Part Kit of Single Lever Basin Mixer Wall Mounted Consisting of Operating Lever, Cartridge Sleeve, Wall Flange, Nipple & Spout (Compatible with ALD-233N or ALD-235N)
",https://www.jaquar.com/en/vignette-concealed-wall-basin-mixer?Id=2654,"Vignette Prime, VGP-CHR-81233NK, Chrome"
Faucets,Vignette Prime,2654,Exposed Part Kit of Single Lever Basin Mixer Wall Mounted,Variant,937,Exposed Part Kit of Single Lever Basin Mixer Wall Mounted - Antique Bronze,VGP-ABR-81233NK,Antique Bronze,https://www.jaquar.com/images/thumbs/0054853_exposed-part-kit-of-single-lever-basin-mixer-wall-mounted-antique-bronze_960.jpeg,8150.00,"Exposed Part Kit of Single Lever Basin Mixer Wall Mounted Consisting of Operating Lever, Cartridge Sleeve, Wall Flange, Nipple & Spout (Compatible with ALD-233N or ALD-235N)
",https://www.jaquar.com/en/vignette-concealed-wall-basin-mixer?Id=2654,"Vignette Prime, VGP-ABR-81233NK, Antique Bronze"
Faucets,Vignette Prime,2654,Exposed Part Kit of Single Lever Basin Mixer Wall Mounted,Variant,937,Exposed Part Kit of Single Lever Basin Mixer Wall Mounted - Antique Copper,VGP-ACR-81233NK,Antique Copper,https://www.jaquar.com/images/thumbs/0055102_exposed-part-kit-of-single-lever-basin-mixer-wall-mounted-antique-copper_960.jpeg,8150.00,"Exposed Part Kit of Single Lever Basin Mixer Wall Mounted Consisting of Operating Lever, Cartridge Sleeve, Wall Flange, Nipple & Spout (Compatible with ALD-233N or ALD-235N)
",https://www.jaquar.com/en/vignette-concealed-wall-basin-mixer?Id=2654,"Vignette Prime, VGP-ACR-81233NK, Antique Copper"
Faucets,Vignette Prime,2654,Exposed Part Kit of Single Lever Basin Mixer Wall Mounted,Variant,937,Exposed Part Kit of Single Lever Basin Mixer Wall Mounted - Black Chrome,VGP-BCH-81233NK,Black Chrome,https://www.jaquar.com/images/thumbs/0054927_exposed-part-kit-of-single-lever-basin-mixer-wall-mounted-black-chrome_960.jpeg,7150.00,"Exposed Part Kit of Single Lever Basin Mixer Wall Mounted Consisting of Operating Lever, Cartridge Sleeve, Wall Flange, Nipple & Spout (Compatible with ALD-233N or ALD-235N)
",https://www.jaquar.com/en/vignette-concealed-wall-basin-mixer?Id=2654,"Vignette Prime, VGP-BCH-81233NK, Black Chrome"
Faucets,Vignette Prime,2654,Exposed Part Kit of Single Lever Basin Mixer Wall Mounted,Variant,937,Exposed Part Kit of Single Lever Basin Mixer Wall Mounted - Black Matt,VGP-BLM-81233NK,Black Matt,https://www.jaquar.com/images/thumbs/0055103_exposed-part-kit-of-single-lever-basin-mixer-wall-mounted-black-matt_960.jpeg,7150.00,"Exposed Part Kit of Single Lever Basin Mixer Wall Mounted Consisting of Operating Lever, Cartridge Sleeve, Wall Flange, Nipple & Spout (Compatible with ALD-233N or ALD-235N)
",https://www.jaquar.com/en/vignette-concealed-wall-basin-mixer?Id=2654,"Vignette Prime, VGP-BLM-81233NK, Black Matt"
Faucets,Vignette Prime,2654,Exposed Part Kit of Single Lever Basin Mixer Wall Mounted,Variant,937,Exposed Part Kit of Single Lever Basin Mixer Wall Mounted - Graphite,VGP-GRF-81233NK,Graphite,https://www.jaquar.com/images/thumbs/0054757_exposed-part-kit-of-single-lever-basin-mixer-wall-mounted-graphite_960.jpeg,8150.00,"Exposed Part Kit of Single Lever Basin Mixer Wall Mounted Consisting of Operating Lever, Cartridge Sleeve, Wall Flange, Nipple & Spout (Compatible with ALD-233N or ALD-235N)
",https://www.jaquar.com/en/vignette-concealed-wall-basin-mixer?Id=2654,"Vignette Prime, VGP-GRF-81233NK, Graphite"
Faucets,Vignette Prime,2654,Exposed Part Kit of Single Lever Basin Mixer Wall Mounted,Variant,937,Exposed Part Kit of Single Lever Basin Mixer Wall Mounted - Stainless Steel,VGP-SSF-81233NK,Stainless Steel,https://www.jaquar.com/images/thumbs/0054779_exposed-part-kit-of-single-lever-basin-mixer-wall-mounted-stainless-steel_960.jpeg,8150.00,"Exposed Part Kit of Single Lever Basin Mixer Wall Mounted Consisting of Operating Lever, Cartridge Sleeve, Wall Flange, Nipple & Spout (Compatible with ALD-233N or ALD-235N)
",https://www.jaquar.com/en/vignette-concealed-wall-basin-mixer?Id=2654,"Vignette Prime, VGP-SSF-81233NK, Stainless Steel"
Faucets,Vignette Prime,2649,Exposed Part Kit of Single Lever Basin Mixer Wall Mounted,Parent,937,Exposed Part Kit of Single Lever Basin Mixer Wall Mounted - Chrome,VGP-CHR-81233NK,Chrome,https://www.jaquar.com/images/thumbs/0060276_exposed-part-kit-of-single-lever-basin-mixer-wall-mounted-chrome_960.jpeg,4950.00,"Exposed Part Kit of Single Lever Basin Mixer Wall Mounted Consisting of Operating Lever, Cartridge Sleeve, Wall Flange, Nipple & Spout (Compatible with ALD-233N or ALD-235N)
",https://www.jaquar.com/en/vignette-concealed-wall-basin-mixer?Id=2649,"Vignette Prime, VGP-CHR-81233NK, Chrome"
Faucets,Vignette Prime,2649,Exposed Part Kit of Single Lever Basin Mixer Wall Mounted,Variant,937,Exposed Part Kit of Single Lever Basin Mixer Wall Mounted - Antique Bronze,VGP-ABR-81233NK,Antique Bronze,https://www.jaquar.com/images/thumbs/0054853_exposed-part-kit-of-single-lever-basin-mixer-wall-mounted-antique-bronze_960.jpeg,8150.00,"Exposed Part Kit of Single Lever Basin Mixer Wall Mounted Consisting of Operating Lever, Cartridge Sleeve, Wall Flange, Nipple & Spout (Compatible with ALD-233N or ALD-235N)
",https://www.jaquar.com/en/vignette-concealed-wall-basin-mixer?Id=2649,"Vignette Prime, VGP-ABR-81233NK, Antique Bronze"
Faucets,Vignette Prime,2649,Exposed Part Kit of Single Lever Basin Mixer Wall Mounted,Variant,937,Exposed Part Kit of Single Lever Basin Mixer Wall Mounted - Antique Copper,VGP-ACR-81233NK,Antique Copper,https://www.jaquar.com/images/thumbs/0055102_exposed-part-kit-of-single-lever-basin-mixer-wall-mounted-antique-copper_960.jpeg,8150.00,"Exposed Part Kit of Single Lever Basin Mixer Wall Mounted Consisting of Operating Lever, Cartridge Sleeve, Wall Flange, Nipple & Spout (Compatible with ALD-233N or ALD-235N)
",https://www.jaquar.com/en/vignette-concealed-wall-basin-mixer?Id=2649,"Vignette Prime, VGP-ACR-81233NK, Antique Copper"
Faucets,Vignette Prime,2649,Exposed Part Kit of Single Lever Basin Mixer Wall Mounted,Variant,937,Exposed Part Kit of Single Lever Basin Mixer Wall Mounted - Black Chrome,VGP-BCH-81233NK,Black Chrome,https://www.jaquar.com/images/thumbs/0054927_exposed-part-kit-of-single-lever-basin-mixer-wall-mounted-black-chrome_960.jpeg,7150.00,"Exposed Part Kit of Single Lever Basin Mixer Wall Mounted Consisting of Operating Lever, Cartridge Sleeve, Wall Flange, Nipple & Spout (Compatible with ALD-233N or ALD-235N)
",https://www.jaquar.com/en/vignette-concealed-wall-basin-mixer?Id=2649,"Vignette Prime, VGP-BCH-81233NK, Black Chrome"
Faucets,Vignette Prime,2649,Exposed Part Kit of Single Lever Basin Mixer Wall Mounted,Variant,937,Exposed Part Kit of Single Lever Basin Mixer Wall Mounted - Black Matt,VGP-BLM-81233NK,Black Matt,https://www.jaquar.com/images/thumbs/0055103_exposed-part-kit-of-single-lever-basin-mixer-wall-mounted-black-matt_960.jpeg,7150.00,"Exposed Part Kit of Single Lever Basin Mixer Wall Mounted Consisting of Operating Lever, Cartridge Sleeve, Wall Flange, Nipple & Spout (Compatible with ALD-233N or ALD-235N)
",https://www.jaquar.com/en/vignette-concealed-wall-basin-mixer?Id=2649,"Vignette Prime, VGP-BLM-81233NK, Black Matt"
Faucets,Vignette Prime,2649,Exposed Part Kit of Single Lever Basin Mixer Wall Mounted,Variant,937,Exposed Part Kit of Single Lever Basin Mixer Wall Mounted - Graphite,VGP-GRF-81233NK,Graphite,https://www.jaquar.com/images/thumbs/0054757_exposed-part-kit-of-single-lever-basin-mixer-wall-mounted-graphite_960.jpeg,8150.00,"Exposed Part Kit of Single Lever Basin Mixer Wall Mounted Consisting of Operating Lever, Cartridge Sleeve, Wall Flange, Nipple & Spout (Compatible with ALD-233N or ALD-235N)
",https://www.jaquar.com/en/vignette-concealed-wall-basin-mixer?Id=2649,"Vignette Prime, VGP-GRF-81233NK, Graphite"
Faucets,Vignette Prime,2649,Exposed Part Kit of Single Lever Basin Mixer Wall Mounted,Variant,937,Exposed Part Kit of Single Lever Basin Mixer Wall Mounted - Stainless Steel,VGP-SSF-81233NK,Stainless Steel,https://www.jaquar.com/images/thumbs/0054779_exposed-part-kit-of-single-lever-basin-mixer-wall-mounted-stainless-steel_960.jpeg,8150.00,"Exposed Part Kit of Single Lever Basin Mixer Wall Mounted Consisting of Operating Lever, Cartridge Sleeve, Wall Flange, Nipple & Spout (Compatible with ALD-233N or ALD-235N)
",https://www.jaquar.com/en/vignette-concealed-wall-basin-mixer?Id=2649,"Vignette Prime, VGP-SSF-81233NK, Stainless Steel"
Faucets,Vignette Prime,2657,Exposed Part Kit of Single Lever Basin Mixer Wall Mounted,Parent,937,Exposed Part Kit of Single Lever Basin Mixer Wall Mounted - Chrome,VGP-CHR-81233NK,Chrome,https://www.jaquar.com/images/thumbs/0060276_exposed-part-kit-of-single-lever-basin-mixer-wall-mounted-chrome_960.jpeg,4950.00,"Exposed Part Kit of Single Lever Basin Mixer Wall Mounted Consisting of Operating Lever, Cartridge Sleeve, Wall Flange, Nipple & Spout (Compatible with ALD-233N or ALD-235N)
",https://www.jaquar.com/en/vignette-concealed-wall-basin-mixer?Id=2657,"Vignette Prime, VGP-CHR-81233NK, Chrome"
Faucets,Vignette Prime,2657,Exposed Part Kit of Single Lever Basin Mixer Wall Mounted,Variant,937,Exposed Part Kit of Single Lever Basin Mixer Wall Mounted - Antique Bronze,VGP-ABR-81233NK,Antique Bronze,https://www.jaquar.com/images/thumbs/0054853_exposed-part-kit-of-single-lever-basin-mixer-wall-mounted-antique-bronze_960.jpeg,8150.00,"Exposed Part Kit of Single Lever Basin Mixer Wall Mounted Consisting of Operating Lever, Cartridge Sleeve, Wall Flange, Nipple & Spout (Compatible with ALD-233N or ALD-235N)
",https://www.jaquar.com/en/vignette-concealed-wall-basin-mixer?Id=2657,"Vignette Prime, VGP-ABR-81233NK, Antique Bronze"
Faucets,Vignette Prime,2657,Exposed Part Kit of Single Lever Basin Mixer Wall Mounted,Variant,937,Exposed Part Kit of Single Lever Basin Mixer Wall Mounted - Antique Copper,VGP-ACR-81233NK,Antique Copper,https://www.jaquar.com/images/thumbs/0055102_exposed-part-kit-of-single-lever-basin-mixer-wall-mounted-antique-copper_960.jpeg,8150.00,"Exposed Part Kit of Single Lever Basin Mixer Wall Mounted Consisting of Operating Lever, Cartridge Sleeve, Wall Flange, Nipple & Spout (Compatible with ALD-233N or ALD-235N)
",https://www.jaquar.com/en/vignette-concealed-wall-basin-mixer?Id=2657,"Vignette Prime, VGP-ACR-81233NK, Antique Copper"
Faucets,Vignette Prime,2657,Exposed Part Kit of Single Lever Basin Mixer Wall Mounted,Variant,937,Exposed Part Kit of Single Lever Basin Mixer Wall Mounted - Black Chrome,VGP-BCH-81233NK,Black Chrome,https://www.jaquar.com/images/thumbs/0054927_exposed-part-kit-of-single-lever-basin-mixer-wall-mounted-black-chrome_960.jpeg,7150.00,"Exposed Part Kit of Single Lever Basin Mixer Wall Mounted Consisting of Operating Lever, Cartridge Sleeve, Wall Flange, Nipple & Spout (Compatible with ALD-233N or ALD-235N)
",https://www.jaquar.com/en/vignette-concealed-wall-basin-mixer?Id=2657,"Vignette Prime, VGP-BCH-81233NK, Black Chrome"
Faucets,Vignette Prime,2657,Exposed Part Kit of Single Lever Basin Mixer Wall Mounted,Variant,937,Exposed Part Kit of Single Lever Basin Mixer Wall Mounted - Black Matt,VGP-BLM-81233NK,Black Matt,https://www.jaquar.com/images/thumbs/0055103_exposed-part-kit-of-single-lever-basin-mixer-wall-mounted-black-matt_960.jpeg,7150.00,"Exposed Part Kit of Single Lever Basin Mixer Wall Mounted Consisting of Operating Lever, Cartridge Sleeve, Wall Flange, Nipple & Spout (Compatible with ALD-233N or ALD-235N)
",https://www.jaquar.com/en/vignette-concealed-wall-basin-mixer?Id=2657,"Vignette Prime, VGP-BLM-81233NK, Black Matt"
Faucets,Vignette Prime,2657,Exposed Part Kit of Single Lever Basin Mixer Wall Mounted,Variant,937,Exposed Part Kit of Single Lever Basin Mixer Wall Mounted - Graphite,VGP-GRF-81233NK,Graphite,https://www.jaquar.com/images/thumbs/0054757_exposed-part-kit-of-single-lever-basin-mixer-wall-mounted-graphite_960.jpeg,8150.00,"Exposed Part Kit of Single Lever Basin Mixer Wall Mounted Consisting of Operating Lever, Cartridge Sleeve, Wall Flange, Nipple & Spout (Compatible with ALD-233N or ALD-235N)
",https://www.jaquar.com/en/vignette-concealed-wall-basin-mixer?Id=2657,"Vignette Prime, VGP-GRF-81233NK, Graphite"
Faucets,Vignette Prime,2657,Exposed Part Kit of Single Lever Basin Mixer Wall Mounted,Variant,937,Exposed Part Kit of Single Lever Basin Mixer Wall Mounted - Stainless Steel,VGP-SSF-81233NK,Stainless Steel,https://www.jaquar.com/images/thumbs/0054779_exposed-part-kit-of-single-lever-basin-mixer-wall-mounted-stainless-steel_960.jpeg,8150.00,"Exposed Part Kit of Single Lever Basin Mixer Wall Mounted Consisting of Operating Lever, Cartridge Sleeve, Wall Flange, Nipple & Spout (Compatible with ALD-233N or ALD-235N)
",https://www.jaquar.com/en/vignette-concealed-wall-basin-mixer?Id=2657,"Vignette Prime, VGP-SSF-81233NK, Stainless Steel"
Faucets,Vignette Prime,2658,Exposed Part Kit of Single Lever Basin Mixer Wall Mounted,Parent,937,Exposed Part Kit of Single Lever Basin Mixer Wall Mounted - Chrome,VGP-CHR-81233NK,Chrome,https://www.jaquar.com/images/thumbs/0060276_exposed-part-kit-of-single-lever-basin-mixer-wall-mounted-chrome_960.jpeg,4950.00,"Exposed Part Kit of Single Lever Basin Mixer Wall Mounted Consisting of Operating Lever, Cartridge Sleeve, Wall Flange, Nipple & Spout (Compatible with ALD-233N or ALD-235N)
",https://www.jaquar.com/en/vignette-concealed-wall-basin-mixer?Id=2658,"Vignette Prime, VGP-CHR-81233NK, Chrome"
Faucets,Vignette Prime,2658,Exposed Part Kit of Single Lever Basin Mixer Wall Mounted,Variant,937,Exposed Part Kit of Single Lever Basin Mixer Wall Mounted - Antique Bronze,VGP-ABR-81233NK,Antique Bronze,https://www.jaquar.com/images/thumbs/0054853_exposed-part-kit-of-single-lever-basin-mixer-wall-mounted-antique-bronze_960.jpeg,8150.00,"Exposed Part Kit of Single Lever Basin Mixer Wall Mounted Consisting of Operating Lever, Cartridge Sleeve, Wall Flange, Nipple & Spout (Compatible with ALD-233N or ALD-235N)
",https://www.jaquar.com/en/vignette-concealed-wall-basin-mixer?Id=2658,"Vignette Prime, VGP-ABR-81233NK, Antique Bronze"
Faucets,Vignette Prime,2658,Exposed Part Kit of Single Lever Basin Mixer Wall Mounted,Variant,937,Exposed Part Kit of Single Lever Basin Mixer Wall Mounted - Antique Copper,VGP-ACR-81233NK,Antique Copper,https://www.jaquar.com/images/thumbs/0055102_exposed-part-kit-of-single-lever-basin-mixer-wall-mounted-antique-copper_960.jpeg,8150.00,"Exposed Part Kit of Single Lever Basin Mixer Wall Mounted Consisting of Operating Lever, Cartridge Sleeve, Wall Flange, Nipple & Spout (Compatible with ALD-233N or ALD-235N)
",https://www.jaquar.com/en/vignette-concealed-wall-basin-mixer?Id=2658,"Vignette Prime, VGP-ACR-81233NK, Antique Copper"
Faucets,Vignette Prime,2658,Exposed Part Kit of Single Lever Basin Mixer Wall Mounted,Variant,937,Exposed Part Kit of Single Lever Basin Mixer Wall Mounted - Black Chrome,VGP-BCH-81233NK,Black Chrome,https://www.jaquar.com/images/thumbs/0054927_exposed-part-kit-of-single-lever-basin-mixer-wall-mounted-black-chrome_960.jpeg,7150.00,"Exposed Part Kit of Single Lever Basin Mixer Wall Mounted Consisting of Operating Lever, Cartridge Sleeve, Wall Flange, Nipple & Spout (Compatible with ALD-233N or ALD-235N)
",https://www.jaquar.com/en/vignette-concealed-wall-basin-mixer?Id=2658,"Vignette Prime, VGP-BCH-81233NK, Black Chrome"
Faucets,Vignette Prime,2658,Exposed Part Kit of Single Lever Basin Mixer Wall Mounted,Variant,937,Exposed Part Kit of Single Lever Basin Mixer Wall Mounted - Black Matt,VGP-BLM-81233NK,Black Matt,https://www.jaquar.com/images/thumbs/0055103_exposed-part-kit-of-single-lever-basin-mixer-wall-mounted-black-matt_960.jpeg,7150.00,"Exposed Part Kit of Single Lever Basin Mixer Wall Mounted Consisting of Operating Lever, Cartridge Sleeve, Wall Flange, Nipple & Spout (Compatible with ALD-233N or ALD-235N)
",https://www.jaquar.com/en/vignette-concealed-wall-basin-mixer?Id=2658,"Vignette Prime, VGP-BLM-81233NK, Black Matt"
Faucets,Vignette Prime,2658,Exposed Part Kit of Single Lever Basin Mixer Wall Mounted,Variant,937,Exposed Part Kit of Single Lever Basin Mixer Wall Mounted - Graphite,VGP-GRF-81233NK,Graphite,https://www.jaquar.com/images/thumbs/0054757_exposed-part-kit-of-single-lever-basin-mixer-wall-mounted-graphite_960.jpeg,8150.00,"Exposed Part Kit of Single Lever Basin Mixer Wall Mounted Consisting of Operating Lever, Cartridge Sleeve, Wall Flange, Nipple & Spout (Compatible with ALD-233N or ALD-235N)
",https://www.jaquar.com/en/vignette-concealed-wall-basin-mixer?Id=2658,"Vignette Prime, VGP-GRF-81233NK, Graphite"
Faucets,Vignette Prime,2658,Exposed Part Kit of Single Lever Basin Mixer Wall Mounted,Variant,937,Exposed Part Kit of Single Lever Basin Mixer Wall Mounted - Stainless Steel,VGP-SSF-81233NK,Stainless Steel,https://www.jaquar.com/images/thumbs/0054779_exposed-part-kit-of-single-lever-basin-mixer-wall-mounted-stainless-steel_960.jpeg,8150.00,"Exposed Part Kit of Single Lever Basin Mixer Wall Mounted Consisting of Operating Lever, Cartridge Sleeve, Wall Flange, Nipple & Spout (Compatible with ALD-233N or ALD-235N)
",https://www.jaquar.com/en/vignette-concealed-wall-basin-mixer?Id=2658,"Vignette Prime, VGP-SSF-81233NK, Stainless Steel"
Faucets,Vignette Prime,3715,Single Lever Wall Mixer,Parent,1672,Single Lever Wall Mixer - Chrome,VGP-CHR-81119,Chrome,https://www.jaquar.com/images/thumbs/0060153_single-lever-wall-mixer-chrome_960.jpeg,7100.00,"Single Lever Wall Mixer with Provision of Hand Shower, But without Hand Shower
",https://www.jaquar.com/en/vignette-chrome-wall-mixer-with-hand-shower-provision?Id=3715,"Vignette Prime, VGP-CHR-81119, Chrome"
Faucets,Vignette Prime,3715,Single Lever Wall Mixer,Variant,1672,Single Lever Wall Mixer - Antique Bronze,VGP-ABR-81119,Antique Bronze,https://www.jaquar.com/images/thumbs/0052505_single-lever-wall-mixer-antique-bronze_960.jpeg,12000.00,"Single Lever Wall Mixer with Provision of Hand Shower, But without Hand Shower
",https://www.jaquar.com/en/vignette-chrome-wall-mixer-with-hand-shower-provision?Id=3715,"Vignette Prime, VGP-ABR-81119, Antique Bronze"
Faucets,Vignette Prime,3715,Single Lever Wall Mixer,Variant,1672,Single Lever Wall Mixer - Antique Copper,VGP-ACR-81119,Antique Copper,https://www.jaquar.com/images/thumbs/0053918_single-lever-wall-mixer-antique-copper_960.jpeg,12000.00,"Single Lever Wall Mixer with Provision of Hand Shower, But without Hand Shower
",https://www.jaquar.com/en/vignette-chrome-wall-mixer-with-hand-shower-provision?Id=3715,"Vignette Prime, VGP-ACR-81119, Antique Copper"
Faucets,Vignette Prime,3715,Single Lever Wall Mixer,Variant,1672,Single Lever Wall Mixer - Black Chrome,VGP-BCH-81119,Black Chrome,https://www.jaquar.com/images/thumbs/0053852_single-lever-wall-mixer-black-chrome_960.jpeg,10500.00,"Single Lever Wall Mixer with Provision of Hand Shower, But without Hand Shower
",https://www.jaquar.com/en/vignette-chrome-wall-mixer-with-hand-shower-provision?Id=3715,"Vignette Prime, VGP-BCH-81119, Black Chrome"
Faucets,Vignette Prime,3715,Single Lever Wall Mixer,Variant,1672,Single Lever Wall Mixer - Black Matt,VGP-BLM-81119,Black Matt,https://www.jaquar.com/images/thumbs/0052506_single-lever-wall-mixer-black-matt_960.jpeg,10500.00,"Single Lever Wall Mixer with Provision of Hand Shower, But without Hand Shower
",https://www.jaquar.com/en/vignette-chrome-wall-mixer-with-hand-shower-provision?Id=3715,"Vignette Prime, VGP-BLM-81119, Black Matt"
Faucets,Vignette Prime,3715,Single Lever Wall Mixer,Variant,1672,Single Lever Wall Mixer - Graphite,VGP-GRF-81119,Graphite,https://www.jaquar.com/images/thumbs/0014772_single-lever-wall-mixer-graphite_960.jpeg,12000.00,"Single Lever Wall Mixer with Provision of Hand Shower, But without Hand Shower
",https://www.jaquar.com/en/vignette-chrome-wall-mixer-with-hand-shower-provision?Id=3715,"Vignette Prime, VGP-GRF-81119, Graphite"
Faucets,Vignette Prime,3715,Single Lever Wall Mixer,Variant,1672,Single Lever Wall Mixer - Stainless Steel,VGP-SSF-81119,Stainless Steel,https://www.jaquar.com/images/thumbs/0060394_single-lever-wall-mixer-stainless-steel_960.jpeg,12000.00,"Single Lever Wall Mixer with Provision of Hand Shower, But without Hand Shower
",https://www.jaquar.com/en/vignette-chrome-wall-mixer-with-hand-shower-provision?Id=3715,"Vignette Prime, VGP-SSF-81119, Stainless Steel"
Faucets,Vignette Prime,3716,Single Lever Wall Mixer,Parent,1672,Single Lever Wall Mixer - Chrome,VGP-CHR-81119,Chrome,https://www.jaquar.com/images/thumbs/0060153_single-lever-wall-mixer-chrome_960.jpeg,7100.00,"Single Lever Wall Mixer with Provision of Hand Shower, But without Hand Shower
",https://www.jaquar.com/en/vignette-chrome-wall-mixer-with-hand-shower-provision?Id=3716,"Vignette Prime, VGP-CHR-81119, Chrome"
Faucets,Vignette Prime,3716,Single Lever Wall Mixer,Variant,1672,Single Lever Wall Mixer - Antique Bronze,VGP-ABR-81119,Antique Bronze,https://www.jaquar.com/images/thumbs/0052505_single-lever-wall-mixer-antique-bronze_960.jpeg,12000.00,"Single Lever Wall Mixer with Provision of Hand Shower, But without Hand Shower
",https://www.jaquar.com/en/vignette-chrome-wall-mixer-with-hand-shower-provision?Id=3716,"Vignette Prime, VGP-ABR-81119, Antique Bronze"
Faucets,Vignette Prime,3716,Single Lever Wall Mixer,Variant,1672,Single Lever Wall Mixer - Antique Copper,VGP-ACR-81119,Antique Copper,https://www.jaquar.com/images/thumbs/0053918_single-lever-wall-mixer-antique-copper_960.jpeg,12000.00,"Single Lever Wall Mixer with Provision of Hand Shower, But without Hand Shower
",https://www.jaquar.com/en/vignette-chrome-wall-mixer-with-hand-shower-provision?Id=3716,"Vignette Prime, VGP-ACR-81119, Antique Copper"
Faucets,Vignette Prime,3716,Single Lever Wall Mixer,Variant,1672,Single Lever Wall Mixer - Black Chrome,VGP-BCH-81119,Black Chrome,https://www.jaquar.com/images/thumbs/0053852_single-lever-wall-mixer-black-chrome_960.jpeg,10500.00,"Single Lever Wall Mixer with Provision of Hand Shower, But without Hand Shower
",https://www.jaquar.com/en/vignette-chrome-wall-mixer-with-hand-shower-provision?Id=3716,"Vignette Prime, VGP-BCH-81119, Black Chrome"
Faucets,Vignette Prime,3716,Single Lever Wall Mixer,Variant,1672,Single Lever Wall Mixer - Black Matt,VGP-BLM-81119,Black Matt,https://www.jaquar.com/images/thumbs/0052506_single-lever-wall-mixer-black-matt_960.jpeg,10500.00,"Single Lever Wall Mixer with Provision of Hand Shower, But without Hand Shower
",https://www.jaquar.com/en/vignette-chrome-wall-mixer-with-hand-shower-provision?Id=3716,"Vignette Prime, VGP-BLM-81119, Black Matt"
Faucets,Vignette Prime,3716,Single Lever Wall Mixer,Variant,1672,Single Lever Wall Mixer - Graphite,VGP-GRF-81119,Graphite,https://www.jaquar.com/images/thumbs/0014772_single-lever-wall-mixer-graphite_960.jpeg,12000.00,"Single Lever Wall Mixer with Provision of Hand Shower, But without Hand Shower
",https://www.jaquar.com/en/vignette-chrome-wall-mixer-with-hand-shower-provision?Id=3716,"Vignette Prime, VGP-GRF-81119, Graphite"
Faucets,Vignette Prime,3716,Single Lever Wall Mixer,Variant,1672,Single Lever Wall Mixer - Stainless Steel,VGP-SSF-81119,Stainless Steel,https://www.jaquar.com/images/thumbs/0060394_single-lever-wall-mixer-stainless-steel_960.jpeg,12000.00,"Single Lever Wall Mixer with Provision of Hand Shower, But without Hand Shower
",https://www.jaquar.com/en/vignette-chrome-wall-mixer-with-hand-shower-provision?Id=3716,"Vignette Prime, VGP-SSF-81119, Stainless Steel"
Faucets,Vignette Prime,3717,Single Lever Wall Mixer,Parent,1672,Single Lever Wall Mixer - Chrome,VGP-CHR-81119,Chrome,https://www.jaquar.com/images/thumbs/0060153_single-lever-wall-mixer-chrome_960.jpeg,7100.00,"Single Lever Wall Mixer with Provision of Hand Shower, But without Hand Shower
",https://www.jaquar.com/en/vignette-chrome-wall-mixer-with-hand-shower-provision?Id=3717,"Vignette Prime, VGP-CHR-81119, Chrome"
Faucets,Vignette Prime,3717,Single Lever Wall Mixer,Variant,1672,Single Lever Wall Mixer - Antique Bronze,VGP-ABR-81119,Antique Bronze,https://www.jaquar.com/images/thumbs/0052505_single-lever-wall-mixer-antique-bronze_960.jpeg,12000.00,"Single Lever Wall Mixer with Provision of Hand Shower, But without Hand Shower
",https://www.jaquar.com/en/vignette-chrome-wall-mixer-with-hand-shower-provision?Id=3717,"Vignette Prime, VGP-ABR-81119, Antique Bronze"
Faucets,Vignette Prime,3717,Single Lever Wall Mixer,Variant,1672,Single Lever Wall Mixer - Antique Copper,VGP-ACR-81119,Antique Copper,https://www.jaquar.com/images/thumbs/0053918_single-lever-wall-mixer-antique-copper_960.jpeg,12000.00,"Single Lever Wall Mixer with Provision of Hand Shower, But without Hand Shower
",https://www.jaquar.com/en/vignette-chrome-wall-mixer-with-hand-shower-provision?Id=3717,"Vignette Prime, VGP-ACR-81119, Antique Copper"
Faucets,Vignette Prime,3717,Single Lever Wall Mixer,Variant,1672,Single Lever Wall Mixer - Black Chrome,VGP-BCH-81119,Black Chrome,https://www.jaquar.com/images/thumbs/0053852_single-lever-wall-mixer-black-chrome_960.jpeg,10500.00,"Single Lever Wall Mixer with Provision of Hand Shower, But without Hand Shower
",https://www.jaquar.com/en/vignette-chrome-wall-mixer-with-hand-shower-provision?Id=3717,"Vignette Prime, VGP-BCH-81119, Black Chrome"
Faucets,Vignette Prime,3717,Single Lever Wall Mixer,Variant,1672,Single Lever Wall Mixer - Black Matt,VGP-BLM-81119,Black Matt,https://www.jaquar.com/images/thumbs/0052506_single-lever-wall-mixer-black-matt_960.jpeg,10500.00,"Single Lever Wall Mixer with Provision of Hand Shower, But without Hand Shower
",https://www.jaquar.com/en/vignette-chrome-wall-mixer-with-hand-shower-provision?Id=3717,"Vignette Prime, VGP-BLM-81119, Black Matt"
Faucets,Vignette Prime,3717,Single Lever Wall Mixer,Variant,1672,Single Lever Wall Mixer - Graphite,VGP-GRF-81119,Graphite,https://www.jaquar.com/images/thumbs/0014772_single-lever-wall-mixer-graphite_960.jpeg,12000.00,"Single Lever Wall Mixer with Provision of Hand Shower, But without Hand Shower
",https://www.jaquar.com/en/vignette-chrome-wall-mixer-with-hand-shower-provision?Id=3717,"Vignette Prime, VGP-GRF-81119, Graphite"
Faucets,Vignette Prime,3717,Single Lever Wall Mixer,Variant,1672,Single Lever Wall Mixer - Stainless Steel,VGP-SSF-81119,Stainless Steel,https://www.jaquar.com/images/thumbs/0060394_single-lever-wall-mixer-stainless-steel_960.jpeg,12000.00,"Single Lever Wall Mixer with Provision of Hand Shower, But without Hand Shower
",https://www.jaquar.com/en/vignette-chrome-wall-mixer-with-hand-shower-provision?Id=3717,"Vignette Prime, VGP-SSF-81119, Stainless Steel"
Faucets,Vignette Prime,3718,Single Lever Wall Mixer,Parent,1672,Single Lever Wall Mixer - Chrome,VGP-CHR-81119,Chrome,https://www.jaquar.com/images/thumbs/0060153_single-lever-wall-mixer-chrome_960.jpeg,7100.00,"Single Lever Wall Mixer with Provision of Hand Shower, But without Hand Shower
",https://www.jaquar.com/en/vignette-chrome-wall-mixer-with-hand-shower-provision?Id=3718,"Vignette Prime, VGP-CHR-81119, Chrome"
Faucets,Vignette Prime,3718,Single Lever Wall Mixer,Variant,1672,Single Lever Wall Mixer - Antique Bronze,VGP-ABR-81119,Antique Bronze,https://www.jaquar.com/images/thumbs/0052505_single-lever-wall-mixer-antique-bronze_960.jpeg,12000.00,"Single Lever Wall Mixer with Provision of Hand Shower, But without Hand Shower
",https://www.jaquar.com/en/vignette-chrome-wall-mixer-with-hand-shower-provision?Id=3718,"Vignette Prime, VGP-ABR-81119, Antique Bronze"
Faucets,Vignette Prime,3718,Single Lever Wall Mixer,Variant,1672,Single Lever Wall Mixer - Antique Copper,VGP-ACR-81119,Antique Copper,https://www.jaquar.com/images/thumbs/0053918_single-lever-wall-mixer-antique-copper_960.jpeg,12000.00,"Single Lever Wall Mixer with Provision of Hand Shower, But without Hand Shower
",https://www.jaquar.com/en/vignette-chrome-wall-mixer-with-hand-shower-provision?Id=3718,"Vignette Prime, VGP-ACR-81119, Antique Copper"
Faucets,Vignette Prime,3718,Single Lever Wall Mixer,Variant,1672,Single Lever Wall Mixer - Black Chrome,VGP-BCH-81119,Black Chrome,https://www.jaquar.com/images/thumbs/0053852_single-lever-wall-mixer-black-chrome_960.jpeg,10500.00,"Single Lever Wall Mixer with Provision of Hand Shower, But without Hand Shower
",https://www.jaquar.com/en/vignette-chrome-wall-mixer-with-hand-shower-provision?Id=3718,"Vignette Prime, VGP-BCH-81119, Black Chrome"
Faucets,Vignette Prime,3718,Single Lever Wall Mixer,Variant,1672,Single Lever Wall Mixer - Black Matt,VGP-BLM-81119,Black Matt,https://www.jaquar.com/images/thumbs/0052506_single-lever-wall-mixer-black-matt_960.jpeg,10500.00,"Single Lever Wall Mixer with Provision of Hand Shower, But without Hand Shower
",https://www.jaquar.com/en/vignette-chrome-wall-mixer-with-hand-shower-provision?Id=3718,"Vignette Prime, VGP-BLM-81119, Black Matt"
Faucets,Vignette Prime,3718,Single Lever Wall Mixer,Variant,1672,Single Lever Wall Mixer - Graphite,VGP-GRF-81119,Graphite,https://www.jaquar.com/images/thumbs/0014772_single-lever-wall-mixer-graphite_960.jpeg,12000.00,"Single Lever Wall Mixer with Provision of Hand Shower, But without Hand Shower
",https://www.jaquar.com/en/vignette-chrome-wall-mixer-with-hand-shower-provision?Id=3718,"Vignette Prime, VGP-GRF-81119, Graphite"
Faucets,Vignette Prime,3718,Single Lever Wall Mixer,Variant,1672,Single Lever Wall Mixer - Stainless Steel,VGP-SSF-81119,Stainless Steel,https://www.jaquar.com/images/thumbs/0060394_single-lever-wall-mixer-stainless-steel_960.jpeg,12000.00,"Single Lever Wall Mixer with Provision of Hand Shower, But without Hand Shower
",https://www.jaquar.com/en/vignette-chrome-wall-mixer-with-hand-shower-provision?Id=3718,"Vignette Prime, VGP-SSF-81119, Stainless Steel"
Faucets,Vignette Prime,3714,Single Lever Wall Mixer,Parent,1672,Single Lever Wall Mixer - Chrome,VGP-CHR-81119,Chrome,https://www.jaquar.com/images/thumbs/0060153_single-lever-wall-mixer-chrome_960.jpeg,7100.00,"Single Lever Wall Mixer with Provision of Hand Shower, But without Hand Shower
",https://www.jaquar.com/en/vignette-chrome-wall-mixer-with-hand-shower-provision?Id=3714,"Vignette Prime, VGP-CHR-81119, Chrome"
Faucets,Vignette Prime,3714,Single Lever Wall Mixer,Variant,1672,Single Lever Wall Mixer - Antique Bronze,VGP-ABR-81119,Antique Bronze,https://www.jaquar.com/images/thumbs/0052505_single-lever-wall-mixer-antique-bronze_960.jpeg,12000.00,"Single Lever Wall Mixer with Provision of Hand Shower, But without Hand Shower
",https://www.jaquar.com/en/vignette-chrome-wall-mixer-with-hand-shower-provision?Id=3714,"Vignette Prime, VGP-ABR-81119, Antique Bronze"
Faucets,Vignette Prime,3714,Single Lever Wall Mixer,Variant,1672,Single Lever Wall Mixer - Antique Copper,VGP-ACR-81119,Antique Copper,https://www.jaquar.com/images/thumbs/0053918_single-lever-wall-mixer-antique-copper_960.jpeg,12000.00,"Single Lever Wall Mixer with Provision of Hand Shower, But without Hand Shower
",https://www.jaquar.com/en/vignette-chrome-wall-mixer-with-hand-shower-provision?Id=3714,"Vignette Prime, VGP-ACR-81119, Antique Copper"
Faucets,Vignette Prime,3714,Single Lever Wall Mixer,Variant,1672,Single Lever Wall Mixer - Black Chrome,VGP-BCH-81119,Black Chrome,https://www.jaquar.com/images/thumbs/0053852_single-lever-wall-mixer-black-chrome_960.jpeg,10500.00,"Single Lever Wall Mixer with Provision of Hand Shower, But without Hand Shower
",https://www.jaquar.com/en/vignette-chrome-wall-mixer-with-hand-shower-provision?Id=3714,"Vignette Prime, VGP-BCH-81119, Black Chrome"
Faucets,Vignette Prime,3714,Single Lever Wall Mixer,Variant,1672,Single Lever Wall Mixer - Black Matt,VGP-BLM-81119,Black Matt,https://www.jaquar.com/images/thumbs/0052506_single-lever-wall-mixer-black-matt_960.jpeg,10500.00,"Single Lever Wall Mixer with Provision of Hand Shower, But without Hand Shower
",https://www.jaquar.com/en/vignette-chrome-wall-mixer-with-hand-shower-provision?Id=3714,"Vignette Prime, VGP-BLM-81119, Black Matt"
Faucets,Vignette Prime,3714,Single Lever Wall Mixer,Variant,1672,Single Lever Wall Mixer - Graphite,VGP-GRF-81119,Graphite,https://www.jaquar.com/images/thumbs/0014772_single-lever-wall-mixer-graphite_960.jpeg,12000.00,"Single Lever Wall Mixer with Provision of Hand Shower, But without Hand Shower
",https://www.jaquar.com/en/vignette-chrome-wall-mixer-with-hand-shower-provision?Id=3714,"Vignette Prime, VGP-GRF-81119, Graphite"
Faucets,Vignette Prime,3714,Single Lever Wall Mixer,Variant,1672,Single Lever Wall Mixer - Stainless Steel,VGP-SSF-81119,Stainless Steel,https://www.jaquar.com/images/thumbs/0060394_single-lever-wall-mixer-stainless-steel_960.jpeg,12000.00,"Single Lever Wall Mixer with Provision of Hand Shower, But without Hand Shower
",https://www.jaquar.com/en/vignette-chrome-wall-mixer-with-hand-shower-provision?Id=3714,"Vignette Prime, VGP-SSF-81119, Stainless Steel"
Faucets,Vignette Prime,3721,Single Lever Wall Mixer,Parent,1672,Single Lever Wall Mixer - Chrome,VGP-CHR-81119,Chrome,https://www.jaquar.com/images/thumbs/0060153_single-lever-wall-mixer-chrome_960.jpeg,7100.00,"Single Lever Wall Mixer with Provision of Hand Shower, But without Hand Shower
",https://www.jaquar.com/en/vignette-chrome-wall-mixer-with-hand-shower-provision?Id=3721,"Vignette Prime, VGP-CHR-81119, Chrome"
Faucets,Vignette Prime,3721,Single Lever Wall Mixer,Variant,1672,Single Lever Wall Mixer - Antique Bronze,VGP-ABR-81119,Antique Bronze,https://www.jaquar.com/images/thumbs/0052505_single-lever-wall-mixer-antique-bronze_960.jpeg,12000.00,"Single Lever Wall Mixer with Provision of Hand Shower, But without Hand Shower
",https://www.jaquar.com/en/vignette-chrome-wall-mixer-with-hand-shower-provision?Id=3721,"Vignette Prime, VGP-ABR-81119, Antique Bronze"
Faucets,Vignette Prime,3721,Single Lever Wall Mixer,Variant,1672,Single Lever Wall Mixer - Antique Copper,VGP-ACR-81119,Antique Copper,https://www.jaquar.com/images/thumbs/0053918_single-lever-wall-mixer-antique-copper_960.jpeg,12000.00,"Single Lever Wall Mixer with Provision of Hand Shower, But without Hand Shower
",https://www.jaquar.com/en/vignette-chrome-wall-mixer-with-hand-shower-provision?Id=3721,"Vignette Prime, VGP-ACR-81119, Antique Copper"
Faucets,Vignette Prime,3721,Single Lever Wall Mixer,Variant,1672,Single Lever Wall Mixer - Black Chrome,VGP-BCH-81119,Black Chrome,https://www.jaquar.com/images/thumbs/0053852_single-lever-wall-mixer-black-chrome_960.jpeg,10500.00,"Single Lever Wall Mixer with Provision of Hand Shower, But without Hand Shower
",https://www.jaquar.com/en/vignette-chrome-wall-mixer-with-hand-shower-provision?Id=3721,"Vignette Prime, VGP-BCH-81119, Black Chrome"
Faucets,Vignette Prime,3721,Single Lever Wall Mixer,Variant,1672,Single Lever Wall Mixer - Black Matt,VGP-BLM-81119,Black Matt,https://www.jaquar.com/images/thumbs/0052506_single-lever-wall-mixer-black-matt_960.jpeg,10500.00,"Single Lever Wall Mixer with Provision of Hand Shower, But without Hand Shower
",https://www.jaquar.com/en/vignette-chrome-wall-mixer-with-hand-shower-provision?Id=3721,"Vignette Prime, VGP-BLM-81119, Black Matt"
Faucets,Vignette Prime,3721,Single Lever Wall Mixer,Variant,1672,Single Lever Wall Mixer - Graphite,VGP-GRF-81119,Graphite,https://www.jaquar.com/images/thumbs/0014772_single-lever-wall-mixer-graphite_960.jpeg,12000.00,"Single Lever Wall Mixer with Provision of Hand Shower, But without Hand Shower
",https://www.jaquar.com/en/vignette-chrome-wall-mixer-with-hand-shower-provision?Id=3721,"Vignette Prime, VGP-GRF-81119, Graphite"
Faucets,Vignette Prime,3721,Single Lever Wall Mixer,Variant,1672,Single Lever Wall Mixer - Stainless Steel,VGP-SSF-81119,Stainless Steel,https://www.jaquar.com/images/thumbs/0060394_single-lever-wall-mixer-stainless-steel_960.jpeg,12000.00,"Single Lever Wall Mixer with Provision of Hand Shower, But without Hand Shower
",https://www.jaquar.com/en/vignette-chrome-wall-mixer-with-hand-shower-provision?Id=3721,"Vignette Prime, VGP-SSF-81119, Stainless Steel"
Faucets,Vignette Prime,3722,Single Lever Wall Mixer,Parent,1672,Single Lever Wall Mixer - Chrome,VGP-CHR-81119,Chrome,https://www.jaquar.com/images/thumbs/0060153_single-lever-wall-mixer-chrome_960.jpeg,7100.00,"Single Lever Wall Mixer with Provision of Hand Shower, But without Hand Shower
",https://www.jaquar.com/en/vignette-chrome-wall-mixer-with-hand-shower-provision?Id=3722,"Vignette Prime, VGP-CHR-81119, Chrome"
Faucets,Vignette Prime,3722,Single Lever Wall Mixer,Variant,1672,Single Lever Wall Mixer - Antique Bronze,VGP-ABR-81119,Antique Bronze,https://www.jaquar.com/images/thumbs/0052505_single-lever-wall-mixer-antique-bronze_960.jpeg,12000.00,"Single Lever Wall Mixer with Provision of Hand Shower, But without Hand Shower
",https://www.jaquar.com/en/vignette-chrome-wall-mixer-with-hand-shower-provision?Id=3722,"Vignette Prime, VGP-ABR-81119, Antique Bronze"
Faucets,Vignette Prime,3722,Single Lever Wall Mixer,Variant,1672,Single Lever Wall Mixer - Antique Copper,VGP-ACR-81119,Antique Copper,https://www.jaquar.com/images/thumbs/0053918_single-lever-wall-mixer-antique-copper_960.jpeg,12000.00,"Single Lever Wall Mixer with Provision of Hand Shower, But without Hand Shower
",https://www.jaquar.com/en/vignette-chrome-wall-mixer-with-hand-shower-provision?Id=3722,"Vignette Prime, VGP-ACR-81119, Antique Copper"
Faucets,Vignette Prime,3722,Single Lever Wall Mixer,Variant,1672,Single Lever Wall Mixer - Black Chrome,VGP-BCH-81119,Black Chrome,https://www.jaquar.com/images/thumbs/0053852_single-lever-wall-mixer-black-chrome_960.jpeg,10500.00,"Single Lever Wall Mixer with Provision of Hand Shower, But without Hand Shower
",https://www.jaquar.com/en/vignette-chrome-wall-mixer-with-hand-shower-provision?Id=3722,"Vignette Prime, VGP-BCH-81119, Black Chrome"
Faucets,Vignette Prime,3722,Single Lever Wall Mixer,Variant,1672,Single Lever Wall Mixer - Black Matt,VGP-BLM-81119,Black Matt,https://www.jaquar.com/images/thumbs/0052506_single-lever-wall-mixer-black-matt_960.jpeg,10500.00,"Single Lever Wall Mixer with Provision of Hand Shower, But without Hand Shower
",https://www.jaquar.com/en/vignette-chrome-wall-mixer-with-hand-shower-provision?Id=3722,"Vignette Prime, VGP-BLM-81119, Black Matt"
Faucets,Vignette Prime,3722,Single Lever Wall Mixer,Variant,1672,Single Lever Wall Mixer - Graphite,VGP-GRF-81119,Graphite,https://www.jaquar.com/images/thumbs/0014772_single-lever-wall-mixer-graphite_960.jpeg,12000.00,"Single Lever Wall Mixer with Provision of Hand Shower, But without Hand Shower
",https://www.jaquar.com/en/vignette-chrome-wall-mixer-with-hand-shower-provision?Id=3722,"Vignette Prime, VGP-GRF-81119, Graphite"
Faucets,Vignette Prime,3722,Single Lever Wall Mixer,Variant,1672,Single Lever Wall Mixer - Stainless Steel,VGP-SSF-81119,Stainless Steel,https://www.jaquar.com/images/thumbs/0060394_single-lever-wall-mixer-stainless-steel_960.jpeg,12000.00,"Single Lever Wall Mixer with Provision of Hand Shower, But without Hand Shower
",https://www.jaquar.com/en/vignette-chrome-wall-mixer-with-hand-shower-provision?Id=3722,"Vignette Prime, VGP-SSF-81119, Stainless Steel"
Faucets,Vignette Prime,3725,Single Lever Exposed Shower Mixer,Parent,1388,Single Lever Exposed Shower Mixer - Chrome,VGP-CHR-81145,Chrome,https://www.jaquar.com/images/thumbs/0059751_single-lever-exposed-shower-mixer-chrome_960.jpeg,6750.00,"Single Lever Exposed Shower Mixer with Provision For Connection to Exposed Shower Pipe (SHA-1211NH or SHA-1213) & Hand Shower with Connecting Legs & Wall Flanges
",https://www.jaquar.com/en/vignette-chrome-wall-mixer-exposed-shower-and-hand-shower?Id=3725,"Vignette Prime, VGP-CHR-81145, Chrome"
Faucets,Vignette Prime,3725,Single Lever Exposed Shower Mixer,Variant,1388,Single Lever Exposed Shower Mixer - Antique Bronze,VGP-ABR-81145,Antique Bronze,https://www.jaquar.com/images/thumbs/0052509_single-lever-exposed-shower-mixer-antique-bronze_960.jpeg,11300.00,"Single Lever Exposed Shower Mixer with Provision For Connection to Exposed Shower Pipe (SHA-1211NH or SHA-1213) & Hand Shower with Connecting Legs & Wall Flanges
",https://www.jaquar.com/en/vignette-chrome-wall-mixer-exposed-shower-and-hand-shower?Id=3725,"Vignette Prime, VGP-ABR-81145, Antique Bronze"
Faucets,Vignette Prime,3725,Single Lever Exposed Shower Mixer,Variant,1388,Single Lever Exposed Shower Mixer - Antique Copper,VGP-ACR-81145,Antique Copper,https://www.jaquar.com/images/thumbs/0059754_single-lever-exposed-shower-mixer-antique-copper_960.jpeg,11300.00,"Single Lever Exposed Shower Mixer with Provision For Connection to Exposed Shower Pipe (SHA-1211NH or SHA-1213) & Hand Shower with Connecting Legs & Wall Flanges
",https://www.jaquar.com/en/vignette-chrome-wall-mixer-exposed-shower-and-hand-shower?Id=3725,"Vignette Prime, VGP-ACR-81145, Antique Copper"
Faucets,Vignette Prime,3725,Single Lever Exposed Shower Mixer,Variant,1388,Single Lever Exposed Shower Mixer - Black Chrome,VGP-BCH-81145,Black Chrome,https://www.jaquar.com/images/thumbs/0059753_single-lever-exposed-shower-mixer-black-chrome_960.jpeg,9850.00,"Single Lever Exposed Shower Mixer with Provision For Connection to Exposed Shower Pipe (SHA-1211NH or SHA-1213) & Hand Shower with Connecting Legs & Wall Flanges
",https://www.jaquar.com/en/vignette-chrome-wall-mixer-exposed-shower-and-hand-shower?Id=3725,"Vignette Prime, VGP-BCH-81145, Black Chrome"
Faucets,Vignette Prime,3725,Single Lever Exposed Shower Mixer,Variant,1388,Single Lever Exposed Shower Mixer - Black Matt,VGP-BLM-81145,Black Matt,https://www.jaquar.com/images/thumbs/0059752_single-lever-exposed-shower-mixer-black-matt_960.jpeg,9850.00,"Single Lever Exposed Shower Mixer with Provision For Connection to Exposed Shower Pipe (SHA-1211NH or SHA-1213) & Hand Shower with Connecting Legs & Wall Flanges
",https://www.jaquar.com/en/vignette-chrome-wall-mixer-exposed-shower-and-hand-shower?Id=3725,"Vignette Prime, VGP-BLM-81145, Black Matt"
Faucets,Vignette Prime,3725,Single Lever Exposed Shower Mixer,Variant,1388,Single Lever Exposed Shower Mixer - Graphite,VGP-GRF-81145,Graphite,https://www.jaquar.com/images/thumbs/0059749_single-lever-exposed-shower-mixer-graphite_960.jpeg,11300.00,"Single Lever Exposed Shower Mixer with Provision For Connection to Exposed Shower Pipe (SHA-1211NH or SHA-1213) & Hand Shower with Connecting Legs & Wall Flanges
",https://www.jaquar.com/en/vignette-chrome-wall-mixer-exposed-shower-and-hand-shower?Id=3725,"Vignette Prime, VGP-GRF-81145, Graphite"
Faucets,Vignette Prime,3725,Single Lever Exposed Shower Mixer,Variant,1388,Single Lever Exposed Shower Mixer - Stainless Steel,VGP-SSF-81145,Stainless Steel,https://www.jaquar.com/images/thumbs/0060668_single-lever-exposed-shower-mixer-stainless-steel_960.jpeg,11300.00,"Single Lever Exposed Shower Mixer with Provision For Connection to Exposed Shower Pipe (SHA-1211NH or SHA-1213) & Hand Shower with Connecting Legs & Wall Flanges
",https://www.jaquar.com/en/vignette-chrome-wall-mixer-exposed-shower-and-hand-shower?Id=3725,"Vignette Prime, VGP-SSF-81145, Stainless Steel"
Faucets,Vignette Prime,3726,Single Lever Exposed Shower Mixer,Parent,1388,Single Lever Exposed Shower Mixer - Chrome,VGP-CHR-81145,Chrome,https://www.jaquar.com/images/thumbs/0059751_single-lever-exposed-shower-mixer-chrome_960.jpeg,6750.00,"Single Lever Exposed Shower Mixer with Provision For Connection to Exposed Shower Pipe (SHA-1211NH or SHA-1213) & Hand Shower with Connecting Legs & Wall Flanges
",https://www.jaquar.com/en/vignette-chrome-wall-mixer-exposed-shower-and-hand-shower?Id=3726,"Vignette Prime, VGP-CHR-81145, Chrome"
Faucets,Vignette Prime,3726,Single Lever Exposed Shower Mixer,Variant,1388,Single Lever Exposed Shower Mixer - Antique Bronze,VGP-ABR-81145,Antique Bronze,https://www.jaquar.com/images/thumbs/0052509_single-lever-exposed-shower-mixer-antique-bronze_960.jpeg,11300.00,"Single Lever Exposed Shower Mixer with Provision For Connection to Exposed Shower Pipe (SHA-1211NH or SHA-1213) & Hand Shower with Connecting Legs & Wall Flanges
",https://www.jaquar.com/en/vignette-chrome-wall-mixer-exposed-shower-and-hand-shower?Id=3726,"Vignette Prime, VGP-ABR-81145, Antique Bronze"
Faucets,Vignette Prime,3726,Single Lever Exposed Shower Mixer,Variant,1388,Single Lever Exposed Shower Mixer - Antique Copper,VGP-ACR-81145,Antique Copper,https://www.jaquar.com/images/thumbs/0059754_single-lever-exposed-shower-mixer-antique-copper_960.jpeg,11300.00,"Single Lever Exposed Shower Mixer with Provision For Connection to Exposed Shower Pipe (SHA-1211NH or SHA-1213) & Hand Shower with Connecting Legs & Wall Flanges
",https://www.jaquar.com/en/vignette-chrome-wall-mixer-exposed-shower-and-hand-shower?Id=3726,"Vignette Prime, VGP-ACR-81145, Antique Copper"
Faucets,Vignette Prime,3726,Single Lever Exposed Shower Mixer,Variant,1388,Single Lever Exposed Shower Mixer - Black Chrome,VGP-BCH-81145,Black Chrome,https://www.jaquar.com/images/thumbs/0059753_single-lever-exposed-shower-mixer-black-chrome_960.jpeg,9850.00,"Single Lever Exposed Shower Mixer with Provision For Connection to Exposed Shower Pipe (SHA-1211NH or SHA-1213) & Hand Shower with Connecting Legs & Wall Flanges
",https://www.jaquar.com/en/vignette-chrome-wall-mixer-exposed-shower-and-hand-shower?Id=3726,"Vignette Prime, VGP-BCH-81145, Black Chrome"
Faucets,Vignette Prime,3726,Single Lever Exposed Shower Mixer,Variant,1388,Single Lever Exposed Shower Mixer - Black Matt,VGP-BLM-81145,Black Matt,https://www.jaquar.com/images/thumbs/0059752_single-lever-exposed-shower-mixer-black-matt_960.jpeg,9850.00,"Single Lever Exposed Shower Mixer with Provision For Connection to Exposed Shower Pipe (SHA-1211NH or SHA-1213) & Hand Shower with Connecting Legs & Wall Flanges
",https://www.jaquar.com/en/vignette-chrome-wall-mixer-exposed-shower-and-hand-shower?Id=3726,"Vignette Prime, VGP-BLM-81145, Black Matt"
Faucets,Vignette Prime,3726,Single Lever Exposed Shower Mixer,Variant,1388,Single Lever Exposed Shower Mixer - Graphite,VGP-GRF-81145,Graphite,https://www.jaquar.com/images/thumbs/0059749_single-lever-exposed-shower-mixer-graphite_960.jpeg,11300.00,"Single Lever Exposed Shower Mixer with Provision For Connection to Exposed Shower Pipe (SHA-1211NH or SHA-1213) & Hand Shower with Connecting Legs & Wall Flanges
",https://www.jaquar.com/en/vignette-chrome-wall-mixer-exposed-shower-and-hand-shower?Id=3726,"Vignette Prime, VGP-GRF-81145, Graphite"
Faucets,Vignette Prime,3726,Single Lever Exposed Shower Mixer,Variant,1388,Single Lever Exposed Shower Mixer - Stainless Steel,VGP-SSF-81145,Stainless Steel,https://www.jaquar.com/images/thumbs/0060668_single-lever-exposed-shower-mixer-stainless-steel_960.jpeg,11300.00,"Single Lever Exposed Shower Mixer with Provision For Connection to Exposed Shower Pipe (SHA-1211NH or SHA-1213) & Hand Shower with Connecting Legs & Wall Flanges
",https://www.jaquar.com/en/vignette-chrome-wall-mixer-exposed-shower-and-hand-shower?Id=3726,"Vignette Prime, VGP-SSF-81145, Stainless Steel"
Faucets,Vignette Prime,3727,Single Lever Exposed Shower Mixer,Parent,1388,Single Lever Exposed Shower Mixer - Chrome,VGP-CHR-81145,Chrome,https://www.jaquar.com/images/thumbs/0059751_single-lever-exposed-shower-mixer-chrome_960.jpeg,6750.00,"Single Lever Exposed Shower Mixer with Provision For Connection to Exposed Shower Pipe (SHA-1211NH or SHA-1213) & Hand Shower with Connecting Legs & Wall Flanges
",https://www.jaquar.com/en/vignette-chrome-wall-mixer-exposed-shower-and-hand-shower?Id=3727,"Vignette Prime, VGP-CHR-81145, Chrome"
Faucets,Vignette Prime,3727,Single Lever Exposed Shower Mixer,Variant,1388,Single Lever Exposed Shower Mixer - Antique Bronze,VGP-ABR-81145,Antique Bronze,https://www.jaquar.com/images/thumbs/0052509_single-lever-exposed-shower-mixer-antique-bronze_960.jpeg,11300.00,"Single Lever Exposed Shower Mixer with Provision For Connection to Exposed Shower Pipe (SHA-1211NH or SHA-1213) & Hand Shower with Connecting Legs & Wall Flanges
",https://www.jaquar.com/en/vignette-chrome-wall-mixer-exposed-shower-and-hand-shower?Id=3727,"Vignette Prime, VGP-ABR-81145, Antique Bronze"
Faucets,Vignette Prime,3727,Single Lever Exposed Shower Mixer,Variant,1388,Single Lever Exposed Shower Mixer - Antique Copper,VGP-ACR-81145,Antique Copper,https://www.jaquar.com/images/thumbs/0059754_single-lever-exposed-shower-mixer-antique-copper_960.jpeg,11300.00,"Single Lever Exposed Shower Mixer with Provision For Connection to Exposed Shower Pipe (SHA-1211NH or SHA-1213) & Hand Shower with Connecting Legs & Wall Flanges
",https://www.jaquar.com/en/vignette-chrome-wall-mixer-exposed-shower-and-hand-shower?Id=3727,"Vignette Prime, VGP-ACR-81145, Antique Copper"
Faucets,Vignette Prime,3727,Single Lever Exposed Shower Mixer,Variant,1388,Single Lever Exposed Shower Mixer - Black Chrome,VGP-BCH-81145,Black Chrome,https://www.jaquar.com/images/thumbs/0059753_single-lever-exposed-shower-mixer-black-chrome_960.jpeg,9850.00,"Single Lever Exposed Shower Mixer with Provision For Connection to Exposed Shower Pipe (SHA-1211NH or SHA-1213) & Hand Shower with Connecting Legs & Wall Flanges
",https://www.jaquar.com/en/vignette-chrome-wall-mixer-exposed-shower-and-hand-shower?Id=3727,"Vignette Prime, VGP-BCH-81145, Black Chrome"
Faucets,Vignette Prime,3727,Single Lever Exposed Shower Mixer,Variant,1388,Single Lever Exposed Shower Mixer - Black Matt,VGP-BLM-81145,Black Matt,https://www.jaquar.com/images/thumbs/0059752_single-lever-exposed-shower-mixer-black-matt_960.jpeg,9850.00,"Single Lever Exposed Shower Mixer with Provision For Connection to Exposed Shower Pipe (SHA-1211NH or SHA-1213) & Hand Shower with Connecting Legs & Wall Flanges
",https://www.jaquar.com/en/vignette-chrome-wall-mixer-exposed-shower-and-hand-shower?Id=3727,"Vignette Prime, VGP-BLM-81145, Black Matt"
Faucets,Vignette Prime,3727,Single Lever Exposed Shower Mixer,Variant,1388,Single Lever Exposed Shower Mixer - Graphite,VGP-GRF-81145,Graphite,https://www.jaquar.com/images/thumbs/0059749_single-lever-exposed-shower-mixer-graphite_960.jpeg,11300.00,"Single Lever Exposed Shower Mixer with Provision For Connection to Exposed Shower Pipe (SHA-1211NH or SHA-1213) & Hand Shower with Connecting Legs & Wall Flanges
",https://www.jaquar.com/en/vignette-chrome-wall-mixer-exposed-shower-and-hand-shower?Id=3727,"Vignette Prime, VGP-GRF-81145, Graphite"
Faucets,Vignette Prime,3727,Single Lever Exposed Shower Mixer,Variant,1388,Single Lever Exposed Shower Mixer - Stainless Steel,VGP-SSF-81145,Stainless Steel,https://www.jaquar.com/images/thumbs/0060668_single-lever-exposed-shower-mixer-stainless-steel_960.jpeg,11300.00,"Single Lever Exposed Shower Mixer with Provision For Connection to Exposed Shower Pipe (SHA-1211NH or SHA-1213) & Hand Shower with Connecting Legs & Wall Flanges
",https://www.jaquar.com/en/vignette-chrome-wall-mixer-exposed-shower-and-hand-shower?Id=3727,"Vignette Prime, VGP-SSF-81145, Stainless Steel"
Faucets,Vignette Prime,3728,Single Lever Exposed Shower Mixer,Parent,1388,Single Lever Exposed Shower Mixer - Chrome,VGP-CHR-81145,Chrome,https://www.jaquar.com/images/thumbs/0059751_single-lever-exposed-shower-mixer-chrome_960.jpeg,6750.00,"Single Lever Exposed Shower Mixer with Provision For Connection to Exposed Shower Pipe (SHA-1211NH or SHA-1213) & Hand Shower with Connecting Legs & Wall Flanges
",https://www.jaquar.com/en/vignette-chrome-wall-mixer-exposed-shower-and-hand-shower?Id=3728,"Vignette Prime, VGP-CHR-81145, Chrome"
Faucets,Vignette Prime,3728,Single Lever Exposed Shower Mixer,Variant,1388,Single Lever Exposed Shower Mixer - Antique Bronze,VGP-ABR-81145,Antique Bronze,https://www.jaquar.com/images/thumbs/0052509_single-lever-exposed-shower-mixer-antique-bronze_960.jpeg,11300.00,"Single Lever Exposed Shower Mixer with Provision For Connection to Exposed Shower Pipe (SHA-1211NH or SHA-1213) & Hand Shower with Connecting Legs & Wall Flanges
",https://www.jaquar.com/en/vignette-chrome-wall-mixer-exposed-shower-and-hand-shower?Id=3728,"Vignette Prime, VGP-ABR-81145, Antique Bronze"
Faucets,Vignette Prime,3728,Single Lever Exposed Shower Mixer,Variant,1388,Single Lever Exposed Shower Mixer - Antique Copper,VGP-ACR-81145,Antique Copper,https://www.jaquar.com/images/thumbs/0059754_single-lever-exposed-shower-mixer-antique-copper_960.jpeg,11300.00,"Single Lever Exposed Shower Mixer with Provision For Connection to Exposed Shower Pipe (SHA-1211NH or SHA-1213) & Hand Shower with Connecting Legs & Wall Flanges
",https://www.jaquar.com/en/vignette-chrome-wall-mixer-exposed-shower-and-hand-shower?Id=3728,"Vignette Prime, VGP-ACR-81145, Antique Copper"
Faucets,Vignette Prime,3728,Single Lever Exposed Shower Mixer,Variant,1388,Single Lever Exposed Shower Mixer - Black Chrome,VGP-BCH-81145,Black Chrome,https://www.jaquar.com/images/thumbs/0059753_single-lever-exposed-shower-mixer-black-chrome_960.jpeg,9850.00,"Single Lever Exposed Shower Mixer with Provision For Connection to Exposed Shower Pipe (SHA-1211NH or SHA-1213) & Hand Shower with Connecting Legs & Wall Flanges
",https://www.jaquar.com/en/vignette-chrome-wall-mixer-exposed-shower-and-hand-shower?Id=3728,"Vignette Prime, VGP-BCH-81145, Black Chrome"
Faucets,Vignette Prime,3728,Single Lever Exposed Shower Mixer,Variant,1388,Single Lever Exposed Shower Mixer - Black Matt,VGP-BLM-81145,Black Matt,https://www.jaquar.com/images/thumbs/0059752_single-lever-exposed-shower-mixer-black-matt_960.jpeg,9850.00,"Single Lever Exposed Shower Mixer with Provision For Connection to Exposed Shower Pipe (SHA-1211NH or SHA-1213) & Hand Shower with Connecting Legs & Wall Flanges
",https://www.jaquar.com/en/vignette-chrome-wall-mixer-exposed-shower-and-hand-shower?Id=3728,"Vignette Prime, VGP-BLM-81145, Black Matt"
Faucets,Vignette Prime,3728,Single Lever Exposed Shower Mixer,Variant,1388,Single Lever Exposed Shower Mixer - Graphite,VGP-GRF-81145,Graphite,https://www.jaquar.com/images/thumbs/0059749_single-lever-exposed-shower-mixer-graphite_960.jpeg,11300.00,"Single Lever Exposed Shower Mixer with Provision For Connection to Exposed Shower Pipe (SHA-1211NH or SHA-1213) & Hand Shower with Connecting Legs & Wall Flanges
",https://www.jaquar.com/en/vignette-chrome-wall-mixer-exposed-shower-and-hand-shower?Id=3728,"Vignette Prime, VGP-GRF-81145, Graphite"
Faucets,Vignette Prime,3728,Single Lever Exposed Shower Mixer,Variant,1388,Single Lever Exposed Shower Mixer - Stainless Steel,VGP-SSF-81145,Stainless Steel,https://www.jaquar.com/images/thumbs/0060668_single-lever-exposed-shower-mixer-stainless-steel_960.jpeg,11300.00,"Single Lever Exposed Shower Mixer with Provision For Connection to Exposed Shower Pipe (SHA-1211NH or SHA-1213) & Hand Shower with Connecting Legs & Wall Flanges
",https://www.jaquar.com/en/vignette-chrome-wall-mixer-exposed-shower-and-hand-shower?Id=3728,"Vignette Prime, VGP-SSF-81145, Stainless Steel"
Faucets,Vignette Prime,3724,Single Lever Exposed Shower Mixer,Parent,1388,Single Lever Exposed Shower Mixer - Chrome,VGP-CHR-81145,Chrome,https://www.jaquar.com/images/thumbs/0059751_single-lever-exposed-shower-mixer-chrome_960.jpeg,6750.00,"Single Lever Exposed Shower Mixer with Provision For Connection to Exposed Shower Pipe (SHA-1211NH or SHA-1213) & Hand Shower with Connecting Legs & Wall Flanges
",https://www.jaquar.com/en/vignette-chrome-wall-mixer-exposed-shower-and-hand-shower?Id=3724,"Vignette Prime, VGP-CHR-81145, Chrome"
Faucets,Vignette Prime,3724,Single Lever Exposed Shower Mixer,Variant,1388,Single Lever Exposed Shower Mixer - Antique Bronze,VGP-ABR-81145,Antique Bronze,https://www.jaquar.com/images/thumbs/0052509_single-lever-exposed-shower-mixer-antique-bronze_960.jpeg,11300.00,"Single Lever Exposed Shower Mixer with Provision For Connection to Exposed Shower Pipe (SHA-1211NH or SHA-1213) & Hand Shower with Connecting Legs & Wall Flanges
",https://www.jaquar.com/en/vignette-chrome-wall-mixer-exposed-shower-and-hand-shower?Id=3724,"Vignette Prime, VGP-ABR-81145, Antique Bronze"
Faucets,Vignette Prime,3724,Single Lever Exposed Shower Mixer,Variant,1388,Single Lever Exposed Shower Mixer - Antique Copper,VGP-ACR-81145,Antique Copper,https://www.jaquar.com/images/thumbs/0059754_single-lever-exposed-shower-mixer-antique-copper_960.jpeg,11300.00,"Single Lever Exposed Shower Mixer with Provision For Connection to Exposed Shower Pipe (SHA-1211NH or SHA-1213) & Hand Shower with Connecting Legs & Wall Flanges
",https://www.jaquar.com/en/vignette-chrome-wall-mixer-exposed-shower-and-hand-shower?Id=3724,"Vignette Prime, VGP-ACR-81145, Antique Copper"
Faucets,Vignette Prime,3724,Single Lever Exposed Shower Mixer,Variant,1388,Single Lever Exposed Shower Mixer - Black Chrome,VGP-BCH-81145,Black Chrome,https://www.jaquar.com/images/thumbs/0059753_single-lever-exposed-shower-mixer-black-chrome_960.jpeg,9850.00,"Single Lever Exposed Shower Mixer with Provision For Connection to Exposed Shower Pipe (SHA-1211NH or SHA-1213) & Hand Shower with Connecting Legs & Wall Flanges
",https://www.jaquar.com/en/vignette-chrome-wall-mixer-exposed-shower-and-hand-shower?Id=3724,"Vignette Prime, VGP-BCH-81145, Black Chrome"
Faucets,Vignette Prime,3724,Single Lever Exposed Shower Mixer,Variant,1388,Single Lever Exposed Shower Mixer - Black Matt,VGP-BLM-81145,Black Matt,https://www.jaquar.com/images/thumbs/0059752_single-lever-exposed-shower-mixer-black-matt_960.jpeg,9850.00,"Single Lever Exposed Shower Mixer with Provision For Connection to Exposed Shower Pipe (SHA-1211NH or SHA-1213) & Hand Shower with Connecting Legs & Wall Flanges
",https://www.jaquar.com/en/vignette-chrome-wall-mixer-exposed-shower-and-hand-shower?Id=3724,"Vignette Prime, VGP-BLM-81145, Black Matt"
Faucets,Vignette Prime,3724,Single Lever Exposed Shower Mixer,Variant,1388,Single Lever Exposed Shower Mixer - Graphite,VGP-GRF-81145,Graphite,https://www.jaquar.com/images/thumbs/0059749_single-lever-exposed-shower-mixer-graphite_960.jpeg,11300.00,"Single Lever Exposed Shower Mixer with Provision For Connection to Exposed Shower Pipe (SHA-1211NH or SHA-1213) & Hand Shower with Connecting Legs & Wall Flanges
",https://www.jaquar.com/en/vignette-chrome-wall-mixer-exposed-shower-and-hand-shower?Id=3724,"Vignette Prime, VGP-GRF-81145, Graphite"
Faucets,Vignette Prime,3724,Single Lever Exposed Shower Mixer,Variant,1388,Single Lever Exposed Shower Mixer - Stainless Steel,VGP-SSF-81145,Stainless Steel,https://www.jaquar.com/images/thumbs/0060668_single-lever-exposed-shower-mixer-stainless-steel_960.jpeg,11300.00,"Single Lever Exposed Shower Mixer with Provision For Connection to Exposed Shower Pipe (SHA-1211NH or SHA-1213) & Hand Shower with Connecting Legs & Wall Flanges
",https://www.jaquar.com/en/vignette-chrome-wall-mixer-exposed-shower-and-hand-shower?Id=3724,"Vignette Prime, VGP-SSF-81145, Stainless Steel"
Faucets,Vignette Prime,3731,Single Lever Exposed Shower Mixer,Parent,1388,Single Lever Exposed Shower Mixer - Chrome,VGP-CHR-81145,Chrome,https://www.jaquar.com/images/thumbs/0059751_single-lever-exposed-shower-mixer-chrome_960.jpeg,6750.00,"Single Lever Exposed Shower Mixer with Provision For Connection to Exposed Shower Pipe (SHA-1211NH or SHA-1213) & Hand Shower with Connecting Legs & Wall Flanges
",https://www.jaquar.com/en/vignette-chrome-wall-mixer-exposed-shower-and-hand-shower?Id=3731,"Vignette Prime, VGP-CHR-81145, Chrome"
Faucets,Vignette Prime,3731,Single Lever Exposed Shower Mixer,Variant,1388,Single Lever Exposed Shower Mixer - Antique Bronze,VGP-ABR-81145,Antique Bronze,https://www.jaquar.com/images/thumbs/0052509_single-lever-exposed-shower-mixer-antique-bronze_960.jpeg,11300.00,"Single Lever Exposed Shower Mixer with Provision For Connection to Exposed Shower Pipe (SHA-1211NH or SHA-1213) & Hand Shower with Connecting Legs & Wall Flanges
",https://www.jaquar.com/en/vignette-chrome-wall-mixer-exposed-shower-and-hand-shower?Id=3731,"Vignette Prime, VGP-ABR-81145, Antique Bronze"
Faucets,Vignette Prime,3731,Single Lever Exposed Shower Mixer,Variant,1388,Single Lever Exposed Shower Mixer - Antique Copper,VGP-ACR-81145,Antique Copper,https://www.jaquar.com/images/thumbs/0059754_single-lever-exposed-shower-mixer-antique-copper_960.jpeg,11300.00,"Single Lever Exposed Shower Mixer with Provision For Connection to Exposed Shower Pipe (SHA-1211NH or SHA-1213) & Hand Shower with Connecting Legs & Wall Flanges
",https://www.jaquar.com/en/vignette-chrome-wall-mixer-exposed-shower-and-hand-shower?Id=3731,"Vignette Prime, VGP-ACR-81145, Antique Copper"
Faucets,Vignette Prime,3731,Single Lever Exposed Shower Mixer,Variant,1388,Single Lever Exposed Shower Mixer - Black Chrome,VGP-BCH-81145,Black Chrome,https://www.jaquar.com/images/thumbs/0059753_single-lever-exposed-shower-mixer-black-chrome_960.jpeg,9850.00,"Single Lever Exposed Shower Mixer with Provision For Connection to Exposed Shower Pipe (SHA-1211NH or SHA-1213) & Hand Shower with Connecting Legs & Wall Flanges
",https://www.jaquar.com/en/vignette-chrome-wall-mixer-exposed-shower-and-hand-shower?Id=3731,"Vignette Prime, VGP-BCH-81145, Black Chrome"
Faucets,Vignette Prime,3731,Single Lever Exposed Shower Mixer,Variant,1388,Single Lever Exposed Shower Mixer - Black Matt,VGP-BLM-81145,Black Matt,https://www.jaquar.com/images/thumbs/0059752_single-lever-exposed-shower-mixer-black-matt_960.jpeg,9850.00,"Single Lever Exposed Shower Mixer with Provision For Connection to Exposed Shower Pipe (SHA-1211NH or SHA-1213) & Hand Shower with Connecting Legs & Wall Flanges
",https://www.jaquar.com/en/vignette-chrome-wall-mixer-exposed-shower-and-hand-shower?Id=3731,"Vignette Prime, VGP-BLM-81145, Black Matt"
Faucets,Vignette Prime,3731,Single Lever Exposed Shower Mixer,Variant,1388,Single Lever Exposed Shower Mixer - Graphite,VGP-GRF-81145,Graphite,https://www.jaquar.com/images/thumbs/0059749_single-lever-exposed-shower-mixer-graphite_960.jpeg,11300.00,"Single Lever Exposed Shower Mixer with Provision For Connection to Exposed Shower Pipe (SHA-1211NH or SHA-1213) & Hand Shower with Connecting Legs & Wall Flanges
",https://www.jaquar.com/en/vignette-chrome-wall-mixer-exposed-shower-and-hand-shower?Id=3731,"Vignette Prime, VGP-GRF-81145, Graphite"
Faucets,Vignette Prime,3731,Single Lever Exposed Shower Mixer,Variant,1388,Single Lever Exposed Shower Mixer - Stainless Steel,VGP-SSF-81145,Stainless Steel,https://www.jaquar.com/images/thumbs/0060668_single-lever-exposed-shower-mixer-stainless-steel_960.jpeg,11300.00,"Single Lever Exposed Shower Mixer with Provision For Connection to Exposed Shower Pipe (SHA-1211NH or SHA-1213) & Hand Shower with Connecting Legs & Wall Flanges
",https://www.jaquar.com/en/vignette-chrome-wall-mixer-exposed-shower-and-hand-shower?Id=3731,"Vignette Prime, VGP-SSF-81145, Stainless Steel"
Faucets,Vignette Prime,3732,Single Lever Exposed Shower Mixer,Parent,1388,Single Lever Exposed Shower Mixer - Chrome,VGP-CHR-81145,Chrome,https://www.jaquar.com/images/thumbs/0059751_single-lever-exposed-shower-mixer-chrome_960.jpeg,6750.00,"Single Lever Exposed Shower Mixer with Provision For Connection to Exposed Shower Pipe (SHA-1211NH or SHA-1213) & Hand Shower with Connecting Legs & Wall Flanges
",https://www.jaquar.com/en/vignette-chrome-wall-mixer-exposed-shower-and-hand-shower?Id=3732,"Vignette Prime, VGP-CHR-81145, Chrome"
Faucets,Vignette Prime,3732,Single Lever Exposed Shower Mixer,Variant,1388,Single Lever Exposed Shower Mixer - Antique Bronze,VGP-ABR-81145,Antique Bronze,https://www.jaquar.com/images/thumbs/0052509_single-lever-exposed-shower-mixer-antique-bronze_960.jpeg,11300.00,"Single Lever Exposed Shower Mixer with Provision For Connection to Exposed Shower Pipe (SHA-1211NH or SHA-1213) & Hand Shower with Connecting Legs & Wall Flanges
",https://www.jaquar.com/en/vignette-chrome-wall-mixer-exposed-shower-and-hand-shower?Id=3732,"Vignette Prime, VGP-ABR-81145, Antique Bronze"
Faucets,Vignette Prime,3732,Single Lever Exposed Shower Mixer,Variant,1388,Single Lever Exposed Shower Mixer - Antique Copper,VGP-ACR-81145,Antique Copper,https://www.jaquar.com/images/thumbs/0059754_single-lever-exposed-shower-mixer-antique-copper_960.jpeg,11300.00,"Single Lever Exposed Shower Mixer with Provision For Connection to Exposed Shower Pipe (SHA-1211NH or SHA-1213) & Hand Shower with Connecting Legs & Wall Flanges
",https://www.jaquar.com/en/vignette-chrome-wall-mixer-exposed-shower-and-hand-shower?Id=3732,"Vignette Prime, VGP-ACR-81145, Antique Copper"
Faucets,Vignette Prime,3732,Single Lever Exposed Shower Mixer,Variant,1388,Single Lever Exposed Shower Mixer - Black Chrome,VGP-BCH-81145,Black Chrome,https://www.jaquar.com/images/thumbs/0059753_single-lever-exposed-shower-mixer-black-chrome_960.jpeg,9850.00,"Single Lever Exposed Shower Mixer with Provision For Connection to Exposed Shower Pipe (SHA-1211NH or SHA-1213) & Hand Shower with Connecting Legs & Wall Flanges
",https://www.jaquar.com/en/vignette-chrome-wall-mixer-exposed-shower-and-hand-shower?Id=3732,"Vignette Prime, VGP-BCH-81145, Black Chrome"
Faucets,Vignette Prime,3732,Single Lever Exposed Shower Mixer,Variant,1388,Single Lever Exposed Shower Mixer - Black Matt,VGP-BLM-81145,Black Matt,https://www.jaquar.com/images/thumbs/0059752_single-lever-exposed-shower-mixer-black-matt_960.jpeg,9850.00,"Single Lever Exposed Shower Mixer with Provision For Connection to Exposed Shower Pipe (SHA-1211NH or SHA-1213) & Hand Shower with Connecting Legs & Wall Flanges
",https://www.jaquar.com/en/vignette-chrome-wall-mixer-exposed-shower-and-hand-shower?Id=3732,"Vignette Prime, VGP-BLM-81145, Black Matt"
Faucets,Vignette Prime,3732,Single Lever Exposed Shower Mixer,Variant,1388,Single Lever Exposed Shower Mixer - Graphite,VGP-GRF-81145,Graphite,https://www.jaquar.com/images/thumbs/0059749_single-lever-exposed-shower-mixer-graphite_960.jpeg,11300.00,"Single Lever Exposed Shower Mixer with Provision For Connection to Exposed Shower Pipe (SHA-1211NH or SHA-1213) & Hand Shower with Connecting Legs & Wall Flanges
",https://www.jaquar.com/en/vignette-chrome-wall-mixer-exposed-shower-and-hand-shower?Id=3732,"Vignette Prime, VGP-GRF-81145, Graphite"
Faucets,Vignette Prime,3732,Single Lever Exposed Shower Mixer,Variant,1388,Single Lever Exposed Shower Mixer - Stainless Steel,VGP-SSF-81145,Stainless Steel,https://www.jaquar.com/images/thumbs/0060668_single-lever-exposed-shower-mixer-stainless-steel_960.jpeg,11300.00,"Single Lever Exposed Shower Mixer with Provision For Connection to Exposed Shower Pipe (SHA-1211NH or SHA-1213) & Hand Shower with Connecting Legs & Wall Flanges
",https://www.jaquar.com/en/vignette-chrome-wall-mixer-exposed-shower-and-hand-shower?Id=3732,"Vignette Prime, VGP-SSF-81145, Stainless Steel"
Faucets,Vignette Prime,3815,Single Lever Exposed Shower Mixer,Parent,1389,Single Lever Exposed Shower Mixer - Chrome,VGP-CHR-81147,Chrome,https://www.jaquar.com/images/thumbs/0060396_single-lever-exposed-shower-mixer-chrome_960.jpeg,5500.00,"Single Lever Exposed Shower Mixer with Provision For Connection to Exposed Shower Pipe (SHA-1211N) with Connecting Legs & Wall Flanges 
",https://www.jaquar.com/en/vignette-chrome-exposed-shower-mixer?Id=3815,"Vignette Prime, VGP-CHR-81147, Chrome"
Faucets,Vignette Prime,3815,Single Lever Exposed Shower Mixer,Variant,1389,Single Lever Exposed Shower Mixer - Antique Bronze,VGP-ABR-81147,Antique Bronze,https://www.jaquar.com/images/thumbs/0054849_single-lever-exposed-shower-mixer-antique-bronze_960.jpeg,9100.00,"Single Lever Exposed Shower Mixer with Provision For Connection to Exposed Shower Pipe (SHA-1211N) with Connecting Legs & Wall Flanges 
",https://www.jaquar.com/en/vignette-chrome-exposed-shower-mixer?Id=3815,"Vignette Prime, VGP-ABR-81147, Antique Bronze"
Faucets,Vignette Prime,3815,Single Lever Exposed Shower Mixer,Variant,1389,Single Lever Exposed Shower Mixer - Antique Copper,VGP-ACR-81147,Antique Copper,https://www.jaquar.com/images/thumbs/0055051_single-lever-exposed-shower-mixer-antique-copper_960.jpeg,9100.00,"Single Lever Exposed Shower Mixer with Provision For Connection to Exposed Shower Pipe (SHA-1211N) with Connecting Legs & Wall Flanges 
",https://www.jaquar.com/en/vignette-chrome-exposed-shower-mixer?Id=3815,"Vignette Prime, VGP-ACR-81147, Antique Copper"
Faucets,Vignette Prime,3815,Single Lever Exposed Shower Mixer,Variant,1389,Single Lever Exposed Shower Mixer - Black Chrome,VGP-BCH-81147,Black Chrome,https://www.jaquar.com/images/thumbs/0054857_single-lever-exposed-shower-mixer-black-chrome_960.jpeg,7950.00,"Single Lever Exposed Shower Mixer with Provision For Connection to Exposed Shower Pipe (SHA-1211N) with Connecting Legs & Wall Flanges 
",https://www.jaquar.com/en/vignette-chrome-exposed-shower-mixer?Id=3815,"Vignette Prime, VGP-BCH-81147, Black Chrome"
Faucets,Vignette Prime,3815,Single Lever Exposed Shower Mixer,Variant,1389,Single Lever Exposed Shower Mixer - Black Matt,VGP-BLM-81147,Black Matt,https://www.jaquar.com/images/thumbs/0055052_single-lever-exposed-shower-mixer-black-matt_960.jpeg,7950.00,"Single Lever Exposed Shower Mixer with Provision For Connection to Exposed Shower Pipe (SHA-1211N) with Connecting Legs & Wall Flanges 
",https://www.jaquar.com/en/vignette-chrome-exposed-shower-mixer?Id=3815,"Vignette Prime, VGP-BLM-81147, Black Matt"
Faucets,Vignette Prime,3815,Single Lever Exposed Shower Mixer,Variant,1389,Single Lever Exposed Shower Mixer - Graphite,VGP-GRF-81147,Graphite,https://www.jaquar.com/images/thumbs/0054691_single-lever-exposed-shower-mixer-graphite_960.jpeg,9100.00,"Single Lever Exposed Shower Mixer with Provision For Connection to Exposed Shower Pipe (SHA-1211N) with Connecting Legs & Wall Flanges 
",https://www.jaquar.com/en/vignette-chrome-exposed-shower-mixer?Id=3815,"Vignette Prime, VGP-GRF-81147, Graphite"
Faucets,Vignette Prime,3815,Single Lever Exposed Shower Mixer,Variant,1389,Single Lever Exposed Shower Mixer - Stainless Steel,VGP-SSF-81147,Stainless Steel,https://www.jaquar.com/images/thumbs/0059431_single-lever-exposed-shower-mixer-stainless-steel_960.jpeg,9100.00,"Single Lever Exposed Shower Mixer with Provision For Connection to Exposed Shower Pipe (SHA-1211N) with Connecting Legs & Wall Flanges 
",https://www.jaquar.com/en/vignette-chrome-exposed-shower-mixer?Id=3815,"Vignette Prime, VGP-SSF-81147, Stainless Steel"
Faucets,Vignette Prime,3816,Single Lever Exposed Shower Mixer,Parent,1389,Single Lever Exposed Shower Mixer - Chrome,VGP-CHR-81147,Chrome,https://www.jaquar.com/images/thumbs/0060396_single-lever-exposed-shower-mixer-chrome_960.jpeg,5500.00,"Single Lever Exposed Shower Mixer with Provision For Connection to Exposed Shower Pipe (SHA-1211N) with Connecting Legs & Wall Flanges 
",https://www.jaquar.com/en/vignette-chrome-exposed-shower-mixer?Id=3816,"Vignette Prime, VGP-CHR-81147, Chrome"
Faucets,Vignette Prime,3816,Single Lever Exposed Shower Mixer,Variant,1389,Single Lever Exposed Shower Mixer - Antique Bronze,VGP-ABR-81147,Antique Bronze,https://www.jaquar.com/images/thumbs/0054849_single-lever-exposed-shower-mixer-antique-bronze_960.jpeg,9100.00,"Single Lever Exposed Shower Mixer with Provision For Connection to Exposed Shower Pipe (SHA-1211N) with Connecting Legs & Wall Flanges 
",https://www.jaquar.com/en/vignette-chrome-exposed-shower-mixer?Id=3816,"Vignette Prime, VGP-ABR-81147, Antique Bronze"
Faucets,Vignette Prime,3816,Single Lever Exposed Shower Mixer,Variant,1389,Single Lever Exposed Shower Mixer - Antique Copper,VGP-ACR-81147,Antique Copper,https://www.jaquar.com/images/thumbs/0055051_single-lever-exposed-shower-mixer-antique-copper_960.jpeg,9100.00,"Single Lever Exposed Shower Mixer with Provision For Connection to Exposed Shower Pipe (SHA-1211N) with Connecting Legs & Wall Flanges 
",https://www.jaquar.com/en/vignette-chrome-exposed-shower-mixer?Id=3816,"Vignette Prime, VGP-ACR-81147, Antique Copper"
Faucets,Vignette Prime,3816,Single Lever Exposed Shower Mixer,Variant,1389,Single Lever Exposed Shower Mixer - Black Chrome,VGP-BCH-81147,Black Chrome,https://www.jaquar.com/images/thumbs/0054857_single-lever-exposed-shower-mixer-black-chrome_960.jpeg,7950.00,"Single Lever Exposed Shower Mixer with Provision For Connection to Exposed Shower Pipe (SHA-1211N) with Connecting Legs & Wall Flanges 
",https://www.jaquar.com/en/vignette-chrome-exposed-shower-mixer?Id=3816,"Vignette Prime, VGP-BCH-81147, Black Chrome"
Faucets,Vignette Prime,3816,Single Lever Exposed Shower Mixer,Variant,1389,Single Lever Exposed Shower Mixer - Black Matt,VGP-BLM-81147,Black Matt,https://www.jaquar.com/images/thumbs/0055052_single-lever-exposed-shower-mixer-black-matt_960.jpeg,7950.00,"Single Lever Exposed Shower Mixer with Provision For Connection to Exposed Shower Pipe (SHA-1211N) with Connecting Legs & Wall Flanges 
",https://www.jaquar.com/en/vignette-chrome-exposed-shower-mixer?Id=3816,"Vignette Prime, VGP-BLM-81147, Black Matt"
Faucets,Vignette Prime,3816,Single Lever Exposed Shower Mixer,Variant,1389,Single Lever Exposed Shower Mixer - Graphite,VGP-GRF-81147,Graphite,https://www.jaquar.com/images/thumbs/0054691_single-lever-exposed-shower-mixer-graphite_960.jpeg,9100.00,"Single Lever Exposed Shower Mixer with Provision For Connection to Exposed Shower Pipe (SHA-1211N) with Connecting Legs & Wall Flanges 
",https://www.jaquar.com/en/vignette-chrome-exposed-shower-mixer?Id=3816,"Vignette Prime, VGP-GRF-81147, Graphite"
Faucets,Vignette Prime,3816,Single Lever Exposed Shower Mixer,Variant,1389,Single Lever Exposed Shower Mixer - Stainless Steel,VGP-SSF-81147,Stainless Steel,https://www.jaquar.com/images/thumbs/0059431_single-lever-exposed-shower-mixer-stainless-steel_960.jpeg,9100.00,"Single Lever Exposed Shower Mixer with Provision For Connection to Exposed Shower Pipe (SHA-1211N) with Connecting Legs & Wall Flanges 
",https://www.jaquar.com/en/vignette-chrome-exposed-shower-mixer?Id=3816,"Vignette Prime, VGP-SSF-81147, Stainless Steel"
Faucets,Vignette Prime,3817,Single Lever Exposed Shower Mixer,Parent,1389,Single Lever Exposed Shower Mixer - Chrome,VGP-CHR-81147,Chrome,https://www.jaquar.com/images/thumbs/0060396_single-lever-exposed-shower-mixer-chrome_960.jpeg,5500.00,"Single Lever Exposed Shower Mixer with Provision For Connection to Exposed Shower Pipe (SHA-1211N) with Connecting Legs & Wall Flanges 
",https://www.jaquar.com/en/vignette-chrome-exposed-shower-mixer?Id=3817,"Vignette Prime, VGP-CHR-81147, Chrome"
Faucets,Vignette Prime,3817,Single Lever Exposed Shower Mixer,Variant,1389,Single Lever Exposed Shower Mixer - Antique Bronze,VGP-ABR-81147,Antique Bronze,https://www.jaquar.com/images/thumbs/0054849_single-lever-exposed-shower-mixer-antique-bronze_960.jpeg,9100.00,"Single Lever Exposed Shower Mixer with Provision For Connection to Exposed Shower Pipe (SHA-1211N) with Connecting Legs & Wall Flanges 
",https://www.jaquar.com/en/vignette-chrome-exposed-shower-mixer?Id=3817,"Vignette Prime, VGP-ABR-81147, Antique Bronze"
Faucets,Vignette Prime,3817,Single Lever Exposed Shower Mixer,Variant,1389,Single Lever Exposed Shower Mixer - Antique Copper,VGP-ACR-81147,Antique Copper,https://www.jaquar.com/images/thumbs/0055051_single-lever-exposed-shower-mixer-antique-copper_960.jpeg,9100.00,"Single Lever Exposed Shower Mixer with Provision For Connection to Exposed Shower Pipe (SHA-1211N) with Connecting Legs & Wall Flanges 
",https://www.jaquar.com/en/vignette-chrome-exposed-shower-mixer?Id=3817,"Vignette Prime, VGP-ACR-81147, Antique Copper"
Faucets,Vignette Prime,3817,Single Lever Exposed Shower Mixer,Variant,1389,Single Lever Exposed Shower Mixer - Black Chrome,VGP-BCH-81147,Black Chrome,https://www.jaquar.com/images/thumbs/0054857_single-lever-exposed-shower-mixer-black-chrome_960.jpeg,7950.00,"Single Lever Exposed Shower Mixer with Provision For Connection to Exposed Shower Pipe (SHA-1211N) with Connecting Legs & Wall Flanges 
",https://www.jaquar.com/en/vignette-chrome-exposed-shower-mixer?Id=3817,"Vignette Prime, VGP-BCH-81147, Black Chrome"
Faucets,Vignette Prime,3817,Single Lever Exposed Shower Mixer,Variant,1389,Single Lever Exposed Shower Mixer - Black Matt,VGP-BLM-81147,Black Matt,https://www.jaquar.com/images/thumbs/0055052_single-lever-exposed-shower-mixer-black-matt_960.jpeg,7950.00,"Single Lever Exposed Shower Mixer with Provision For Connection to Exposed Shower Pipe (SHA-1211N) with Connecting Legs & Wall Flanges 
",https://www.jaquar.com/en/vignette-chrome-exposed-shower-mixer?Id=3817,"Vignette Prime, VGP-BLM-81147, Black Matt"
Faucets,Vignette Prime,3817,Single Lever Exposed Shower Mixer,Variant,1389,Single Lever Exposed Shower Mixer - Graphite,VGP-GRF-81147,Graphite,https://www.jaquar.com/images/thumbs/0054691_single-lever-exposed-shower-mixer-graphite_960.jpeg,9100.00,"Single Lever Exposed Shower Mixer with Provision For Connection to Exposed Shower Pipe (SHA-1211N) with Connecting Legs & Wall Flanges 
",https://www.jaquar.com/en/vignette-chrome-exposed-shower-mixer?Id=3817,"Vignette Prime, VGP-GRF-81147, Graphite"
Faucets,Vignette Prime,3817,Single Lever Exposed Shower Mixer,Variant,1389,Single Lever Exposed Shower Mixer - Stainless Steel,VGP-SSF-81147,Stainless Steel,https://www.jaquar.com/images/thumbs/0059431_single-lever-exposed-shower-mixer-stainless-steel_960.jpeg,9100.00,"Single Lever Exposed Shower Mixer with Provision For Connection to Exposed Shower Pipe (SHA-1211N) with Connecting Legs & Wall Flanges 
",https://www.jaquar.com/en/vignette-chrome-exposed-shower-mixer?Id=3817,"Vignette Prime, VGP-SSF-81147, Stainless Steel"
Faucets,Vignette Prime,3818,Single Lever Exposed Shower Mixer,Parent,1389,Single Lever Exposed Shower Mixer - Chrome,VGP-CHR-81147,Chrome,https://www.jaquar.com/images/thumbs/0060396_single-lever-exposed-shower-mixer-chrome_960.jpeg,5500.00,"Single Lever Exposed Shower Mixer with Provision For Connection to Exposed Shower Pipe (SHA-1211N) with Connecting Legs & Wall Flanges 
",https://www.jaquar.com/en/vignette-chrome-exposed-shower-mixer?Id=3818,"Vignette Prime, VGP-CHR-81147, Chrome"
Faucets,Vignette Prime,3818,Single Lever Exposed Shower Mixer,Variant,1389,Single Lever Exposed Shower Mixer - Antique Bronze,VGP-ABR-81147,Antique Bronze,https://www.jaquar.com/images/thumbs/0054849_single-lever-exposed-shower-mixer-antique-bronze_960.jpeg,9100.00,"Single Lever Exposed Shower Mixer with Provision For Connection to Exposed Shower Pipe (SHA-1211N) with Connecting Legs & Wall Flanges 
",https://www.jaquar.com/en/vignette-chrome-exposed-shower-mixer?Id=3818,"Vignette Prime, VGP-ABR-81147, Antique Bronze"
Faucets,Vignette Prime,3818,Single Lever Exposed Shower Mixer,Variant,1389,Single Lever Exposed Shower Mixer - Antique Copper,VGP-ACR-81147,Antique Copper,https://www.jaquar.com/images/thumbs/0055051_single-lever-exposed-shower-mixer-antique-copper_960.jpeg,9100.00,"Single Lever Exposed Shower Mixer with Provision For Connection to Exposed Shower Pipe (SHA-1211N) with Connecting Legs & Wall Flanges 
",https://www.jaquar.com/en/vignette-chrome-exposed-shower-mixer?Id=3818,"Vignette Prime, VGP-ACR-81147, Antique Copper"
Faucets,Vignette Prime,3818,Single Lever Exposed Shower Mixer,Variant,1389,Single Lever Exposed Shower Mixer - Black Chrome,VGP-BCH-81147,Black Chrome,https://www.jaquar.com/images/thumbs/0054857_single-lever-exposed-shower-mixer-black-chrome_960.jpeg,7950.00,"Single Lever Exposed Shower Mixer with Provision For Connection to Exposed Shower Pipe (SHA-1211N) with Connecting Legs & Wall Flanges 
",https://www.jaquar.com/en/vignette-chrome-exposed-shower-mixer?Id=3818,"Vignette Prime, VGP-BCH-81147, Black Chrome"
Faucets,Vignette Prime,3818,Single Lever Exposed Shower Mixer,Variant,1389,Single Lever Exposed Shower Mixer - Black Matt,VGP-BLM-81147,Black Matt,https://www.jaquar.com/images/thumbs/0055052_single-lever-exposed-shower-mixer-black-matt_960.jpeg,7950.00,"Single Lever Exposed Shower Mixer with Provision For Connection to Exposed Shower Pipe (SHA-1211N) with Connecting Legs & Wall Flanges 
",https://www.jaquar.com/en/vignette-chrome-exposed-shower-mixer?Id=3818,"Vignette Prime, VGP-BLM-81147, Black Matt"
Faucets,Vignette Prime,3818,Single Lever Exposed Shower Mixer,Variant,1389,Single Lever Exposed Shower Mixer - Graphite,VGP-GRF-81147,Graphite,https://www.jaquar.com/images/thumbs/0054691_single-lever-exposed-shower-mixer-graphite_960.jpeg,9100.00,"Single Lever Exposed Shower Mixer with Provision For Connection to Exposed Shower Pipe (SHA-1211N) with Connecting Legs & Wall Flanges 
",https://www.jaquar.com/en/vignette-chrome-exposed-shower-mixer?Id=3818,"Vignette Prime, VGP-GRF-81147, Graphite"
Faucets,Vignette Prime,3818,Single Lever Exposed Shower Mixer,Variant,1389,Single Lever Exposed Shower Mixer - Stainless Steel,VGP-SSF-81147,Stainless Steel,https://www.jaquar.com/images/thumbs/0059431_single-lever-exposed-shower-mixer-stainless-steel_960.jpeg,9100.00,"Single Lever Exposed Shower Mixer with Provision For Connection to Exposed Shower Pipe (SHA-1211N) with Connecting Legs & Wall Flanges 
",https://www.jaquar.com/en/vignette-chrome-exposed-shower-mixer?Id=3818,"Vignette Prime, VGP-SSF-81147, Stainless Steel"
Faucets,Vignette Prime,3814,Single Lever Exposed Shower Mixer,Parent,1389,Single Lever Exposed Shower Mixer - Chrome,VGP-CHR-81147,Chrome,https://www.jaquar.com/images/thumbs/0060396_single-lever-exposed-shower-mixer-chrome_960.jpeg,5500.00,"Single Lever Exposed Shower Mixer with Provision For Connection to Exposed Shower Pipe (SHA-1211N) with Connecting Legs & Wall Flanges 
",https://www.jaquar.com/en/vignette-chrome-exposed-shower-mixer?Id=3814,"Vignette Prime, VGP-CHR-81147, Chrome"
Faucets,Vignette Prime,3814,Single Lever Exposed Shower Mixer,Variant,1389,Single Lever Exposed Shower Mixer - Antique Bronze,VGP-ABR-81147,Antique Bronze,https://www.jaquar.com/images/thumbs/0054849_single-lever-exposed-shower-mixer-antique-bronze_960.jpeg,9100.00,"Single Lever Exposed Shower Mixer with Provision For Connection to Exposed Shower Pipe (SHA-1211N) with Connecting Legs & Wall Flanges 
",https://www.jaquar.com/en/vignette-chrome-exposed-shower-mixer?Id=3814,"Vignette Prime, VGP-ABR-81147, Antique Bronze"
Faucets,Vignette Prime,3814,Single Lever Exposed Shower Mixer,Variant,1389,Single Lever Exposed Shower Mixer - Antique Copper,VGP-ACR-81147,Antique Copper,https://www.jaquar.com/images/thumbs/0055051_single-lever-exposed-shower-mixer-antique-copper_960.jpeg,9100.00,"Single Lever Exposed Shower Mixer with Provision For Connection to Exposed Shower Pipe (SHA-1211N) with Connecting Legs & Wall Flanges 
",https://www.jaquar.com/en/vignette-chrome-exposed-shower-mixer?Id=3814,"Vignette Prime, VGP-ACR-81147, Antique Copper"
Faucets,Vignette Prime,3814,Single Lever Exposed Shower Mixer,Variant,1389,Single Lever Exposed Shower Mixer - Black Chrome,VGP-BCH-81147,Black Chrome,https://www.jaquar.com/images/thumbs/0054857_single-lever-exposed-shower-mixer-black-chrome_960.jpeg,7950.00,"Single Lever Exposed Shower Mixer with Provision For Connection to Exposed Shower Pipe (SHA-1211N) with Connecting Legs & Wall Flanges 
",https://www.jaquar.com/en/vignette-chrome-exposed-shower-mixer?Id=3814,"Vignette Prime, VGP-BCH-81147, Black Chrome"
Faucets,Vignette Prime,3814,Single Lever Exposed Shower Mixer,Variant,1389,Single Lever Exposed Shower Mixer - Black Matt,VGP-BLM-81147,Black Matt,https://www.jaquar.com/images/thumbs/0055052_single-lever-exposed-shower-mixer-black-matt_960.jpeg,7950.00,"Single Lever Exposed Shower Mixer with Provision For Connection to Exposed Shower Pipe (SHA-1211N) with Connecting Legs & Wall Flanges 
",https://www.jaquar.com/en/vignette-chrome-exposed-shower-mixer?Id=3814,"Vignette Prime, VGP-BLM-81147, Black Matt"
Faucets,Vignette Prime,3814,Single Lever Exposed Shower Mixer,Variant,1389,Single Lever Exposed Shower Mixer - Graphite,VGP-GRF-81147,Graphite,https://www.jaquar.com/images/thumbs/0054691_single-lever-exposed-shower-mixer-graphite_960.jpeg,9100.00,"Single Lever Exposed Shower Mixer with Provision For Connection to Exposed Shower Pipe (SHA-1211N) with Connecting Legs & Wall Flanges 
",https://www.jaquar.com/en/vignette-chrome-exposed-shower-mixer?Id=3814,"Vignette Prime, VGP-GRF-81147, Graphite"
Faucets,Vignette Prime,3814,Single Lever Exposed Shower Mixer,Variant,1389,Single Lever Exposed Shower Mixer - Stainless Steel,VGP-SSF-81147,Stainless Steel,https://www.jaquar.com/images/thumbs/0059431_single-lever-exposed-shower-mixer-stainless-steel_960.jpeg,9100.00,"Single Lever Exposed Shower Mixer with Provision For Connection to Exposed Shower Pipe (SHA-1211N) with Connecting Legs & Wall Flanges 
",https://www.jaquar.com/en/vignette-chrome-exposed-shower-mixer?Id=3814,"Vignette Prime, VGP-SSF-81147, Stainless Steel"
Faucets,Vignette Prime,3821,Single Lever Exposed Shower Mixer,Parent,1389,Single Lever Exposed Shower Mixer - Chrome,VGP-CHR-81147,Chrome,https://www.jaquar.com/images/thumbs/0060396_single-lever-exposed-shower-mixer-chrome_960.jpeg,5500.00,"Single Lever Exposed Shower Mixer with Provision For Connection to Exposed Shower Pipe (SHA-1211N) with Connecting Legs & Wall Flanges 
",https://www.jaquar.com/en/vignette-chrome-exposed-shower-mixer?Id=3821,"Vignette Prime, VGP-CHR-81147, Chrome"
Faucets,Vignette Prime,3821,Single Lever Exposed Shower Mixer,Variant,1389,Single Lever Exposed Shower Mixer - Antique Bronze,VGP-ABR-81147,Antique Bronze,https://www.jaquar.com/images/thumbs/0054849_single-lever-exposed-shower-mixer-antique-bronze_960.jpeg,9100.00,"Single Lever Exposed Shower Mixer with Provision For Connection to Exposed Shower Pipe (SHA-1211N) with Connecting Legs & Wall Flanges 
",https://www.jaquar.com/en/vignette-chrome-exposed-shower-mixer?Id=3821,"Vignette Prime, VGP-ABR-81147, Antique Bronze"
Faucets,Vignette Prime,3821,Single Lever Exposed Shower Mixer,Variant,1389,Single Lever Exposed Shower Mixer - Antique Copper,VGP-ACR-81147,Antique Copper,https://www.jaquar.com/images/thumbs/0055051_single-lever-exposed-shower-mixer-antique-copper_960.jpeg,9100.00,"Single Lever Exposed Shower Mixer with Provision For Connection to Exposed Shower Pipe (SHA-1211N) with Connecting Legs & Wall Flanges 
",https://www.jaquar.com/en/vignette-chrome-exposed-shower-mixer?Id=3821,"Vignette Prime, VGP-ACR-81147, Antique Copper"
Faucets,Vignette Prime,3821,Single Lever Exposed Shower Mixer,Variant,1389,Single Lever Exposed Shower Mixer - Black Chrome,VGP-BCH-81147,Black Chrome,https://www.jaquar.com/images/thumbs/0054857_single-lever-exposed-shower-mixer-black-chrome_960.jpeg,7950.00,"Single Lever Exposed Shower Mixer with Provision For Connection to Exposed Shower Pipe (SHA-1211N) with Connecting Legs & Wall Flanges 
",https://www.jaquar.com/en/vignette-chrome-exposed-shower-mixer?Id=3821,"Vignette Prime, VGP-BCH-81147, Black Chrome"
Faucets,Vignette Prime,3821,Single Lever Exposed Shower Mixer,Variant,1389,Single Lever Exposed Shower Mixer - Black Matt,VGP-BLM-81147,Black Matt,https://www.jaquar.com/images/thumbs/0055052_single-lever-exposed-shower-mixer-black-matt_960.jpeg,7950.00,"Single Lever Exposed Shower Mixer with Provision For Connection to Exposed Shower Pipe (SHA-1211N) with Connecting Legs & Wall Flanges 
",https://www.jaquar.com/en/vignette-chrome-exposed-shower-mixer?Id=3821,"Vignette Prime, VGP-BLM-81147, Black Matt"
Faucets,Vignette Prime,3821,Single Lever Exposed Shower Mixer,Variant,1389,Single Lever Exposed Shower Mixer - Graphite,VGP-GRF-81147,Graphite,https://www.jaquar.com/images/thumbs/0054691_single-lever-exposed-shower-mixer-graphite_960.jpeg,9100.00,"Single Lever Exposed Shower Mixer with Provision For Connection to Exposed Shower Pipe (SHA-1211N) with Connecting Legs & Wall Flanges 
",https://www.jaquar.com/en/vignette-chrome-exposed-shower-mixer?Id=3821,"Vignette Prime, VGP-GRF-81147, Graphite"
Faucets,Vignette Prime,3821,Single Lever Exposed Shower Mixer,Variant,1389,Single Lever Exposed Shower Mixer - Stainless Steel,VGP-SSF-81147,Stainless Steel,https://www.jaquar.com/images/thumbs/0059431_single-lever-exposed-shower-mixer-stainless-steel_960.jpeg,9100.00,"Single Lever Exposed Shower Mixer with Provision For Connection to Exposed Shower Pipe (SHA-1211N) with Connecting Legs & Wall Flanges 
",https://www.jaquar.com/en/vignette-chrome-exposed-shower-mixer?Id=3821,"Vignette Prime, VGP-SSF-81147, Stainless Steel"
Faucets,Vignette Prime,3822,Single Lever Exposed Shower Mixer,Parent,1389,Single Lever Exposed Shower Mixer - Chrome,VGP-CHR-81147,Chrome,https://www.jaquar.com/images/thumbs/0060396_single-lever-exposed-shower-mixer-chrome_960.jpeg,5500.00,"Single Lever Exposed Shower Mixer with Provision For Connection to Exposed Shower Pipe (SHA-1211N) with Connecting Legs & Wall Flanges 
",https://www.jaquar.com/en/vignette-chrome-exposed-shower-mixer?Id=3822,"Vignette Prime, VGP-CHR-81147, Chrome"
Faucets,Vignette Prime,3822,Single Lever Exposed Shower Mixer,Variant,1389,Single Lever Exposed Shower Mixer - Antique Bronze,VGP-ABR-81147,Antique Bronze,https://www.jaquar.com/images/thumbs/0054849_single-lever-exposed-shower-mixer-antique-bronze_960.jpeg,9100.00,"Single Lever Exposed Shower Mixer with Provision For Connection to Exposed Shower Pipe (SHA-1211N) with Connecting Legs & Wall Flanges 
",https://www.jaquar.com/en/vignette-chrome-exposed-shower-mixer?Id=3822,"Vignette Prime, VGP-ABR-81147, Antique Bronze"
Faucets,Vignette Prime,3822,Single Lever Exposed Shower Mixer,Variant,1389,Single Lever Exposed Shower Mixer - Antique Copper,VGP-ACR-81147,Antique Copper,https://www.jaquar.com/images/thumbs/0055051_single-lever-exposed-shower-mixer-antique-copper_960.jpeg,9100.00,"Single Lever Exposed Shower Mixer with Provision For Connection to Exposed Shower Pipe (SHA-1211N) with Connecting Legs & Wall Flanges 
",https://www.jaquar.com/en/vignette-chrome-exposed-shower-mixer?Id=3822,"Vignette Prime, VGP-ACR-81147, Antique Copper"
Faucets,Vignette Prime,3822,Single Lever Exposed Shower Mixer,Variant,1389,Single Lever Exposed Shower Mixer - Black Chrome,VGP-BCH-81147,Black Chrome,https://www.jaquar.com/images/thumbs/0054857_single-lever-exposed-shower-mixer-black-chrome_960.jpeg,7950.00,"Single Lever Exposed Shower Mixer with Provision For Connection to Exposed Shower Pipe (SHA-1211N) with Connecting Legs & Wall Flanges 
",https://www.jaquar.com/en/vignette-chrome-exposed-shower-mixer?Id=3822,"Vignette Prime, VGP-BCH-81147, Black Chrome"
Faucets,Vignette Prime,3822,Single Lever Exposed Shower Mixer,Variant,1389,Single Lever Exposed Shower Mixer - Black Matt,VGP-BLM-81147,Black Matt,https://www.jaquar.com/images/thumbs/0055052_single-lever-exposed-shower-mixer-black-matt_960.jpeg,7950.00,"Single Lever Exposed Shower Mixer with Provision For Connection to Exposed Shower Pipe (SHA-1211N) with Connecting Legs & Wall Flanges 
",https://www.jaquar.com/en/vignette-chrome-exposed-shower-mixer?Id=3822,"Vignette Prime, VGP-BLM-81147, Black Matt"
Faucets,Vignette Prime,3822,Single Lever Exposed Shower Mixer,Variant,1389,Single Lever Exposed Shower Mixer - Graphite,VGP-GRF-81147,Graphite,https://www.jaquar.com/images/thumbs/0054691_single-lever-exposed-shower-mixer-graphite_960.jpeg,9100.00,"Single Lever Exposed Shower Mixer with Provision For Connection to Exposed Shower Pipe (SHA-1211N) with Connecting Legs & Wall Flanges 
",https://www.jaquar.com/en/vignette-chrome-exposed-shower-mixer?Id=3822,"Vignette Prime, VGP-GRF-81147, Graphite"
Faucets,Vignette Prime,3822,Single Lever Exposed Shower Mixer,Variant,1389,Single Lever Exposed Shower Mixer - Stainless Steel,VGP-SSF-81147,Stainless Steel,https://www.jaquar.com/images/thumbs/0059431_single-lever-exposed-shower-mixer-stainless-steel_960.jpeg,9100.00,"Single Lever Exposed Shower Mixer with Provision For Connection to Exposed Shower Pipe (SHA-1211N) with Connecting Legs & Wall Flanges 
",https://www.jaquar.com/en/vignette-chrome-exposed-shower-mixer?Id=3822,"Vignette Prime, VGP-SSF-81147, Stainless Steel"
Faucets,Vignette Prime,3825,Single Lever Exposed Shower Mixer,Parent,2068,Single Lever Exposed Shower Mixer - Chrome,VGP-CHR-81149,Chrome,https://www.jaquar.com/images/thumbs/0060398_single-lever-exposed-shower-mixer-chrome_960.jpeg,5800.00,"Single Lever Exposed Shower Mixer for Connection to Hand Shower with Connecting Legs & Wall Flanges 
",https://www.jaquar.com/en/single-lever-exposed-hand-shower-mixer-vignette-prime?Id=3825,"Vignette Prime, VGP-CHR-81149, Chrome"
Faucets,Vignette Prime,3825,Single Lever Exposed Shower Mixer,Variant,2068,Single Lever Exposed Shower Mixer - Antique Bronze,VGP-ABR-81149,Antique Bronze,https://www.jaquar.com/images/thumbs/0054850_single-lever-exposed-shower-mixer-antique-bronze_960.jpeg,9550.00,"Single Lever Exposed Shower Mixer for Connection to Hand Shower with Connecting Legs & Wall Flanges 
",https://www.jaquar.com/en/single-lever-exposed-hand-shower-mixer-vignette-prime?Id=3825,"Vignette Prime, VGP-ABR-81149, Antique Bronze"
Faucets,Vignette Prime,3825,Single Lever Exposed Shower Mixer,Variant,2068,Single Lever Exposed Shower Mixer - Antique Copper,VGP-ACR-81149,Antique Copper,https://www.jaquar.com/images/thumbs/0057252_single-lever-exposed-shower-mixer-antique-copper_960.jpeg,9550.00,"Single Lever Exposed Shower Mixer for Connection to Hand Shower with Connecting Legs & Wall Flanges 
",https://www.jaquar.com/en/single-lever-exposed-hand-shower-mixer-vignette-prime?Id=3825,"Vignette Prime, VGP-ACR-81149, Antique Copper"
Faucets,Vignette Prime,3825,Single Lever Exposed Shower Mixer,Variant,2068,Single Lever Exposed Shower Mixer - Black Chrome,VGP-BCH-81149,Black Chrome,https://www.jaquar.com/images/thumbs/0054858_single-lever-exposed-shower-mixer-black-chrome_960.jpeg,8350.00,"Single Lever Exposed Shower Mixer for Connection to Hand Shower with Connecting Legs & Wall Flanges 
",https://www.jaquar.com/en/single-lever-exposed-hand-shower-mixer-vignette-prime?Id=3825,"Vignette Prime, VGP-BCH-81149, Black Chrome"
Faucets,Vignette Prime,3825,Single Lever Exposed Shower Mixer,Variant,2068,Single Lever Exposed Shower Mixer - Black Matt,VGP-BLM-81149,Black Matt,https://www.jaquar.com/images/thumbs/0054686_single-lever-exposed-shower-mixer-black-matt_960.jpeg,8350.00,"Single Lever Exposed Shower Mixer for Connection to Hand Shower with Connecting Legs & Wall Flanges 
",https://www.jaquar.com/en/single-lever-exposed-hand-shower-mixer-vignette-prime?Id=3825,"Vignette Prime, VGP-BLM-81149, Black Matt"
Faucets,Vignette Prime,3825,Single Lever Exposed Shower Mixer,Variant,2068,Single Lever Exposed Shower Mixer - Graphite,VGP-GRF-81149,Graphite,https://www.jaquar.com/images/thumbs/0054692_single-lever-exposed-shower-mixer-graphite_960.jpeg,9550.00,"Single Lever Exposed Shower Mixer for Connection to Hand Shower with Connecting Legs & Wall Flanges 
",https://www.jaquar.com/en/single-lever-exposed-hand-shower-mixer-vignette-prime?Id=3825,"Vignette Prime, VGP-GRF-81149, Graphite"
Faucets,Vignette Prime,3825,Single Lever Exposed Shower Mixer,Variant,2068,Single Lever Exposed Shower Mixer - Stainless Steel,VGP-SSF-81149,Stainless Steel,https://www.jaquar.com/images/thumbs/0059432_single-lever-exposed-shower-mixer-stainless-steel_960.jpeg,9550.00,"Single Lever Exposed Shower Mixer for Connection to Hand Shower with Connecting Legs & Wall Flanges 
",https://www.jaquar.com/en/single-lever-exposed-hand-shower-mixer-vignette-prime?Id=3825,"Vignette Prime, VGP-SSF-81149, Stainless Steel"
Faucets,Vignette Prime,3826,Single Lever Exposed Shower Mixer,Parent,2068,Single Lever Exposed Shower Mixer - Chrome,VGP-CHR-81149,Chrome,https://www.jaquar.com/images/thumbs/0060398_single-lever-exposed-shower-mixer-chrome_960.jpeg,5800.00,"Single Lever Exposed Shower Mixer for Connection to Hand Shower with Connecting Legs & Wall Flanges 
",https://www.jaquar.com/en/single-lever-exposed-hand-shower-mixer-vignette-prime?Id=3826,"Vignette Prime, VGP-CHR-81149, Chrome"
Faucets,Vignette Prime,3826,Single Lever Exposed Shower Mixer,Variant,2068,Single Lever Exposed Shower Mixer - Antique Bronze,VGP-ABR-81149,Antique Bronze,https://www.jaquar.com/images/thumbs/0054850_single-lever-exposed-shower-mixer-antique-bronze_960.jpeg,9550.00,"Single Lever Exposed Shower Mixer for Connection to Hand Shower with Connecting Legs & Wall Flanges 
",https://www.jaquar.com/en/single-lever-exposed-hand-shower-mixer-vignette-prime?Id=3826,"Vignette Prime, VGP-ABR-81149, Antique Bronze"
Faucets,Vignette Prime,3826,Single Lever Exposed Shower Mixer,Variant,2068,Single Lever Exposed Shower Mixer - Antique Copper,VGP-ACR-81149,Antique Copper,https://www.jaquar.com/images/thumbs/0057252_single-lever-exposed-shower-mixer-antique-copper_960.jpeg,9550.00,"Single Lever Exposed Shower Mixer for Connection to Hand Shower with Connecting Legs & Wall Flanges 
",https://www.jaquar.com/en/single-lever-exposed-hand-shower-mixer-vignette-prime?Id=3826,"Vignette Prime, VGP-ACR-81149, Antique Copper"
Faucets,Vignette Prime,3826,Single Lever Exposed Shower Mixer,Variant,2068,Single Lever Exposed Shower Mixer - Black Chrome,VGP-BCH-81149,Black Chrome,https://www.jaquar.com/images/thumbs/0054858_single-lever-exposed-shower-mixer-black-chrome_960.jpeg,8350.00,"Single Lever Exposed Shower Mixer for Connection to Hand Shower with Connecting Legs & Wall Flanges 
",https://www.jaquar.com/en/single-lever-exposed-hand-shower-mixer-vignette-prime?Id=3826,"Vignette Prime, VGP-BCH-81149, Black Chrome"
Faucets,Vignette Prime,3826,Single Lever Exposed Shower Mixer,Variant,2068,Single Lever Exposed Shower Mixer - Black Matt,VGP-BLM-81149,Black Matt,https://www.jaquar.com/images/thumbs/0054686_single-lever-exposed-shower-mixer-black-matt_960.jpeg,8350.00,"Single Lever Exposed Shower Mixer for Connection to Hand Shower with Connecting Legs & Wall Flanges 
",https://www.jaquar.com/en/single-lever-exposed-hand-shower-mixer-vignette-prime?Id=3826,"Vignette Prime, VGP-BLM-81149, Black Matt"
Faucets,Vignette Prime,3826,Single Lever Exposed Shower Mixer,Variant,2068,Single Lever Exposed Shower Mixer - Graphite,VGP-GRF-81149,Graphite,https://www.jaquar.com/images/thumbs/0054692_single-lever-exposed-shower-mixer-graphite_960.jpeg,9550.00,"Single Lever Exposed Shower Mixer for Connection to Hand Shower with Connecting Legs & Wall Flanges 
",https://www.jaquar.com/en/single-lever-exposed-hand-shower-mixer-vignette-prime?Id=3826,"Vignette Prime, VGP-GRF-81149, Graphite"
Faucets,Vignette Prime,3826,Single Lever Exposed Shower Mixer,Variant,2068,Single Lever Exposed Shower Mixer - Stainless Steel,VGP-SSF-81149,Stainless Steel,https://www.jaquar.com/images/thumbs/0059432_single-lever-exposed-shower-mixer-stainless-steel_960.jpeg,9550.00,"Single Lever Exposed Shower Mixer for Connection to Hand Shower with Connecting Legs & Wall Flanges 
",https://www.jaquar.com/en/single-lever-exposed-hand-shower-mixer-vignette-prime?Id=3826,"Vignette Prime, VGP-SSF-81149, Stainless Steel"
Faucets,Vignette Prime,3827,Single Lever Exposed Shower Mixer,Parent,2068,Single Lever Exposed Shower Mixer - Chrome,VGP-CHR-81149,Chrome,https://www.jaquar.com/images/thumbs/0060398_single-lever-exposed-shower-mixer-chrome_960.jpeg,5800.00,"Single Lever Exposed Shower Mixer for Connection to Hand Shower with Connecting Legs & Wall Flanges 
",https://www.jaquar.com/en/single-lever-exposed-hand-shower-mixer-vignette-prime?Id=3827,"Vignette Prime, VGP-CHR-81149, Chrome"
Faucets,Vignette Prime,3827,Single Lever Exposed Shower Mixer,Variant,2068,Single Lever Exposed Shower Mixer - Antique Bronze,VGP-ABR-81149,Antique Bronze,https://www.jaquar.com/images/thumbs/0054850_single-lever-exposed-shower-mixer-antique-bronze_960.jpeg,9550.00,"Single Lever Exposed Shower Mixer for Connection to Hand Shower with Connecting Legs & Wall Flanges 
",https://www.jaquar.com/en/single-lever-exposed-hand-shower-mixer-vignette-prime?Id=3827,"Vignette Prime, VGP-ABR-81149, Antique Bronze"
Faucets,Vignette Prime,3827,Single Lever Exposed Shower Mixer,Variant,2068,Single Lever Exposed Shower Mixer - Antique Copper,VGP-ACR-81149,Antique Copper,https://www.jaquar.com/images/thumbs/0057252_single-lever-exposed-shower-mixer-antique-copper_960.jpeg,9550.00,"Single Lever Exposed Shower Mixer for Connection to Hand Shower with Connecting Legs & Wall Flanges 
",https://www.jaquar.com/en/single-lever-exposed-hand-shower-mixer-vignette-prime?Id=3827,"Vignette Prime, VGP-ACR-81149, Antique Copper"
Faucets,Vignette Prime,3827,Single Lever Exposed Shower Mixer,Variant,2068,Single Lever Exposed Shower Mixer - Black Chrome,VGP-BCH-81149,Black Chrome,https://www.jaquar.com/images/thumbs/0054858_single-lever-exposed-shower-mixer-black-chrome_960.jpeg,8350.00,"Single Lever Exposed Shower Mixer for Connection to Hand Shower with Connecting Legs & Wall Flanges 
",https://www.jaquar.com/en/single-lever-exposed-hand-shower-mixer-vignette-prime?Id=3827,"Vignette Prime, VGP-BCH-81149, Black Chrome"
Faucets,Vignette Prime,3827,Single Lever Exposed Shower Mixer,Variant,2068,Single Lever Exposed Shower Mixer - Black Matt,VGP-BLM-81149,Black Matt,https://www.jaquar.com/images/thumbs/0054686_single-lever-exposed-shower-mixer-black-matt_960.jpeg,8350.00,"Single Lever Exposed Shower Mixer for Connection to Hand Shower with Connecting Legs & Wall Flanges 
",https://www.jaquar.com/en/single-lever-exposed-hand-shower-mixer-vignette-prime?Id=3827,"Vignette Prime, VGP-BLM-81149, Black Matt"
Faucets,Vignette Prime,3827,Single Lever Exposed Shower Mixer,Variant,2068,Single Lever Exposed Shower Mixer - Graphite,VGP-GRF-81149,Graphite,https://www.jaquar.com/images/thumbs/0054692_single-lever-exposed-shower-mixer-graphite_960.jpeg,9550.00,"Single Lever Exposed Shower Mixer for Connection to Hand Shower with Connecting Legs & Wall Flanges 
",https://www.jaquar.com/en/single-lever-exposed-hand-shower-mixer-vignette-prime?Id=3827,"Vignette Prime, VGP-GRF-81149, Graphite"
Faucets,Vignette Prime,3827,Single Lever Exposed Shower Mixer,Variant,2068,Single Lever Exposed Shower Mixer - Stainless Steel,VGP-SSF-81149,Stainless Steel,https://www.jaquar.com/images/thumbs/0059432_single-lever-exposed-shower-mixer-stainless-steel_960.jpeg,9550.00,"Single Lever Exposed Shower Mixer for Connection to Hand Shower with Connecting Legs & Wall Flanges 
",https://www.jaquar.com/en/single-lever-exposed-hand-shower-mixer-vignette-prime?Id=3827,"Vignette Prime, VGP-SSF-81149, Stainless Steel"
Faucets,Vignette Prime,3828,Single Lever Exposed Shower Mixer,Parent,2068,Single Lever Exposed Shower Mixer - Chrome,VGP-CHR-81149,Chrome,https://www.jaquar.com/images/thumbs/0060398_single-lever-exposed-shower-mixer-chrome_960.jpeg,5800.00,"Single Lever Exposed Shower Mixer for Connection to Hand Shower with Connecting Legs & Wall Flanges 
",https://www.jaquar.com/en/single-lever-exposed-hand-shower-mixer-vignette-prime?Id=3828,"Vignette Prime, VGP-CHR-81149, Chrome"
Faucets,Vignette Prime,3828,Single Lever Exposed Shower Mixer,Variant,2068,Single Lever Exposed Shower Mixer - Antique Bronze,VGP-ABR-81149,Antique Bronze,https://www.jaquar.com/images/thumbs/0054850_single-lever-exposed-shower-mixer-antique-bronze_960.jpeg,9550.00,"Single Lever Exposed Shower Mixer for Connection to Hand Shower with Connecting Legs & Wall Flanges 
",https://www.jaquar.com/en/single-lever-exposed-hand-shower-mixer-vignette-prime?Id=3828,"Vignette Prime, VGP-ABR-81149, Antique Bronze"
Faucets,Vignette Prime,3828,Single Lever Exposed Shower Mixer,Variant,2068,Single Lever Exposed Shower Mixer - Antique Copper,VGP-ACR-81149,Antique Copper,https://www.jaquar.com/images/thumbs/0057252_single-lever-exposed-shower-mixer-antique-copper_960.jpeg,9550.00,"Single Lever Exposed Shower Mixer for Connection to Hand Shower with Connecting Legs & Wall Flanges 
",https://www.jaquar.com/en/single-lever-exposed-hand-shower-mixer-vignette-prime?Id=3828,"Vignette Prime, VGP-ACR-81149, Antique Copper"
Faucets,Vignette Prime,3828,Single Lever Exposed Shower Mixer,Variant,2068,Single Lever Exposed Shower Mixer - Black Chrome,VGP-BCH-81149,Black Chrome,https://www.jaquar.com/images/thumbs/0054858_single-lever-exposed-shower-mixer-black-chrome_960.jpeg,8350.00,"Single Lever Exposed Shower Mixer for Connection to Hand Shower with Connecting Legs & Wall Flanges 
",https://www.jaquar.com/en/single-lever-exposed-hand-shower-mixer-vignette-prime?Id=3828,"Vignette Prime, VGP-BCH-81149, Black Chrome"
Faucets,Vignette Prime,3828,Single Lever Exposed Shower Mixer,Variant,2068,Single Lever Exposed Shower Mixer - Black Matt,VGP-BLM-81149,Black Matt,https://www.jaquar.com/images/thumbs/0054686_single-lever-exposed-shower-mixer-black-matt_960.jpeg,8350.00,"Single Lever Exposed Shower Mixer for Connection to Hand Shower with Connecting Legs & Wall Flanges 
",https://www.jaquar.com/en/single-lever-exposed-hand-shower-mixer-vignette-prime?Id=3828,"Vignette Prime, VGP-BLM-81149, Black Matt"
Faucets,Vignette Prime,3828,Single Lever Exposed Shower Mixer,Variant,2068,Single Lever Exposed Shower Mixer - Graphite,VGP-GRF-81149,Graphite,https://www.jaquar.com/images/thumbs/0054692_single-lever-exposed-shower-mixer-graphite_960.jpeg,9550.00,"Single Lever Exposed Shower Mixer for Connection to Hand Shower with Connecting Legs & Wall Flanges 
",https://www.jaquar.com/en/single-lever-exposed-hand-shower-mixer-vignette-prime?Id=3828,"Vignette Prime, VGP-GRF-81149, Graphite"
Faucets,Vignette Prime,3828,Single Lever Exposed Shower Mixer,Variant,2068,Single Lever Exposed Shower Mixer - Stainless Steel,VGP-SSF-81149,Stainless Steel,https://www.jaquar.com/images/thumbs/0059432_single-lever-exposed-shower-mixer-stainless-steel_960.jpeg,9550.00,"Single Lever Exposed Shower Mixer for Connection to Hand Shower with Connecting Legs & Wall Flanges 
",https://www.jaquar.com/en/single-lever-exposed-hand-shower-mixer-vignette-prime?Id=3828,"Vignette Prime, VGP-SSF-81149, Stainless Steel"
Faucets,Vignette Prime,3824,Single Lever Exposed Shower Mixer,Parent,2068,Single Lever Exposed Shower Mixer - Chrome,VGP-CHR-81149,Chrome,https://www.jaquar.com/images/thumbs/0060398_single-lever-exposed-shower-mixer-chrome_960.jpeg,5800.00,"Single Lever Exposed Shower Mixer for Connection to Hand Shower with Connecting Legs & Wall Flanges 
",https://www.jaquar.com/en/single-lever-exposed-hand-shower-mixer-vignette-prime?Id=3824,"Vignette Prime, VGP-CHR-81149, Chrome"
Faucets,Vignette Prime,3824,Single Lever Exposed Shower Mixer,Variant,2068,Single Lever Exposed Shower Mixer - Antique Bronze,VGP-ABR-81149,Antique Bronze,https://www.jaquar.com/images/thumbs/0054850_single-lever-exposed-shower-mixer-antique-bronze_960.jpeg,9550.00,"Single Lever Exposed Shower Mixer for Connection to Hand Shower with Connecting Legs & Wall Flanges 
",https://www.jaquar.com/en/single-lever-exposed-hand-shower-mixer-vignette-prime?Id=3824,"Vignette Prime, VGP-ABR-81149, Antique Bronze"
Faucets,Vignette Prime,3824,Single Lever Exposed Shower Mixer,Variant,2068,Single Lever Exposed Shower Mixer - Antique Copper,VGP-ACR-81149,Antique Copper,https://www.jaquar.com/images/thumbs/0057252_single-lever-exposed-shower-mixer-antique-copper_960.jpeg,9550.00,"Single Lever Exposed Shower Mixer for Connection to Hand Shower with Connecting Legs & Wall Flanges 
",https://www.jaquar.com/en/single-lever-exposed-hand-shower-mixer-vignette-prime?Id=3824,"Vignette Prime, VGP-ACR-81149, Antique Copper"
Faucets,Vignette Prime,3824,Single Lever Exposed Shower Mixer,Variant,2068,Single Lever Exposed Shower Mixer - Black Chrome,VGP-BCH-81149,Black Chrome,https://www.jaquar.com/images/thumbs/0054858_single-lever-exposed-shower-mixer-black-chrome_960.jpeg,8350.00,"Single Lever Exposed Shower Mixer for Connection to Hand Shower with Connecting Legs & Wall Flanges 
",https://www.jaquar.com/en/single-lever-exposed-hand-shower-mixer-vignette-prime?Id=3824,"Vignette Prime, VGP-BCH-81149, Black Chrome"
Faucets,Vignette Prime,3824,Single Lever Exposed Shower Mixer,Variant,2068,Single Lever Exposed Shower Mixer - Black Matt,VGP-BLM-81149,Black Matt,https://www.jaquar.com/images/thumbs/0054686_single-lever-exposed-shower-mixer-black-matt_960.jpeg,8350.00,"Single Lever Exposed Shower Mixer for Connection to Hand Shower with Connecting Legs & Wall Flanges 
",https://www.jaquar.com/en/single-lever-exposed-hand-shower-mixer-vignette-prime?Id=3824,"Vignette Prime, VGP-BLM-81149, Black Matt"
Faucets,Vignette Prime,3824,Single Lever Exposed Shower Mixer,Variant,2068,Single Lever Exposed Shower Mixer - Graphite,VGP-GRF-81149,Graphite,https://www.jaquar.com/images/thumbs/0054692_single-lever-exposed-shower-mixer-graphite_960.jpeg,9550.00,"Single Lever Exposed Shower Mixer for Connection to Hand Shower with Connecting Legs & Wall Flanges 
",https://www.jaquar.com/en/single-lever-exposed-hand-shower-mixer-vignette-prime?Id=3824,"Vignette Prime, VGP-GRF-81149, Graphite"
Faucets,Vignette Prime,3824,Single Lever Exposed Shower Mixer,Variant,2068,Single Lever Exposed Shower Mixer - Stainless Steel,VGP-SSF-81149,Stainless Steel,https://www.jaquar.com/images/thumbs/0059432_single-lever-exposed-shower-mixer-stainless-steel_960.jpeg,9550.00,"Single Lever Exposed Shower Mixer for Connection to Hand Shower with Connecting Legs & Wall Flanges 
",https://www.jaquar.com/en/single-lever-exposed-hand-shower-mixer-vignette-prime?Id=3824,"Vignette Prime, VGP-SSF-81149, Stainless Steel"
Faucets,Vignette Prime,3831,Single Lever Exposed Shower Mixer,Parent,2068,Single Lever Exposed Shower Mixer - Chrome,VGP-CHR-81149,Chrome,https://www.jaquar.com/images/thumbs/0060398_single-lever-exposed-shower-mixer-chrome_960.jpeg,5800.00,"Single Lever Exposed Shower Mixer for Connection to Hand Shower with Connecting Legs & Wall Flanges 
",https://www.jaquar.com/en/single-lever-exposed-hand-shower-mixer-vignette-prime?Id=3831,"Vignette Prime, VGP-CHR-81149, Chrome"
Faucets,Vignette Prime,3831,Single Lever Exposed Shower Mixer,Variant,2068,Single Lever Exposed Shower Mixer - Antique Bronze,VGP-ABR-81149,Antique Bronze,https://www.jaquar.com/images/thumbs/0054850_single-lever-exposed-shower-mixer-antique-bronze_960.jpeg,9550.00,"Single Lever Exposed Shower Mixer for Connection to Hand Shower with Connecting Legs & Wall Flanges 
",https://www.jaquar.com/en/single-lever-exposed-hand-shower-mixer-vignette-prime?Id=3831,"Vignette Prime, VGP-ABR-81149, Antique Bronze"
Faucets,Vignette Prime,3831,Single Lever Exposed Shower Mixer,Variant,2068,Single Lever Exposed Shower Mixer - Antique Copper,VGP-ACR-81149,Antique Copper,https://www.jaquar.com/images/thumbs/0057252_single-lever-exposed-shower-mixer-antique-copper_960.jpeg,9550.00,"Single Lever Exposed Shower Mixer for Connection to Hand Shower with Connecting Legs & Wall Flanges 
",https://www.jaquar.com/en/single-lever-exposed-hand-shower-mixer-vignette-prime?Id=3831,"Vignette Prime, VGP-ACR-81149, Antique Copper"
Faucets,Vignette Prime,3831,Single Lever Exposed Shower Mixer,Variant,2068,Single Lever Exposed Shower Mixer - Black Chrome,VGP-BCH-81149,Black Chrome,https://www.jaquar.com/images/thumbs/0054858_single-lever-exposed-shower-mixer-black-chrome_960.jpeg,8350.00,"Single Lever Exposed Shower Mixer for Connection to Hand Shower with Connecting Legs & Wall Flanges 
",https://www.jaquar.com/en/single-lever-exposed-hand-shower-mixer-vignette-prime?Id=3831,"Vignette Prime, VGP-BCH-81149, Black Chrome"
Faucets,Vignette Prime,3831,Single Lever Exposed Shower Mixer,Variant,2068,Single Lever Exposed Shower Mixer - Black Matt,VGP-BLM-81149,Black Matt,https://www.jaquar.com/images/thumbs/0054686_single-lever-exposed-shower-mixer-black-matt_960.jpeg,8350.00,"Single Lever Exposed Shower Mixer for Connection to Hand Shower with Connecting Legs & Wall Flanges 
",https://www.jaquar.com/en/single-lever-exposed-hand-shower-mixer-vignette-prime?Id=3831,"Vignette Prime, VGP-BLM-81149, Black Matt"
Faucets,Vignette Prime,3831,Single Lever Exposed Shower Mixer,Variant,2068,Single Lever Exposed Shower Mixer - Graphite,VGP-GRF-81149,Graphite,https://www.jaquar.com/images/thumbs/0054692_single-lever-exposed-shower-mixer-graphite_960.jpeg,9550.00,"Single Lever Exposed Shower Mixer for Connection to Hand Shower with Connecting Legs & Wall Flanges 
",https://www.jaquar.com/en/single-lever-exposed-hand-shower-mixer-vignette-prime?Id=3831,"Vignette Prime, VGP-GRF-81149, Graphite"
Faucets,Vignette Prime,3831,Single Lever Exposed Shower Mixer,Variant,2068,Single Lever Exposed Shower Mixer - Stainless Steel,VGP-SSF-81149,Stainless Steel,https://www.jaquar.com/images/thumbs/0059432_single-lever-exposed-shower-mixer-stainless-steel_960.jpeg,9550.00,"Single Lever Exposed Shower Mixer for Connection to Hand Shower with Connecting Legs & Wall Flanges 
",https://www.jaquar.com/en/single-lever-exposed-hand-shower-mixer-vignette-prime?Id=3831,"Vignette Prime, VGP-SSF-81149, Stainless Steel"
Faucets,Vignette Prime,3832,Single Lever Exposed Shower Mixer,Parent,2068,Single Lever Exposed Shower Mixer - Chrome,VGP-CHR-81149,Chrome,https://www.jaquar.com/images/thumbs/0060398_single-lever-exposed-shower-mixer-chrome_960.jpeg,5800.00,"Single Lever Exposed Shower Mixer for Connection to Hand Shower with Connecting Legs & Wall Flanges 
",https://www.jaquar.com/en/single-lever-exposed-hand-shower-mixer-vignette-prime?Id=3832,"Vignette Prime, VGP-CHR-81149, Chrome"
Faucets,Vignette Prime,3832,Single Lever Exposed Shower Mixer,Variant,2068,Single Lever Exposed Shower Mixer - Antique Bronze,VGP-ABR-81149,Antique Bronze,https://www.jaquar.com/images/thumbs/0054850_single-lever-exposed-shower-mixer-antique-bronze_960.jpeg,9550.00,"Single Lever Exposed Shower Mixer for Connection to Hand Shower with Connecting Legs & Wall Flanges 
",https://www.jaquar.com/en/single-lever-exposed-hand-shower-mixer-vignette-prime?Id=3832,"Vignette Prime, VGP-ABR-81149, Antique Bronze"
Faucets,Vignette Prime,3832,Single Lever Exposed Shower Mixer,Variant,2068,Single Lever Exposed Shower Mixer - Antique Copper,VGP-ACR-81149,Antique Copper,https://www.jaquar.com/images/thumbs/0057252_single-lever-exposed-shower-mixer-antique-copper_960.jpeg,9550.00,"Single Lever Exposed Shower Mixer for Connection to Hand Shower with Connecting Legs & Wall Flanges 
",https://www.jaquar.com/en/single-lever-exposed-hand-shower-mixer-vignette-prime?Id=3832,"Vignette Prime, VGP-ACR-81149, Antique Copper"
Faucets,Vignette Prime,3832,Single Lever Exposed Shower Mixer,Variant,2068,Single Lever Exposed Shower Mixer - Black Chrome,VGP-BCH-81149,Black Chrome,https://www.jaquar.com/images/thumbs/0054858_single-lever-exposed-shower-mixer-black-chrome_960.jpeg,8350.00,"Single Lever Exposed Shower Mixer for Connection to Hand Shower with Connecting Legs & Wall Flanges 
",https://www.jaquar.com/en/single-lever-exposed-hand-shower-mixer-vignette-prime?Id=3832,"Vignette Prime, VGP-BCH-81149, Black Chrome"
Faucets,Vignette Prime,3832,Single Lever Exposed Shower Mixer,Variant,2068,Single Lever Exposed Shower Mixer - Black Matt,VGP-BLM-81149,Black Matt,https://www.jaquar.com/images/thumbs/0054686_single-lever-exposed-shower-mixer-black-matt_960.jpeg,8350.00,"Single Lever Exposed Shower Mixer for Connection to Hand Shower with Connecting Legs & Wall Flanges 
",https://www.jaquar.com/en/single-lever-exposed-hand-shower-mixer-vignette-prime?Id=3832,"Vignette Prime, VGP-BLM-81149, Black Matt"
Faucets,Vignette Prime,3832,Single Lever Exposed Shower Mixer,Variant,2068,Single Lever Exposed Shower Mixer - Graphite,VGP-GRF-81149,Graphite,https://www.jaquar.com/images/thumbs/0054692_single-lever-exposed-shower-mixer-graphite_960.jpeg,9550.00,"Single Lever Exposed Shower Mixer for Connection to Hand Shower with Connecting Legs & Wall Flanges 
",https://www.jaquar.com/en/single-lever-exposed-hand-shower-mixer-vignette-prime?Id=3832,"Vignette Prime, VGP-GRF-81149, Graphite"
Faucets,Vignette Prime,3832,Single Lever Exposed Shower Mixer,Variant,2068,Single Lever Exposed Shower Mixer - Stainless Steel,VGP-SSF-81149,Stainless Steel,https://www.jaquar.com/images/thumbs/0059432_single-lever-exposed-shower-mixer-stainless-steel_960.jpeg,9550.00,"Single Lever Exposed Shower Mixer for Connection to Hand Shower with Connecting Legs & Wall Flanges 
",https://www.jaquar.com/en/single-lever-exposed-hand-shower-mixer-vignette-prime?Id=3832,"Vignette Prime, VGP-SSF-81149, Stainless Steel"
Faucets,Vignette Prime,3946,Single Lever Exposed Parts Kit of Deusch Mixer,Parent,941,Single Lever Exposed Parts Kit of Deusch Mixer - Chrome,VGP-CHR-81227K,Chrome,https://www.jaquar.com/images/thumbs/0059498_single-lever-exposed-parts-kit-of-deusch-mixer-chrome_960.jpeg,1675.00,"Single Lever Exposed Parts Kit of Deusch Mixer Consisting of Operating Lever, Cartridge Sleeve & Wall Flange with Seals (Compatible with ALD-227 or ALD-229)
",https://www.jaquar.com/en/vignette-chrome-deusch-shower-mixer?Id=3946,"Vignette Prime, VGP-CHR-81227K, Chrome"
Faucets,Vignette Prime,3946,Single Lever Exposed Parts Kit of Deusch Mixer,Variant,941,Single Lever Exposed Parts Kit of Deusch Mixer - Antique Bronze,VGP-ABR-81227K,Antique Bronze,https://www.jaquar.com/images/thumbs/0059598_single-lever-exposed-parts-kit-of-deusch-mixer-antique-bronze_960.jpeg,3225.00,"Single Lever Exposed Parts Kit of Deusch Mixer Consisting of Operating Lever, Cartridge Sleeve & Wall Flange with Seals (Compatible with ALD-227 or ALD-229)
",https://www.jaquar.com/en/vignette-chrome-deusch-shower-mixer?Id=3946,"Vignette Prime, VGP-ABR-81227K, Antique Bronze"
Faucets,Vignette Prime,3946,Single Lever Exposed Parts Kit of Deusch Mixer,Variant,941,Single Lever Exposed Parts Kit of Deusch Mixer - Antique Copper,VGP-ACR-81227K,Antique Copper,https://www.jaquar.com/images/thumbs/0060359_single-lever-exposed-parts-kit-of-deusch-mixer-antique-copper_960.jpeg,3225.00,"Single Lever Exposed Parts Kit of Deusch Mixer Consisting of Operating Lever, Cartridge Sleeve & Wall Flange with Seals (Compatible with ALD-227 or ALD-229)
",https://www.jaquar.com/en/vignette-chrome-deusch-shower-mixer?Id=3946,"Vignette Prime, VGP-ACR-81227K, Antique Copper"
Faucets,Vignette Prime,3946,Single Lever Exposed Parts Kit of Deusch Mixer,Variant,941,Single Lever Exposed Parts Kit of Deusch Mixer - Black Chrome,VGP-BCH-81227K,Black Chrome,https://www.jaquar.com/images/thumbs/0060564_single-lever-exposed-parts-kit-of-deusch-mixer-black-chrome_960.jpeg,2550.00,"Single Lever Exposed Parts Kit of Deusch Mixer Consisting of Operating Lever, Cartridge Sleeve & Wall Flange with Seals (Compatible with ALD-227 or ALD-229)
",https://www.jaquar.com/en/vignette-chrome-deusch-shower-mixer?Id=3946,"Vignette Prime, VGP-BCH-81227K, Black Chrome"
Faucets,Vignette Prime,3946,Single Lever Exposed Parts Kit of Deusch Mixer,Variant,941,Single Lever Exposed Parts Kit of Deusch Mixer - Black Matt,VGP-BLM-81227K,Black Matt,https://www.jaquar.com/images/thumbs/0060563_single-lever-exposed-parts-kit-of-deusch-mixer-black-matt_960.jpeg,2550.00,"Single Lever Exposed Parts Kit of Deusch Mixer Consisting of Operating Lever, Cartridge Sleeve & Wall Flange with Seals (Compatible with ALD-227 or ALD-229)
",https://www.jaquar.com/en/vignette-chrome-deusch-shower-mixer?Id=3946,"Vignette Prime, VGP-BLM-81227K, Black Matt"
Faucets,Vignette Prime,3946,Single Lever Exposed Parts Kit of Deusch Mixer,Variant,941,Single Lever Exposed Parts Kit of Deusch Mixer - Graphite,VGP-GRF-81227K,Graphite,https://www.jaquar.com/images/thumbs/0059494_single-lever-exposed-parts-kit-of-deusch-mixer-graphite_960.jpeg,3225.00,"Single Lever Exposed Parts Kit of Deusch Mixer Consisting of Operating Lever, Cartridge Sleeve & Wall Flange with Seals (Compatible with ALD-227 or ALD-229)
",https://www.jaquar.com/en/vignette-chrome-deusch-shower-mixer?Id=3946,"Vignette Prime, VGP-GRF-81227K, Graphite"
Faucets,Vignette Prime,3946,Single Lever Exposed Parts Kit of Deusch Mixer,Variant,941,Single Lever Exposed Parts Kit of Deusch Mixer - Stainless Steel,VGP-SSF-81227K,Stainless Steel,https://www.jaquar.com/images/thumbs/0059490_single-lever-exposed-parts-kit-of-deusch-mixer-stainless-steel_960.jpeg,3225.00,"Single Lever Exposed Parts Kit of Deusch Mixer Consisting of Operating Lever, Cartridge Sleeve & Wall Flange with Seals (Compatible with ALD-227 or ALD-229)
",https://www.jaquar.com/en/vignette-chrome-deusch-shower-mixer?Id=3946,"Vignette Prime, VGP-SSF-81227K, Stainless Steel"
Faucets,Vignette Prime,3948,Single Lever Exposed Parts Kit of Deusch Mixer,Parent,941,Single Lever Exposed Parts Kit of Deusch Mixer - Chrome,VGP-CHR-81227K,Chrome,https://www.jaquar.com/images/thumbs/0059498_single-lever-exposed-parts-kit-of-deusch-mixer-chrome_960.jpeg,1675.00,"Single Lever Exposed Parts Kit of Deusch Mixer Consisting of Operating Lever, Cartridge Sleeve & Wall Flange with Seals (Compatible with ALD-227 or ALD-229)
",https://www.jaquar.com/en/vignette-chrome-deusch-shower-mixer?Id=3948,"Vignette Prime, VGP-CHR-81227K, Chrome"
Faucets,Vignette Prime,3948,Single Lever Exposed Parts Kit of Deusch Mixer,Variant,941,Single Lever Exposed Parts Kit of Deusch Mixer - Antique Bronze,VGP-ABR-81227K,Antique Bronze,https://www.jaquar.com/images/thumbs/0059598_single-lever-exposed-parts-kit-of-deusch-mixer-antique-bronze_960.jpeg,3225.00,"Single Lever Exposed Parts Kit of Deusch Mixer Consisting of Operating Lever, Cartridge Sleeve & Wall Flange with Seals (Compatible with ALD-227 or ALD-229)
",https://www.jaquar.com/en/vignette-chrome-deusch-shower-mixer?Id=3948,"Vignette Prime, VGP-ABR-81227K, Antique Bronze"
Faucets,Vignette Prime,3948,Single Lever Exposed Parts Kit of Deusch Mixer,Variant,941,Single Lever Exposed Parts Kit of Deusch Mixer - Antique Copper,VGP-ACR-81227K,Antique Copper,https://www.jaquar.com/images/thumbs/0060359_single-lever-exposed-parts-kit-of-deusch-mixer-antique-copper_960.jpeg,3225.00,"Single Lever Exposed Parts Kit of Deusch Mixer Consisting of Operating Lever, Cartridge Sleeve & Wall Flange with Seals (Compatible with ALD-227 or ALD-229)
",https://www.jaquar.com/en/vignette-chrome-deusch-shower-mixer?Id=3948,"Vignette Prime, VGP-ACR-81227K, Antique Copper"
Faucets,Vignette Prime,3948,Single Lever Exposed Parts Kit of Deusch Mixer,Variant,941,Single Lever Exposed Parts Kit of Deusch Mixer - Black Chrome,VGP-BCH-81227K,Black Chrome,https://www.jaquar.com/images/thumbs/0060564_single-lever-exposed-parts-kit-of-deusch-mixer-black-chrome_960.jpeg,2550.00,"Single Lever Exposed Parts Kit of Deusch Mixer Consisting of Operating Lever, Cartridge Sleeve & Wall Flange with Seals (Compatible with ALD-227 or ALD-229)
",https://www.jaquar.com/en/vignette-chrome-deusch-shower-mixer?Id=3948,"Vignette Prime, VGP-BCH-81227K, Black Chrome"
Faucets,Vignette Prime,3948,Single Lever Exposed Parts Kit of Deusch Mixer,Variant,941,Single Lever Exposed Parts Kit of Deusch Mixer - Black Matt,VGP-BLM-81227K,Black Matt,https://www.jaquar.com/images/thumbs/0060563_single-lever-exposed-parts-kit-of-deusch-mixer-black-matt_960.jpeg,2550.00,"Single Lever Exposed Parts Kit of Deusch Mixer Consisting of Operating Lever, Cartridge Sleeve & Wall Flange with Seals (Compatible with ALD-227 or ALD-229)
",https://www.jaquar.com/en/vignette-chrome-deusch-shower-mixer?Id=3948,"Vignette Prime, VGP-BLM-81227K, Black Matt"
Faucets,Vignette Prime,3948,Single Lever Exposed Parts Kit of Deusch Mixer,Variant,941,Single Lever Exposed Parts Kit of Deusch Mixer - Graphite,VGP-GRF-81227K,Graphite,https://www.jaquar.com/images/thumbs/0059494_single-lever-exposed-parts-kit-of-deusch-mixer-graphite_960.jpeg,3225.00,"Single Lever Exposed Parts Kit of Deusch Mixer Consisting of Operating Lever, Cartridge Sleeve & Wall Flange with Seals (Compatible with ALD-227 or ALD-229)
",https://www.jaquar.com/en/vignette-chrome-deusch-shower-mixer?Id=3948,"Vignette Prime, VGP-GRF-81227K, Graphite"
Faucets,Vignette Prime,3948,Single Lever Exposed Parts Kit of Deusch Mixer,Variant,941,Single Lever Exposed Parts Kit of Deusch Mixer - Stainless Steel,VGP-SSF-81227K,Stainless Steel,https://www.jaquar.com/images/thumbs/0059490_single-lever-exposed-parts-kit-of-deusch-mixer-stainless-steel_960.jpeg,3225.00,"Single Lever Exposed Parts Kit of Deusch Mixer Consisting of Operating Lever, Cartridge Sleeve & Wall Flange with Seals (Compatible with ALD-227 or ALD-229)
",https://www.jaquar.com/en/vignette-chrome-deusch-shower-mixer?Id=3948,"Vignette Prime, VGP-SSF-81227K, Stainless Steel"
Faucets,Vignette Prime,3951,Single Lever Exposed Parts Kit of Deusch Mixer,Parent,941,Single Lever Exposed Parts Kit of Deusch Mixer - Chrome,VGP-CHR-81227K,Chrome,https://www.jaquar.com/images/thumbs/0059498_single-lever-exposed-parts-kit-of-deusch-mixer-chrome_960.jpeg,1675.00,"Single Lever Exposed Parts Kit of Deusch Mixer Consisting of Operating Lever, Cartridge Sleeve & Wall Flange with Seals (Compatible with ALD-227 or ALD-229)
",https://www.jaquar.com/en/vignette-chrome-deusch-shower-mixer?Id=3951,"Vignette Prime, VGP-CHR-81227K, Chrome"
Faucets,Vignette Prime,3951,Single Lever Exposed Parts Kit of Deusch Mixer,Variant,941,Single Lever Exposed Parts Kit of Deusch Mixer - Antique Bronze,VGP-ABR-81227K,Antique Bronze,https://www.jaquar.com/images/thumbs/0059598_single-lever-exposed-parts-kit-of-deusch-mixer-antique-bronze_960.jpeg,3225.00,"Single Lever Exposed Parts Kit of Deusch Mixer Consisting of Operating Lever, Cartridge Sleeve & Wall Flange with Seals (Compatible with ALD-227 or ALD-229)
",https://www.jaquar.com/en/vignette-chrome-deusch-shower-mixer?Id=3951,"Vignette Prime, VGP-ABR-81227K, Antique Bronze"
Faucets,Vignette Prime,3951,Single Lever Exposed Parts Kit of Deusch Mixer,Variant,941,Single Lever Exposed Parts Kit of Deusch Mixer - Antique Copper,VGP-ACR-81227K,Antique Copper,https://www.jaquar.com/images/thumbs/0060359_single-lever-exposed-parts-kit-of-deusch-mixer-antique-copper_960.jpeg,3225.00,"Single Lever Exposed Parts Kit of Deusch Mixer Consisting of Operating Lever, Cartridge Sleeve & Wall Flange with Seals (Compatible with ALD-227 or ALD-229)
",https://www.jaquar.com/en/vignette-chrome-deusch-shower-mixer?Id=3951,"Vignette Prime, VGP-ACR-81227K, Antique Copper"
Faucets,Vignette Prime,3951,Single Lever Exposed Parts Kit of Deusch Mixer,Variant,941,Single Lever Exposed Parts Kit of Deusch Mixer - Black Chrome,VGP-BCH-81227K,Black Chrome,https://www.jaquar.com/images/thumbs/0060564_single-lever-exposed-parts-kit-of-deusch-mixer-black-chrome_960.jpeg,2550.00,"Single Lever Exposed Parts Kit of Deusch Mixer Consisting of Operating Lever, Cartridge Sleeve & Wall Flange with Seals (Compatible with ALD-227 or ALD-229)
",https://www.jaquar.com/en/vignette-chrome-deusch-shower-mixer?Id=3951,"Vignette Prime, VGP-BCH-81227K, Black Chrome"
Faucets,Vignette Prime,3951,Single Lever Exposed Parts Kit of Deusch Mixer,Variant,941,Single Lever Exposed Parts Kit of Deusch Mixer - Black Matt,VGP-BLM-81227K,Black Matt,https://www.jaquar.com/images/thumbs/0060563_single-lever-exposed-parts-kit-of-deusch-mixer-black-matt_960.jpeg,2550.00,"Single Lever Exposed Parts Kit of Deusch Mixer Consisting of Operating Lever, Cartridge Sleeve & Wall Flange with Seals (Compatible with ALD-227 or ALD-229)
",https://www.jaquar.com/en/vignette-chrome-deusch-shower-mixer?Id=3951,"Vignette Prime, VGP-BLM-81227K, Black Matt"
Faucets,Vignette Prime,3951,Single Lever Exposed Parts Kit of Deusch Mixer,Variant,941,Single Lever Exposed Parts Kit of Deusch Mixer - Graphite,VGP-GRF-81227K,Graphite,https://www.jaquar.com/images/thumbs/0059494_single-lever-exposed-parts-kit-of-deusch-mixer-graphite_960.jpeg,3225.00,"Single Lever Exposed Parts Kit of Deusch Mixer Consisting of Operating Lever, Cartridge Sleeve & Wall Flange with Seals (Compatible with ALD-227 or ALD-229)
",https://www.jaquar.com/en/vignette-chrome-deusch-shower-mixer?Id=3951,"Vignette Prime, VGP-GRF-81227K, Graphite"
Faucets,Vignette Prime,3951,Single Lever Exposed Parts Kit of Deusch Mixer,Variant,941,Single Lever Exposed Parts Kit of Deusch Mixer - Stainless Steel,VGP-SSF-81227K,Stainless Steel,https://www.jaquar.com/images/thumbs/0059490_single-lever-exposed-parts-kit-of-deusch-mixer-stainless-steel_960.jpeg,3225.00,"Single Lever Exposed Parts Kit of Deusch Mixer Consisting of Operating Lever, Cartridge Sleeve & Wall Flange with Seals (Compatible with ALD-227 or ALD-229)
",https://www.jaquar.com/en/vignette-chrome-deusch-shower-mixer?Id=3951,"Vignette Prime, VGP-SSF-81227K, Stainless Steel"
Faucets,Vignette Prime,3952,Single Lever Exposed Parts Kit of Deusch Mixer,Parent,941,Single Lever Exposed Parts Kit of Deusch Mixer - Chrome,VGP-CHR-81227K,Chrome,https://www.jaquar.com/images/thumbs/0059498_single-lever-exposed-parts-kit-of-deusch-mixer-chrome_960.jpeg,1675.00,"Single Lever Exposed Parts Kit of Deusch Mixer Consisting of Operating Lever, Cartridge Sleeve & Wall Flange with Seals (Compatible with ALD-227 or ALD-229)
",https://www.jaquar.com/en/vignette-chrome-deusch-shower-mixer?Id=3952,"Vignette Prime, VGP-CHR-81227K, Chrome"
Faucets,Vignette Prime,3952,Single Lever Exposed Parts Kit of Deusch Mixer,Variant,941,Single Lever Exposed Parts Kit of Deusch Mixer - Antique Bronze,VGP-ABR-81227K,Antique Bronze,https://www.jaquar.com/images/thumbs/0059598_single-lever-exposed-parts-kit-of-deusch-mixer-antique-bronze_960.jpeg,3225.00,"Single Lever Exposed Parts Kit of Deusch Mixer Consisting of Operating Lever, Cartridge Sleeve & Wall Flange with Seals (Compatible with ALD-227 or ALD-229)
",https://www.jaquar.com/en/vignette-chrome-deusch-shower-mixer?Id=3952,"Vignette Prime, VGP-ABR-81227K, Antique Bronze"
Faucets,Vignette Prime,3952,Single Lever Exposed Parts Kit of Deusch Mixer,Variant,941,Single Lever Exposed Parts Kit of Deusch Mixer - Antique Copper,VGP-ACR-81227K,Antique Copper,https://www.jaquar.com/images/thumbs/0060359_single-lever-exposed-parts-kit-of-deusch-mixer-antique-copper_960.jpeg,3225.00,"Single Lever Exposed Parts Kit of Deusch Mixer Consisting of Operating Lever, Cartridge Sleeve & Wall Flange with Seals (Compatible with ALD-227 or ALD-229)
",https://www.jaquar.com/en/vignette-chrome-deusch-shower-mixer?Id=3952,"Vignette Prime, VGP-ACR-81227K, Antique Copper"
Faucets,Vignette Prime,3952,Single Lever Exposed Parts Kit of Deusch Mixer,Variant,941,Single Lever Exposed Parts Kit of Deusch Mixer - Black Chrome,VGP-BCH-81227K,Black Chrome,https://www.jaquar.com/images/thumbs/0060564_single-lever-exposed-parts-kit-of-deusch-mixer-black-chrome_960.jpeg,2550.00,"Single Lever Exposed Parts Kit of Deusch Mixer Consisting of Operating Lever, Cartridge Sleeve & Wall Flange with Seals (Compatible with ALD-227 or ALD-229)
",https://www.jaquar.com/en/vignette-chrome-deusch-shower-mixer?Id=3952,"Vignette Prime, VGP-BCH-81227K, Black Chrome"
Faucets,Vignette Prime,3952,Single Lever Exposed Parts Kit of Deusch Mixer,Variant,941,Single Lever Exposed Parts Kit of Deusch Mixer - Black Matt,VGP-BLM-81227K,Black Matt,https://www.jaquar.com/images/thumbs/0060563_single-lever-exposed-parts-kit-of-deusch-mixer-black-matt_960.jpeg,2550.00,"Single Lever Exposed Parts Kit of Deusch Mixer Consisting of Operating Lever, Cartridge Sleeve & Wall Flange with Seals (Compatible with ALD-227 or ALD-229)
",https://www.jaquar.com/en/vignette-chrome-deusch-shower-mixer?Id=3952,"Vignette Prime, VGP-BLM-81227K, Black Matt"
Faucets,Vignette Prime,3952,Single Lever Exposed Parts Kit of Deusch Mixer,Variant,941,Single Lever Exposed Parts Kit of Deusch Mixer - Graphite,VGP-GRF-81227K,Graphite,https://www.jaquar.com/images/thumbs/0059494_single-lever-exposed-parts-kit-of-deusch-mixer-graphite_960.jpeg,3225.00,"Single Lever Exposed Parts Kit of Deusch Mixer Consisting of Operating Lever, Cartridge Sleeve & Wall Flange with Seals (Compatible with ALD-227 or ALD-229)
",https://www.jaquar.com/en/vignette-chrome-deusch-shower-mixer?Id=3952,"Vignette Prime, VGP-GRF-81227K, Graphite"
Faucets,Vignette Prime,3952,Single Lever Exposed Parts Kit of Deusch Mixer,Variant,941,Single Lever Exposed Parts Kit of Deusch Mixer - Stainless Steel,VGP-SSF-81227K,Stainless Steel,https://www.jaquar.com/images/thumbs/0059490_single-lever-exposed-parts-kit-of-deusch-mixer-stainless-steel_960.jpeg,3225.00,"Single Lever Exposed Parts Kit of Deusch Mixer Consisting of Operating Lever, Cartridge Sleeve & Wall Flange with Seals (Compatible with ALD-227 or ALD-229)
",https://www.jaquar.com/en/vignette-chrome-deusch-shower-mixer?Id=3952,"Vignette Prime, VGP-SSF-81227K, Stainless Steel"
Faucets,Vignette Prime,3944,Single Lever Exposed Parts Kit of Deusch Mixer,Parent,941,Single Lever Exposed Parts Kit of Deusch Mixer - Chrome,VGP-CHR-81227K,Chrome,https://www.jaquar.com/images/thumbs/0059498_single-lever-exposed-parts-kit-of-deusch-mixer-chrome_960.jpeg,1675.00,"Single Lever Exposed Parts Kit of Deusch Mixer Consisting of Operating Lever, Cartridge Sleeve & Wall Flange with Seals (Compatible with ALD-227 or ALD-229)
",https://www.jaquar.com/en/vignette-chrome-deusch-shower-mixer?Id=3944,"Vignette Prime, VGP-CHR-81227K, Chrome"
Faucets,Vignette Prime,3944,Single Lever Exposed Parts Kit of Deusch Mixer,Variant,941,Single Lever Exposed Parts Kit of Deusch Mixer - Antique Bronze,VGP-ABR-81227K,Antique Bronze,https://www.jaquar.com/images/thumbs/0059598_single-lever-exposed-parts-kit-of-deusch-mixer-antique-bronze_960.jpeg,3225.00,"Single Lever Exposed Parts Kit of Deusch Mixer Consisting of Operating Lever, Cartridge Sleeve & Wall Flange with Seals (Compatible with ALD-227 or ALD-229)
",https://www.jaquar.com/en/vignette-chrome-deusch-shower-mixer?Id=3944,"Vignette Prime, VGP-ABR-81227K, Antique Bronze"
Faucets,Vignette Prime,3944,Single Lever Exposed Parts Kit of Deusch Mixer,Variant,941,Single Lever Exposed Parts Kit of Deusch Mixer - Antique Copper,VGP-ACR-81227K,Antique Copper,https://www.jaquar.com/images/thumbs/0060359_single-lever-exposed-parts-kit-of-deusch-mixer-antique-copper_960.jpeg,3225.00,"Single Lever Exposed Parts Kit of Deusch Mixer Consisting of Operating Lever, Cartridge Sleeve & Wall Flange with Seals (Compatible with ALD-227 or ALD-229)
",https://www.jaquar.com/en/vignette-chrome-deusch-shower-mixer?Id=3944,"Vignette Prime, VGP-ACR-81227K, Antique Copper"
Faucets,Vignette Prime,3944,Single Lever Exposed Parts Kit of Deusch Mixer,Variant,941,Single Lever Exposed Parts Kit of Deusch Mixer - Black Chrome,VGP-BCH-81227K,Black Chrome,https://www.jaquar.com/images/thumbs/0060564_single-lever-exposed-parts-kit-of-deusch-mixer-black-chrome_960.jpeg,2550.00,"Single Lever Exposed Parts Kit of Deusch Mixer Consisting of Operating Lever, Cartridge Sleeve & Wall Flange with Seals (Compatible with ALD-227 or ALD-229)
",https://www.jaquar.com/en/vignette-chrome-deusch-shower-mixer?Id=3944,"Vignette Prime, VGP-BCH-81227K, Black Chrome"
Faucets,Vignette Prime,3944,Single Lever Exposed Parts Kit of Deusch Mixer,Variant,941,Single Lever Exposed Parts Kit of Deusch Mixer - Black Matt,VGP-BLM-81227K,Black Matt,https://www.jaquar.com/images/thumbs/0060563_single-lever-exposed-parts-kit-of-deusch-mixer-black-matt_960.jpeg,2550.00,"Single Lever Exposed Parts Kit of Deusch Mixer Consisting of Operating Lever, Cartridge Sleeve & Wall Flange with Seals (Compatible with ALD-227 or ALD-229)
",https://www.jaquar.com/en/vignette-chrome-deusch-shower-mixer?Id=3944,"Vignette Prime, VGP-BLM-81227K, Black Matt"
Faucets,Vignette Prime,3944,Single Lever Exposed Parts Kit of Deusch Mixer,Variant,941,Single Lever Exposed Parts Kit of Deusch Mixer - Graphite,VGP-GRF-81227K,Graphite,https://www.jaquar.com/images/thumbs/0059494_single-lever-exposed-parts-kit-of-deusch-mixer-graphite_960.jpeg,3225.00,"Single Lever Exposed Parts Kit of Deusch Mixer Consisting of Operating Lever, Cartridge Sleeve & Wall Flange with Seals (Compatible with ALD-227 or ALD-229)
",https://www.jaquar.com/en/vignette-chrome-deusch-shower-mixer?Id=3944,"Vignette Prime, VGP-GRF-81227K, Graphite"
Faucets,Vignette Prime,3944,Single Lever Exposed Parts Kit of Deusch Mixer,Variant,941,Single Lever Exposed Parts Kit of Deusch Mixer - Stainless Steel,VGP-SSF-81227K,Stainless Steel,https://www.jaquar.com/images/thumbs/0059490_single-lever-exposed-parts-kit-of-deusch-mixer-stainless-steel_960.jpeg,3225.00,"Single Lever Exposed Parts Kit of Deusch Mixer Consisting of Operating Lever, Cartridge Sleeve & Wall Flange with Seals (Compatible with ALD-227 or ALD-229)
",https://www.jaquar.com/en/vignette-chrome-deusch-shower-mixer?Id=3944,"Vignette Prime, VGP-SSF-81227K, Stainless Steel"
Faucets,Vignette Prime,3958,Single Lever Exposed Parts Kit of Deusch Mixer,Parent,941,Single Lever Exposed Parts Kit of Deusch Mixer - Chrome,VGP-CHR-81227K,Chrome,https://www.jaquar.com/images/thumbs/0059498_single-lever-exposed-parts-kit-of-deusch-mixer-chrome_960.jpeg,1675.00,"Single Lever Exposed Parts Kit of Deusch Mixer Consisting of Operating Lever, Cartridge Sleeve & Wall Flange with Seals (Compatible with ALD-227 or ALD-229)
",https://www.jaquar.com/en/vignette-chrome-deusch-shower-mixer?Id=3958,"Vignette Prime, VGP-CHR-81227K, Chrome"
Faucets,Vignette Prime,3958,Single Lever Exposed Parts Kit of Deusch Mixer,Variant,941,Single Lever Exposed Parts Kit of Deusch Mixer - Antique Bronze,VGP-ABR-81227K,Antique Bronze,https://www.jaquar.com/images/thumbs/0059598_single-lever-exposed-parts-kit-of-deusch-mixer-antique-bronze_960.jpeg,3225.00,"Single Lever Exposed Parts Kit of Deusch Mixer Consisting of Operating Lever, Cartridge Sleeve & Wall Flange with Seals (Compatible with ALD-227 or ALD-229)
",https://www.jaquar.com/en/vignette-chrome-deusch-shower-mixer?Id=3958,"Vignette Prime, VGP-ABR-81227K, Antique Bronze"
Faucets,Vignette Prime,3958,Single Lever Exposed Parts Kit of Deusch Mixer,Variant,941,Single Lever Exposed Parts Kit of Deusch Mixer - Antique Copper,VGP-ACR-81227K,Antique Copper,https://www.jaquar.com/images/thumbs/0060359_single-lever-exposed-parts-kit-of-deusch-mixer-antique-copper_960.jpeg,3225.00,"Single Lever Exposed Parts Kit of Deusch Mixer Consisting of Operating Lever, Cartridge Sleeve & Wall Flange with Seals (Compatible with ALD-227 or ALD-229)
",https://www.jaquar.com/en/vignette-chrome-deusch-shower-mixer?Id=3958,"Vignette Prime, VGP-ACR-81227K, Antique Copper"
Faucets,Vignette Prime,3958,Single Lever Exposed Parts Kit of Deusch Mixer,Variant,941,Single Lever Exposed Parts Kit of Deusch Mixer - Black Chrome,VGP-BCH-81227K,Black Chrome,https://www.jaquar.com/images/thumbs/0060564_single-lever-exposed-parts-kit-of-deusch-mixer-black-chrome_960.jpeg,2550.00,"Single Lever Exposed Parts Kit of Deusch Mixer Consisting of Operating Lever, Cartridge Sleeve & Wall Flange with Seals (Compatible with ALD-227 or ALD-229)
",https://www.jaquar.com/en/vignette-chrome-deusch-shower-mixer?Id=3958,"Vignette Prime, VGP-BCH-81227K, Black Chrome"
Faucets,Vignette Prime,3958,Single Lever Exposed Parts Kit of Deusch Mixer,Variant,941,Single Lever Exposed Parts Kit of Deusch Mixer - Black Matt,VGP-BLM-81227K,Black Matt,https://www.jaquar.com/images/thumbs/0060563_single-lever-exposed-parts-kit-of-deusch-mixer-black-matt_960.jpeg,2550.00,"Single Lever Exposed Parts Kit of Deusch Mixer Consisting of Operating Lever, Cartridge Sleeve & Wall Flange with Seals (Compatible with ALD-227 or ALD-229)
",https://www.jaquar.com/en/vignette-chrome-deusch-shower-mixer?Id=3958,"Vignette Prime, VGP-BLM-81227K, Black Matt"
Faucets,Vignette Prime,3958,Single Lever Exposed Parts Kit of Deusch Mixer,Variant,941,Single Lever Exposed Parts Kit of Deusch Mixer - Graphite,VGP-GRF-81227K,Graphite,https://www.jaquar.com/images/thumbs/0059494_single-lever-exposed-parts-kit-of-deusch-mixer-graphite_960.jpeg,3225.00,"Single Lever Exposed Parts Kit of Deusch Mixer Consisting of Operating Lever, Cartridge Sleeve & Wall Flange with Seals (Compatible with ALD-227 or ALD-229)
",https://www.jaquar.com/en/vignette-chrome-deusch-shower-mixer?Id=3958,"Vignette Prime, VGP-GRF-81227K, Graphite"
Faucets,Vignette Prime,3958,Single Lever Exposed Parts Kit of Deusch Mixer,Variant,941,Single Lever Exposed Parts Kit of Deusch Mixer - Stainless Steel,VGP-SSF-81227K,Stainless Steel,https://www.jaquar.com/images/thumbs/0059490_single-lever-exposed-parts-kit-of-deusch-mixer-stainless-steel_960.jpeg,3225.00,"Single Lever Exposed Parts Kit of Deusch Mixer Consisting of Operating Lever, Cartridge Sleeve & Wall Flange with Seals (Compatible with ALD-227 or ALD-229)
",https://www.jaquar.com/en/vignette-chrome-deusch-shower-mixer?Id=3958,"Vignette Prime, VGP-SSF-81227K, Stainless Steel"
Faucets,Vignette Prime,3960,Single Lever Exposed Parts Kit of Deusch Mixer,Parent,941,Single Lever Exposed Parts Kit of Deusch Mixer - Chrome,VGP-CHR-81227K,Chrome,https://www.jaquar.com/images/thumbs/0059498_single-lever-exposed-parts-kit-of-deusch-mixer-chrome_960.jpeg,1675.00,"Single Lever Exposed Parts Kit of Deusch Mixer Consisting of Operating Lever, Cartridge Sleeve & Wall Flange with Seals (Compatible with ALD-227 or ALD-229)
",https://www.jaquar.com/en/vignette-chrome-deusch-shower-mixer?Id=3960,"Vignette Prime, VGP-CHR-81227K, Chrome"
Faucets,Vignette Prime,3960,Single Lever Exposed Parts Kit of Deusch Mixer,Variant,941,Single Lever Exposed Parts Kit of Deusch Mixer - Antique Bronze,VGP-ABR-81227K,Antique Bronze,https://www.jaquar.com/images/thumbs/0059598_single-lever-exposed-parts-kit-of-deusch-mixer-antique-bronze_960.jpeg,3225.00,"Single Lever Exposed Parts Kit of Deusch Mixer Consisting of Operating Lever, Cartridge Sleeve & Wall Flange with Seals (Compatible with ALD-227 or ALD-229)
",https://www.jaquar.com/en/vignette-chrome-deusch-shower-mixer?Id=3960,"Vignette Prime, VGP-ABR-81227K, Antique Bronze"
Faucets,Vignette Prime,3960,Single Lever Exposed Parts Kit of Deusch Mixer,Variant,941,Single Lever Exposed Parts Kit of Deusch Mixer - Antique Copper,VGP-ACR-81227K,Antique Copper,https://www.jaquar.com/images/thumbs/0060359_single-lever-exposed-parts-kit-of-deusch-mixer-antique-copper_960.jpeg,3225.00,"Single Lever Exposed Parts Kit of Deusch Mixer Consisting of Operating Lever, Cartridge Sleeve & Wall Flange with Seals (Compatible with ALD-227 or ALD-229)
",https://www.jaquar.com/en/vignette-chrome-deusch-shower-mixer?Id=3960,"Vignette Prime, VGP-ACR-81227K, Antique Copper"
Faucets,Vignette Prime,3960,Single Lever Exposed Parts Kit of Deusch Mixer,Variant,941,Single Lever Exposed Parts Kit of Deusch Mixer - Black Chrome,VGP-BCH-81227K,Black Chrome,https://www.jaquar.com/images/thumbs/0060564_single-lever-exposed-parts-kit-of-deusch-mixer-black-chrome_960.jpeg,2550.00,"Single Lever Exposed Parts Kit of Deusch Mixer Consisting of Operating Lever, Cartridge Sleeve & Wall Flange with Seals (Compatible with ALD-227 or ALD-229)
",https://www.jaquar.com/en/vignette-chrome-deusch-shower-mixer?Id=3960,"Vignette Prime, VGP-BCH-81227K, Black Chrome"
Faucets,Vignette Prime,3960,Single Lever Exposed Parts Kit of Deusch Mixer,Variant,941,Single Lever Exposed Parts Kit of Deusch Mixer - Black Matt,VGP-BLM-81227K,Black Matt,https://www.jaquar.com/images/thumbs/0060563_single-lever-exposed-parts-kit-of-deusch-mixer-black-matt_960.jpeg,2550.00,"Single Lever Exposed Parts Kit of Deusch Mixer Consisting of Operating Lever, Cartridge Sleeve & Wall Flange with Seals (Compatible with ALD-227 or ALD-229)
",https://www.jaquar.com/en/vignette-chrome-deusch-shower-mixer?Id=3960,"Vignette Prime, VGP-BLM-81227K, Black Matt"
Faucets,Vignette Prime,3960,Single Lever Exposed Parts Kit of Deusch Mixer,Variant,941,Single Lever Exposed Parts Kit of Deusch Mixer - Graphite,VGP-GRF-81227K,Graphite,https://www.jaquar.com/images/thumbs/0059494_single-lever-exposed-parts-kit-of-deusch-mixer-graphite_960.jpeg,3225.00,"Single Lever Exposed Parts Kit of Deusch Mixer Consisting of Operating Lever, Cartridge Sleeve & Wall Flange with Seals (Compatible with ALD-227 or ALD-229)
",https://www.jaquar.com/en/vignette-chrome-deusch-shower-mixer?Id=3960,"Vignette Prime, VGP-GRF-81227K, Graphite"
Faucets,Vignette Prime,3960,Single Lever Exposed Parts Kit of Deusch Mixer,Variant,941,Single Lever Exposed Parts Kit of Deusch Mixer - Stainless Steel,VGP-SSF-81227K,Stainless Steel,https://www.jaquar.com/images/thumbs/0059490_single-lever-exposed-parts-kit-of-deusch-mixer-stainless-steel_960.jpeg,3225.00,"Single Lever Exposed Parts Kit of Deusch Mixer Consisting of Operating Lever, Cartridge Sleeve & Wall Flange with Seals (Compatible with ALD-227 or ALD-229)
",https://www.jaquar.com/en/vignette-chrome-deusch-shower-mixer?Id=3960,"Vignette Prime, VGP-SSF-81227K, Stainless Steel"
Faucets,Vignette Prime,3915,Single Lever Exposed Parts Kit of Diverter,Parent,938,Single Lever Exposed Parts Kit of Diverter - Chrome,VGP-CHR-81065MK,Chrome,https://www.jaquar.com/images/thumbs/0059500_single-lever-exposed-parts-kit-of-diverter-chrome_960.jpeg,2550.00,"Single Lever Exposed Parts Kit of Diverter Consisting of Operating Lever, Cartridge Sleeve, Wall Flange (with Seals) & Button Assembly Sleeve & Button (Compatible with ALD-065M)",https://www.jaquar.com/en/vignette-divertor-chrome-plate_ald-065?Id=3915,"Vignette Prime, VGP-CHR-81065MK, Chrome"
Faucets,Vignette Prime,3915,Single Lever Exposed Parts Kit of Diverter,Variant,938,Single Lever Concealed Diverter - Antique Bronze,VGP-ABR-81065MK,Antique Bronze,https://www.jaquar.com/images/thumbs/0059601_single-lever-concealed-diverter-antique-bronze_960.jpeg,4200.00,"Single Lever Exposed Parts Kit of Diverter Consisting of Operating Lever, Cartridge Sleeve, Wall Flange (with Seals) & Button Assembly Sleeve & Button (Compatible with ALD-065M)",https://www.jaquar.com/en/vignette-divertor-chrome-plate_ald-065?Id=3915,"Vignette Prime, VGP-ABR-81065MK, Antique Bronze"
Faucets,Vignette Prime,3915,Single Lever Exposed Parts Kit of Diverter,Variant,938,Single Lever Concealed Diverter - Antique Copper,VGP-ACR-81065MK,Antique Copper,https://www.jaquar.com/images/thumbs/0059511_single-lever-concealed-diverter-antique-copper_960.jpeg,4200.00,"Single Lever Exposed Parts Kit of Diverter Consisting of Operating Lever, Cartridge Sleeve, Wall Flange (with Seals) & Button Assembly Sleeve & Button (Compatible with ALD-065M)",https://www.jaquar.com/en/vignette-divertor-chrome-plate_ald-065?Id=3915,"Vignette Prime, VGP-ACR-81065MK, Antique Copper"
Faucets,Vignette Prime,3915,Single Lever Exposed Parts Kit of Diverter,Variant,938,Single Lever Concealed Diverter - Black Chrome,VGP-BCH-81065MK,Black Chrome,https://www.jaquar.com/images/thumbs/0059506_single-lever-concealed-diverter-black-chrome_960.jpeg,3650.00,"Single Lever Exposed Parts Kit of Diverter Consisting of Operating Lever, Cartridge Sleeve, Wall Flange (with Seals) & Button Assembly Sleeve & Button (Compatible with ALD-065M)",https://www.jaquar.com/en/vignette-divertor-chrome-plate_ald-065?Id=3915,"Vignette Prime, VGP-BCH-81065MK, Black Chrome"
Faucets,Vignette Prime,3915,Single Lever Exposed Parts Kit of Diverter,Variant,938,Single Lever Concealed Diverter - Black Matt,VGP-BLM-81065MK,Black Matt,https://www.jaquar.com/images/thumbs/0059596_single-lever-concealed-diverter-black-matt_960.jpeg,3650.00,"Single Lever Exposed Parts Kit of Diverter Consisting of Operating Lever, Cartridge Sleeve, Wall Flange (with Seals) & Button Assembly Sleeve & Button (Compatible with ALD-065M)",https://www.jaquar.com/en/vignette-divertor-chrome-plate_ald-065?Id=3915,"Vignette Prime, VGP-BLM-81065MK, Black Matt"
Faucets,Vignette Prime,3915,Single Lever Exposed Parts Kit of Diverter,Variant,938,Single Lever Concealed Diverter - Graphite,VGP-GRF-81065MK,Graphite,https://www.jaquar.com/images/thumbs/0059496_single-lever-concealed-diverter-graphite_960.jpeg,4200.00,"Single Lever Exposed Parts Kit of Diverter Consisting of Operating Lever, Cartridge Sleeve, Wall Flange (with Seals) & Button Assembly Sleeve & Button (Compatible with ALD-065M)",https://www.jaquar.com/en/vignette-divertor-chrome-plate_ald-065?Id=3915,"Vignette Prime, VGP-GRF-81065MK, Graphite"
Faucets,Vignette Prime,3915,Single Lever Exposed Parts Kit of Diverter,Variant,938,Single Lever Concealed Diverter - Stainless Steel,VGP-SSF-81065MK,Stainless Steel,https://www.jaquar.com/images/thumbs/0059492_single-lever-concealed-diverter-stainless-steel_960.jpeg,4200.00,"Single Lever Exposed Parts Kit of Diverter Consisting of Operating Lever, Cartridge Sleeve, Wall Flange (with Seals) & Button Assembly Sleeve & Button (Compatible with ALD-065M)",https://www.jaquar.com/en/vignette-divertor-chrome-plate_ald-065?Id=3915,"Vignette Prime, VGP-SSF-81065MK, Stainless Steel"
Faucets,Vignette Prime,3916,Single Lever Exposed Parts Kit of Diverter,Parent,938,Single Lever Exposed Parts Kit of Diverter - Chrome,VGP-CHR-81065MK,Chrome,https://www.jaquar.com/images/thumbs/0059500_single-lever-exposed-parts-kit-of-diverter-chrome_960.jpeg,2550.00,"Single Lever Exposed Parts Kit of Diverter Consisting of Operating Lever, Cartridge Sleeve, Wall Flange (with Seals) & Button Assembly Sleeve & Button (Compatible with ALD-065M)",https://www.jaquar.com/en/vignette-divertor-chrome-plate_ald-065?Id=3916,"Vignette Prime, VGP-CHR-81065MK, Chrome"
Faucets,Vignette Prime,3916,Single Lever Exposed Parts Kit of Diverter,Variant,938,Single Lever Concealed Diverter - Antique Bronze,VGP-ABR-81065MK,Antique Bronze,https://www.jaquar.com/images/thumbs/0059601_single-lever-concealed-diverter-antique-bronze_960.jpeg,4200.00,"Single Lever Exposed Parts Kit of Diverter Consisting of Operating Lever, Cartridge Sleeve, Wall Flange (with Seals) & Button Assembly Sleeve & Button (Compatible with ALD-065M)",https://www.jaquar.com/en/vignette-divertor-chrome-plate_ald-065?Id=3916,"Vignette Prime, VGP-ABR-81065MK, Antique Bronze"
Faucets,Vignette Prime,3916,Single Lever Exposed Parts Kit of Diverter,Variant,938,Single Lever Concealed Diverter - Antique Copper,VGP-ACR-81065MK,Antique Copper,https://www.jaquar.com/images/thumbs/0059511_single-lever-concealed-diverter-antique-copper_960.jpeg,4200.00,"Single Lever Exposed Parts Kit of Diverter Consisting of Operating Lever, Cartridge Sleeve, Wall Flange (with Seals) & Button Assembly Sleeve & Button (Compatible with ALD-065M)",https://www.jaquar.com/en/vignette-divertor-chrome-plate_ald-065?Id=3916,"Vignette Prime, VGP-ACR-81065MK, Antique Copper"
Faucets,Vignette Prime,3916,Single Lever Exposed Parts Kit of Diverter,Variant,938,Single Lever Concealed Diverter - Black Chrome,VGP-BCH-81065MK,Black Chrome,https://www.jaquar.com/images/thumbs/0059506_single-lever-concealed-diverter-black-chrome_960.jpeg,3650.00,"Single Lever Exposed Parts Kit of Diverter Consisting of Operating Lever, Cartridge Sleeve, Wall Flange (with Seals) & Button Assembly Sleeve & Button (Compatible with ALD-065M)",https://www.jaquar.com/en/vignette-divertor-chrome-plate_ald-065?Id=3916,"Vignette Prime, VGP-BCH-81065MK, Black Chrome"
Faucets,Vignette Prime,3916,Single Lever Exposed Parts Kit of Diverter,Variant,938,Single Lever Concealed Diverter - Black Matt,VGP-BLM-81065MK,Black Matt,https://www.jaquar.com/images/thumbs/0059596_single-lever-concealed-diverter-black-matt_960.jpeg,3650.00,"Single Lever Exposed Parts Kit of Diverter Consisting of Operating Lever, Cartridge Sleeve, Wall Flange (with Seals) & Button Assembly Sleeve & Button (Compatible with ALD-065M)",https://www.jaquar.com/en/vignette-divertor-chrome-plate_ald-065?Id=3916,"Vignette Prime, VGP-BLM-81065MK, Black Matt"
Faucets,Vignette Prime,3916,Single Lever Exposed Parts Kit of Diverter,Variant,938,Single Lever Concealed Diverter - Graphite,VGP-GRF-81065MK,Graphite,https://www.jaquar.com/images/thumbs/0059496_single-lever-concealed-diverter-graphite_960.jpeg,4200.00,"Single Lever Exposed Parts Kit of Diverter Consisting of Operating Lever, Cartridge Sleeve, Wall Flange (with Seals) & Button Assembly Sleeve & Button (Compatible with ALD-065M)",https://www.jaquar.com/en/vignette-divertor-chrome-plate_ald-065?Id=3916,"Vignette Prime, VGP-GRF-81065MK, Graphite"
Faucets,Vignette Prime,3916,Single Lever Exposed Parts Kit of Diverter,Variant,938,Single Lever Concealed Diverter - Stainless Steel,VGP-SSF-81065MK,Stainless Steel,https://www.jaquar.com/images/thumbs/0059492_single-lever-concealed-diverter-stainless-steel_960.jpeg,4200.00,"Single Lever Exposed Parts Kit of Diverter Consisting of Operating Lever, Cartridge Sleeve, Wall Flange (with Seals) & Button Assembly Sleeve & Button (Compatible with ALD-065M)",https://www.jaquar.com/en/vignette-divertor-chrome-plate_ald-065?Id=3916,"Vignette Prime, VGP-SSF-81065MK, Stainless Steel"
Faucets,Vignette Prime,3917,Single Lever Exposed Parts Kit of Diverter,Parent,938,Single Lever Exposed Parts Kit of Diverter - Chrome,VGP-CHR-81065MK,Chrome,https://www.jaquar.com/images/thumbs/0059500_single-lever-exposed-parts-kit-of-diverter-chrome_960.jpeg,2550.00,"Single Lever Exposed Parts Kit of Diverter Consisting of Operating Lever, Cartridge Sleeve, Wall Flange (with Seals) & Button Assembly Sleeve & Button (Compatible with ALD-065M)",https://www.jaquar.com/en/vignette-divertor-chrome-plate_ald-065?Id=3917,"Vignette Prime, VGP-CHR-81065MK, Chrome"
Faucets,Vignette Prime,3917,Single Lever Exposed Parts Kit of Diverter,Variant,938,Single Lever Concealed Diverter - Antique Bronze,VGP-ABR-81065MK,Antique Bronze,https://www.jaquar.com/images/thumbs/0059601_single-lever-concealed-diverter-antique-bronze_960.jpeg,4200.00,"Single Lever Exposed Parts Kit of Diverter Consisting of Operating Lever, Cartridge Sleeve, Wall Flange (with Seals) & Button Assembly Sleeve & Button (Compatible with ALD-065M)",https://www.jaquar.com/en/vignette-divertor-chrome-plate_ald-065?Id=3917,"Vignette Prime, VGP-ABR-81065MK, Antique Bronze"
Faucets,Vignette Prime,3917,Single Lever Exposed Parts Kit of Diverter,Variant,938,Single Lever Concealed Diverter - Antique Copper,VGP-ACR-81065MK,Antique Copper,https://www.jaquar.com/images/thumbs/0059511_single-lever-concealed-diverter-antique-copper_960.jpeg,4200.00,"Single Lever Exposed Parts Kit of Diverter Consisting of Operating Lever, Cartridge Sleeve, Wall Flange (with Seals) & Button Assembly Sleeve & Button (Compatible with ALD-065M)",https://www.jaquar.com/en/vignette-divertor-chrome-plate_ald-065?Id=3917,"Vignette Prime, VGP-ACR-81065MK, Antique Copper"
Faucets,Vignette Prime,3917,Single Lever Exposed Parts Kit of Diverter,Variant,938,Single Lever Concealed Diverter - Black Chrome,VGP-BCH-81065MK,Black Chrome,https://www.jaquar.com/images/thumbs/0059506_single-lever-concealed-diverter-black-chrome_960.jpeg,3650.00,"Single Lever Exposed Parts Kit of Diverter Consisting of Operating Lever, Cartridge Sleeve, Wall Flange (with Seals) & Button Assembly Sleeve & Button (Compatible with ALD-065M)",https://www.jaquar.com/en/vignette-divertor-chrome-plate_ald-065?Id=3917,"Vignette Prime, VGP-BCH-81065MK, Black Chrome"
Faucets,Vignette Prime,3917,Single Lever Exposed Parts Kit of Diverter,Variant,938,Single Lever Concealed Diverter - Black Matt,VGP-BLM-81065MK,Black Matt,https://www.jaquar.com/images/thumbs/0059596_single-lever-concealed-diverter-black-matt_960.jpeg,3650.00,"Single Lever Exposed Parts Kit of Diverter Consisting of Operating Lever, Cartridge Sleeve, Wall Flange (with Seals) & Button Assembly Sleeve & Button (Compatible with ALD-065M)",https://www.jaquar.com/en/vignette-divertor-chrome-plate_ald-065?Id=3917,"Vignette Prime, VGP-BLM-81065MK, Black Matt"
Faucets,Vignette Prime,3917,Single Lever Exposed Parts Kit of Diverter,Variant,938,Single Lever Concealed Diverter - Graphite,VGP-GRF-81065MK,Graphite,https://www.jaquar.com/images/thumbs/0059496_single-lever-concealed-diverter-graphite_960.jpeg,4200.00,"Single Lever Exposed Parts Kit of Diverter Consisting of Operating Lever, Cartridge Sleeve, Wall Flange (with Seals) & Button Assembly Sleeve & Button (Compatible with ALD-065M)",https://www.jaquar.com/en/vignette-divertor-chrome-plate_ald-065?Id=3917,"Vignette Prime, VGP-GRF-81065MK, Graphite"
Faucets,Vignette Prime,3917,Single Lever Exposed Parts Kit of Diverter,Variant,938,Single Lever Concealed Diverter - Stainless Steel,VGP-SSF-81065MK,Stainless Steel,https://www.jaquar.com/images/thumbs/0059492_single-lever-concealed-diverter-stainless-steel_960.jpeg,4200.00,"Single Lever Exposed Parts Kit of Diverter Consisting of Operating Lever, Cartridge Sleeve, Wall Flange (with Seals) & Button Assembly Sleeve & Button (Compatible with ALD-065M)",https://www.jaquar.com/en/vignette-divertor-chrome-plate_ald-065?Id=3917,"Vignette Prime, VGP-SSF-81065MK, Stainless Steel"
Faucets,Vignette Prime,3918,Single Lever Exposed Parts Kit of Diverter,Parent,938,Single Lever Exposed Parts Kit of Diverter - Chrome,VGP-CHR-81065MK,Chrome,https://www.jaquar.com/images/thumbs/0059500_single-lever-exposed-parts-kit-of-diverter-chrome_960.jpeg,2550.00,"Single Lever Exposed Parts Kit of Diverter Consisting of Operating Lever, Cartridge Sleeve, Wall Flange (with Seals) & Button Assembly Sleeve & Button (Compatible with ALD-065M)",https://www.jaquar.com/en/vignette-divertor-chrome-plate_ald-065?Id=3918,"Vignette Prime, VGP-CHR-81065MK, Chrome"
Faucets,Vignette Prime,3918,Single Lever Exposed Parts Kit of Diverter,Variant,938,Single Lever Concealed Diverter - Antique Bronze,VGP-ABR-81065MK,Antique Bronze,https://www.jaquar.com/images/thumbs/0059601_single-lever-concealed-diverter-antique-bronze_960.jpeg,4200.00,"Single Lever Exposed Parts Kit of Diverter Consisting of Operating Lever, Cartridge Sleeve, Wall Flange (with Seals) & Button Assembly Sleeve & Button (Compatible with ALD-065M)",https://www.jaquar.com/en/vignette-divertor-chrome-plate_ald-065?Id=3918,"Vignette Prime, VGP-ABR-81065MK, Antique Bronze"
Faucets,Vignette Prime,3918,Single Lever Exposed Parts Kit of Diverter,Variant,938,Single Lever Concealed Diverter - Antique Copper,VGP-ACR-81065MK,Antique Copper,https://www.jaquar.com/images/thumbs/0059511_single-lever-concealed-diverter-antique-copper_960.jpeg,4200.00,"Single Lever Exposed Parts Kit of Diverter Consisting of Operating Lever, Cartridge Sleeve, Wall Flange (with Seals) & Button Assembly Sleeve & Button (Compatible with ALD-065M)",https://www.jaquar.com/en/vignette-divertor-chrome-plate_ald-065?Id=3918,"Vignette Prime, VGP-ACR-81065MK, Antique Copper"
Faucets,Vignette Prime,3918,Single Lever Exposed Parts Kit of Diverter,Variant,938,Single Lever Concealed Diverter - Black Chrome,VGP-BCH-81065MK,Black Chrome,https://www.jaquar.com/images/thumbs/0059506_single-lever-concealed-diverter-black-chrome_960.jpeg,3650.00,"Single Lever Exposed Parts Kit of Diverter Consisting of Operating Lever, Cartridge Sleeve, Wall Flange (with Seals) & Button Assembly Sleeve & Button (Compatible with ALD-065M)",https://www.jaquar.com/en/vignette-divertor-chrome-plate_ald-065?Id=3918,"Vignette Prime, VGP-BCH-81065MK, Black Chrome"
Faucets,Vignette Prime,3918,Single Lever Exposed Parts Kit of Diverter,Variant,938,Single Lever Concealed Diverter - Black Matt,VGP-BLM-81065MK,Black Matt,https://www.jaquar.com/images/thumbs/0059596_single-lever-concealed-diverter-black-matt_960.jpeg,3650.00,"Single Lever Exposed Parts Kit of Diverter Consisting of Operating Lever, Cartridge Sleeve, Wall Flange (with Seals) & Button Assembly Sleeve & Button (Compatible with ALD-065M)",https://www.jaquar.com/en/vignette-divertor-chrome-plate_ald-065?Id=3918,"Vignette Prime, VGP-BLM-81065MK, Black Matt"
Faucets,Vignette Prime,3918,Single Lever Exposed Parts Kit of Diverter,Variant,938,Single Lever Concealed Diverter - Graphite,VGP-GRF-81065MK,Graphite,https://www.jaquar.com/images/thumbs/0059496_single-lever-concealed-diverter-graphite_960.jpeg,4200.00,"Single Lever Exposed Parts Kit of Diverter Consisting of Operating Lever, Cartridge Sleeve, Wall Flange (with Seals) & Button Assembly Sleeve & Button (Compatible with ALD-065M)",https://www.jaquar.com/en/vignette-divertor-chrome-plate_ald-065?Id=3918,"Vignette Prime, VGP-GRF-81065MK, Graphite"
Faucets,Vignette Prime,3918,Single Lever Exposed Parts Kit of Diverter,Variant,938,Single Lever Concealed Diverter - Stainless Steel,VGP-SSF-81065MK,Stainless Steel,https://www.jaquar.com/images/thumbs/0059492_single-lever-concealed-diverter-stainless-steel_960.jpeg,4200.00,"Single Lever Exposed Parts Kit of Diverter Consisting of Operating Lever, Cartridge Sleeve, Wall Flange (with Seals) & Button Assembly Sleeve & Button (Compatible with ALD-065M)",https://www.jaquar.com/en/vignette-divertor-chrome-plate_ald-065?Id=3918,"Vignette Prime, VGP-SSF-81065MK, Stainless Steel"
Faucets,Vignette Prime,3921,Single Lever Exposed Parts Kit of Diverter,Parent,938,Single Lever Exposed Parts Kit of Diverter - Chrome,VGP-CHR-81065MK,Chrome,https://www.jaquar.com/images/thumbs/0059500_single-lever-exposed-parts-kit-of-diverter-chrome_960.jpeg,2550.00,"Single Lever Exposed Parts Kit of Diverter Consisting of Operating Lever, Cartridge Sleeve, Wall Flange (with Seals) & Button Assembly Sleeve & Button (Compatible with ALD-065M)",https://www.jaquar.com/en/vignette-divertor-chrome-plate_ald-065?Id=3921,"Vignette Prime, VGP-CHR-81065MK, Chrome"
Faucets,Vignette Prime,3921,Single Lever Exposed Parts Kit of Diverter,Variant,938,Single Lever Concealed Diverter - Antique Bronze,VGP-ABR-81065MK,Antique Bronze,https://www.jaquar.com/images/thumbs/0059601_single-lever-concealed-diverter-antique-bronze_960.jpeg,4200.00,"Single Lever Exposed Parts Kit of Diverter Consisting of Operating Lever, Cartridge Sleeve, Wall Flange (with Seals) & Button Assembly Sleeve & Button (Compatible with ALD-065M)",https://www.jaquar.com/en/vignette-divertor-chrome-plate_ald-065?Id=3921,"Vignette Prime, VGP-ABR-81065MK, Antique Bronze"
Faucets,Vignette Prime,3921,Single Lever Exposed Parts Kit of Diverter,Variant,938,Single Lever Concealed Diverter - Antique Copper,VGP-ACR-81065MK,Antique Copper,https://www.jaquar.com/images/thumbs/0059511_single-lever-concealed-diverter-antique-copper_960.jpeg,4200.00,"Single Lever Exposed Parts Kit of Diverter Consisting of Operating Lever, Cartridge Sleeve, Wall Flange (with Seals) & Button Assembly Sleeve & Button (Compatible with ALD-065M)",https://www.jaquar.com/en/vignette-divertor-chrome-plate_ald-065?Id=3921,"Vignette Prime, VGP-ACR-81065MK, Antique Copper"
Faucets,Vignette Prime,3921,Single Lever Exposed Parts Kit of Diverter,Variant,938,Single Lever Concealed Diverter - Black Chrome,VGP-BCH-81065MK,Black Chrome,https://www.jaquar.com/images/thumbs/0059506_single-lever-concealed-diverter-black-chrome_960.jpeg,3650.00,"Single Lever Exposed Parts Kit of Diverter Consisting of Operating Lever, Cartridge Sleeve, Wall Flange (with Seals) & Button Assembly Sleeve & Button (Compatible with ALD-065M)",https://www.jaquar.com/en/vignette-divertor-chrome-plate_ald-065?Id=3921,"Vignette Prime, VGP-BCH-81065MK, Black Chrome"
Faucets,Vignette Prime,3921,Single Lever Exposed Parts Kit of Diverter,Variant,938,Single Lever Concealed Diverter - Black Matt,VGP-BLM-81065MK,Black Matt,https://www.jaquar.com/images/thumbs/0059596_single-lever-concealed-diverter-black-matt_960.jpeg,3650.00,"Single Lever Exposed Parts Kit of Diverter Consisting of Operating Lever, Cartridge Sleeve, Wall Flange (with Seals) & Button Assembly Sleeve & Button (Compatible with ALD-065M)",https://www.jaquar.com/en/vignette-divertor-chrome-plate_ald-065?Id=3921,"Vignette Prime, VGP-BLM-81065MK, Black Matt"
Faucets,Vignette Prime,3921,Single Lever Exposed Parts Kit of Diverter,Variant,938,Single Lever Concealed Diverter - Graphite,VGP-GRF-81065MK,Graphite,https://www.jaquar.com/images/thumbs/0059496_single-lever-concealed-diverter-graphite_960.jpeg,4200.00,"Single Lever Exposed Parts Kit of Diverter Consisting of Operating Lever, Cartridge Sleeve, Wall Flange (with Seals) & Button Assembly Sleeve & Button (Compatible with ALD-065M)",https://www.jaquar.com/en/vignette-divertor-chrome-plate_ald-065?Id=3921,"Vignette Prime, VGP-GRF-81065MK, Graphite"
Faucets,Vignette Prime,3921,Single Lever Exposed Parts Kit of Diverter,Variant,938,Single Lever Concealed Diverter - Stainless Steel,VGP-SSF-81065MK,Stainless Steel,https://www.jaquar.com/images/thumbs/0059492_single-lever-concealed-diverter-stainless-steel_960.jpeg,4200.00,"Single Lever Exposed Parts Kit of Diverter Consisting of Operating Lever, Cartridge Sleeve, Wall Flange (with Seals) & Button Assembly Sleeve & Button (Compatible with ALD-065M)",https://www.jaquar.com/en/vignette-divertor-chrome-plate_ald-065?Id=3921,"Vignette Prime, VGP-SSF-81065MK, Stainless Steel"
Faucets,Vignette Prime,3922,Single Lever Exposed Parts Kit of Diverter,Parent,938,Single Lever Exposed Parts Kit of Diverter - Chrome,VGP-CHR-81065MK,Chrome,https://www.jaquar.com/images/thumbs/0059500_single-lever-exposed-parts-kit-of-diverter-chrome_960.jpeg,2550.00,"Single Lever Exposed Parts Kit of Diverter Consisting of Operating Lever, Cartridge Sleeve, Wall Flange (with Seals) & Button Assembly Sleeve & Button (Compatible with ALD-065M)",https://www.jaquar.com/en/vignette-divertor-chrome-plate_ald-065?Id=3922,"Vignette Prime, VGP-CHR-81065MK, Chrome"
Faucets,Vignette Prime,3922,Single Lever Exposed Parts Kit of Diverter,Variant,938,Single Lever Concealed Diverter - Antique Bronze,VGP-ABR-81065MK,Antique Bronze,https://www.jaquar.com/images/thumbs/0059601_single-lever-concealed-diverter-antique-bronze_960.jpeg,4200.00,"Single Lever Exposed Parts Kit of Diverter Consisting of Operating Lever, Cartridge Sleeve, Wall Flange (with Seals) & Button Assembly Sleeve & Button (Compatible with ALD-065M)",https://www.jaquar.com/en/vignette-divertor-chrome-plate_ald-065?Id=3922,"Vignette Prime, VGP-ABR-81065MK, Antique Bronze"
Faucets,Vignette Prime,3922,Single Lever Exposed Parts Kit of Diverter,Variant,938,Single Lever Concealed Diverter - Antique Copper,VGP-ACR-81065MK,Antique Copper,https://www.jaquar.com/images/thumbs/0059511_single-lever-concealed-diverter-antique-copper_960.jpeg,4200.00,"Single Lever Exposed Parts Kit of Diverter Consisting of Operating Lever, Cartridge Sleeve, Wall Flange (with Seals) & Button Assembly Sleeve & Button (Compatible with ALD-065M)",https://www.jaquar.com/en/vignette-divertor-chrome-plate_ald-065?Id=3922,"Vignette Prime, VGP-ACR-81065MK, Antique Copper"
Faucets,Vignette Prime,3922,Single Lever Exposed Parts Kit of Diverter,Variant,938,Single Lever Concealed Diverter - Black Chrome,VGP-BCH-81065MK,Black Chrome,https://www.jaquar.com/images/thumbs/0059506_single-lever-concealed-diverter-black-chrome_960.jpeg,3650.00,"Single Lever Exposed Parts Kit of Diverter Consisting of Operating Lever, Cartridge Sleeve, Wall Flange (with Seals) & Button Assembly Sleeve & Button (Compatible with ALD-065M)",https://www.jaquar.com/en/vignette-divertor-chrome-plate_ald-065?Id=3922,"Vignette Prime, VGP-BCH-81065MK, Black Chrome"
Faucets,Vignette Prime,3922,Single Lever Exposed Parts Kit of Diverter,Variant,938,Single Lever Concealed Diverter - Black Matt,VGP-BLM-81065MK,Black Matt,https://www.jaquar.com/images/thumbs/0059596_single-lever-concealed-diverter-black-matt_960.jpeg,3650.00,"Single Lever Exposed Parts Kit of Diverter Consisting of Operating Lever, Cartridge Sleeve, Wall Flange (with Seals) & Button Assembly Sleeve & Button (Compatible with ALD-065M)",https://www.jaquar.com/en/vignette-divertor-chrome-plate_ald-065?Id=3922,"Vignette Prime, VGP-BLM-81065MK, Black Matt"
Faucets,Vignette Prime,3922,Single Lever Exposed Parts Kit of Diverter,Variant,938,Single Lever Concealed Diverter - Graphite,VGP-GRF-81065MK,Graphite,https://www.jaquar.com/images/thumbs/0059496_single-lever-concealed-diverter-graphite_960.jpeg,4200.00,"Single Lever Exposed Parts Kit of Diverter Consisting of Operating Lever, Cartridge Sleeve, Wall Flange (with Seals) & Button Assembly Sleeve & Button (Compatible with ALD-065M)",https://www.jaquar.com/en/vignette-divertor-chrome-plate_ald-065?Id=3922,"Vignette Prime, VGP-GRF-81065MK, Graphite"
Faucets,Vignette Prime,3922,Single Lever Exposed Parts Kit of Diverter,Variant,938,Single Lever Concealed Diverter - Stainless Steel,VGP-SSF-81065MK,Stainless Steel,https://www.jaquar.com/images/thumbs/0059492_single-lever-concealed-diverter-stainless-steel_960.jpeg,4200.00,"Single Lever Exposed Parts Kit of Diverter Consisting of Operating Lever, Cartridge Sleeve, Wall Flange (with Seals) & Button Assembly Sleeve & Button (Compatible with ALD-065M)",https://www.jaquar.com/en/vignette-divertor-chrome-plate_ald-065?Id=3922,"Vignette Prime, VGP-SSF-81065MK, Stainless Steel"
Faucets,Vignette Prime,3914,Single Lever Exposed Parts Kit of Diverter,Parent,938,Single Lever Exposed Parts Kit of Diverter - Chrome,VGP-CHR-81065MK,Chrome,https://www.jaquar.com/images/thumbs/0059500_single-lever-exposed-parts-kit-of-diverter-chrome_960.jpeg,2550.00,"Single Lever Exposed Parts Kit of Diverter Consisting of Operating Lever, Cartridge Sleeve, Wall Flange (with Seals) & Button Assembly Sleeve & Button (Compatible with ALD-065M)",https://www.jaquar.com/en/vignette-divertor-chrome-plate_ald-065?Id=3914,"Vignette Prime, VGP-CHR-81065MK, Chrome"
Faucets,Vignette Prime,3914,Single Lever Exposed Parts Kit of Diverter,Variant,938,Single Lever Concealed Diverter - Antique Bronze,VGP-ABR-81065MK,Antique Bronze,https://www.jaquar.com/images/thumbs/0059601_single-lever-concealed-diverter-antique-bronze_960.jpeg,4200.00,"Single Lever Exposed Parts Kit of Diverter Consisting of Operating Lever, Cartridge Sleeve, Wall Flange (with Seals) & Button Assembly Sleeve & Button (Compatible with ALD-065M)",https://www.jaquar.com/en/vignette-divertor-chrome-plate_ald-065?Id=3914,"Vignette Prime, VGP-ABR-81065MK, Antique Bronze"
Faucets,Vignette Prime,3914,Single Lever Exposed Parts Kit of Diverter,Variant,938,Single Lever Concealed Diverter - Antique Copper,VGP-ACR-81065MK,Antique Copper,https://www.jaquar.com/images/thumbs/0059511_single-lever-concealed-diverter-antique-copper_960.jpeg,4200.00,"Single Lever Exposed Parts Kit of Diverter Consisting of Operating Lever, Cartridge Sleeve, Wall Flange (with Seals) & Button Assembly Sleeve & Button (Compatible with ALD-065M)",https://www.jaquar.com/en/vignette-divertor-chrome-plate_ald-065?Id=3914,"Vignette Prime, VGP-ACR-81065MK, Antique Copper"
Faucets,Vignette Prime,3914,Single Lever Exposed Parts Kit of Diverter,Variant,938,Single Lever Concealed Diverter - Black Chrome,VGP-BCH-81065MK,Black Chrome,https://www.jaquar.com/images/thumbs/0059506_single-lever-concealed-diverter-black-chrome_960.jpeg,3650.00,"Single Lever Exposed Parts Kit of Diverter Consisting of Operating Lever, Cartridge Sleeve, Wall Flange (with Seals) & Button Assembly Sleeve & Button (Compatible with ALD-065M)",https://www.jaquar.com/en/vignette-divertor-chrome-plate_ald-065?Id=3914,"Vignette Prime, VGP-BCH-81065MK, Black Chrome"
Faucets,Vignette Prime,3914,Single Lever Exposed Parts Kit of Diverter,Variant,938,Single Lever Concealed Diverter - Black Matt,VGP-BLM-81065MK,Black Matt,https://www.jaquar.com/images/thumbs/0059596_single-lever-concealed-diverter-black-matt_960.jpeg,3650.00,"Single Lever Exposed Parts Kit of Diverter Consisting of Operating Lever, Cartridge Sleeve, Wall Flange (with Seals) & Button Assembly Sleeve & Button (Compatible with ALD-065M)",https://www.jaquar.com/en/vignette-divertor-chrome-plate_ald-065?Id=3914,"Vignette Prime, VGP-BLM-81065MK, Black Matt"
Faucets,Vignette Prime,3914,Single Lever Exposed Parts Kit of Diverter,Variant,938,Single Lever Concealed Diverter - Graphite,VGP-GRF-81065MK,Graphite,https://www.jaquar.com/images/thumbs/0059496_single-lever-concealed-diverter-graphite_960.jpeg,4200.00,"Single Lever Exposed Parts Kit of Diverter Consisting of Operating Lever, Cartridge Sleeve, Wall Flange (with Seals) & Button Assembly Sleeve & Button (Compatible with ALD-065M)",https://www.jaquar.com/en/vignette-divertor-chrome-plate_ald-065?Id=3914,"Vignette Prime, VGP-GRF-81065MK, Graphite"
Faucets,Vignette Prime,3914,Single Lever Exposed Parts Kit of Diverter,Variant,938,Single Lever Concealed Diverter - Stainless Steel,VGP-SSF-81065MK,Stainless Steel,https://www.jaquar.com/images/thumbs/0059492_single-lever-concealed-diverter-stainless-steel_960.jpeg,4200.00,"Single Lever Exposed Parts Kit of Diverter Consisting of Operating Lever, Cartridge Sleeve, Wall Flange (with Seals) & Button Assembly Sleeve & Button (Compatible with ALD-065M)",https://www.jaquar.com/en/vignette-divertor-chrome-plate_ald-065?Id=3914,"Vignette Prime, VGP-SSF-81065MK, Stainless Steel"
Faucets,Vignette Prime,3925,Single Lever Exposed Parts Kit of Hi-flow Diverter,Parent,939,Single Lever Exposed Parts Kit of Hi-flow Diverter - Chrome,VGP-CHR-81079NK,Chrome,https://www.jaquar.com/images/thumbs/0059604_single-lever-exposed-parts-kit-of-hi-flow-diverter-chrome_960.jpeg,2375.00,"Single Lever Exposed Parts Kit of Hi-flow Diverter Consisting of Operating Lever, Cartridge Sleeve, Wall Flange (with Seals), Button Assembly Sleeve & Button (Compatible with ALD-079N)",https://www.jaquar.com/en/vignette-high-flow-divertor-plate_ald-079?Id=3925,"Vignette Prime, VGP-CHR-81079NK, Chrome"
Faucets,Vignette Prime,3925,Single Lever Exposed Parts Kit of Hi-flow Diverter,Variant,939,Single Lever Exposed Parts Kit of Hi-flow Diverter - Antique Bronze,VGP-ABR-81079NK,Antique Bronze,https://www.jaquar.com/images/thumbs/0059609_single-lever-exposed-parts-kit-of-hi-flow-diverter-antique-bronze_960.jpeg,4350.00,"Single Lever Exposed Parts Kit of Hi-flow Diverter Consisting of Operating Lever, Cartridge Sleeve, Wall Flange (with Seals), Button Assembly Sleeve & Button (Compatible with ALD-079N)",https://www.jaquar.com/en/vignette-high-flow-divertor-plate_ald-079?Id=3925,"Vignette Prime, VGP-ABR-81079NK, Antique Bronze"
Faucets,Vignette Prime,3925,Single Lever Exposed Parts Kit of Hi-flow Diverter,Variant,939,Single Lever Exposed Parts Kit of Hi-flow Diverter - Antique Copper,VGP-ACR-81079NK,Antique Copper,https://www.jaquar.com/images/thumbs/0059608_single-lever-exposed-parts-kit-of-hi-flow-diverter-antique-copper_960.jpeg,4350.00,"Single Lever Exposed Parts Kit of Hi-flow Diverter Consisting of Operating Lever, Cartridge Sleeve, Wall Flange (with Seals), Button Assembly Sleeve & Button (Compatible with ALD-079N)",https://www.jaquar.com/en/vignette-high-flow-divertor-plate_ald-079?Id=3925,"Vignette Prime, VGP-ACR-81079NK, Antique Copper"
Faucets,Vignette Prime,3925,Single Lever Exposed Parts Kit of Hi-flow Diverter,Variant,939,Single Lever Exposed Parts Kit of Hi-flow Diverter - Black Chrome,VGP-BCH-81079NK,Black Chrome,https://www.jaquar.com/images/thumbs/0059607_single-lever-exposed-parts-kit-of-hi-flow-diverter-black-chrome_960.jpeg,3550.00,"Single Lever Exposed Parts Kit of Hi-flow Diverter Consisting of Operating Lever, Cartridge Sleeve, Wall Flange (with Seals), Button Assembly Sleeve & Button (Compatible with ALD-079N)",https://www.jaquar.com/en/vignette-high-flow-divertor-plate_ald-079?Id=3925,"Vignette Prime, VGP-BCH-81079NK, Black Chrome"
Faucets,Vignette Prime,3925,Single Lever Exposed Parts Kit of Hi-flow Diverter,Variant,939,Single Lever Exposed Parts Kit of Hi-flow Diverter - Black Matt,VGP-BLM-81079NK,Black Matt,https://www.jaquar.com/images/thumbs/0059606_single-lever-exposed-parts-kit-of-hi-flow-diverter-black-matt_960.jpeg,3550.00,"Single Lever Exposed Parts Kit of Hi-flow Diverter Consisting of Operating Lever, Cartridge Sleeve, Wall Flange (with Seals), Button Assembly Sleeve & Button (Compatible with ALD-079N)",https://www.jaquar.com/en/vignette-high-flow-divertor-plate_ald-079?Id=3925,"Vignette Prime, VGP-BLM-81079NK, Black Matt"
Faucets,Vignette Prime,3925,Single Lever Exposed Parts Kit of Hi-flow Diverter,Variant,939,Single Lever Exposed Parts Kit of Hi-flow Diverter - Graphite,VGP-GRF-81079NK,Graphite,https://www.jaquar.com/images/thumbs/0059603_single-lever-exposed-parts-kit-of-hi-flow-diverter-graphite_960.jpeg,4350.00,"Single Lever Exposed Parts Kit of Hi-flow Diverter Consisting of Operating Lever, Cartridge Sleeve, Wall Flange (with Seals), Button Assembly Sleeve & Button (Compatible with ALD-079N)",https://www.jaquar.com/en/vignette-high-flow-divertor-plate_ald-079?Id=3925,"Vignette Prime, VGP-GRF-81079NK, Graphite"
Faucets,Vignette Prime,3925,Single Lever Exposed Parts Kit of Hi-flow Diverter,Variant,939,Single Lever Exposed Parts Kit of Hi-flow Diverter - Stainless Steel,VGP-SSF-81079NK,Stainless Steel,https://www.jaquar.com/images/thumbs/0059602_single-lever-exposed-parts-kit-of-hi-flow-diverter-stainless-steel_960.jpeg,4350.00,"Single Lever Exposed Parts Kit of Hi-flow Diverter Consisting of Operating Lever, Cartridge Sleeve, Wall Flange (with Seals), Button Assembly Sleeve & Button (Compatible with ALD-079N)",https://www.jaquar.com/en/vignette-high-flow-divertor-plate_ald-079?Id=3925,"Vignette Prime, VGP-SSF-81079NK, Stainless Steel"
Faucets,Vignette Prime,3926,Single Lever Exposed Parts Kit of Hi-flow Diverter,Parent,939,Single Lever Exposed Parts Kit of Hi-flow Diverter - Chrome,VGP-CHR-81079NK,Chrome,https://www.jaquar.com/images/thumbs/0059604_single-lever-exposed-parts-kit-of-hi-flow-diverter-chrome_960.jpeg,2375.00,"Single Lever Exposed Parts Kit of Hi-flow Diverter Consisting of Operating Lever, Cartridge Sleeve, Wall Flange (with Seals), Button Assembly Sleeve & Button (Compatible with ALD-079N)",https://www.jaquar.com/en/vignette-high-flow-divertor-plate_ald-079?Id=3926,"Vignette Prime, VGP-CHR-81079NK, Chrome"
Faucets,Vignette Prime,3926,Single Lever Exposed Parts Kit of Hi-flow Diverter,Variant,939,Single Lever Exposed Parts Kit of Hi-flow Diverter - Antique Bronze,VGP-ABR-81079NK,Antique Bronze,https://www.jaquar.com/images/thumbs/0059609_single-lever-exposed-parts-kit-of-hi-flow-diverter-antique-bronze_960.jpeg,4350.00,"Single Lever Exposed Parts Kit of Hi-flow Diverter Consisting of Operating Lever, Cartridge Sleeve, Wall Flange (with Seals), Button Assembly Sleeve & Button (Compatible with ALD-079N)",https://www.jaquar.com/en/vignette-high-flow-divertor-plate_ald-079?Id=3926,"Vignette Prime, VGP-ABR-81079NK, Antique Bronze"
Faucets,Vignette Prime,3926,Single Lever Exposed Parts Kit of Hi-flow Diverter,Variant,939,Single Lever Exposed Parts Kit of Hi-flow Diverter - Antique Copper,VGP-ACR-81079NK,Antique Copper,https://www.jaquar.com/images/thumbs/0059608_single-lever-exposed-parts-kit-of-hi-flow-diverter-antique-copper_960.jpeg,4350.00,"Single Lever Exposed Parts Kit of Hi-flow Diverter Consisting of Operating Lever, Cartridge Sleeve, Wall Flange (with Seals), Button Assembly Sleeve & Button (Compatible with ALD-079N)",https://www.jaquar.com/en/vignette-high-flow-divertor-plate_ald-079?Id=3926,"Vignette Prime, VGP-ACR-81079NK, Antique Copper"
Faucets,Vignette Prime,3926,Single Lever Exposed Parts Kit of Hi-flow Diverter,Variant,939,Single Lever Exposed Parts Kit of Hi-flow Diverter - Black Chrome,VGP-BCH-81079NK,Black Chrome,https://www.jaquar.com/images/thumbs/0059607_single-lever-exposed-parts-kit-of-hi-flow-diverter-black-chrome_960.jpeg,3550.00,"Single Lever Exposed Parts Kit of Hi-flow Diverter Consisting of Operating Lever, Cartridge Sleeve, Wall Flange (with Seals), Button Assembly Sleeve & Button (Compatible with ALD-079N)",https://www.jaquar.com/en/vignette-high-flow-divertor-plate_ald-079?Id=3926,"Vignette Prime, VGP-BCH-81079NK, Black Chrome"
Faucets,Vignette Prime,3926,Single Lever Exposed Parts Kit of Hi-flow Diverter,Variant,939,Single Lever Exposed Parts Kit of Hi-flow Diverter - Black Matt,VGP-BLM-81079NK,Black Matt,https://www.jaquar.com/images/thumbs/0059606_single-lever-exposed-parts-kit-of-hi-flow-diverter-black-matt_960.jpeg,3550.00,"Single Lever Exposed Parts Kit of Hi-flow Diverter Consisting of Operating Lever, Cartridge Sleeve, Wall Flange (with Seals), Button Assembly Sleeve & Button (Compatible with ALD-079N)",https://www.jaquar.com/en/vignette-high-flow-divertor-plate_ald-079?Id=3926,"Vignette Prime, VGP-BLM-81079NK, Black Matt"
Faucets,Vignette Prime,3926,Single Lever Exposed Parts Kit of Hi-flow Diverter,Variant,939,Single Lever Exposed Parts Kit of Hi-flow Diverter - Graphite,VGP-GRF-81079NK,Graphite,https://www.jaquar.com/images/thumbs/0059603_single-lever-exposed-parts-kit-of-hi-flow-diverter-graphite_960.jpeg,4350.00,"Single Lever Exposed Parts Kit of Hi-flow Diverter Consisting of Operating Lever, Cartridge Sleeve, Wall Flange (with Seals), Button Assembly Sleeve & Button (Compatible with ALD-079N)",https://www.jaquar.com/en/vignette-high-flow-divertor-plate_ald-079?Id=3926,"Vignette Prime, VGP-GRF-81079NK, Graphite"
Faucets,Vignette Prime,3926,Single Lever Exposed Parts Kit of Hi-flow Diverter,Variant,939,Single Lever Exposed Parts Kit of Hi-flow Diverter - Stainless Steel,VGP-SSF-81079NK,Stainless Steel,https://www.jaquar.com/images/thumbs/0059602_single-lever-exposed-parts-kit-of-hi-flow-diverter-stainless-steel_960.jpeg,4350.00,"Single Lever Exposed Parts Kit of Hi-flow Diverter Consisting of Operating Lever, Cartridge Sleeve, Wall Flange (with Seals), Button Assembly Sleeve & Button (Compatible with ALD-079N)",https://www.jaquar.com/en/vignette-high-flow-divertor-plate_ald-079?Id=3926,"Vignette Prime, VGP-SSF-81079NK, Stainless Steel"
Faucets,Vignette Prime,3927,Single Lever Exposed Parts Kit of Hi-flow Diverter,Parent,939,Single Lever Exposed Parts Kit of Hi-flow Diverter - Chrome,VGP-CHR-81079NK,Chrome,https://www.jaquar.com/images/thumbs/0059604_single-lever-exposed-parts-kit-of-hi-flow-diverter-chrome_960.jpeg,2375.00,"Single Lever Exposed Parts Kit of Hi-flow Diverter Consisting of Operating Lever, Cartridge Sleeve, Wall Flange (with Seals), Button Assembly Sleeve & Button (Compatible with ALD-079N)",https://www.jaquar.com/en/vignette-high-flow-divertor-plate_ald-079?Id=3927,"Vignette Prime, VGP-CHR-81079NK, Chrome"
Faucets,Vignette Prime,3927,Single Lever Exposed Parts Kit of Hi-flow Diverter,Variant,939,Single Lever Exposed Parts Kit of Hi-flow Diverter - Antique Bronze,VGP-ABR-81079NK,Antique Bronze,https://www.jaquar.com/images/thumbs/0059609_single-lever-exposed-parts-kit-of-hi-flow-diverter-antique-bronze_960.jpeg,4350.00,"Single Lever Exposed Parts Kit of Hi-flow Diverter Consisting of Operating Lever, Cartridge Sleeve, Wall Flange (with Seals), Button Assembly Sleeve & Button (Compatible with ALD-079N)",https://www.jaquar.com/en/vignette-high-flow-divertor-plate_ald-079?Id=3927,"Vignette Prime, VGP-ABR-81079NK, Antique Bronze"
Faucets,Vignette Prime,3927,Single Lever Exposed Parts Kit of Hi-flow Diverter,Variant,939,Single Lever Exposed Parts Kit of Hi-flow Diverter - Antique Copper,VGP-ACR-81079NK,Antique Copper,https://www.jaquar.com/images/thumbs/0059608_single-lever-exposed-parts-kit-of-hi-flow-diverter-antique-copper_960.jpeg,4350.00,"Single Lever Exposed Parts Kit of Hi-flow Diverter Consisting of Operating Lever, Cartridge Sleeve, Wall Flange (with Seals), Button Assembly Sleeve & Button (Compatible with ALD-079N)",https://www.jaquar.com/en/vignette-high-flow-divertor-plate_ald-079?Id=3927,"Vignette Prime, VGP-ACR-81079NK, Antique Copper"
Faucets,Vignette Prime,3927,Single Lever Exposed Parts Kit of Hi-flow Diverter,Variant,939,Single Lever Exposed Parts Kit of Hi-flow Diverter - Black Chrome,VGP-BCH-81079NK,Black Chrome,https://www.jaquar.com/images/thumbs/0059607_single-lever-exposed-parts-kit-of-hi-flow-diverter-black-chrome_960.jpeg,3550.00,"Single Lever Exposed Parts Kit of Hi-flow Diverter Consisting of Operating Lever, Cartridge Sleeve, Wall Flange (with Seals), Button Assembly Sleeve & Button (Compatible with ALD-079N)",https://www.jaquar.com/en/vignette-high-flow-divertor-plate_ald-079?Id=3927,"Vignette Prime, VGP-BCH-81079NK, Black Chrome"
Faucets,Vignette Prime,3927,Single Lever Exposed Parts Kit of Hi-flow Diverter,Variant,939,Single Lever Exposed Parts Kit of Hi-flow Diverter - Black Matt,VGP-BLM-81079NK,Black Matt,https://www.jaquar.com/images/thumbs/0059606_single-lever-exposed-parts-kit-of-hi-flow-diverter-black-matt_960.jpeg,3550.00,"Single Lever Exposed Parts Kit of Hi-flow Diverter Consisting of Operating Lever, Cartridge Sleeve, Wall Flange (with Seals), Button Assembly Sleeve & Button (Compatible with ALD-079N)",https://www.jaquar.com/en/vignette-high-flow-divertor-plate_ald-079?Id=3927,"Vignette Prime, VGP-BLM-81079NK, Black Matt"
Faucets,Vignette Prime,3927,Single Lever Exposed Parts Kit of Hi-flow Diverter,Variant,939,Single Lever Exposed Parts Kit of Hi-flow Diverter - Graphite,VGP-GRF-81079NK,Graphite,https://www.jaquar.com/images/thumbs/0059603_single-lever-exposed-parts-kit-of-hi-flow-diverter-graphite_960.jpeg,4350.00,"Single Lever Exposed Parts Kit of Hi-flow Diverter Consisting of Operating Lever, Cartridge Sleeve, Wall Flange (with Seals), Button Assembly Sleeve & Button (Compatible with ALD-079N)",https://www.jaquar.com/en/vignette-high-flow-divertor-plate_ald-079?Id=3927,"Vignette Prime, VGP-GRF-81079NK, Graphite"
Faucets,Vignette Prime,3927,Single Lever Exposed Parts Kit of Hi-flow Diverter,Variant,939,Single Lever Exposed Parts Kit of Hi-flow Diverter - Stainless Steel,VGP-SSF-81079NK,Stainless Steel,https://www.jaquar.com/images/thumbs/0059602_single-lever-exposed-parts-kit-of-hi-flow-diverter-stainless-steel_960.jpeg,4350.00,"Single Lever Exposed Parts Kit of Hi-flow Diverter Consisting of Operating Lever, Cartridge Sleeve, Wall Flange (with Seals), Button Assembly Sleeve & Button (Compatible with ALD-079N)",https://www.jaquar.com/en/vignette-high-flow-divertor-plate_ald-079?Id=3927,"Vignette Prime, VGP-SSF-81079NK, Stainless Steel"
Faucets,Vignette Prime,3928,Single Lever Exposed Parts Kit of Hi-flow Diverter,Parent,939,Single Lever Exposed Parts Kit of Hi-flow Diverter - Chrome,VGP-CHR-81079NK,Chrome,https://www.jaquar.com/images/thumbs/0059604_single-lever-exposed-parts-kit-of-hi-flow-diverter-chrome_960.jpeg,2375.00,"Single Lever Exposed Parts Kit of Hi-flow Diverter Consisting of Operating Lever, Cartridge Sleeve, Wall Flange (with Seals), Button Assembly Sleeve & Button (Compatible with ALD-079N)",https://www.jaquar.com/en/vignette-high-flow-divertor-plate_ald-079?Id=3928,"Vignette Prime, VGP-CHR-81079NK, Chrome"
Faucets,Vignette Prime,3928,Single Lever Exposed Parts Kit of Hi-flow Diverter,Variant,939,Single Lever Exposed Parts Kit of Hi-flow Diverter - Antique Bronze,VGP-ABR-81079NK,Antique Bronze,https://www.jaquar.com/images/thumbs/0059609_single-lever-exposed-parts-kit-of-hi-flow-diverter-antique-bronze_960.jpeg,4350.00,"Single Lever Exposed Parts Kit of Hi-flow Diverter Consisting of Operating Lever, Cartridge Sleeve, Wall Flange (with Seals), Button Assembly Sleeve & Button (Compatible with ALD-079N)",https://www.jaquar.com/en/vignette-high-flow-divertor-plate_ald-079?Id=3928,"Vignette Prime, VGP-ABR-81079NK, Antique Bronze"
Faucets,Vignette Prime,3928,Single Lever Exposed Parts Kit of Hi-flow Diverter,Variant,939,Single Lever Exposed Parts Kit of Hi-flow Diverter - Antique Copper,VGP-ACR-81079NK,Antique Copper,https://www.jaquar.com/images/thumbs/0059608_single-lever-exposed-parts-kit-of-hi-flow-diverter-antique-copper_960.jpeg,4350.00,"Single Lever Exposed Parts Kit of Hi-flow Diverter Consisting of Operating Lever, Cartridge Sleeve, Wall Flange (with Seals), Button Assembly Sleeve & Button (Compatible with ALD-079N)",https://www.jaquar.com/en/vignette-high-flow-divertor-plate_ald-079?Id=3928,"Vignette Prime, VGP-ACR-81079NK, Antique Copper"
Faucets,Vignette Prime,3928,Single Lever Exposed Parts Kit of Hi-flow Diverter,Variant,939,Single Lever Exposed Parts Kit of Hi-flow Diverter - Black Chrome,VGP-BCH-81079NK,Black Chrome,https://www.jaquar.com/images/thumbs/0059607_single-lever-exposed-parts-kit-of-hi-flow-diverter-black-chrome_960.jpeg,3550.00,"Single Lever Exposed Parts Kit of Hi-flow Diverter Consisting of Operating Lever, Cartridge Sleeve, Wall Flange (with Seals), Button Assembly Sleeve & Button (Compatible with ALD-079N)",https://www.jaquar.com/en/vignette-high-flow-divertor-plate_ald-079?Id=3928,"Vignette Prime, VGP-BCH-81079NK, Black Chrome"
Faucets,Vignette Prime,3928,Single Lever Exposed Parts Kit of Hi-flow Diverter,Variant,939,Single Lever Exposed Parts Kit of Hi-flow Diverter - Black Matt,VGP-BLM-81079NK,Black Matt,https://www.jaquar.com/images/thumbs/0059606_single-lever-exposed-parts-kit-of-hi-flow-diverter-black-matt_960.jpeg,3550.00,"Single Lever Exposed Parts Kit of Hi-flow Diverter Consisting of Operating Lever, Cartridge Sleeve, Wall Flange (with Seals), Button Assembly Sleeve & Button (Compatible with ALD-079N)",https://www.jaquar.com/en/vignette-high-flow-divertor-plate_ald-079?Id=3928,"Vignette Prime, VGP-BLM-81079NK, Black Matt"
Faucets,Vignette Prime,3928,Single Lever Exposed Parts Kit of Hi-flow Diverter,Variant,939,Single Lever Exposed Parts Kit of Hi-flow Diverter - Graphite,VGP-GRF-81079NK,Graphite,https://www.jaquar.com/images/thumbs/0059603_single-lever-exposed-parts-kit-of-hi-flow-diverter-graphite_960.jpeg,4350.00,"Single Lever Exposed Parts Kit of Hi-flow Diverter Consisting of Operating Lever, Cartridge Sleeve, Wall Flange (with Seals), Button Assembly Sleeve & Button (Compatible with ALD-079N)",https://www.jaquar.com/en/vignette-high-flow-divertor-plate_ald-079?Id=3928,"Vignette Prime, VGP-GRF-81079NK, Graphite"
Faucets,Vignette Prime,3928,Single Lever Exposed Parts Kit of Hi-flow Diverter,Variant,939,Single Lever Exposed Parts Kit of Hi-flow Diverter - Stainless Steel,VGP-SSF-81079NK,Stainless Steel,https://www.jaquar.com/images/thumbs/0059602_single-lever-exposed-parts-kit-of-hi-flow-diverter-stainless-steel_960.jpeg,4350.00,"Single Lever Exposed Parts Kit of Hi-flow Diverter Consisting of Operating Lever, Cartridge Sleeve, Wall Flange (with Seals), Button Assembly Sleeve & Button (Compatible with ALD-079N)",https://www.jaquar.com/en/vignette-high-flow-divertor-plate_ald-079?Id=3928,"Vignette Prime, VGP-SSF-81079NK, Stainless Steel"
Faucets,Vignette Prime,3924,Single Lever Exposed Parts Kit of Hi-flow Diverter,Parent,939,Single Lever Exposed Parts Kit of Hi-flow Diverter - Chrome,VGP-CHR-81079NK,Chrome,https://www.jaquar.com/images/thumbs/0059604_single-lever-exposed-parts-kit-of-hi-flow-diverter-chrome_960.jpeg,2375.00,"Single Lever Exposed Parts Kit of Hi-flow Diverter Consisting of Operating Lever, Cartridge Sleeve, Wall Flange (with Seals), Button Assembly Sleeve & Button (Compatible with ALD-079N)",https://www.jaquar.com/en/vignette-high-flow-divertor-plate_ald-079?Id=3924,"Vignette Prime, VGP-CHR-81079NK, Chrome"
Faucets,Vignette Prime,3924,Single Lever Exposed Parts Kit of Hi-flow Diverter,Variant,939,Single Lever Exposed Parts Kit of Hi-flow Diverter - Antique Bronze,VGP-ABR-81079NK,Antique Bronze,https://www.jaquar.com/images/thumbs/0059609_single-lever-exposed-parts-kit-of-hi-flow-diverter-antique-bronze_960.jpeg,4350.00,"Single Lever Exposed Parts Kit of Hi-flow Diverter Consisting of Operating Lever, Cartridge Sleeve, Wall Flange (with Seals), Button Assembly Sleeve & Button (Compatible with ALD-079N)",https://www.jaquar.com/en/vignette-high-flow-divertor-plate_ald-079?Id=3924,"Vignette Prime, VGP-ABR-81079NK, Antique Bronze"
Faucets,Vignette Prime,3924,Single Lever Exposed Parts Kit of Hi-flow Diverter,Variant,939,Single Lever Exposed Parts Kit of Hi-flow Diverter - Antique Copper,VGP-ACR-81079NK,Antique Copper,https://www.jaquar.com/images/thumbs/0059608_single-lever-exposed-parts-kit-of-hi-flow-diverter-antique-copper_960.jpeg,4350.00,"Single Lever Exposed Parts Kit of Hi-flow Diverter Consisting of Operating Lever, Cartridge Sleeve, Wall Flange (with Seals), Button Assembly Sleeve & Button (Compatible with ALD-079N)",https://www.jaquar.com/en/vignette-high-flow-divertor-plate_ald-079?Id=3924,"Vignette Prime, VGP-ACR-81079NK, Antique Copper"
Faucets,Vignette Prime,3924,Single Lever Exposed Parts Kit of Hi-flow Diverter,Variant,939,Single Lever Exposed Parts Kit of Hi-flow Diverter - Black Chrome,VGP-BCH-81079NK,Black Chrome,https://www.jaquar.com/images/thumbs/0059607_single-lever-exposed-parts-kit-of-hi-flow-diverter-black-chrome_960.jpeg,3550.00,"Single Lever Exposed Parts Kit of Hi-flow Diverter Consisting of Operating Lever, Cartridge Sleeve, Wall Flange (with Seals), Button Assembly Sleeve & Button (Compatible with ALD-079N)",https://www.jaquar.com/en/vignette-high-flow-divertor-plate_ald-079?Id=3924,"Vignette Prime, VGP-BCH-81079NK, Black Chrome"
Faucets,Vignette Prime,3924,Single Lever Exposed Parts Kit of Hi-flow Diverter,Variant,939,Single Lever Exposed Parts Kit of Hi-flow Diverter - Black Matt,VGP-BLM-81079NK,Black Matt,https://www.jaquar.com/images/thumbs/0059606_single-lever-exposed-parts-kit-of-hi-flow-diverter-black-matt_960.jpeg,3550.00,"Single Lever Exposed Parts Kit of Hi-flow Diverter Consisting of Operating Lever, Cartridge Sleeve, Wall Flange (with Seals), Button Assembly Sleeve & Button (Compatible with ALD-079N)",https://www.jaquar.com/en/vignette-high-flow-divertor-plate_ald-079?Id=3924,"Vignette Prime, VGP-BLM-81079NK, Black Matt"
Faucets,Vignette Prime,3924,Single Lever Exposed Parts Kit of Hi-flow Diverter,Variant,939,Single Lever Exposed Parts Kit of Hi-flow Diverter - Graphite,VGP-GRF-81079NK,Graphite,https://www.jaquar.com/images/thumbs/0059603_single-lever-exposed-parts-kit-of-hi-flow-diverter-graphite_960.jpeg,4350.00,"Single Lever Exposed Parts Kit of Hi-flow Diverter Consisting of Operating Lever, Cartridge Sleeve, Wall Flange (with Seals), Button Assembly Sleeve & Button (Compatible with ALD-079N)",https://www.jaquar.com/en/vignette-high-flow-divertor-plate_ald-079?Id=3924,"Vignette Prime, VGP-GRF-81079NK, Graphite"
Faucets,Vignette Prime,3924,Single Lever Exposed Parts Kit of Hi-flow Diverter,Variant,939,Single Lever Exposed Parts Kit of Hi-flow Diverter - Stainless Steel,VGP-SSF-81079NK,Stainless Steel,https://www.jaquar.com/images/thumbs/0059602_single-lever-exposed-parts-kit-of-hi-flow-diverter-stainless-steel_960.jpeg,4350.00,"Single Lever Exposed Parts Kit of Hi-flow Diverter Consisting of Operating Lever, Cartridge Sleeve, Wall Flange (with Seals), Button Assembly Sleeve & Button (Compatible with ALD-079N)",https://www.jaquar.com/en/vignette-high-flow-divertor-plate_ald-079?Id=3924,"Vignette Prime, VGP-SSF-81079NK, Stainless Steel"
Faucets,Vignette Prime,3931,Single Lever Exposed Parts Kit of Hi-flow Diverter,Parent,939,Single Lever Exposed Parts Kit of Hi-flow Diverter - Chrome,VGP-CHR-81079NK,Chrome,https://www.jaquar.com/images/thumbs/0059604_single-lever-exposed-parts-kit-of-hi-flow-diverter-chrome_960.jpeg,2375.00,"Single Lever Exposed Parts Kit of Hi-flow Diverter Consisting of Operating Lever, Cartridge Sleeve, Wall Flange (with Seals), Button Assembly Sleeve & Button (Compatible with ALD-079N)",https://www.jaquar.com/en/vignette-high-flow-divertor-plate_ald-079?Id=3931,"Vignette Prime, VGP-CHR-81079NK, Chrome"
Faucets,Vignette Prime,3931,Single Lever Exposed Parts Kit of Hi-flow Diverter,Variant,939,Single Lever Exposed Parts Kit of Hi-flow Diverter - Antique Bronze,VGP-ABR-81079NK,Antique Bronze,https://www.jaquar.com/images/thumbs/0059609_single-lever-exposed-parts-kit-of-hi-flow-diverter-antique-bronze_960.jpeg,4350.00,"Single Lever Exposed Parts Kit of Hi-flow Diverter Consisting of Operating Lever, Cartridge Sleeve, Wall Flange (with Seals), Button Assembly Sleeve & Button (Compatible with ALD-079N)",https://www.jaquar.com/en/vignette-high-flow-divertor-plate_ald-079?Id=3931,"Vignette Prime, VGP-ABR-81079NK, Antique Bronze"
Faucets,Vignette Prime,3931,Single Lever Exposed Parts Kit of Hi-flow Diverter,Variant,939,Single Lever Exposed Parts Kit of Hi-flow Diverter - Antique Copper,VGP-ACR-81079NK,Antique Copper,https://www.jaquar.com/images/thumbs/0059608_single-lever-exposed-parts-kit-of-hi-flow-diverter-antique-copper_960.jpeg,4350.00,"Single Lever Exposed Parts Kit of Hi-flow Diverter Consisting of Operating Lever, Cartridge Sleeve, Wall Flange (with Seals), Button Assembly Sleeve & Button (Compatible with ALD-079N)",https://www.jaquar.com/en/vignette-high-flow-divertor-plate_ald-079?Id=3931,"Vignette Prime, VGP-ACR-81079NK, Antique Copper"
Faucets,Vignette Prime,3931,Single Lever Exposed Parts Kit of Hi-flow Diverter,Variant,939,Single Lever Exposed Parts Kit of Hi-flow Diverter - Black Chrome,VGP-BCH-81079NK,Black Chrome,https://www.jaquar.com/images/thumbs/0059607_single-lever-exposed-parts-kit-of-hi-flow-diverter-black-chrome_960.jpeg,3550.00,"Single Lever Exposed Parts Kit of Hi-flow Diverter Consisting of Operating Lever, Cartridge Sleeve, Wall Flange (with Seals), Button Assembly Sleeve & Button (Compatible with ALD-079N)",https://www.jaquar.com/en/vignette-high-flow-divertor-plate_ald-079?Id=3931,"Vignette Prime, VGP-BCH-81079NK, Black Chrome"
Faucets,Vignette Prime,3931,Single Lever Exposed Parts Kit of Hi-flow Diverter,Variant,939,Single Lever Exposed Parts Kit of Hi-flow Diverter - Black Matt,VGP-BLM-81079NK,Black Matt,https://www.jaquar.com/images/thumbs/0059606_single-lever-exposed-parts-kit-of-hi-flow-diverter-black-matt_960.jpeg,3550.00,"Single Lever Exposed Parts Kit of Hi-flow Diverter Consisting of Operating Lever, Cartridge Sleeve, Wall Flange (with Seals), Button Assembly Sleeve & Button (Compatible with ALD-079N)",https://www.jaquar.com/en/vignette-high-flow-divertor-plate_ald-079?Id=3931,"Vignette Prime, VGP-BLM-81079NK, Black Matt"
Faucets,Vignette Prime,3931,Single Lever Exposed Parts Kit of Hi-flow Diverter,Variant,939,Single Lever Exposed Parts Kit of Hi-flow Diverter - Graphite,VGP-GRF-81079NK,Graphite,https://www.jaquar.com/images/thumbs/0059603_single-lever-exposed-parts-kit-of-hi-flow-diverter-graphite_960.jpeg,4350.00,"Single Lever Exposed Parts Kit of Hi-flow Diverter Consisting of Operating Lever, Cartridge Sleeve, Wall Flange (with Seals), Button Assembly Sleeve & Button (Compatible with ALD-079N)",https://www.jaquar.com/en/vignette-high-flow-divertor-plate_ald-079?Id=3931,"Vignette Prime, VGP-GRF-81079NK, Graphite"
Faucets,Vignette Prime,3931,Single Lever Exposed Parts Kit of Hi-flow Diverter,Variant,939,Single Lever Exposed Parts Kit of Hi-flow Diverter - Stainless Steel,VGP-SSF-81079NK,Stainless Steel,https://www.jaquar.com/images/thumbs/0059602_single-lever-exposed-parts-kit-of-hi-flow-diverter-stainless-steel_960.jpeg,4350.00,"Single Lever Exposed Parts Kit of Hi-flow Diverter Consisting of Operating Lever, Cartridge Sleeve, Wall Flange (with Seals), Button Assembly Sleeve & Button (Compatible with ALD-079N)",https://www.jaquar.com/en/vignette-high-flow-divertor-plate_ald-079?Id=3931,"Vignette Prime, VGP-SSF-81079NK, Stainless Steel"
Faucets,Vignette Prime,3932,Single Lever Exposed Parts Kit of Hi-flow Diverter,Parent,939,Single Lever Exposed Parts Kit of Hi-flow Diverter - Chrome,VGP-CHR-81079NK,Chrome,https://www.jaquar.com/images/thumbs/0059604_single-lever-exposed-parts-kit-of-hi-flow-diverter-chrome_960.jpeg,2375.00,"Single Lever Exposed Parts Kit of Hi-flow Diverter Consisting of Operating Lever, Cartridge Sleeve, Wall Flange (with Seals), Button Assembly Sleeve & Button (Compatible with ALD-079N)",https://www.jaquar.com/en/vignette-high-flow-divertor-plate_ald-079?Id=3932,"Vignette Prime, VGP-CHR-81079NK, Chrome"
Faucets,Vignette Prime,3932,Single Lever Exposed Parts Kit of Hi-flow Diverter,Variant,939,Single Lever Exposed Parts Kit of Hi-flow Diverter - Antique Bronze,VGP-ABR-81079NK,Antique Bronze,https://www.jaquar.com/images/thumbs/0059609_single-lever-exposed-parts-kit-of-hi-flow-diverter-antique-bronze_960.jpeg,4350.00,"Single Lever Exposed Parts Kit of Hi-flow Diverter Consisting of Operating Lever, Cartridge Sleeve, Wall Flange (with Seals), Button Assembly Sleeve & Button (Compatible with ALD-079N)",https://www.jaquar.com/en/vignette-high-flow-divertor-plate_ald-079?Id=3932,"Vignette Prime, VGP-ABR-81079NK, Antique Bronze"
Faucets,Vignette Prime,3932,Single Lever Exposed Parts Kit of Hi-flow Diverter,Variant,939,Single Lever Exposed Parts Kit of Hi-flow Diverter - Antique Copper,VGP-ACR-81079NK,Antique Copper,https://www.jaquar.com/images/thumbs/0059608_single-lever-exposed-parts-kit-of-hi-flow-diverter-antique-copper_960.jpeg,4350.00,"Single Lever Exposed Parts Kit of Hi-flow Diverter Consisting of Operating Lever, Cartridge Sleeve, Wall Flange (with Seals), Button Assembly Sleeve & Button (Compatible with ALD-079N)",https://www.jaquar.com/en/vignette-high-flow-divertor-plate_ald-079?Id=3932,"Vignette Prime, VGP-ACR-81079NK, Antique Copper"
Faucets,Vignette Prime,3932,Single Lever Exposed Parts Kit of Hi-flow Diverter,Variant,939,Single Lever Exposed Parts Kit of Hi-flow Diverter - Black Chrome,VGP-BCH-81079NK,Black Chrome,https://www.jaquar.com/images/thumbs/0059607_single-lever-exposed-parts-kit-of-hi-flow-diverter-black-chrome_960.jpeg,3550.00,"Single Lever Exposed Parts Kit of Hi-flow Diverter Consisting of Operating Lever, Cartridge Sleeve, Wall Flange (with Seals), Button Assembly Sleeve & Button (Compatible with ALD-079N)",https://www.jaquar.com/en/vignette-high-flow-divertor-plate_ald-079?Id=3932,"Vignette Prime, VGP-BCH-81079NK, Black Chrome"
Faucets,Vignette Prime,3932,Single Lever Exposed Parts Kit of Hi-flow Diverter,Variant,939,Single Lever Exposed Parts Kit of Hi-flow Diverter - Black Matt,VGP-BLM-81079NK,Black Matt,https://www.jaquar.com/images/thumbs/0059606_single-lever-exposed-parts-kit-of-hi-flow-diverter-black-matt_960.jpeg,3550.00,"Single Lever Exposed Parts Kit of Hi-flow Diverter Consisting of Operating Lever, Cartridge Sleeve, Wall Flange (with Seals), Button Assembly Sleeve & Button (Compatible with ALD-079N)",https://www.jaquar.com/en/vignette-high-flow-divertor-plate_ald-079?Id=3932,"Vignette Prime, VGP-BLM-81079NK, Black Matt"
Faucets,Vignette Prime,3932,Single Lever Exposed Parts Kit of Hi-flow Diverter,Variant,939,Single Lever Exposed Parts Kit of Hi-flow Diverter - Graphite,VGP-GRF-81079NK,Graphite,https://www.jaquar.com/images/thumbs/0059603_single-lever-exposed-parts-kit-of-hi-flow-diverter-graphite_960.jpeg,4350.00,"Single Lever Exposed Parts Kit of Hi-flow Diverter Consisting of Operating Lever, Cartridge Sleeve, Wall Flange (with Seals), Button Assembly Sleeve & Button (Compatible with ALD-079N)",https://www.jaquar.com/en/vignette-high-flow-divertor-plate_ald-079?Id=3932,"Vignette Prime, VGP-GRF-81079NK, Graphite"
Faucets,Vignette Prime,3932,Single Lever Exposed Parts Kit of Hi-flow Diverter,Variant,939,Single Lever Exposed Parts Kit of Hi-flow Diverter - Stainless Steel,VGP-SSF-81079NK,Stainless Steel,https://www.jaquar.com/images/thumbs/0059602_single-lever-exposed-parts-kit-of-hi-flow-diverter-stainless-steel_960.jpeg,4350.00,"Single Lever Exposed Parts Kit of Hi-flow Diverter Consisting of Operating Lever, Cartridge Sleeve, Wall Flange (with Seals), Button Assembly Sleeve & Button (Compatible with ALD-079N)",https://www.jaquar.com/en/vignette-high-flow-divertor-plate_ald-079?Id=3932,"Vignette Prime, VGP-SSF-81079NK, Stainless Steel"
Faucets,Vignette Prime,3855,Single Lever 3-inlet Divertor,Parent,940,Single Lever 3-inlet Divertor - Chrome,VGP-CHR-81193NK,Chrome,https://www.jaquar.com/images/thumbs/0060562_single-lever-3-inlet-divertor-chrome_960.jpeg,3800.00,"Single Lever 3-inlet Diverter Exposed parts kit Consisting of Operating Lever, Cartridge Sleeve, Wall Flange (with Seals), Button Assembly Sleeve and Button Cap (Compatible with ALD-193N)",https://www.jaquar.com/en/vignette-divertor-plate-chrome_ald-193?Id=3855,"Vignette Prime, VGP-CHR-81193NK, Chrome"
Faucets,Vignette Prime,3855,Single Lever 3-inlet Divertor,Variant,940,3-Inlet Single Lever Concealed Diverter - Antique Bronze,VGP-ABR-81193NK,Antique Bronze,https://www.jaquar.com/images/thumbs/0055054_3-inlet-single-lever-concealed-diverter-antique-bronze_960.jpeg,6250.00,"Single Lever 3-inlet Diverter Exposed parts kit Consisting of Operating Lever, Cartridge Sleeve, Wall Flange (with Seals), Button Assembly Sleeve and Button Cap (Compatible with ALD-193N)",https://www.jaquar.com/en/vignette-divertor-plate-chrome_ald-193?Id=3855,"Vignette Prime, VGP-ABR-81193NK, Antique Bronze"
Faucets,Vignette Prime,3855,Single Lever 3-inlet Divertor,Variant,940,3-Inlet Single Lever Concealed Diverter - Antique Copper,VGP-ACR-81193NK,Antique Copper,https://www.jaquar.com/images/thumbs/0055055_3-inlet-single-lever-concealed-diverter-antique-copper_960.jpeg,6250.00,"Single Lever 3-inlet Diverter Exposed parts kit Consisting of Operating Lever, Cartridge Sleeve, Wall Flange (with Seals), Button Assembly Sleeve and Button Cap (Compatible with ALD-193N)",https://www.jaquar.com/en/vignette-divertor-plate-chrome_ald-193?Id=3855,"Vignette Prime, VGP-ACR-81193NK, Antique Copper"
Faucets,Vignette Prime,3855,Single Lever 3-inlet Divertor,Variant,940,3-Inlet Single Lever Concealed Diverter - Black Chrome,VGP-BCH-81193NK,Black Chrome,https://www.jaquar.com/images/thumbs/0054859_3-inlet-single-lever-concealed-diverter-black-chrome_960.jpeg,5500.00,"Single Lever 3-inlet Diverter Exposed parts kit Consisting of Operating Lever, Cartridge Sleeve, Wall Flange (with Seals), Button Assembly Sleeve and Button Cap (Compatible with ALD-193N)",https://www.jaquar.com/en/vignette-divertor-plate-chrome_ald-193?Id=3855,"Vignette Prime, VGP-BCH-81193NK, Black Chrome"
Faucets,Vignette Prime,3855,Single Lever 3-inlet Divertor,Variant,940,3-Inlet Single Lever Concealed Diverter - Black Matt,VGP-BLM-81193NK,Black Matt,https://www.jaquar.com/images/thumbs/0055056_3-inlet-single-lever-concealed-diverter-black-matt_960.jpeg,5500.00,"Single Lever 3-inlet Diverter Exposed parts kit Consisting of Operating Lever, Cartridge Sleeve, Wall Flange (with Seals), Button Assembly Sleeve and Button Cap (Compatible with ALD-193N)",https://www.jaquar.com/en/vignette-divertor-plate-chrome_ald-193?Id=3855,"Vignette Prime, VGP-BLM-81193NK, Black Matt"
Faucets,Vignette Prime,3855,Single Lever 3-inlet Divertor,Variant,940,3-Inlet Single Lever Concealed Diverter - Graphite,VGP-GRF-81193NK,Graphite,https://www.jaquar.com/images/thumbs/0055057_3-inlet-single-lever-concealed-diverter-graphite_960.jpeg,6250.00,"Single Lever 3-inlet Diverter Exposed parts kit Consisting of Operating Lever, Cartridge Sleeve, Wall Flange (with Seals), Button Assembly Sleeve and Button Cap (Compatible with ALD-193N)",https://www.jaquar.com/en/vignette-divertor-plate-chrome_ald-193?Id=3855,"Vignette Prime, VGP-GRF-81193NK, Graphite"
Faucets,Vignette Prime,3855,Single Lever 3-inlet Divertor,Variant,940,3-Inlet Single Lever Concealed Diverter - Stainless Steel,VGP-SSF-81193NK,Stainless Steel,https://www.jaquar.com/images/thumbs/0059433_3-inlet-single-lever-concealed-diverter-stainless-steel_960.jpeg,6250.00,"Single Lever 3-inlet Diverter Exposed parts kit Consisting of Operating Lever, Cartridge Sleeve, Wall Flange (with Seals), Button Assembly Sleeve and Button Cap (Compatible with ALD-193N)",https://www.jaquar.com/en/vignette-divertor-plate-chrome_ald-193?Id=3855,"Vignette Prime, VGP-SSF-81193NK, Stainless Steel"
Faucets,Vignette Prime,3856,Single Lever 3-inlet Divertor,Parent,940,Single Lever 3-inlet Divertor - Chrome,VGP-CHR-81193NK,Chrome,https://www.jaquar.com/images/thumbs/0060562_single-lever-3-inlet-divertor-chrome_960.jpeg,3800.00,"Single Lever 3-inlet Diverter Exposed parts kit Consisting of Operating Lever, Cartridge Sleeve, Wall Flange (with Seals), Button Assembly Sleeve and Button Cap (Compatible with ALD-193N)",https://www.jaquar.com/en/vignette-divertor-plate-chrome_ald-193?Id=3856,"Vignette Prime, VGP-CHR-81193NK, Chrome"
Faucets,Vignette Prime,3856,Single Lever 3-inlet Divertor,Variant,940,3-Inlet Single Lever Concealed Diverter - Antique Bronze,VGP-ABR-81193NK,Antique Bronze,https://www.jaquar.com/images/thumbs/0055054_3-inlet-single-lever-concealed-diverter-antique-bronze_960.jpeg,6250.00,"Single Lever 3-inlet Diverter Exposed parts kit Consisting of Operating Lever, Cartridge Sleeve, Wall Flange (with Seals), Button Assembly Sleeve and Button Cap (Compatible with ALD-193N)",https://www.jaquar.com/en/vignette-divertor-plate-chrome_ald-193?Id=3856,"Vignette Prime, VGP-ABR-81193NK, Antique Bronze"
Faucets,Vignette Prime,3856,Single Lever 3-inlet Divertor,Variant,940,3-Inlet Single Lever Concealed Diverter - Antique Copper,VGP-ACR-81193NK,Antique Copper,https://www.jaquar.com/images/thumbs/0055055_3-inlet-single-lever-concealed-diverter-antique-copper_960.jpeg,6250.00,"Single Lever 3-inlet Diverter Exposed parts kit Consisting of Operating Lever, Cartridge Sleeve, Wall Flange (with Seals), Button Assembly Sleeve and Button Cap (Compatible with ALD-193N)",https://www.jaquar.com/en/vignette-divertor-plate-chrome_ald-193?Id=3856,"Vignette Prime, VGP-ACR-81193NK, Antique Copper"
Faucets,Vignette Prime,3856,Single Lever 3-inlet Divertor,Variant,940,3-Inlet Single Lever Concealed Diverter - Black Chrome,VGP-BCH-81193NK,Black Chrome,https://www.jaquar.com/images/thumbs/0054859_3-inlet-single-lever-concealed-diverter-black-chrome_960.jpeg,5500.00,"Single Lever 3-inlet Diverter Exposed parts kit Consisting of Operating Lever, Cartridge Sleeve, Wall Flange (with Seals), Button Assembly Sleeve and Button Cap (Compatible with ALD-193N)",https://www.jaquar.com/en/vignette-divertor-plate-chrome_ald-193?Id=3856,"Vignette Prime, VGP-BCH-81193NK, Black Chrome"
Faucets,Vignette Prime,3856,Single Lever 3-inlet Divertor,Variant,940,3-Inlet Single Lever Concealed Diverter - Black Matt,VGP-BLM-81193NK,Black Matt,https://www.jaquar.com/images/thumbs/0055056_3-inlet-single-lever-concealed-diverter-black-matt_960.jpeg,5500.00,"Single Lever 3-inlet Diverter Exposed parts kit Consisting of Operating Lever, Cartridge Sleeve, Wall Flange (with Seals), Button Assembly Sleeve and Button Cap (Compatible with ALD-193N)",https://www.jaquar.com/en/vignette-divertor-plate-chrome_ald-193?Id=3856,"Vignette Prime, VGP-BLM-81193NK, Black Matt"
Faucets,Vignette Prime,3856,Single Lever 3-inlet Divertor,Variant,940,3-Inlet Single Lever Concealed Diverter - Graphite,VGP-GRF-81193NK,Graphite,https://www.jaquar.com/images/thumbs/0055057_3-inlet-single-lever-concealed-diverter-graphite_960.jpeg,6250.00,"Single Lever 3-inlet Diverter Exposed parts kit Consisting of Operating Lever, Cartridge Sleeve, Wall Flange (with Seals), Button Assembly Sleeve and Button Cap (Compatible with ALD-193N)",https://www.jaquar.com/en/vignette-divertor-plate-chrome_ald-193?Id=3856,"Vignette Prime, VGP-GRF-81193NK, Graphite"
Faucets,Vignette Prime,3856,Single Lever 3-inlet Divertor,Variant,940,3-Inlet Single Lever Concealed Diverter - Stainless Steel,VGP-SSF-81193NK,Stainless Steel,https://www.jaquar.com/images/thumbs/0059433_3-inlet-single-lever-concealed-diverter-stainless-steel_960.jpeg,6250.00,"Single Lever 3-inlet Diverter Exposed parts kit Consisting of Operating Lever, Cartridge Sleeve, Wall Flange (with Seals), Button Assembly Sleeve and Button Cap (Compatible with ALD-193N)",https://www.jaquar.com/en/vignette-divertor-plate-chrome_ald-193?Id=3856,"Vignette Prime, VGP-SSF-81193NK, Stainless Steel"
Faucets,Vignette Prime,3857,Single Lever 3-inlet Divertor,Parent,940,Single Lever 3-inlet Divertor - Chrome,VGP-CHR-81193NK,Chrome,https://www.jaquar.com/images/thumbs/0060562_single-lever-3-inlet-divertor-chrome_960.jpeg,3800.00,"Single Lever 3-inlet Diverter Exposed parts kit Consisting of Operating Lever, Cartridge Sleeve, Wall Flange (with Seals), Button Assembly Sleeve and Button Cap (Compatible with ALD-193N)",https://www.jaquar.com/en/vignette-divertor-plate-chrome_ald-193?Id=3857,"Vignette Prime, VGP-CHR-81193NK, Chrome"
Faucets,Vignette Prime,3857,Single Lever 3-inlet Divertor,Variant,940,3-Inlet Single Lever Concealed Diverter - Antique Bronze,VGP-ABR-81193NK,Antique Bronze,https://www.jaquar.com/images/thumbs/0055054_3-inlet-single-lever-concealed-diverter-antique-bronze_960.jpeg,6250.00,"Single Lever 3-inlet Diverter Exposed parts kit Consisting of Operating Lever, Cartridge Sleeve, Wall Flange (with Seals), Button Assembly Sleeve and Button Cap (Compatible with ALD-193N)",https://www.jaquar.com/en/vignette-divertor-plate-chrome_ald-193?Id=3857,"Vignette Prime, VGP-ABR-81193NK, Antique Bronze"
Faucets,Vignette Prime,3857,Single Lever 3-inlet Divertor,Variant,940,3-Inlet Single Lever Concealed Diverter - Antique Copper,VGP-ACR-81193NK,Antique Copper,https://www.jaquar.com/images/thumbs/0055055_3-inlet-single-lever-concealed-diverter-antique-copper_960.jpeg,6250.00,"Single Lever 3-inlet Diverter Exposed parts kit Consisting of Operating Lever, Cartridge Sleeve, Wall Flange (with Seals), Button Assembly Sleeve and Button Cap (Compatible with ALD-193N)",https://www.jaquar.com/en/vignette-divertor-plate-chrome_ald-193?Id=3857,"Vignette Prime, VGP-ACR-81193NK, Antique Copper"
Faucets,Vignette Prime,3857,Single Lever 3-inlet Divertor,Variant,940,3-Inlet Single Lever Concealed Diverter - Black Chrome,VGP-BCH-81193NK,Black Chrome,https://www.jaquar.com/images/thumbs/0054859_3-inlet-single-lever-concealed-diverter-black-chrome_960.jpeg,5500.00,"Single Lever 3-inlet Diverter Exposed parts kit Consisting of Operating Lever, Cartridge Sleeve, Wall Flange (with Seals), Button Assembly Sleeve and Button Cap (Compatible with ALD-193N)",https://www.jaquar.com/en/vignette-divertor-plate-chrome_ald-193?Id=3857,"Vignette Prime, VGP-BCH-81193NK, Black Chrome"
Faucets,Vignette Prime,3857,Single Lever 3-inlet Divertor,Variant,940,3-Inlet Single Lever Concealed Diverter - Black Matt,VGP-BLM-81193NK,Black Matt,https://www.jaquar.com/images/thumbs/0055056_3-inlet-single-lever-concealed-diverter-black-matt_960.jpeg,5500.00,"Single Lever 3-inlet Diverter Exposed parts kit Consisting of Operating Lever, Cartridge Sleeve, Wall Flange (with Seals), Button Assembly Sleeve and Button Cap (Compatible with ALD-193N)",https://www.jaquar.com/en/vignette-divertor-plate-chrome_ald-193?Id=3857,"Vignette Prime, VGP-BLM-81193NK, Black Matt"
Faucets,Vignette Prime,3857,Single Lever 3-inlet Divertor,Variant,940,3-Inlet Single Lever Concealed Diverter - Graphite,VGP-GRF-81193NK,Graphite,https://www.jaquar.com/images/thumbs/0055057_3-inlet-single-lever-concealed-diverter-graphite_960.jpeg,6250.00,"Single Lever 3-inlet Diverter Exposed parts kit Consisting of Operating Lever, Cartridge Sleeve, Wall Flange (with Seals), Button Assembly Sleeve and Button Cap (Compatible with ALD-193N)",https://www.jaquar.com/en/vignette-divertor-plate-chrome_ald-193?Id=3857,"Vignette Prime, VGP-GRF-81193NK, Graphite"
Faucets,Vignette Prime,3857,Single Lever 3-inlet Divertor,Variant,940,3-Inlet Single Lever Concealed Diverter - Stainless Steel,VGP-SSF-81193NK,Stainless Steel,https://www.jaquar.com/images/thumbs/0059433_3-inlet-single-lever-concealed-diverter-stainless-steel_960.jpeg,6250.00,"Single Lever 3-inlet Diverter Exposed parts kit Consisting of Operating Lever, Cartridge Sleeve, Wall Flange (with Seals), Button Assembly Sleeve and Button Cap (Compatible with ALD-193N)",https://www.jaquar.com/en/vignette-divertor-plate-chrome_ald-193?Id=3857,"Vignette Prime, VGP-SSF-81193NK, Stainless Steel"
Faucets,Vignette Prime,3858,Single Lever 3-inlet Divertor,Parent,940,Single Lever 3-inlet Divertor - Chrome,VGP-CHR-81193NK,Chrome,https://www.jaquar.com/images/thumbs/0060562_single-lever-3-inlet-divertor-chrome_960.jpeg,3800.00,"Single Lever 3-inlet Diverter Exposed parts kit Consisting of Operating Lever, Cartridge Sleeve, Wall Flange (with Seals), Button Assembly Sleeve and Button Cap (Compatible with ALD-193N)",https://www.jaquar.com/en/vignette-divertor-plate-chrome_ald-193?Id=3858,"Vignette Prime, VGP-CHR-81193NK, Chrome"
Faucets,Vignette Prime,3858,Single Lever 3-inlet Divertor,Variant,940,3-Inlet Single Lever Concealed Diverter - Antique Bronze,VGP-ABR-81193NK,Antique Bronze,https://www.jaquar.com/images/thumbs/0055054_3-inlet-single-lever-concealed-diverter-antique-bronze_960.jpeg,6250.00,"Single Lever 3-inlet Diverter Exposed parts kit Consisting of Operating Lever, Cartridge Sleeve, Wall Flange (with Seals), Button Assembly Sleeve and Button Cap (Compatible with ALD-193N)",https://www.jaquar.com/en/vignette-divertor-plate-chrome_ald-193?Id=3858,"Vignette Prime, VGP-ABR-81193NK, Antique Bronze"
Faucets,Vignette Prime,3858,Single Lever 3-inlet Divertor,Variant,940,3-Inlet Single Lever Concealed Diverter - Antique Copper,VGP-ACR-81193NK,Antique Copper,https://www.jaquar.com/images/thumbs/0055055_3-inlet-single-lever-concealed-diverter-antique-copper_960.jpeg,6250.00,"Single Lever 3-inlet Diverter Exposed parts kit Consisting of Operating Lever, Cartridge Sleeve, Wall Flange (with Seals), Button Assembly Sleeve and Button Cap (Compatible with ALD-193N)",https://www.jaquar.com/en/vignette-divertor-plate-chrome_ald-193?Id=3858,"Vignette Prime, VGP-ACR-81193NK, Antique Copper"
Faucets,Vignette Prime,3858,Single Lever 3-inlet Divertor,Variant,940,3-Inlet Single Lever Concealed Diverter - Black Chrome,VGP-BCH-81193NK,Black Chrome,https://www.jaquar.com/images/thumbs/0054859_3-inlet-single-lever-concealed-diverter-black-chrome_960.jpeg,5500.00,"Single Lever 3-inlet Diverter Exposed parts kit Consisting of Operating Lever, Cartridge Sleeve, Wall Flange (with Seals), Button Assembly Sleeve and Button Cap (Compatible with ALD-193N)",https://www.jaquar.com/en/vignette-divertor-plate-chrome_ald-193?Id=3858,"Vignette Prime, VGP-BCH-81193NK, Black Chrome"
Faucets,Vignette Prime,3858,Single Lever 3-inlet Divertor,Variant,940,3-Inlet Single Lever Concealed Diverter - Black Matt,VGP-BLM-81193NK,Black Matt,https://www.jaquar.com/images/thumbs/0055056_3-inlet-single-lever-concealed-diverter-black-matt_960.jpeg,5500.00,"Single Lever 3-inlet Diverter Exposed parts kit Consisting of Operating Lever, Cartridge Sleeve, Wall Flange (with Seals), Button Assembly Sleeve and Button Cap (Compatible with ALD-193N)",https://www.jaquar.com/en/vignette-divertor-plate-chrome_ald-193?Id=3858,"Vignette Prime, VGP-BLM-81193NK, Black Matt"
Faucets,Vignette Prime,3858,Single Lever 3-inlet Divertor,Variant,940,3-Inlet Single Lever Concealed Diverter - Graphite,VGP-GRF-81193NK,Graphite,https://www.jaquar.com/images/thumbs/0055057_3-inlet-single-lever-concealed-diverter-graphite_960.jpeg,6250.00,"Single Lever 3-inlet Diverter Exposed parts kit Consisting of Operating Lever, Cartridge Sleeve, Wall Flange (with Seals), Button Assembly Sleeve and Button Cap (Compatible with ALD-193N)",https://www.jaquar.com/en/vignette-divertor-plate-chrome_ald-193?Id=3858,"Vignette Prime, VGP-GRF-81193NK, Graphite"
Faucets,Vignette Prime,3858,Single Lever 3-inlet Divertor,Variant,940,3-Inlet Single Lever Concealed Diverter - Stainless Steel,VGP-SSF-81193NK,Stainless Steel,https://www.jaquar.com/images/thumbs/0059433_3-inlet-single-lever-concealed-diverter-stainless-steel_960.jpeg,6250.00,"Single Lever 3-inlet Diverter Exposed parts kit Consisting of Operating Lever, Cartridge Sleeve, Wall Flange (with Seals), Button Assembly Sleeve and Button Cap (Compatible with ALD-193N)",https://www.jaquar.com/en/vignette-divertor-plate-chrome_ald-193?Id=3858,"Vignette Prime, VGP-SSF-81193NK, Stainless Steel"
Faucets,Vignette Prime,3861,Single Lever 3-inlet Divertor,Parent,940,Single Lever 3-inlet Divertor - Chrome,VGP-CHR-81193NK,Chrome,https://www.jaquar.com/images/thumbs/0060562_single-lever-3-inlet-divertor-chrome_960.jpeg,3800.00,"Single Lever 3-inlet Diverter Exposed parts kit Consisting of Operating Lever, Cartridge Sleeve, Wall Flange (with Seals), Button Assembly Sleeve and Button Cap (Compatible with ALD-193N)",https://www.jaquar.com/en/vignette-divertor-plate-chrome_ald-193?Id=3861,"Vignette Prime, VGP-CHR-81193NK, Chrome"
Faucets,Vignette Prime,3861,Single Lever 3-inlet Divertor,Variant,940,3-Inlet Single Lever Concealed Diverter - Antique Bronze,VGP-ABR-81193NK,Antique Bronze,https://www.jaquar.com/images/thumbs/0055054_3-inlet-single-lever-concealed-diverter-antique-bronze_960.jpeg,6250.00,"Single Lever 3-inlet Diverter Exposed parts kit Consisting of Operating Lever, Cartridge Sleeve, Wall Flange (with Seals), Button Assembly Sleeve and Button Cap (Compatible with ALD-193N)",https://www.jaquar.com/en/vignette-divertor-plate-chrome_ald-193?Id=3861,"Vignette Prime, VGP-ABR-81193NK, Antique Bronze"
Faucets,Vignette Prime,3861,Single Lever 3-inlet Divertor,Variant,940,3-Inlet Single Lever Concealed Diverter - Antique Copper,VGP-ACR-81193NK,Antique Copper,https://www.jaquar.com/images/thumbs/0055055_3-inlet-single-lever-concealed-diverter-antique-copper_960.jpeg,6250.00,"Single Lever 3-inlet Diverter Exposed parts kit Consisting of Operating Lever, Cartridge Sleeve, Wall Flange (with Seals), Button Assembly Sleeve and Button Cap (Compatible with ALD-193N)",https://www.jaquar.com/en/vignette-divertor-plate-chrome_ald-193?Id=3861,"Vignette Prime, VGP-ACR-81193NK, Antique Copper"
Faucets,Vignette Prime,3861,Single Lever 3-inlet Divertor,Variant,940,3-Inlet Single Lever Concealed Diverter - Black Chrome,VGP-BCH-81193NK,Black Chrome,https://www.jaquar.com/images/thumbs/0054859_3-inlet-single-lever-concealed-diverter-black-chrome_960.jpeg,5500.00,"Single Lever 3-inlet Diverter Exposed parts kit Consisting of Operating Lever, Cartridge Sleeve, Wall Flange (with Seals), Button Assembly Sleeve and Button Cap (Compatible with ALD-193N)",https://www.jaquar.com/en/vignette-divertor-plate-chrome_ald-193?Id=3861,"Vignette Prime, VGP-BCH-81193NK, Black Chrome"
Faucets,Vignette Prime,3861,Single Lever 3-inlet Divertor,Variant,940,3-Inlet Single Lever Concealed Diverter - Black Matt,VGP-BLM-81193NK,Black Matt,https://www.jaquar.com/images/thumbs/0055056_3-inlet-single-lever-concealed-diverter-black-matt_960.jpeg,5500.00,"Single Lever 3-inlet Diverter Exposed parts kit Consisting of Operating Lever, Cartridge Sleeve, Wall Flange (with Seals), Button Assembly Sleeve and Button Cap (Compatible with ALD-193N)",https://www.jaquar.com/en/vignette-divertor-plate-chrome_ald-193?Id=3861,"Vignette Prime, VGP-BLM-81193NK, Black Matt"
Faucets,Vignette Prime,3861,Single Lever 3-inlet Divertor,Variant,940,3-Inlet Single Lever Concealed Diverter - Graphite,VGP-GRF-81193NK,Graphite,https://www.jaquar.com/images/thumbs/0055057_3-inlet-single-lever-concealed-diverter-graphite_960.jpeg,6250.00,"Single Lever 3-inlet Diverter Exposed parts kit Consisting of Operating Lever, Cartridge Sleeve, Wall Flange (with Seals), Button Assembly Sleeve and Button Cap (Compatible with ALD-193N)",https://www.jaquar.com/en/vignette-divertor-plate-chrome_ald-193?Id=3861,"Vignette Prime, VGP-GRF-81193NK, Graphite"
Faucets,Vignette Prime,3861,Single Lever 3-inlet Divertor,Variant,940,3-Inlet Single Lever Concealed Diverter - Stainless Steel,VGP-SSF-81193NK,Stainless Steel,https://www.jaquar.com/images/thumbs/0059433_3-inlet-single-lever-concealed-diverter-stainless-steel_960.jpeg,6250.00,"Single Lever 3-inlet Diverter Exposed parts kit Consisting of Operating Lever, Cartridge Sleeve, Wall Flange (with Seals), Button Assembly Sleeve and Button Cap (Compatible with ALD-193N)",https://www.jaquar.com/en/vignette-divertor-plate-chrome_ald-193?Id=3861,"Vignette Prime, VGP-SSF-81193NK, Stainless Steel"
Faucets,Vignette Prime,3862,Single Lever 3-inlet Divertor,Parent,940,Single Lever 3-inlet Divertor - Chrome,VGP-CHR-81193NK,Chrome,https://www.jaquar.com/images/thumbs/0060562_single-lever-3-inlet-divertor-chrome_960.jpeg,3800.00,"Single Lever 3-inlet Diverter Exposed parts kit Consisting of Operating Lever, Cartridge Sleeve, Wall Flange (with Seals), Button Assembly Sleeve and Button Cap (Compatible with ALD-193N)",https://www.jaquar.com/en/vignette-divertor-plate-chrome_ald-193?Id=3862,"Vignette Prime, VGP-CHR-81193NK, Chrome"
Faucets,Vignette Prime,3862,Single Lever 3-inlet Divertor,Variant,940,3-Inlet Single Lever Concealed Diverter - Antique Bronze,VGP-ABR-81193NK,Antique Bronze,https://www.jaquar.com/images/thumbs/0055054_3-inlet-single-lever-concealed-diverter-antique-bronze_960.jpeg,6250.00,"Single Lever 3-inlet Diverter Exposed parts kit Consisting of Operating Lever, Cartridge Sleeve, Wall Flange (with Seals), Button Assembly Sleeve and Button Cap (Compatible with ALD-193N)",https://www.jaquar.com/en/vignette-divertor-plate-chrome_ald-193?Id=3862,"Vignette Prime, VGP-ABR-81193NK, Antique Bronze"
Faucets,Vignette Prime,3862,Single Lever 3-inlet Divertor,Variant,940,3-Inlet Single Lever Concealed Diverter - Antique Copper,VGP-ACR-81193NK,Antique Copper,https://www.jaquar.com/images/thumbs/0055055_3-inlet-single-lever-concealed-diverter-antique-copper_960.jpeg,6250.00,"Single Lever 3-inlet Diverter Exposed parts kit Consisting of Operating Lever, Cartridge Sleeve, Wall Flange (with Seals), Button Assembly Sleeve and Button Cap (Compatible with ALD-193N)",https://www.jaquar.com/en/vignette-divertor-plate-chrome_ald-193?Id=3862,"Vignette Prime, VGP-ACR-81193NK, Antique Copper"
Faucets,Vignette Prime,3862,Single Lever 3-inlet Divertor,Variant,940,3-Inlet Single Lever Concealed Diverter - Black Chrome,VGP-BCH-81193NK,Black Chrome,https://www.jaquar.com/images/thumbs/0054859_3-inlet-single-lever-concealed-diverter-black-chrome_960.jpeg,5500.00,"Single Lever 3-inlet Diverter Exposed parts kit Consisting of Operating Lever, Cartridge Sleeve, Wall Flange (with Seals), Button Assembly Sleeve and Button Cap (Compatible with ALD-193N)",https://www.jaquar.com/en/vignette-divertor-plate-chrome_ald-193?Id=3862,"Vignette Prime, VGP-BCH-81193NK, Black Chrome"
Faucets,Vignette Prime,3862,Single Lever 3-inlet Divertor,Variant,940,3-Inlet Single Lever Concealed Diverter - Black Matt,VGP-BLM-81193NK,Black Matt,https://www.jaquar.com/images/thumbs/0055056_3-inlet-single-lever-concealed-diverter-black-matt_960.jpeg,5500.00,"Single Lever 3-inlet Diverter Exposed parts kit Consisting of Operating Lever, Cartridge Sleeve, Wall Flange (with Seals), Button Assembly Sleeve and Button Cap (Compatible with ALD-193N)",https://www.jaquar.com/en/vignette-divertor-plate-chrome_ald-193?Id=3862,"Vignette Prime, VGP-BLM-81193NK, Black Matt"
Faucets,Vignette Prime,3862,Single Lever 3-inlet Divertor,Variant,940,3-Inlet Single Lever Concealed Diverter - Graphite,VGP-GRF-81193NK,Graphite,https://www.jaquar.com/images/thumbs/0055057_3-inlet-single-lever-concealed-diverter-graphite_960.jpeg,6250.00,"Single Lever 3-inlet Diverter Exposed parts kit Consisting of Operating Lever, Cartridge Sleeve, Wall Flange (with Seals), Button Assembly Sleeve and Button Cap (Compatible with ALD-193N)",https://www.jaquar.com/en/vignette-divertor-plate-chrome_ald-193?Id=3862,"Vignette Prime, VGP-GRF-81193NK, Graphite"
Faucets,Vignette Prime,3862,Single Lever 3-inlet Divertor,Variant,940,3-Inlet Single Lever Concealed Diverter - Stainless Steel,VGP-SSF-81193NK,Stainless Steel,https://www.jaquar.com/images/thumbs/0059433_3-inlet-single-lever-concealed-diverter-stainless-steel_960.jpeg,6250.00,"Single Lever 3-inlet Diverter Exposed parts kit Consisting of Operating Lever, Cartridge Sleeve, Wall Flange (with Seals), Button Assembly Sleeve and Button Cap (Compatible with ALD-193N)",https://www.jaquar.com/en/vignette-divertor-plate-chrome_ald-193?Id=3862,"Vignette Prime, VGP-SSF-81193NK, Stainless Steel"
Faucets,Vignette Prime,3854,Single Lever 3-inlet Divertor,Parent,940,Single Lever 3-inlet Divertor - Chrome,VGP-CHR-81193NK,Chrome,https://www.jaquar.com/images/thumbs/0060562_single-lever-3-inlet-divertor-chrome_960.jpeg,3800.00,"Single Lever 3-inlet Diverter Exposed parts kit Consisting of Operating Lever, Cartridge Sleeve, Wall Flange (with Seals), Button Assembly Sleeve and Button Cap (Compatible with ALD-193N)",https://www.jaquar.com/en/vignette-divertor-plate-chrome_ald-193?Id=3854,"Vignette Prime, VGP-CHR-81193NK, Chrome"
Faucets,Vignette Prime,3854,Single Lever 3-inlet Divertor,Variant,940,3-Inlet Single Lever Concealed Diverter - Antique Bronze,VGP-ABR-81193NK,Antique Bronze,https://www.jaquar.com/images/thumbs/0055054_3-inlet-single-lever-concealed-diverter-antique-bronze_960.jpeg,6250.00,"Single Lever 3-inlet Diverter Exposed parts kit Consisting of Operating Lever, Cartridge Sleeve, Wall Flange (with Seals), Button Assembly Sleeve and Button Cap (Compatible with ALD-193N)",https://www.jaquar.com/en/vignette-divertor-plate-chrome_ald-193?Id=3854,"Vignette Prime, VGP-ABR-81193NK, Antique Bronze"
Faucets,Vignette Prime,3854,Single Lever 3-inlet Divertor,Variant,940,3-Inlet Single Lever Concealed Diverter - Antique Copper,VGP-ACR-81193NK,Antique Copper,https://www.jaquar.com/images/thumbs/0055055_3-inlet-single-lever-concealed-diverter-antique-copper_960.jpeg,6250.00,"Single Lever 3-inlet Diverter Exposed parts kit Consisting of Operating Lever, Cartridge Sleeve, Wall Flange (with Seals), Button Assembly Sleeve and Button Cap (Compatible with ALD-193N)",https://www.jaquar.com/en/vignette-divertor-plate-chrome_ald-193?Id=3854,"Vignette Prime, VGP-ACR-81193NK, Antique Copper"
Faucets,Vignette Prime,3854,Single Lever 3-inlet Divertor,Variant,940,3-Inlet Single Lever Concealed Diverter - Black Chrome,VGP-BCH-81193NK,Black Chrome,https://www.jaquar.com/images/thumbs/0054859_3-inlet-single-lever-concealed-diverter-black-chrome_960.jpeg,5500.00,"Single Lever 3-inlet Diverter Exposed parts kit Consisting of Operating Lever, Cartridge Sleeve, Wall Flange (with Seals), Button Assembly Sleeve and Button Cap (Compatible with ALD-193N)",https://www.jaquar.com/en/vignette-divertor-plate-chrome_ald-193?Id=3854,"Vignette Prime, VGP-BCH-81193NK, Black Chrome"
Faucets,Vignette Prime,3854,Single Lever 3-inlet Divertor,Variant,940,3-Inlet Single Lever Concealed Diverter - Black Matt,VGP-BLM-81193NK,Black Matt,https://www.jaquar.com/images/thumbs/0055056_3-inlet-single-lever-concealed-diverter-black-matt_960.jpeg,5500.00,"Single Lever 3-inlet Diverter Exposed parts kit Consisting of Operating Lever, Cartridge Sleeve, Wall Flange (with Seals), Button Assembly Sleeve and Button Cap (Compatible with ALD-193N)",https://www.jaquar.com/en/vignette-divertor-plate-chrome_ald-193?Id=3854,"Vignette Prime, VGP-BLM-81193NK, Black Matt"
Faucets,Vignette Prime,3854,Single Lever 3-inlet Divertor,Variant,940,3-Inlet Single Lever Concealed Diverter - Graphite,VGP-GRF-81193NK,Graphite,https://www.jaquar.com/images/thumbs/0055057_3-inlet-single-lever-concealed-diverter-graphite_960.jpeg,6250.00,"Single Lever 3-inlet Diverter Exposed parts kit Consisting of Operating Lever, Cartridge Sleeve, Wall Flange (with Seals), Button Assembly Sleeve and Button Cap (Compatible with ALD-193N)",https://www.jaquar.com/en/vignette-divertor-plate-chrome_ald-193?Id=3854,"Vignette Prime, VGP-GRF-81193NK, Graphite"
Faucets,Vignette Prime,3854,Single Lever 3-inlet Divertor,Variant,940,3-Inlet Single Lever Concealed Diverter - Stainless Steel,VGP-SSF-81193NK,Stainless Steel,https://www.jaquar.com/images/thumbs/0059433_3-inlet-single-lever-concealed-diverter-stainless-steel_960.jpeg,6250.00,"Single Lever 3-inlet Diverter Exposed parts kit Consisting of Operating Lever, Cartridge Sleeve, Wall Flange (with Seals), Button Assembly Sleeve and Button Cap (Compatible with ALD-193N)",https://www.jaquar.com/en/vignette-divertor-plate-chrome_ald-193?Id=3854,"Vignette Prime, VGP-SSF-81193NK, Stainless Steel"
Faucets,Vignette Prime,4004,Aquamax Exposed Part Kit of Single Lever Shower Mixer,Parent,2752,Aquamax Exposed Part Kit of Single Lever Shower Mixer - Chrome,VGP-CHR-81783NK,Chrome,https://www.jaquar.com/images/thumbs/0015365_aquamax-exposed-part-kit-of-single-lever-shower-mixer-chrome_960.jpeg,4400.00,Aquamax Exposed Part Kit of Single Lever Shower Mixer with 3-way diverter (Compatible with ALD-783N),https://www.jaquar.com/en/aquamax-single-lever-3-way-thermostatic-mixer-concealed-body?Id=4004,"Vignette Prime, VGP-CHR-81783NK, Chrome"
Faucets,Vignette Prime,4004,Aquamax Exposed Part Kit of Single Lever Shower Mixer,Variant,2752,Aquamax Single Lever Shower Mixer - Antique Bronze,VGP-ABR-81783NK,Antique Bronze,https://www.jaquar.com/images/thumbs/0059597_aquamax-single-lever-shower-mixer-antique-bronze_960.jpeg,7400.00,Aquamax Exposed Part Kit of Single Lever Shower Mixer with 3-way diverter (Compatible with ALD-783N),https://www.jaquar.com/en/aquamax-single-lever-3-way-thermostatic-mixer-concealed-body?Id=4004,"Vignette Prime, VGP-ABR-81783NK, Antique Bronze"
Faucets,Vignette Prime,4004,Aquamax Exposed Part Kit of Single Lever Shower Mixer,Variant,2752,Aquamax Single Lever Shower Mixer - Antique Copper,VGP-ACR-81783NK,Antique Copper,https://www.jaquar.com/images/thumbs/0060360_aquamax-single-lever-shower-mixer-antique-copper_960.jpeg,7400.00,Aquamax Exposed Part Kit of Single Lever Shower Mixer with 3-way diverter (Compatible with ALD-783N),https://www.jaquar.com/en/aquamax-single-lever-3-way-thermostatic-mixer-concealed-body?Id=4004,"Vignette Prime, VGP-ACR-81783NK, Antique Copper"
Faucets,Vignette Prime,4004,Aquamax Exposed Part Kit of Single Lever Shower Mixer,Variant,2752,Aquamax Single Lever Shower Mixer - Black Chrome,VGP-BCH-81783NK,Black Chrome,https://www.jaquar.com/images/thumbs/0059503_aquamax-single-lever-shower-mixer-black-chrome_960.jpeg,6350.00,Aquamax Exposed Part Kit of Single Lever Shower Mixer with 3-way diverter (Compatible with ALD-783N),https://www.jaquar.com/en/aquamax-single-lever-3-way-thermostatic-mixer-concealed-body?Id=4004,"Vignette Prime, VGP-BCH-81783NK, Black Chrome"
Faucets,Vignette Prime,4004,Aquamax Exposed Part Kit of Single Lever Shower Mixer,Variant,2752,Aquamax Single Lever Shower Mixer - Black Matt,VGP-BLM-81783NK,Black Matt,https://www.jaquar.com/images/thumbs/0059594_aquamax-single-lever-shower-mixer-black-matt_960.jpeg,6350.00,Aquamax Exposed Part Kit of Single Lever Shower Mixer with 3-way diverter (Compatible with ALD-783N),https://www.jaquar.com/en/aquamax-single-lever-3-way-thermostatic-mixer-concealed-body?Id=4004,"Vignette Prime, VGP-BLM-81783NK, Black Matt"
Faucets,Vignette Prime,4004,Aquamax Exposed Part Kit of Single Lever Shower Mixer,Variant,2752,Aquamax Single Lever Shower Mixer - Graphite,VGP-GRF-81783NK,Graphite,https://www.jaquar.com/images/thumbs/0060565_aquamax-single-lever-shower-mixer-graphite_960.jpeg,7400.00,Aquamax Exposed Part Kit of Single Lever Shower Mixer with 3-way diverter (Compatible with ALD-783N),https://www.jaquar.com/en/aquamax-single-lever-3-way-thermostatic-mixer-concealed-body?Id=4004,"Vignette Prime, VGP-GRF-81783NK, Graphite"
Faucets,Vignette Prime,4004,Aquamax Exposed Part Kit of Single Lever Shower Mixer,Variant,2752,Aquamax Single Lever Shower Mixer - Stainless Steel,VGP-SSF-81783NK,Stainless Steel,https://www.jaquar.com/images/thumbs/0059488_aquamax-single-lever-shower-mixer-stainless-steel_960.jpeg,7400.00,Aquamax Exposed Part Kit of Single Lever Shower Mixer with 3-way diverter (Compatible with ALD-783N),https://www.jaquar.com/en/aquamax-single-lever-3-way-thermostatic-mixer-concealed-body?Id=4004,"Vignette Prime, VGP-SSF-81783NK, Stainless Steel"
Faucets,Vignette Prime,4005,Aquamax Exposed Part Kit of Single Lever Shower Mixer,Parent,2752,Aquamax Exposed Part Kit of Single Lever Shower Mixer - Chrome,VGP-CHR-81783NK,Chrome,https://www.jaquar.com/images/thumbs/0015365_aquamax-exposed-part-kit-of-single-lever-shower-mixer-chrome_960.jpeg,4400.00,Aquamax Exposed Part Kit of Single Lever Shower Mixer with 3-way diverter (Compatible with ALD-783N),https://www.jaquar.com/en/aquamax-single-lever-3-way-thermostatic-mixer-concealed-body?Id=4005,"Vignette Prime, VGP-CHR-81783NK, Chrome"
Faucets,Vignette Prime,4005,Aquamax Exposed Part Kit of Single Lever Shower Mixer,Variant,2752,Aquamax Single Lever Shower Mixer - Antique Bronze,VGP-ABR-81783NK,Antique Bronze,https://www.jaquar.com/images/thumbs/0059597_aquamax-single-lever-shower-mixer-antique-bronze_960.jpeg,7400.00,Aquamax Exposed Part Kit of Single Lever Shower Mixer with 3-way diverter (Compatible with ALD-783N),https://www.jaquar.com/en/aquamax-single-lever-3-way-thermostatic-mixer-concealed-body?Id=4005,"Vignette Prime, VGP-ABR-81783NK, Antique Bronze"
Faucets,Vignette Prime,4005,Aquamax Exposed Part Kit of Single Lever Shower Mixer,Variant,2752,Aquamax Single Lever Shower Mixer - Antique Copper,VGP-ACR-81783NK,Antique Copper,https://www.jaquar.com/images/thumbs/0060360_aquamax-single-lever-shower-mixer-antique-copper_960.jpeg,7400.00,Aquamax Exposed Part Kit of Single Lever Shower Mixer with 3-way diverter (Compatible with ALD-783N),https://www.jaquar.com/en/aquamax-single-lever-3-way-thermostatic-mixer-concealed-body?Id=4005,"Vignette Prime, VGP-ACR-81783NK, Antique Copper"
Faucets,Vignette Prime,4005,Aquamax Exposed Part Kit of Single Lever Shower Mixer,Variant,2752,Aquamax Single Lever Shower Mixer - Black Chrome,VGP-BCH-81783NK,Black Chrome,https://www.jaquar.com/images/thumbs/0059503_aquamax-single-lever-shower-mixer-black-chrome_960.jpeg,6350.00,Aquamax Exposed Part Kit of Single Lever Shower Mixer with 3-way diverter (Compatible with ALD-783N),https://www.jaquar.com/en/aquamax-single-lever-3-way-thermostatic-mixer-concealed-body?Id=4005,"Vignette Prime, VGP-BCH-81783NK, Black Chrome"
Faucets,Vignette Prime,4005,Aquamax Exposed Part Kit of Single Lever Shower Mixer,Variant,2752,Aquamax Single Lever Shower Mixer - Black Matt,VGP-BLM-81783NK,Black Matt,https://www.jaquar.com/images/thumbs/0059594_aquamax-single-lever-shower-mixer-black-matt_960.jpeg,6350.00,Aquamax Exposed Part Kit of Single Lever Shower Mixer with 3-way diverter (Compatible with ALD-783N),https://www.jaquar.com/en/aquamax-single-lever-3-way-thermostatic-mixer-concealed-body?Id=4005,"Vignette Prime, VGP-BLM-81783NK, Black Matt"
Faucets,Vignette Prime,4005,Aquamax Exposed Part Kit of Single Lever Shower Mixer,Variant,2752,Aquamax Single Lever Shower Mixer - Graphite,VGP-GRF-81783NK,Graphite,https://www.jaquar.com/images/thumbs/0060565_aquamax-single-lever-shower-mixer-graphite_960.jpeg,7400.00,Aquamax Exposed Part Kit of Single Lever Shower Mixer with 3-way diverter (Compatible with ALD-783N),https://www.jaquar.com/en/aquamax-single-lever-3-way-thermostatic-mixer-concealed-body?Id=4005,"Vignette Prime, VGP-GRF-81783NK, Graphite"
Faucets,Vignette Prime,4005,Aquamax Exposed Part Kit of Single Lever Shower Mixer,Variant,2752,Aquamax Single Lever Shower Mixer - Stainless Steel,VGP-SSF-81783NK,Stainless Steel,https://www.jaquar.com/images/thumbs/0059488_aquamax-single-lever-shower-mixer-stainless-steel_960.jpeg,7400.00,Aquamax Exposed Part Kit of Single Lever Shower Mixer with 3-way diverter (Compatible with ALD-783N),https://www.jaquar.com/en/aquamax-single-lever-3-way-thermostatic-mixer-concealed-body?Id=4005,"Vignette Prime, VGP-SSF-81783NK, Stainless Steel"
Faucets,Vignette Prime,4006,Aquamax Exposed Part Kit of Single Lever Shower Mixer,Parent,2752,Aquamax Exposed Part Kit of Single Lever Shower Mixer - Chrome,VGP-CHR-81783NK,Chrome,https://www.jaquar.com/images/thumbs/0015365_aquamax-exposed-part-kit-of-single-lever-shower-mixer-chrome_960.jpeg,4400.00,Aquamax Exposed Part Kit of Single Lever Shower Mixer with 3-way diverter (Compatible with ALD-783N),https://www.jaquar.com/en/aquamax-single-lever-3-way-thermostatic-mixer-concealed-body?Id=4006,"Vignette Prime, VGP-CHR-81783NK, Chrome"
Faucets,Vignette Prime,4006,Aquamax Exposed Part Kit of Single Lever Shower Mixer,Variant,2752,Aquamax Single Lever Shower Mixer - Antique Bronze,VGP-ABR-81783NK,Antique Bronze,https://www.jaquar.com/images/thumbs/0059597_aquamax-single-lever-shower-mixer-antique-bronze_960.jpeg,7400.00,Aquamax Exposed Part Kit of Single Lever Shower Mixer with 3-way diverter (Compatible with ALD-783N),https://www.jaquar.com/en/aquamax-single-lever-3-way-thermostatic-mixer-concealed-body?Id=4006,"Vignette Prime, VGP-ABR-81783NK, Antique Bronze"
Faucets,Vignette Prime,4006,Aquamax Exposed Part Kit of Single Lever Shower Mixer,Variant,2752,Aquamax Single Lever Shower Mixer - Antique Copper,VGP-ACR-81783NK,Antique Copper,https://www.jaquar.com/images/thumbs/0060360_aquamax-single-lever-shower-mixer-antique-copper_960.jpeg,7400.00,Aquamax Exposed Part Kit of Single Lever Shower Mixer with 3-way diverter (Compatible with ALD-783N),https://www.jaquar.com/en/aquamax-single-lever-3-way-thermostatic-mixer-concealed-body?Id=4006,"Vignette Prime, VGP-ACR-81783NK, Antique Copper"
Faucets,Vignette Prime,4006,Aquamax Exposed Part Kit of Single Lever Shower Mixer,Variant,2752,Aquamax Single Lever Shower Mixer - Black Chrome,VGP-BCH-81783NK,Black Chrome,https://www.jaquar.com/images/thumbs/0059503_aquamax-single-lever-shower-mixer-black-chrome_960.jpeg,6350.00,Aquamax Exposed Part Kit of Single Lever Shower Mixer with 3-way diverter (Compatible with ALD-783N),https://www.jaquar.com/en/aquamax-single-lever-3-way-thermostatic-mixer-concealed-body?Id=4006,"Vignette Prime, VGP-BCH-81783NK, Black Chrome"
Faucets,Vignette Prime,4006,Aquamax Exposed Part Kit of Single Lever Shower Mixer,Variant,2752,Aquamax Single Lever Shower Mixer - Black Matt,VGP-BLM-81783NK,Black Matt,https://www.jaquar.com/images/thumbs/0059594_aquamax-single-lever-shower-mixer-black-matt_960.jpeg,6350.00,Aquamax Exposed Part Kit of Single Lever Shower Mixer with 3-way diverter (Compatible with ALD-783N),https://www.jaquar.com/en/aquamax-single-lever-3-way-thermostatic-mixer-concealed-body?Id=4006,"Vignette Prime, VGP-BLM-81783NK, Black Matt"
Faucets,Vignette Prime,4006,Aquamax Exposed Part Kit of Single Lever Shower Mixer,Variant,2752,Aquamax Single Lever Shower Mixer - Graphite,VGP-GRF-81783NK,Graphite,https://www.jaquar.com/images/thumbs/0060565_aquamax-single-lever-shower-mixer-graphite_960.jpeg,7400.00,Aquamax Exposed Part Kit of Single Lever Shower Mixer with 3-way diverter (Compatible with ALD-783N),https://www.jaquar.com/en/aquamax-single-lever-3-way-thermostatic-mixer-concealed-body?Id=4006,"Vignette Prime, VGP-GRF-81783NK, Graphite"
Faucets,Vignette Prime,4006,Aquamax Exposed Part Kit of Single Lever Shower Mixer,Variant,2752,Aquamax Single Lever Shower Mixer - Stainless Steel,VGP-SSF-81783NK,Stainless Steel,https://www.jaquar.com/images/thumbs/0059488_aquamax-single-lever-shower-mixer-stainless-steel_960.jpeg,7400.00,Aquamax Exposed Part Kit of Single Lever Shower Mixer with 3-way diverter (Compatible with ALD-783N),https://www.jaquar.com/en/aquamax-single-lever-3-way-thermostatic-mixer-concealed-body?Id=4006,"Vignette Prime, VGP-SSF-81783NK, Stainless Steel"
Faucets,Vignette Prime,4007,Aquamax Exposed Part Kit of Single Lever Shower Mixer,Parent,2752,Aquamax Exposed Part Kit of Single Lever Shower Mixer - Chrome,VGP-CHR-81783NK,Chrome,https://www.jaquar.com/images/thumbs/0015365_aquamax-exposed-part-kit-of-single-lever-shower-mixer-chrome_960.jpeg,4400.00,Aquamax Exposed Part Kit of Single Lever Shower Mixer with 3-way diverter (Compatible with ALD-783N),https://www.jaquar.com/en/aquamax-single-lever-3-way-thermostatic-mixer-concealed-body?Id=4007,"Vignette Prime, VGP-CHR-81783NK, Chrome"
Faucets,Vignette Prime,4007,Aquamax Exposed Part Kit of Single Lever Shower Mixer,Variant,2752,Aquamax Single Lever Shower Mixer - Antique Bronze,VGP-ABR-81783NK,Antique Bronze,https://www.jaquar.com/images/thumbs/0059597_aquamax-single-lever-shower-mixer-antique-bronze_960.jpeg,7400.00,Aquamax Exposed Part Kit of Single Lever Shower Mixer with 3-way diverter (Compatible with ALD-783N),https://www.jaquar.com/en/aquamax-single-lever-3-way-thermostatic-mixer-concealed-body?Id=4007,"Vignette Prime, VGP-ABR-81783NK, Antique Bronze"
Faucets,Vignette Prime,4007,Aquamax Exposed Part Kit of Single Lever Shower Mixer,Variant,2752,Aquamax Single Lever Shower Mixer - Antique Copper,VGP-ACR-81783NK,Antique Copper,https://www.jaquar.com/images/thumbs/0060360_aquamax-single-lever-shower-mixer-antique-copper_960.jpeg,7400.00,Aquamax Exposed Part Kit of Single Lever Shower Mixer with 3-way diverter (Compatible with ALD-783N),https://www.jaquar.com/en/aquamax-single-lever-3-way-thermostatic-mixer-concealed-body?Id=4007,"Vignette Prime, VGP-ACR-81783NK, Antique Copper"
Faucets,Vignette Prime,4007,Aquamax Exposed Part Kit of Single Lever Shower Mixer,Variant,2752,Aquamax Single Lever Shower Mixer - Black Chrome,VGP-BCH-81783NK,Black Chrome,https://www.jaquar.com/images/thumbs/0059503_aquamax-single-lever-shower-mixer-black-chrome_960.jpeg,6350.00,Aquamax Exposed Part Kit of Single Lever Shower Mixer with 3-way diverter (Compatible with ALD-783N),https://www.jaquar.com/en/aquamax-single-lever-3-way-thermostatic-mixer-concealed-body?Id=4007,"Vignette Prime, VGP-BCH-81783NK, Black Chrome"
Faucets,Vignette Prime,4007,Aquamax Exposed Part Kit of Single Lever Shower Mixer,Variant,2752,Aquamax Single Lever Shower Mixer - Black Matt,VGP-BLM-81783NK,Black Matt,https://www.jaquar.com/images/thumbs/0059594_aquamax-single-lever-shower-mixer-black-matt_960.jpeg,6350.00,Aquamax Exposed Part Kit of Single Lever Shower Mixer with 3-way diverter (Compatible with ALD-783N),https://www.jaquar.com/en/aquamax-single-lever-3-way-thermostatic-mixer-concealed-body?Id=4007,"Vignette Prime, VGP-BLM-81783NK, Black Matt"
Faucets,Vignette Prime,4007,Aquamax Exposed Part Kit of Single Lever Shower Mixer,Variant,2752,Aquamax Single Lever Shower Mixer - Graphite,VGP-GRF-81783NK,Graphite,https://www.jaquar.com/images/thumbs/0060565_aquamax-single-lever-shower-mixer-graphite_960.jpeg,7400.00,Aquamax Exposed Part Kit of Single Lever Shower Mixer with 3-way diverter (Compatible with ALD-783N),https://www.jaquar.com/en/aquamax-single-lever-3-way-thermostatic-mixer-concealed-body?Id=4007,"Vignette Prime, VGP-GRF-81783NK, Graphite"
Faucets,Vignette Prime,4007,Aquamax Exposed Part Kit of Single Lever Shower Mixer,Variant,2752,Aquamax Single Lever Shower Mixer - Stainless Steel,VGP-SSF-81783NK,Stainless Steel,https://www.jaquar.com/images/thumbs/0059488_aquamax-single-lever-shower-mixer-stainless-steel_960.jpeg,7400.00,Aquamax Exposed Part Kit of Single Lever Shower Mixer with 3-way diverter (Compatible with ALD-783N),https://www.jaquar.com/en/aquamax-single-lever-3-way-thermostatic-mixer-concealed-body?Id=4007,"Vignette Prime, VGP-SSF-81783NK, Stainless Steel"
Faucets,Vignette Prime,4008,Aquamax Exposed Part Kit of Single Lever Shower Mixer,Parent,2752,Aquamax Exposed Part Kit of Single Lever Shower Mixer - Chrome,VGP-CHR-81783NK,Chrome,https://www.jaquar.com/images/thumbs/0015365_aquamax-exposed-part-kit-of-single-lever-shower-mixer-chrome_960.jpeg,4400.00,Aquamax Exposed Part Kit of Single Lever Shower Mixer with 3-way diverter (Compatible with ALD-783N),https://www.jaquar.com/en/aquamax-single-lever-3-way-thermostatic-mixer-concealed-body?Id=4008,"Vignette Prime, VGP-CHR-81783NK, Chrome"
Faucets,Vignette Prime,4008,Aquamax Exposed Part Kit of Single Lever Shower Mixer,Variant,2752,Aquamax Single Lever Shower Mixer - Antique Bronze,VGP-ABR-81783NK,Antique Bronze,https://www.jaquar.com/images/thumbs/0059597_aquamax-single-lever-shower-mixer-antique-bronze_960.jpeg,7400.00,Aquamax Exposed Part Kit of Single Lever Shower Mixer with 3-way diverter (Compatible with ALD-783N),https://www.jaquar.com/en/aquamax-single-lever-3-way-thermostatic-mixer-concealed-body?Id=4008,"Vignette Prime, VGP-ABR-81783NK, Antique Bronze"
Faucets,Vignette Prime,4008,Aquamax Exposed Part Kit of Single Lever Shower Mixer,Variant,2752,Aquamax Single Lever Shower Mixer - Antique Copper,VGP-ACR-81783NK,Antique Copper,https://www.jaquar.com/images/thumbs/0060360_aquamax-single-lever-shower-mixer-antique-copper_960.jpeg,7400.00,Aquamax Exposed Part Kit of Single Lever Shower Mixer with 3-way diverter (Compatible with ALD-783N),https://www.jaquar.com/en/aquamax-single-lever-3-way-thermostatic-mixer-concealed-body?Id=4008,"Vignette Prime, VGP-ACR-81783NK, Antique Copper"
Faucets,Vignette Prime,4008,Aquamax Exposed Part Kit of Single Lever Shower Mixer,Variant,2752,Aquamax Single Lever Shower Mixer - Black Chrome,VGP-BCH-81783NK,Black Chrome,https://www.jaquar.com/images/thumbs/0059503_aquamax-single-lever-shower-mixer-black-chrome_960.jpeg,6350.00,Aquamax Exposed Part Kit of Single Lever Shower Mixer with 3-way diverter (Compatible with ALD-783N),https://www.jaquar.com/en/aquamax-single-lever-3-way-thermostatic-mixer-concealed-body?Id=4008,"Vignette Prime, VGP-BCH-81783NK, Black Chrome"
Faucets,Vignette Prime,4008,Aquamax Exposed Part Kit of Single Lever Shower Mixer,Variant,2752,Aquamax Single Lever Shower Mixer - Black Matt,VGP-BLM-81783NK,Black Matt,https://www.jaquar.com/images/thumbs/0059594_aquamax-single-lever-shower-mixer-black-matt_960.jpeg,6350.00,Aquamax Exposed Part Kit of Single Lever Shower Mixer with 3-way diverter (Compatible with ALD-783N),https://www.jaquar.com/en/aquamax-single-lever-3-way-thermostatic-mixer-concealed-body?Id=4008,"Vignette Prime, VGP-BLM-81783NK, Black Matt"
Faucets,Vignette Prime,4008,Aquamax Exposed Part Kit of Single Lever Shower Mixer,Variant,2752,Aquamax Single Lever Shower Mixer - Graphite,VGP-GRF-81783NK,Graphite,https://www.jaquar.com/images/thumbs/0060565_aquamax-single-lever-shower-mixer-graphite_960.jpeg,7400.00,Aquamax Exposed Part Kit of Single Lever Shower Mixer with 3-way diverter (Compatible with ALD-783N),https://www.jaquar.com/en/aquamax-single-lever-3-way-thermostatic-mixer-concealed-body?Id=4008,"Vignette Prime, VGP-GRF-81783NK, Graphite"
Faucets,Vignette Prime,4008,Aquamax Exposed Part Kit of Single Lever Shower Mixer,Variant,2752,Aquamax Single Lever Shower Mixer - Stainless Steel,VGP-SSF-81783NK,Stainless Steel,https://www.jaquar.com/images/thumbs/0059488_aquamax-single-lever-shower-mixer-stainless-steel_960.jpeg,7400.00,Aquamax Exposed Part Kit of Single Lever Shower Mixer with 3-way diverter (Compatible with ALD-783N),https://www.jaquar.com/en/aquamax-single-lever-3-way-thermostatic-mixer-concealed-body?Id=4008,"Vignette Prime, VGP-SSF-81783NK, Stainless Steel"
Faucets,Vignette Prime,4011,Aquamax Exposed Part Kit of Single Lever Shower Mixer,Parent,2752,Aquamax Exposed Part Kit of Single Lever Shower Mixer - Chrome,VGP-CHR-81783NK,Chrome,https://www.jaquar.com/images/thumbs/0015365_aquamax-exposed-part-kit-of-single-lever-shower-mixer-chrome_960.jpeg,4400.00,Aquamax Exposed Part Kit of Single Lever Shower Mixer with 3-way diverter (Compatible with ALD-783N),https://www.jaquar.com/en/aquamax-single-lever-3-way-thermostatic-mixer-concealed-body?Id=4011,"Vignette Prime, VGP-CHR-81783NK, Chrome"
Faucets,Vignette Prime,4011,Aquamax Exposed Part Kit of Single Lever Shower Mixer,Variant,2752,Aquamax Single Lever Shower Mixer - Antique Bronze,VGP-ABR-81783NK,Antique Bronze,https://www.jaquar.com/images/thumbs/0059597_aquamax-single-lever-shower-mixer-antique-bronze_960.jpeg,7400.00,Aquamax Exposed Part Kit of Single Lever Shower Mixer with 3-way diverter (Compatible with ALD-783N),https://www.jaquar.com/en/aquamax-single-lever-3-way-thermostatic-mixer-concealed-body?Id=4011,"Vignette Prime, VGP-ABR-81783NK, Antique Bronze"
Faucets,Vignette Prime,4011,Aquamax Exposed Part Kit of Single Lever Shower Mixer,Variant,2752,Aquamax Single Lever Shower Mixer - Antique Copper,VGP-ACR-81783NK,Antique Copper,https://www.jaquar.com/images/thumbs/0060360_aquamax-single-lever-shower-mixer-antique-copper_960.jpeg,7400.00,Aquamax Exposed Part Kit of Single Lever Shower Mixer with 3-way diverter (Compatible with ALD-783N),https://www.jaquar.com/en/aquamax-single-lever-3-way-thermostatic-mixer-concealed-body?Id=4011,"Vignette Prime, VGP-ACR-81783NK, Antique Copper"
Faucets,Vignette Prime,4011,Aquamax Exposed Part Kit of Single Lever Shower Mixer,Variant,2752,Aquamax Single Lever Shower Mixer - Black Chrome,VGP-BCH-81783NK,Black Chrome,https://www.jaquar.com/images/thumbs/0059503_aquamax-single-lever-shower-mixer-black-chrome_960.jpeg,6350.00,Aquamax Exposed Part Kit of Single Lever Shower Mixer with 3-way diverter (Compatible with ALD-783N),https://www.jaquar.com/en/aquamax-single-lever-3-way-thermostatic-mixer-concealed-body?Id=4011,"Vignette Prime, VGP-BCH-81783NK, Black Chrome"
Faucets,Vignette Prime,4011,Aquamax Exposed Part Kit of Single Lever Shower Mixer,Variant,2752,Aquamax Single Lever Shower Mixer - Black Matt,VGP-BLM-81783NK,Black Matt,https://www.jaquar.com/images/thumbs/0059594_aquamax-single-lever-shower-mixer-black-matt_960.jpeg,6350.00,Aquamax Exposed Part Kit of Single Lever Shower Mixer with 3-way diverter (Compatible with ALD-783N),https://www.jaquar.com/en/aquamax-single-lever-3-way-thermostatic-mixer-concealed-body?Id=4011,"Vignette Prime, VGP-BLM-81783NK, Black Matt"
Faucets,Vignette Prime,4011,Aquamax Exposed Part Kit of Single Lever Shower Mixer,Variant,2752,Aquamax Single Lever Shower Mixer - Graphite,VGP-GRF-81783NK,Graphite,https://www.jaquar.com/images/thumbs/0060565_aquamax-single-lever-shower-mixer-graphite_960.jpeg,7400.00,Aquamax Exposed Part Kit of Single Lever Shower Mixer with 3-way diverter (Compatible with ALD-783N),https://www.jaquar.com/en/aquamax-single-lever-3-way-thermostatic-mixer-concealed-body?Id=4011,"Vignette Prime, VGP-GRF-81783NK, Graphite"
Faucets,Vignette Prime,4011,Aquamax Exposed Part Kit of Single Lever Shower Mixer,Variant,2752,Aquamax Single Lever Shower Mixer - Stainless Steel,VGP-SSF-81783NK,Stainless Steel,https://www.jaquar.com/images/thumbs/0059488_aquamax-single-lever-shower-mixer-stainless-steel_960.jpeg,7400.00,Aquamax Exposed Part Kit of Single Lever Shower Mixer with 3-way diverter (Compatible with ALD-783N),https://www.jaquar.com/en/aquamax-single-lever-3-way-thermostatic-mixer-concealed-body?Id=4011,"Vignette Prime, VGP-SSF-81783NK, Stainless Steel"
Faucets,Vignette Prime,4012,Aquamax Exposed Part Kit of Single Lever Shower Mixer,Parent,2752,Aquamax Exposed Part Kit of Single Lever Shower Mixer - Chrome,VGP-CHR-81783NK,Chrome,https://www.jaquar.com/images/thumbs/0015365_aquamax-exposed-part-kit-of-single-lever-shower-mixer-chrome_960.jpeg,4400.00,Aquamax Exposed Part Kit of Single Lever Shower Mixer with 3-way diverter (Compatible with ALD-783N),https://www.jaquar.com/en/aquamax-single-lever-3-way-thermostatic-mixer-concealed-body?Id=4012,"Vignette Prime, VGP-CHR-81783NK, Chrome"
Faucets,Vignette Prime,4012,Aquamax Exposed Part Kit of Single Lever Shower Mixer,Variant,2752,Aquamax Single Lever Shower Mixer - Antique Bronze,VGP-ABR-81783NK,Antique Bronze,https://www.jaquar.com/images/thumbs/0059597_aquamax-single-lever-shower-mixer-antique-bronze_960.jpeg,7400.00,Aquamax Exposed Part Kit of Single Lever Shower Mixer with 3-way diverter (Compatible with ALD-783N),https://www.jaquar.com/en/aquamax-single-lever-3-way-thermostatic-mixer-concealed-body?Id=4012,"Vignette Prime, VGP-ABR-81783NK, Antique Bronze"
Faucets,Vignette Prime,4012,Aquamax Exposed Part Kit of Single Lever Shower Mixer,Variant,2752,Aquamax Single Lever Shower Mixer - Antique Copper,VGP-ACR-81783NK,Antique Copper,https://www.jaquar.com/images/thumbs/0060360_aquamax-single-lever-shower-mixer-antique-copper_960.jpeg,7400.00,Aquamax Exposed Part Kit of Single Lever Shower Mixer with 3-way diverter (Compatible with ALD-783N),https://www.jaquar.com/en/aquamax-single-lever-3-way-thermostatic-mixer-concealed-body?Id=4012,"Vignette Prime, VGP-ACR-81783NK, Antique Copper"
Faucets,Vignette Prime,4012,Aquamax Exposed Part Kit of Single Lever Shower Mixer,Variant,2752,Aquamax Single Lever Shower Mixer - Black Chrome,VGP-BCH-81783NK,Black Chrome,https://www.jaquar.com/images/thumbs/0059503_aquamax-single-lever-shower-mixer-black-chrome_960.jpeg,6350.00,Aquamax Exposed Part Kit of Single Lever Shower Mixer with 3-way diverter (Compatible with ALD-783N),https://www.jaquar.com/en/aquamax-single-lever-3-way-thermostatic-mixer-concealed-body?Id=4012,"Vignette Prime, VGP-BCH-81783NK, Black Chrome"
Faucets,Vignette Prime,4012,Aquamax Exposed Part Kit of Single Lever Shower Mixer,Variant,2752,Aquamax Single Lever Shower Mixer - Black Matt,VGP-BLM-81783NK,Black Matt,https://www.jaquar.com/images/thumbs/0059594_aquamax-single-lever-shower-mixer-black-matt_960.jpeg,6350.00,Aquamax Exposed Part Kit of Single Lever Shower Mixer with 3-way diverter (Compatible with ALD-783N),https://www.jaquar.com/en/aquamax-single-lever-3-way-thermostatic-mixer-concealed-body?Id=4012,"Vignette Prime, VGP-BLM-81783NK, Black Matt"
Faucets,Vignette Prime,4012,Aquamax Exposed Part Kit of Single Lever Shower Mixer,Variant,2752,Aquamax Single Lever Shower Mixer - Graphite,VGP-GRF-81783NK,Graphite,https://www.jaquar.com/images/thumbs/0060565_aquamax-single-lever-shower-mixer-graphite_960.jpeg,7400.00,Aquamax Exposed Part Kit of Single Lever Shower Mixer with 3-way diverter (Compatible with ALD-783N),https://www.jaquar.com/en/aquamax-single-lever-3-way-thermostatic-mixer-concealed-body?Id=4012,"Vignette Prime, VGP-GRF-81783NK, Graphite"
Faucets,Vignette Prime,4012,Aquamax Exposed Part Kit of Single Lever Shower Mixer,Variant,2752,Aquamax Single Lever Shower Mixer - Stainless Steel,VGP-SSF-81783NK,Stainless Steel,https://www.jaquar.com/images/thumbs/0059488_aquamax-single-lever-shower-mixer-stainless-steel_960.jpeg,7400.00,Aquamax Exposed Part Kit of Single Lever Shower Mixer with 3-way diverter (Compatible with ALD-783N),https://www.jaquar.com/en/aquamax-single-lever-3-way-thermostatic-mixer-concealed-body?Id=4012,"Vignette Prime, VGP-SSF-81783NK, Stainless Steel"
Faucets,Vignette Prime,3935,Single Lever 1 - Hole Bidet Mixer,Parent,1877,Single Lever 1 - Hole Bidet Mixer - Chrome,VGP-CHR-81213B,Chrome,https://www.jaquar.com/images/thumbs/0060274_single-lever-1-hole-bidet-mixer-chrome_960.jpeg,6650.00,"Single Lever 1-Hole Bidet Mixer with Popup Waste System with 375mm Long Braided Hoses
",https://www.jaquar.com/en/bidet-mixer-vignette-prime?Id=3935,"Vignette Prime, VGP-CHR-81213B, Chrome"
Faucets,Vignette Prime,3935,Single Lever 1 - Hole Bidet Mixer,Variant,1877,Single Lever 1 - Hole Bidet Mixer - Antique Bronze,VGP-ABR-81213B,Antique Bronze,https://www.jaquar.com/images/thumbs/0059599_single-lever-1-hole-bidet-mixer-antique-bronze_960.jpeg,11100.00,"Single Lever 1-Hole Bidet Mixer with Popup Waste System with 375mm Long Braided Hoses
",https://www.jaquar.com/en/bidet-mixer-vignette-prime?Id=3935,"Vignette Prime, VGP-ABR-81213B, Antique Bronze"
Faucets,Vignette Prime,3935,Single Lever 1 - Hole Bidet Mixer,Variant,1877,Single Lever 1 - Hole Bidet Mixer - Antique Copper,VGP-ACR-81213B,Antique Copper,https://www.jaquar.com/images/thumbs/0059509_single-lever-1-hole-bidet-mixer-antique-copper_960.jpeg,11100.00,"Single Lever 1-Hole Bidet Mixer with Popup Waste System with 375mm Long Braided Hoses
",https://www.jaquar.com/en/bidet-mixer-vignette-prime?Id=3935,"Vignette Prime, VGP-ACR-81213B, Antique Copper"
Faucets,Vignette Prime,3935,Single Lever 1 - Hole Bidet Mixer,Variant,1877,Single Lever 1 - Hole Bidet Mixer - Black Chrome,VGP-BCH-81213B,Black Chrome,https://www.jaquar.com/images/thumbs/0059505_single-lever-1-hole-bidet-mixer-black-chrome_960.jpeg,9700.00,"Single Lever 1-Hole Bidet Mixer with Popup Waste System with 375mm Long Braided Hoses
",https://www.jaquar.com/en/bidet-mixer-vignette-prime?Id=3935,"Vignette Prime, VGP-BCH-81213B, Black Chrome"
Faucets,Vignette Prime,3935,Single Lever 1 - Hole Bidet Mixer,Variant,1877,Single Lever 1 - Hole Bidet Mixer - Black Matt,VGP-BLM-81213B,Black Matt,https://www.jaquar.com/images/thumbs/0059502_single-lever-1-hole-bidet-mixer-black-matt_960.jpeg,9700.00,"Single Lever 1-Hole Bidet Mixer with Popup Waste System with 375mm Long Braided Hoses
",https://www.jaquar.com/en/bidet-mixer-vignette-prime?Id=3935,"Vignette Prime, VGP-BLM-81213B, Black Matt"
Faucets,Vignette Prime,3935,Single Lever 1 - Hole Bidet Mixer,Variant,1877,Single Lever 1 - Hole Bidet Mixer - Graphite,VGP-GRF-81213B,Graphite,https://www.jaquar.com/images/thumbs/0059473_single-lever-1-hole-bidet-mixer-graphite_960.jpeg,11100.00,"Single Lever 1-Hole Bidet Mixer with Popup Waste System with 375mm Long Braided Hoses
",https://www.jaquar.com/en/bidet-mixer-vignette-prime?Id=3935,"Vignette Prime, VGP-GRF-81213B, Graphite"
Faucets,Vignette Prime,3935,Single Lever 1 - Hole Bidet Mixer,Variant,1877,Single Lever 1 - Hole Bidet Mixer - Stainless Steel,VGP-SSF-81213B,Stainless Steel,https://www.jaquar.com/images/thumbs/0059491_single-lever-1-hole-bidet-mixer-stainless-steel_960.jpeg,11100.00,"Single Lever 1-Hole Bidet Mixer with Popup Waste System with 375mm Long Braided Hoses
",https://www.jaquar.com/en/bidet-mixer-vignette-prime?Id=3935,"Vignette Prime, VGP-SSF-81213B, Stainless Steel"
Faucets,Vignette Prime,3936,Single Lever 1 - Hole Bidet Mixer,Parent,1877,Single Lever 1 - Hole Bidet Mixer - Chrome,VGP-CHR-81213B,Chrome,https://www.jaquar.com/images/thumbs/0060274_single-lever-1-hole-bidet-mixer-chrome_960.jpeg,6650.00,"Single Lever 1-Hole Bidet Mixer with Popup Waste System with 375mm Long Braided Hoses
",https://www.jaquar.com/en/bidet-mixer-vignette-prime?Id=3936,"Vignette Prime, VGP-CHR-81213B, Chrome"
Faucets,Vignette Prime,3936,Single Lever 1 - Hole Bidet Mixer,Variant,1877,Single Lever 1 - Hole Bidet Mixer - Antique Bronze,VGP-ABR-81213B,Antique Bronze,https://www.jaquar.com/images/thumbs/0059599_single-lever-1-hole-bidet-mixer-antique-bronze_960.jpeg,11100.00,"Single Lever 1-Hole Bidet Mixer with Popup Waste System with 375mm Long Braided Hoses
",https://www.jaquar.com/en/bidet-mixer-vignette-prime?Id=3936,"Vignette Prime, VGP-ABR-81213B, Antique Bronze"
Faucets,Vignette Prime,3936,Single Lever 1 - Hole Bidet Mixer,Variant,1877,Single Lever 1 - Hole Bidet Mixer - Antique Copper,VGP-ACR-81213B,Antique Copper,https://www.jaquar.com/images/thumbs/0059509_single-lever-1-hole-bidet-mixer-antique-copper_960.jpeg,11100.00,"Single Lever 1-Hole Bidet Mixer with Popup Waste System with 375mm Long Braided Hoses
",https://www.jaquar.com/en/bidet-mixer-vignette-prime?Id=3936,"Vignette Prime, VGP-ACR-81213B, Antique Copper"
Faucets,Vignette Prime,3936,Single Lever 1 - Hole Bidet Mixer,Variant,1877,Single Lever 1 - Hole Bidet Mixer - Black Chrome,VGP-BCH-81213B,Black Chrome,https://www.jaquar.com/images/thumbs/0059505_single-lever-1-hole-bidet-mixer-black-chrome_960.jpeg,9700.00,"Single Lever 1-Hole Bidet Mixer with Popup Waste System with 375mm Long Braided Hoses
",https://www.jaquar.com/en/bidet-mixer-vignette-prime?Id=3936,"Vignette Prime, VGP-BCH-81213B, Black Chrome"
Faucets,Vignette Prime,3936,Single Lever 1 - Hole Bidet Mixer,Variant,1877,Single Lever 1 - Hole Bidet Mixer - Black Matt,VGP-BLM-81213B,Black Matt,https://www.jaquar.com/images/thumbs/0059502_single-lever-1-hole-bidet-mixer-black-matt_960.jpeg,9700.00,"Single Lever 1-Hole Bidet Mixer with Popup Waste System with 375mm Long Braided Hoses
",https://www.jaquar.com/en/bidet-mixer-vignette-prime?Id=3936,"Vignette Prime, VGP-BLM-81213B, Black Matt"
Faucets,Vignette Prime,3936,Single Lever 1 - Hole Bidet Mixer,Variant,1877,Single Lever 1 - Hole Bidet Mixer - Graphite,VGP-GRF-81213B,Graphite,https://www.jaquar.com/images/thumbs/0059473_single-lever-1-hole-bidet-mixer-graphite_960.jpeg,11100.00,"Single Lever 1-Hole Bidet Mixer with Popup Waste System with 375mm Long Braided Hoses
",https://www.jaquar.com/en/bidet-mixer-vignette-prime?Id=3936,"Vignette Prime, VGP-GRF-81213B, Graphite"
Faucets,Vignette Prime,3936,Single Lever 1 - Hole Bidet Mixer,Variant,1877,Single Lever 1 - Hole Bidet Mixer - Stainless Steel,VGP-SSF-81213B,Stainless Steel,https://www.jaquar.com/images/thumbs/0059491_single-lever-1-hole-bidet-mixer-stainless-steel_960.jpeg,11100.00,"Single Lever 1-Hole Bidet Mixer with Popup Waste System with 375mm Long Braided Hoses
",https://www.jaquar.com/en/bidet-mixer-vignette-prime?Id=3936,"Vignette Prime, VGP-SSF-81213B, Stainless Steel"
Faucets,Vignette Prime,3937,Single Lever 1 - Hole Bidet Mixer,Parent,1877,Single Lever 1 - Hole Bidet Mixer - Chrome,VGP-CHR-81213B,Chrome,https://www.jaquar.com/images/thumbs/0060274_single-lever-1-hole-bidet-mixer-chrome_960.jpeg,6650.00,"Single Lever 1-Hole Bidet Mixer with Popup Waste System with 375mm Long Braided Hoses
",https://www.jaquar.com/en/bidet-mixer-vignette-prime?Id=3937,"Vignette Prime, VGP-CHR-81213B, Chrome"
Faucets,Vignette Prime,3937,Single Lever 1 - Hole Bidet Mixer,Variant,1877,Single Lever 1 - Hole Bidet Mixer - Antique Bronze,VGP-ABR-81213B,Antique Bronze,https://www.jaquar.com/images/thumbs/0059599_single-lever-1-hole-bidet-mixer-antique-bronze_960.jpeg,11100.00,"Single Lever 1-Hole Bidet Mixer with Popup Waste System with 375mm Long Braided Hoses
",https://www.jaquar.com/en/bidet-mixer-vignette-prime?Id=3937,"Vignette Prime, VGP-ABR-81213B, Antique Bronze"
Faucets,Vignette Prime,3937,Single Lever 1 - Hole Bidet Mixer,Variant,1877,Single Lever 1 - Hole Bidet Mixer - Antique Copper,VGP-ACR-81213B,Antique Copper,https://www.jaquar.com/images/thumbs/0059509_single-lever-1-hole-bidet-mixer-antique-copper_960.jpeg,11100.00,"Single Lever 1-Hole Bidet Mixer with Popup Waste System with 375mm Long Braided Hoses
",https://www.jaquar.com/en/bidet-mixer-vignette-prime?Id=3937,"Vignette Prime, VGP-ACR-81213B, Antique Copper"
Faucets,Vignette Prime,3937,Single Lever 1 - Hole Bidet Mixer,Variant,1877,Single Lever 1 - Hole Bidet Mixer - Black Chrome,VGP-BCH-81213B,Black Chrome,https://www.jaquar.com/images/thumbs/0059505_single-lever-1-hole-bidet-mixer-black-chrome_960.jpeg,9700.00,"Single Lever 1-Hole Bidet Mixer with Popup Waste System with 375mm Long Braided Hoses
",https://www.jaquar.com/en/bidet-mixer-vignette-prime?Id=3937,"Vignette Prime, VGP-BCH-81213B, Black Chrome"
Faucets,Vignette Prime,3937,Single Lever 1 - Hole Bidet Mixer,Variant,1877,Single Lever 1 - Hole Bidet Mixer - Black Matt,VGP-BLM-81213B,Black Matt,https://www.jaquar.com/images/thumbs/0059502_single-lever-1-hole-bidet-mixer-black-matt_960.jpeg,9700.00,"Single Lever 1-Hole Bidet Mixer with Popup Waste System with 375mm Long Braided Hoses
",https://www.jaquar.com/en/bidet-mixer-vignette-prime?Id=3937,"Vignette Prime, VGP-BLM-81213B, Black Matt"
Faucets,Vignette Prime,3937,Single Lever 1 - Hole Bidet Mixer,Variant,1877,Single Lever 1 - Hole Bidet Mixer - Graphite,VGP-GRF-81213B,Graphite,https://www.jaquar.com/images/thumbs/0059473_single-lever-1-hole-bidet-mixer-graphite_960.jpeg,11100.00,"Single Lever 1-Hole Bidet Mixer with Popup Waste System with 375mm Long Braided Hoses
",https://www.jaquar.com/en/bidet-mixer-vignette-prime?Id=3937,"Vignette Prime, VGP-GRF-81213B, Graphite"
Faucets,Vignette Prime,3937,Single Lever 1 - Hole Bidet Mixer,Variant,1877,Single Lever 1 - Hole Bidet Mixer - Stainless Steel,VGP-SSF-81213B,Stainless Steel,https://www.jaquar.com/images/thumbs/0059491_single-lever-1-hole-bidet-mixer-stainless-steel_960.jpeg,11100.00,"Single Lever 1-Hole Bidet Mixer with Popup Waste System with 375mm Long Braided Hoses
",https://www.jaquar.com/en/bidet-mixer-vignette-prime?Id=3937,"Vignette Prime, VGP-SSF-81213B, Stainless Steel"
Faucets,Vignette Prime,3938,Single Lever 1 - Hole Bidet Mixer,Parent,1877,Single Lever 1 - Hole Bidet Mixer - Chrome,VGP-CHR-81213B,Chrome,https://www.jaquar.com/images/thumbs/0060274_single-lever-1-hole-bidet-mixer-chrome_960.jpeg,6650.00,"Single Lever 1-Hole Bidet Mixer with Popup Waste System with 375mm Long Braided Hoses
",https://www.jaquar.com/en/bidet-mixer-vignette-prime?Id=3938,"Vignette Prime, VGP-CHR-81213B, Chrome"
Faucets,Vignette Prime,3938,Single Lever 1 - Hole Bidet Mixer,Variant,1877,Single Lever 1 - Hole Bidet Mixer - Antique Bronze,VGP-ABR-81213B,Antique Bronze,https://www.jaquar.com/images/thumbs/0059599_single-lever-1-hole-bidet-mixer-antique-bronze_960.jpeg,11100.00,"Single Lever 1-Hole Bidet Mixer with Popup Waste System with 375mm Long Braided Hoses
",https://www.jaquar.com/en/bidet-mixer-vignette-prime?Id=3938,"Vignette Prime, VGP-ABR-81213B, Antique Bronze"
Faucets,Vignette Prime,3938,Single Lever 1 - Hole Bidet Mixer,Variant,1877,Single Lever 1 - Hole Bidet Mixer - Antique Copper,VGP-ACR-81213B,Antique Copper,https://www.jaquar.com/images/thumbs/0059509_single-lever-1-hole-bidet-mixer-antique-copper_960.jpeg,11100.00,"Single Lever 1-Hole Bidet Mixer with Popup Waste System with 375mm Long Braided Hoses
",https://www.jaquar.com/en/bidet-mixer-vignette-prime?Id=3938,"Vignette Prime, VGP-ACR-81213B, Antique Copper"
Faucets,Vignette Prime,3938,Single Lever 1 - Hole Bidet Mixer,Variant,1877,Single Lever 1 - Hole Bidet Mixer - Black Chrome,VGP-BCH-81213B,Black Chrome,https://www.jaquar.com/images/thumbs/0059505_single-lever-1-hole-bidet-mixer-black-chrome_960.jpeg,9700.00,"Single Lever 1-Hole Bidet Mixer with Popup Waste System with 375mm Long Braided Hoses
",https://www.jaquar.com/en/bidet-mixer-vignette-prime?Id=3938,"Vignette Prime, VGP-BCH-81213B, Black Chrome"
Faucets,Vignette Prime,3938,Single Lever 1 - Hole Bidet Mixer,Variant,1877,Single Lever 1 - Hole Bidet Mixer - Black Matt,VGP-BLM-81213B,Black Matt,https://www.jaquar.com/images/thumbs/0059502_single-lever-1-hole-bidet-mixer-black-matt_960.jpeg,9700.00,"Single Lever 1-Hole Bidet Mixer with Popup Waste System with 375mm Long Braided Hoses
",https://www.jaquar.com/en/bidet-mixer-vignette-prime?Id=3938,"Vignette Prime, VGP-BLM-81213B, Black Matt"
Faucets,Vignette Prime,3938,Single Lever 1 - Hole Bidet Mixer,Variant,1877,Single Lever 1 - Hole Bidet Mixer - Graphite,VGP-GRF-81213B,Graphite,https://www.jaquar.com/images/thumbs/0059473_single-lever-1-hole-bidet-mixer-graphite_960.jpeg,11100.00,"Single Lever 1-Hole Bidet Mixer with Popup Waste System with 375mm Long Braided Hoses
",https://www.jaquar.com/en/bidet-mixer-vignette-prime?Id=3938,"Vignette Prime, VGP-GRF-81213B, Graphite"
Faucets,Vignette Prime,3938,Single Lever 1 - Hole Bidet Mixer,Variant,1877,Single Lever 1 - Hole Bidet Mixer - Stainless Steel,VGP-SSF-81213B,Stainless Steel,https://www.jaquar.com/images/thumbs/0059491_single-lever-1-hole-bidet-mixer-stainless-steel_960.jpeg,11100.00,"Single Lever 1-Hole Bidet Mixer with Popup Waste System with 375mm Long Braided Hoses
",https://www.jaquar.com/en/bidet-mixer-vignette-prime?Id=3938,"Vignette Prime, VGP-SSF-81213B, Stainless Steel"
Faucets,Vignette Prime,3941,Single Lever 1 - Hole Bidet Mixer,Parent,1877,Single Lever 1 - Hole Bidet Mixer - Chrome,VGP-CHR-81213B,Chrome,https://www.jaquar.com/images/thumbs/0060274_single-lever-1-hole-bidet-mixer-chrome_960.jpeg,6650.00,"Single Lever 1-Hole Bidet Mixer with Popup Waste System with 375mm Long Braided Hoses
",https://www.jaquar.com/en/bidet-mixer-vignette-prime?Id=3941,"Vignette Prime, VGP-CHR-81213B, Chrome"
Faucets,Vignette Prime,3941,Single Lever 1 - Hole Bidet Mixer,Variant,1877,Single Lever 1 - Hole Bidet Mixer - Antique Bronze,VGP-ABR-81213B,Antique Bronze,https://www.jaquar.com/images/thumbs/0059599_single-lever-1-hole-bidet-mixer-antique-bronze_960.jpeg,11100.00,"Single Lever 1-Hole Bidet Mixer with Popup Waste System with 375mm Long Braided Hoses
",https://www.jaquar.com/en/bidet-mixer-vignette-prime?Id=3941,"Vignette Prime, VGP-ABR-81213B, Antique Bronze"
Faucets,Vignette Prime,3941,Single Lever 1 - Hole Bidet Mixer,Variant,1877,Single Lever 1 - Hole Bidet Mixer - Antique Copper,VGP-ACR-81213B,Antique Copper,https://www.jaquar.com/images/thumbs/0059509_single-lever-1-hole-bidet-mixer-antique-copper_960.jpeg,11100.00,"Single Lever 1-Hole Bidet Mixer with Popup Waste System with 375mm Long Braided Hoses
",https://www.jaquar.com/en/bidet-mixer-vignette-prime?Id=3941,"Vignette Prime, VGP-ACR-81213B, Antique Copper"
Faucets,Vignette Prime,3941,Single Lever 1 - Hole Bidet Mixer,Variant,1877,Single Lever 1 - Hole Bidet Mixer - Black Chrome,VGP-BCH-81213B,Black Chrome,https://www.jaquar.com/images/thumbs/0059505_single-lever-1-hole-bidet-mixer-black-chrome_960.jpeg,9700.00,"Single Lever 1-Hole Bidet Mixer with Popup Waste System with 375mm Long Braided Hoses
",https://www.jaquar.com/en/bidet-mixer-vignette-prime?Id=3941,"Vignette Prime, VGP-BCH-81213B, Black Chrome"
Faucets,Vignette Prime,3941,Single Lever 1 - Hole Bidet Mixer,Variant,1877,Single Lever 1 - Hole Bidet Mixer - Black Matt,VGP-BLM-81213B,Black Matt,https://www.jaquar.com/images/thumbs/0059502_single-lever-1-hole-bidet-mixer-black-matt_960.jpeg,9700.00,"Single Lever 1-Hole Bidet Mixer with Popup Waste System with 375mm Long Braided Hoses
",https://www.jaquar.com/en/bidet-mixer-vignette-prime?Id=3941,"Vignette Prime, VGP-BLM-81213B, Black Matt"
Faucets,Vignette Prime,3941,Single Lever 1 - Hole Bidet Mixer,Variant,1877,Single Lever 1 - Hole Bidet Mixer - Graphite,VGP-GRF-81213B,Graphite,https://www.jaquar.com/images/thumbs/0059473_single-lever-1-hole-bidet-mixer-graphite_960.jpeg,11100.00,"Single Lever 1-Hole Bidet Mixer with Popup Waste System with 375mm Long Braided Hoses
",https://www.jaquar.com/en/bidet-mixer-vignette-prime?Id=3941,"Vignette Prime, VGP-GRF-81213B, Graphite"
Faucets,Vignette Prime,3941,Single Lever 1 - Hole Bidet Mixer,Variant,1877,Single Lever 1 - Hole Bidet Mixer - Stainless Steel,VGP-SSF-81213B,Stainless Steel,https://www.jaquar.com/images/thumbs/0059491_single-lever-1-hole-bidet-mixer-stainless-steel_960.jpeg,11100.00,"Single Lever 1-Hole Bidet Mixer with Popup Waste System with 375mm Long Braided Hoses
",https://www.jaquar.com/en/bidet-mixer-vignette-prime?Id=3941,"Vignette Prime, VGP-SSF-81213B, Stainless Steel"
Faucets,Vignette Prime,3942,Single Lever 1 - Hole Bidet Mixer,Parent,1877,Single Lever 1 - Hole Bidet Mixer - Chrome,VGP-CHR-81213B,Chrome,https://www.jaquar.com/images/thumbs/0060274_single-lever-1-hole-bidet-mixer-chrome_960.jpeg,6650.00,"Single Lever 1-Hole Bidet Mixer with Popup Waste System with 375mm Long Braided Hoses
",https://www.jaquar.com/en/bidet-mixer-vignette-prime?Id=3942,"Vignette Prime, VGP-CHR-81213B, Chrome"
Faucets,Vignette Prime,3942,Single Lever 1 - Hole Bidet Mixer,Variant,1877,Single Lever 1 - Hole Bidet Mixer - Antique Bronze,VGP-ABR-81213B,Antique Bronze,https://www.jaquar.com/images/thumbs/0059599_single-lever-1-hole-bidet-mixer-antique-bronze_960.jpeg,11100.00,"Single Lever 1-Hole Bidet Mixer with Popup Waste System with 375mm Long Braided Hoses
",https://www.jaquar.com/en/bidet-mixer-vignette-prime?Id=3942,"Vignette Prime, VGP-ABR-81213B, Antique Bronze"
Faucets,Vignette Prime,3942,Single Lever 1 - Hole Bidet Mixer,Variant,1877,Single Lever 1 - Hole Bidet Mixer - Antique Copper,VGP-ACR-81213B,Antique Copper,https://www.jaquar.com/images/thumbs/0059509_single-lever-1-hole-bidet-mixer-antique-copper_960.jpeg,11100.00,"Single Lever 1-Hole Bidet Mixer with Popup Waste System with 375mm Long Braided Hoses
",https://www.jaquar.com/en/bidet-mixer-vignette-prime?Id=3942,"Vignette Prime, VGP-ACR-81213B, Antique Copper"
Faucets,Vignette Prime,3942,Single Lever 1 - Hole Bidet Mixer,Variant,1877,Single Lever 1 - Hole Bidet Mixer - Black Chrome,VGP-BCH-81213B,Black Chrome,https://www.jaquar.com/images/thumbs/0059505_single-lever-1-hole-bidet-mixer-black-chrome_960.jpeg,9700.00,"Single Lever 1-Hole Bidet Mixer with Popup Waste System with 375mm Long Braided Hoses
",https://www.jaquar.com/en/bidet-mixer-vignette-prime?Id=3942,"Vignette Prime, VGP-BCH-81213B, Black Chrome"
Faucets,Vignette Prime,3942,Single Lever 1 - Hole Bidet Mixer,Variant,1877,Single Lever 1 - Hole Bidet Mixer - Black Matt,VGP-BLM-81213B,Black Matt,https://www.jaquar.com/images/thumbs/0059502_single-lever-1-hole-bidet-mixer-black-matt_960.jpeg,9700.00,"Single Lever 1-Hole Bidet Mixer with Popup Waste System with 375mm Long Braided Hoses
",https://www.jaquar.com/en/bidet-mixer-vignette-prime?Id=3942,"Vignette Prime, VGP-BLM-81213B, Black Matt"
Faucets,Vignette Prime,3942,Single Lever 1 - Hole Bidet Mixer,Variant,1877,Single Lever 1 - Hole Bidet Mixer - Graphite,VGP-GRF-81213B,Graphite,https://www.jaquar.com/images/thumbs/0059473_single-lever-1-hole-bidet-mixer-graphite_960.jpeg,11100.00,"Single Lever 1-Hole Bidet Mixer with Popup Waste System with 375mm Long Braided Hoses
",https://www.jaquar.com/en/bidet-mixer-vignette-prime?Id=3942,"Vignette Prime, VGP-GRF-81213B, Graphite"
Faucets,Vignette Prime,3942,Single Lever 1 - Hole Bidet Mixer,Variant,1877,Single Lever 1 - Hole Bidet Mixer - Stainless Steel,VGP-SSF-81213B,Stainless Steel,https://www.jaquar.com/images/thumbs/0059491_single-lever-1-hole-bidet-mixer-stainless-steel_960.jpeg,11100.00,"Single Lever 1-Hole Bidet Mixer with Popup Waste System with 375mm Long Braided Hoses
",https://www.jaquar.com/en/bidet-mixer-vignette-prime?Id=3942,"Vignette Prime, VGP-SSF-81213B, Stainless Steel"
Faucets,Vignette Prime,6244,Exposed Parts of Floor Mounted Single Lever Bath Mixer,Parent,4034,Exposed Parts of Floor Mounted Single Lever Bath Mixer - Chrome,VGP-CHR-81121K,Chrome,https://www.jaquar.com/images/thumbs/0032029_exposed-parts-of-floor-mounted-single-lever-bath-mixer-chrome_960.jpeg,41500.00,"Exposed Parts of Floor Mounted Single Lever Bath Mixer with Provision for Hand Shower, without Hand Shower & Shower Hose (Compatible with ALD-121)
",https://www.jaquar.com/en/vignette-prime-floor-mounted-bath-lever?Id=6244,"Vignette Prime, VGP-CHR-81121K, Chrome"
Faucets,Vignette Prime,6244,Exposed Parts of Floor Mounted Single Lever Bath Mixer,Variant,4034,Exposed Parts of Floor Mounted Single Lever Bath Mixer - Antique Bronze,VGP-ABR-81121K,Antique Bronze,https://www.jaquar.com/images/thumbs/0060354_exposed-parts-of-floor-mounted-single-lever-bath-mixer-antique-bronze_960.jpeg,68500.00,"Exposed Parts of Floor Mounted Single Lever Bath Mixer with Provision for Hand Shower, without Hand Shower & Shower Hose (Compatible with ALD-121)
",https://www.jaquar.com/en/vignette-prime-floor-mounted-bath-lever?Id=6244,"Vignette Prime, VGP-ABR-81121K, Antique Bronze"
Faucets,Vignette Prime,6244,Exposed Parts of Floor Mounted Single Lever Bath Mixer,Variant,4034,Exposed Parts of Floor Mounted Single Lever Bath Mixer - Antique Copper,VGP-ACR-81121K,Antique Copper,https://www.jaquar.com/images/thumbs/0060355_exposed-parts-of-floor-mounted-single-lever-bath-mixer-antique-copper_960.jpeg,68500.00,"Exposed Parts of Floor Mounted Single Lever Bath Mixer with Provision for Hand Shower, without Hand Shower & Shower Hose (Compatible with ALD-121)
",https://www.jaquar.com/en/vignette-prime-floor-mounted-bath-lever?Id=6244,"Vignette Prime, VGP-ACR-81121K, Antique Copper"
Faucets,Vignette Prime,6244,Exposed Parts of Floor Mounted Single Lever Bath Mixer,Variant,4034,Exposed Parts of Floor Mounted Single Lever Bath Mixer - Black Chrome,VGP-BCH-81121K,Black Chrome,https://www.jaquar.com/images/thumbs/0060356_exposed-parts-of-floor-mounted-single-lever-bath-mixer-black-chrome_960.jpeg,60000.00,"Exposed Parts of Floor Mounted Single Lever Bath Mixer with Provision for Hand Shower, without Hand Shower & Shower Hose (Compatible with ALD-121)
",https://www.jaquar.com/en/vignette-prime-floor-mounted-bath-lever?Id=6244,"Vignette Prime, VGP-BCH-81121K, Black Chrome"
Faucets,Vignette Prime,6244,Exposed Parts of Floor Mounted Single Lever Bath Mixer,Variant,4034,Exposed Parts of Floor Mounted Single Lever Bath Mixer - Black Matt,VGP-BLM-81121K,Black Matt,https://www.jaquar.com/images/thumbs/0060357_exposed-parts-of-floor-mounted-single-lever-bath-mixer-black-matt_960.jpeg,60000.00,"Exposed Parts of Floor Mounted Single Lever Bath Mixer with Provision for Hand Shower, without Hand Shower & Shower Hose (Compatible with ALD-121)
",https://www.jaquar.com/en/vignette-prime-floor-mounted-bath-lever?Id=6244,"Vignette Prime, VGP-BLM-81121K, Black Matt"
Faucets,Vignette Prime,6244,Exposed Parts of Floor Mounted Single Lever Bath Mixer,Variant,4034,Exposed Parts of Floor Mounted Single Lever Bath Mixer - Graphite,VGP-GRF-81121K,Graphite,https://www.jaquar.com/images/thumbs/0060358_exposed-parts-of-floor-mounted-single-lever-bath-mixer-graphite_960.jpeg,68500.00,"Exposed Parts of Floor Mounted Single Lever Bath Mixer with Provision for Hand Shower, without Hand Shower & Shower Hose (Compatible with ALD-121)
",https://www.jaquar.com/en/vignette-prime-floor-mounted-bath-lever?Id=6244,"Vignette Prime, VGP-GRF-81121K, Graphite"
Faucets,Vignette Prime,6244,Exposed Parts of Floor Mounted Single Lever Bath Mixer,Variant,4034,Exposed Parts of Floor Mounted Single Lever Bath Mixer - Stainless Steel,VGP-SSF-81121K,Stainless Steel,https://www.jaquar.com/images/thumbs/0060560_exposed-parts-of-floor-mounted-single-lever-bath-mixer-stainless-steel_960.jpeg,68500.00,"Exposed Parts of Floor Mounted Single Lever Bath Mixer with Provision for Hand Shower, without Hand Shower & Shower Hose (Compatible with ALD-121)
",https://www.jaquar.com/en/vignette-prime-floor-mounted-bath-lever?Id=6244,"Vignette Prime, VGP-SSF-81121K, Stainless Steel"
Faucets,Vignette Prime,6245,Exposed Parts of Floor Mounted Single Lever Bath Mixer,Parent,4034,Exposed Parts of Floor Mounted Single Lever Bath Mixer - Chrome,VGP-CHR-81121K,Chrome,https://www.jaquar.com/images/thumbs/0032029_exposed-parts-of-floor-mounted-single-lever-bath-mixer-chrome_960.jpeg,41500.00,"Exposed Parts of Floor Mounted Single Lever Bath Mixer with Provision for Hand Shower, without Hand Shower & Shower Hose (Compatible with ALD-121)
",https://www.jaquar.com/en/vignette-prime-floor-mounted-bath-lever?Id=6245,"Vignette Prime, VGP-CHR-81121K, Chrome"
Faucets,Vignette Prime,6245,Exposed Parts of Floor Mounted Single Lever Bath Mixer,Variant,4034,Exposed Parts of Floor Mounted Single Lever Bath Mixer - Antique Bronze,VGP-ABR-81121K,Antique Bronze,https://www.jaquar.com/images/thumbs/0060354_exposed-parts-of-floor-mounted-single-lever-bath-mixer-antique-bronze_960.jpeg,68500.00,"Exposed Parts of Floor Mounted Single Lever Bath Mixer with Provision for Hand Shower, without Hand Shower & Shower Hose (Compatible with ALD-121)
",https://www.jaquar.com/en/vignette-prime-floor-mounted-bath-lever?Id=6245,"Vignette Prime, VGP-ABR-81121K, Antique Bronze"
Faucets,Vignette Prime,6245,Exposed Parts of Floor Mounted Single Lever Bath Mixer,Variant,4034,Exposed Parts of Floor Mounted Single Lever Bath Mixer - Antique Copper,VGP-ACR-81121K,Antique Copper,https://www.jaquar.com/images/thumbs/0060355_exposed-parts-of-floor-mounted-single-lever-bath-mixer-antique-copper_960.jpeg,68500.00,"Exposed Parts of Floor Mounted Single Lever Bath Mixer with Provision for Hand Shower, without Hand Shower & Shower Hose (Compatible with ALD-121)
",https://www.jaquar.com/en/vignette-prime-floor-mounted-bath-lever?Id=6245,"Vignette Prime, VGP-ACR-81121K, Antique Copper"
Faucets,Vignette Prime,6245,Exposed Parts of Floor Mounted Single Lever Bath Mixer,Variant,4034,Exposed Parts of Floor Mounted Single Lever Bath Mixer - Black Chrome,VGP-BCH-81121K,Black Chrome,https://www.jaquar.com/images/thumbs/0060356_exposed-parts-of-floor-mounted-single-lever-bath-mixer-black-chrome_960.jpeg,60000.00,"Exposed Parts of Floor Mounted Single Lever Bath Mixer with Provision for Hand Shower, without Hand Shower & Shower Hose (Compatible with ALD-121)
",https://www.jaquar.com/en/vignette-prime-floor-mounted-bath-lever?Id=6245,"Vignette Prime, VGP-BCH-81121K, Black Chrome"
Faucets,Vignette Prime,6245,Exposed Parts of Floor Mounted Single Lever Bath Mixer,Variant,4034,Exposed Parts of Floor Mounted Single Lever Bath Mixer - Black Matt,VGP-BLM-81121K,Black Matt,https://www.jaquar.com/images/thumbs/0060357_exposed-parts-of-floor-mounted-single-lever-bath-mixer-black-matt_960.jpeg,60000.00,"Exposed Parts of Floor Mounted Single Lever Bath Mixer with Provision for Hand Shower, without Hand Shower & Shower Hose (Compatible with ALD-121)
",https://www.jaquar.com/en/vignette-prime-floor-mounted-bath-lever?Id=6245,"Vignette Prime, VGP-BLM-81121K, Black Matt"
Faucets,Vignette Prime,6245,Exposed Parts of Floor Mounted Single Lever Bath Mixer,Variant,4034,Exposed Parts of Floor Mounted Single Lever Bath Mixer - Graphite,VGP-GRF-81121K,Graphite,https://www.jaquar.com/images/thumbs/0060358_exposed-parts-of-floor-mounted-single-lever-bath-mixer-graphite_960.jpeg,68500.00,"Exposed Parts of Floor Mounted Single Lever Bath Mixer with Provision for Hand Shower, without Hand Shower & Shower Hose (Compatible with ALD-121)
",https://www.jaquar.com/en/vignette-prime-floor-mounted-bath-lever?Id=6245,"Vignette Prime, VGP-GRF-81121K, Graphite"
Faucets,Vignette Prime,6245,Exposed Parts of Floor Mounted Single Lever Bath Mixer,Variant,4034,Exposed Parts of Floor Mounted Single Lever Bath Mixer - Stainless Steel,VGP-SSF-81121K,Stainless Steel,https://www.jaquar.com/images/thumbs/0060560_exposed-parts-of-floor-mounted-single-lever-bath-mixer-stainless-steel_960.jpeg,68500.00,"Exposed Parts of Floor Mounted Single Lever Bath Mixer with Provision for Hand Shower, without Hand Shower & Shower Hose (Compatible with ALD-121)
",https://www.jaquar.com/en/vignette-prime-floor-mounted-bath-lever?Id=6245,"Vignette Prime, VGP-SSF-81121K, Stainless Steel"
Faucets,Vignette Prime,6246,Exposed Parts of Floor Mounted Single Lever Bath Mixer,Parent,4034,Exposed Parts of Floor Mounted Single Lever Bath Mixer - Chrome,VGP-CHR-81121K,Chrome,https://www.jaquar.com/images/thumbs/0032029_exposed-parts-of-floor-mounted-single-lever-bath-mixer-chrome_960.jpeg,41500.00,"Exposed Parts of Floor Mounted Single Lever Bath Mixer with Provision for Hand Shower, without Hand Shower & Shower Hose (Compatible with ALD-121)
",https://www.jaquar.com/en/vignette-prime-floor-mounted-bath-lever?Id=6246,"Vignette Prime, VGP-CHR-81121K, Chrome"
Faucets,Vignette Prime,6246,Exposed Parts of Floor Mounted Single Lever Bath Mixer,Variant,4034,Exposed Parts of Floor Mounted Single Lever Bath Mixer - Antique Bronze,VGP-ABR-81121K,Antique Bronze,https://www.jaquar.com/images/thumbs/0060354_exposed-parts-of-floor-mounted-single-lever-bath-mixer-antique-bronze_960.jpeg,68500.00,"Exposed Parts of Floor Mounted Single Lever Bath Mixer with Provision for Hand Shower, without Hand Shower & Shower Hose (Compatible with ALD-121)
",https://www.jaquar.com/en/vignette-prime-floor-mounted-bath-lever?Id=6246,"Vignette Prime, VGP-ABR-81121K, Antique Bronze"
Faucets,Vignette Prime,6246,Exposed Parts of Floor Mounted Single Lever Bath Mixer,Variant,4034,Exposed Parts of Floor Mounted Single Lever Bath Mixer - Antique Copper,VGP-ACR-81121K,Antique Copper,https://www.jaquar.com/images/thumbs/0060355_exposed-parts-of-floor-mounted-single-lever-bath-mixer-antique-copper_960.jpeg,68500.00,"Exposed Parts of Floor Mounted Single Lever Bath Mixer with Provision for Hand Shower, without Hand Shower & Shower Hose (Compatible with ALD-121)
",https://www.jaquar.com/en/vignette-prime-floor-mounted-bath-lever?Id=6246,"Vignette Prime, VGP-ACR-81121K, Antique Copper"
Faucets,Vignette Prime,6246,Exposed Parts of Floor Mounted Single Lever Bath Mixer,Variant,4034,Exposed Parts of Floor Mounted Single Lever Bath Mixer - Black Chrome,VGP-BCH-81121K,Black Chrome,https://www.jaquar.com/images/thumbs/0060356_exposed-parts-of-floor-mounted-single-lever-bath-mixer-black-chrome_960.jpeg,60000.00,"Exposed Parts of Floor Mounted Single Lever Bath Mixer with Provision for Hand Shower, without Hand Shower & Shower Hose (Compatible with ALD-121)
",https://www.jaquar.com/en/vignette-prime-floor-mounted-bath-lever?Id=6246,"Vignette Prime, VGP-BCH-81121K, Black Chrome"
Faucets,Vignette Prime,6246,Exposed Parts of Floor Mounted Single Lever Bath Mixer,Variant,4034,Exposed Parts of Floor Mounted Single Lever Bath Mixer - Black Matt,VGP-BLM-81121K,Black Matt,https://www.jaquar.com/images/thumbs/0060357_exposed-parts-of-floor-mounted-single-lever-bath-mixer-black-matt_960.jpeg,60000.00,"Exposed Parts of Floor Mounted Single Lever Bath Mixer with Provision for Hand Shower, without Hand Shower & Shower Hose (Compatible with ALD-121)
",https://www.jaquar.com/en/vignette-prime-floor-mounted-bath-lever?Id=6246,"Vignette Prime, VGP-BLM-81121K, Black Matt"
Faucets,Vignette Prime,6246,Exposed Parts of Floor Mounted Single Lever Bath Mixer,Variant,4034,Exposed Parts of Floor Mounted Single Lever Bath Mixer - Graphite,VGP-GRF-81121K,Graphite,https://www.jaquar.com/images/thumbs/0060358_exposed-parts-of-floor-mounted-single-lever-bath-mixer-graphite_960.jpeg,68500.00,"Exposed Parts of Floor Mounted Single Lever Bath Mixer with Provision for Hand Shower, without Hand Shower & Shower Hose (Compatible with ALD-121)
",https://www.jaquar.com/en/vignette-prime-floor-mounted-bath-lever?Id=6246,"Vignette Prime, VGP-GRF-81121K, Graphite"
Faucets,Vignette Prime,6246,Exposed Parts of Floor Mounted Single Lever Bath Mixer,Variant,4034,Exposed Parts of Floor Mounted Single Lever Bath Mixer - Stainless Steel,VGP-SSF-81121K,Stainless Steel,https://www.jaquar.com/images/thumbs/0060560_exposed-parts-of-floor-mounted-single-lever-bath-mixer-stainless-steel_960.jpeg,68500.00,"Exposed Parts of Floor Mounted Single Lever Bath Mixer with Provision for Hand Shower, without Hand Shower & Shower Hose (Compatible with ALD-121)
",https://www.jaquar.com/en/vignette-prime-floor-mounted-bath-lever?Id=6246,"Vignette Prime, VGP-SSF-81121K, Stainless Steel"
Faucets,Vignette Prime,6247,Exposed Parts of Floor Mounted Single Lever Bath Mixer,Parent,4034,Exposed Parts of Floor Mounted Single Lever Bath Mixer - Chrome,VGP-CHR-81121K,Chrome,https://www.jaquar.com/images/thumbs/0032029_exposed-parts-of-floor-mounted-single-lever-bath-mixer-chrome_960.jpeg,41500.00,"Exposed Parts of Floor Mounted Single Lever Bath Mixer with Provision for Hand Shower, without Hand Shower & Shower Hose (Compatible with ALD-121)
",https://www.jaquar.com/en/vignette-prime-floor-mounted-bath-lever?Id=6247,"Vignette Prime, VGP-CHR-81121K, Chrome"
Faucets,Vignette Prime,6247,Exposed Parts of Floor Mounted Single Lever Bath Mixer,Variant,4034,Exposed Parts of Floor Mounted Single Lever Bath Mixer - Antique Bronze,VGP-ABR-81121K,Antique Bronze,https://www.jaquar.com/images/thumbs/0060354_exposed-parts-of-floor-mounted-single-lever-bath-mixer-antique-bronze_960.jpeg,68500.00,"Exposed Parts of Floor Mounted Single Lever Bath Mixer with Provision for Hand Shower, without Hand Shower & Shower Hose (Compatible with ALD-121)
",https://www.jaquar.com/en/vignette-prime-floor-mounted-bath-lever?Id=6247,"Vignette Prime, VGP-ABR-81121K, Antique Bronze"
Faucets,Vignette Prime,6247,Exposed Parts of Floor Mounted Single Lever Bath Mixer,Variant,4034,Exposed Parts of Floor Mounted Single Lever Bath Mixer - Antique Copper,VGP-ACR-81121K,Antique Copper,https://www.jaquar.com/images/thumbs/0060355_exposed-parts-of-floor-mounted-single-lever-bath-mixer-antique-copper_960.jpeg,68500.00,"Exposed Parts of Floor Mounted Single Lever Bath Mixer with Provision for Hand Shower, without Hand Shower & Shower Hose (Compatible with ALD-121)
",https://www.jaquar.com/en/vignette-prime-floor-mounted-bath-lever?Id=6247,"Vignette Prime, VGP-ACR-81121K, Antique Copper"
Faucets,Vignette Prime,6247,Exposed Parts of Floor Mounted Single Lever Bath Mixer,Variant,4034,Exposed Parts of Floor Mounted Single Lever Bath Mixer - Black Chrome,VGP-BCH-81121K,Black Chrome,https://www.jaquar.com/images/thumbs/0060356_exposed-parts-of-floor-mounted-single-lever-bath-mixer-black-chrome_960.jpeg,60000.00,"Exposed Parts of Floor Mounted Single Lever Bath Mixer with Provision for Hand Shower, without Hand Shower & Shower Hose (Compatible with ALD-121)
",https://www.jaquar.com/en/vignette-prime-floor-mounted-bath-lever?Id=6247,"Vignette Prime, VGP-BCH-81121K, Black Chrome"
Faucets,Vignette Prime,6247,Exposed Parts of Floor Mounted Single Lever Bath Mixer,Variant,4034,Exposed Parts of Floor Mounted Single Lever Bath Mixer - Black Matt,VGP-BLM-81121K,Black Matt,https://www.jaquar.com/images/thumbs/0060357_exposed-parts-of-floor-mounted-single-lever-bath-mixer-black-matt_960.jpeg,60000.00,"Exposed Parts of Floor Mounted Single Lever Bath Mixer with Provision for Hand Shower, without Hand Shower & Shower Hose (Compatible with ALD-121)
",https://www.jaquar.com/en/vignette-prime-floor-mounted-bath-lever?Id=6247,"Vignette Prime, VGP-BLM-81121K, Black Matt"
Faucets,Vignette Prime,6247,Exposed Parts of Floor Mounted Single Lever Bath Mixer,Variant,4034,Exposed Parts of Floor Mounted Single Lever Bath Mixer - Graphite,VGP-GRF-81121K,Graphite,https://www.jaquar.com/images/thumbs/0060358_exposed-parts-of-floor-mounted-single-lever-bath-mixer-graphite_960.jpeg,68500.00,"Exposed Parts of Floor Mounted Single Lever Bath Mixer with Provision for Hand Shower, without Hand Shower & Shower Hose (Compatible with ALD-121)
",https://www.jaquar.com/en/vignette-prime-floor-mounted-bath-lever?Id=6247,"Vignette Prime, VGP-GRF-81121K, Graphite"
Faucets,Vignette Prime,6247,Exposed Parts of Floor Mounted Single Lever Bath Mixer,Variant,4034,Exposed Parts of Floor Mounted Single Lever Bath Mixer - Stainless Steel,VGP-SSF-81121K,Stainless Steel,https://www.jaquar.com/images/thumbs/0060560_exposed-parts-of-floor-mounted-single-lever-bath-mixer-stainless-steel_960.jpeg,68500.00,"Exposed Parts of Floor Mounted Single Lever Bath Mixer with Provision for Hand Shower, without Hand Shower & Shower Hose (Compatible with ALD-121)
",https://www.jaquar.com/en/vignette-prime-floor-mounted-bath-lever?Id=6247,"Vignette Prime, VGP-SSF-81121K, Stainless Steel"
Faucets,Vignette Prime,6243,Exposed Parts of Floor Mounted Single Lever Bath Mixer,Parent,4034,Exposed Parts of Floor Mounted Single Lever Bath Mixer - Chrome,VGP-CHR-81121K,Chrome,https://www.jaquar.com/images/thumbs/0032029_exposed-parts-of-floor-mounted-single-lever-bath-mixer-chrome_960.jpeg,41500.00,"Exposed Parts of Floor Mounted Single Lever Bath Mixer with Provision for Hand Shower, without Hand Shower & Shower Hose (Compatible with ALD-121)
",https://www.jaquar.com/en/vignette-prime-floor-mounted-bath-lever?Id=6243,"Vignette Prime, VGP-CHR-81121K, Chrome"
Faucets,Vignette Prime,6243,Exposed Parts of Floor Mounted Single Lever Bath Mixer,Variant,4034,Exposed Parts of Floor Mounted Single Lever Bath Mixer - Antique Bronze,VGP-ABR-81121K,Antique Bronze,https://www.jaquar.com/images/thumbs/0060354_exposed-parts-of-floor-mounted-single-lever-bath-mixer-antique-bronze_960.jpeg,68500.00,"Exposed Parts of Floor Mounted Single Lever Bath Mixer with Provision for Hand Shower, without Hand Shower & Shower Hose (Compatible with ALD-121)
",https://www.jaquar.com/en/vignette-prime-floor-mounted-bath-lever?Id=6243,"Vignette Prime, VGP-ABR-81121K, Antique Bronze"
Faucets,Vignette Prime,6243,Exposed Parts of Floor Mounted Single Lever Bath Mixer,Variant,4034,Exposed Parts of Floor Mounted Single Lever Bath Mixer - Antique Copper,VGP-ACR-81121K,Antique Copper,https://www.jaquar.com/images/thumbs/0060355_exposed-parts-of-floor-mounted-single-lever-bath-mixer-antique-copper_960.jpeg,68500.00,"Exposed Parts of Floor Mounted Single Lever Bath Mixer with Provision for Hand Shower, without Hand Shower & Shower Hose (Compatible with ALD-121)
",https://www.jaquar.com/en/vignette-prime-floor-mounted-bath-lever?Id=6243,"Vignette Prime, VGP-ACR-81121K, Antique Copper"
Faucets,Vignette Prime,6243,Exposed Parts of Floor Mounted Single Lever Bath Mixer,Variant,4034,Exposed Parts of Floor Mounted Single Lever Bath Mixer - Black Chrome,VGP-BCH-81121K,Black Chrome,https://www.jaquar.com/images/thumbs/0060356_exposed-parts-of-floor-mounted-single-lever-bath-mixer-black-chrome_960.jpeg,60000.00,"Exposed Parts of Floor Mounted Single Lever Bath Mixer with Provision for Hand Shower, without Hand Shower & Shower Hose (Compatible with ALD-121)
",https://www.jaquar.com/en/vignette-prime-floor-mounted-bath-lever?Id=6243,"Vignette Prime, VGP-BCH-81121K, Black Chrome"
Faucets,Vignette Prime,6243,Exposed Parts of Floor Mounted Single Lever Bath Mixer,Variant,4034,Exposed Parts of Floor Mounted Single Lever Bath Mixer - Black Matt,VGP-BLM-81121K,Black Matt,https://www.jaquar.com/images/thumbs/0060357_exposed-parts-of-floor-mounted-single-lever-bath-mixer-black-matt_960.jpeg,60000.00,"Exposed Parts of Floor Mounted Single Lever Bath Mixer with Provision for Hand Shower, without Hand Shower & Shower Hose (Compatible with ALD-121)
",https://www.jaquar.com/en/vignette-prime-floor-mounted-bath-lever?Id=6243,"Vignette Prime, VGP-BLM-81121K, Black Matt"
Faucets,Vignette Prime,6243,Exposed Parts of Floor Mounted Single Lever Bath Mixer,Variant,4034,Exposed Parts of Floor Mounted Single Lever Bath Mixer - Graphite,VGP-GRF-81121K,Graphite,https://www.jaquar.com/images/thumbs/0060358_exposed-parts-of-floor-mounted-single-lever-bath-mixer-graphite_960.jpeg,68500.00,"Exposed Parts of Floor Mounted Single Lever Bath Mixer with Provision for Hand Shower, without Hand Shower & Shower Hose (Compatible with ALD-121)
",https://www.jaquar.com/en/vignette-prime-floor-mounted-bath-lever?Id=6243,"Vignette Prime, VGP-GRF-81121K, Graphite"
Faucets,Vignette Prime,6243,Exposed Parts of Floor Mounted Single Lever Bath Mixer,Variant,4034,Exposed Parts of Floor Mounted Single Lever Bath Mixer - Stainless Steel,VGP-SSF-81121K,Stainless Steel,https://www.jaquar.com/images/thumbs/0060560_exposed-parts-of-floor-mounted-single-lever-bath-mixer-stainless-steel_960.jpeg,68500.00,"Exposed Parts of Floor Mounted Single Lever Bath Mixer with Provision for Hand Shower, without Hand Shower & Shower Hose (Compatible with ALD-121)
",https://www.jaquar.com/en/vignette-prime-floor-mounted-bath-lever?Id=6243,"Vignette Prime, VGP-SSF-81121K, Stainless Steel"
Faucets,Vignette Prime,6250,Exposed Parts of Floor Mounted Single Lever Bath Mixer,Parent,4034,Exposed Parts of Floor Mounted Single Lever Bath Mixer - Chrome,VGP-CHR-81121K,Chrome,https://www.jaquar.com/images/thumbs/0032029_exposed-parts-of-floor-mounted-single-lever-bath-mixer-chrome_960.jpeg,41500.00,"Exposed Parts of Floor Mounted Single Lever Bath Mixer with Provision for Hand Shower, without Hand Shower & Shower Hose (Compatible with ALD-121)
",https://www.jaquar.com/en/vignette-prime-floor-mounted-bath-lever?Id=6250,"Vignette Prime, VGP-CHR-81121K, Chrome"
Faucets,Vignette Prime,6250,Exposed Parts of Floor Mounted Single Lever Bath Mixer,Variant,4034,Exposed Parts of Floor Mounted Single Lever Bath Mixer - Antique Bronze,VGP-ABR-81121K,Antique Bronze,https://www.jaquar.com/images/thumbs/0060354_exposed-parts-of-floor-mounted-single-lever-bath-mixer-antique-bronze_960.jpeg,68500.00,"Exposed Parts of Floor Mounted Single Lever Bath Mixer with Provision for Hand Shower, without Hand Shower & Shower Hose (Compatible with ALD-121)
",https://www.jaquar.com/en/vignette-prime-floor-mounted-bath-lever?Id=6250,"Vignette Prime, VGP-ABR-81121K, Antique Bronze"
Faucets,Vignette Prime,6250,Exposed Parts of Floor Mounted Single Lever Bath Mixer,Variant,4034,Exposed Parts of Floor Mounted Single Lever Bath Mixer - Antique Copper,VGP-ACR-81121K,Antique Copper,https://www.jaquar.com/images/thumbs/0060355_exposed-parts-of-floor-mounted-single-lever-bath-mixer-antique-copper_960.jpeg,68500.00,"Exposed Parts of Floor Mounted Single Lever Bath Mixer with Provision for Hand Shower, without Hand Shower & Shower Hose (Compatible with ALD-121)
",https://www.jaquar.com/en/vignette-prime-floor-mounted-bath-lever?Id=6250,"Vignette Prime, VGP-ACR-81121K, Antique Copper"
Faucets,Vignette Prime,6250,Exposed Parts of Floor Mounted Single Lever Bath Mixer,Variant,4034,Exposed Parts of Floor Mounted Single Lever Bath Mixer - Black Chrome,VGP-BCH-81121K,Black Chrome,https://www.jaquar.com/images/thumbs/0060356_exposed-parts-of-floor-mounted-single-lever-bath-mixer-black-chrome_960.jpeg,60000.00,"Exposed Parts of Floor Mounted Single Lever Bath Mixer with Provision for Hand Shower, without Hand Shower & Shower Hose (Compatible with ALD-121)
",https://www.jaquar.com/en/vignette-prime-floor-mounted-bath-lever?Id=6250,"Vignette Prime, VGP-BCH-81121K, Black Chrome"
Faucets,Vignette Prime,6250,Exposed Parts of Floor Mounted Single Lever Bath Mixer,Variant,4034,Exposed Parts of Floor Mounted Single Lever Bath Mixer - Black Matt,VGP-BLM-81121K,Black Matt,https://www.jaquar.com/images/thumbs/0060357_exposed-parts-of-floor-mounted-single-lever-bath-mixer-black-matt_960.jpeg,60000.00,"Exposed Parts of Floor Mounted Single Lever Bath Mixer with Provision for Hand Shower, without Hand Shower & Shower Hose (Compatible with ALD-121)
",https://www.jaquar.com/en/vignette-prime-floor-mounted-bath-lever?Id=6250,"Vignette Prime, VGP-BLM-81121K, Black Matt"
Faucets,Vignette Prime,6250,Exposed Parts of Floor Mounted Single Lever Bath Mixer,Variant,4034,Exposed Parts of Floor Mounted Single Lever Bath Mixer - Graphite,VGP-GRF-81121K,Graphite,https://www.jaquar.com/images/thumbs/0060358_exposed-parts-of-floor-mounted-single-lever-bath-mixer-graphite_960.jpeg,68500.00,"Exposed Parts of Floor Mounted Single Lever Bath Mixer with Provision for Hand Shower, without Hand Shower & Shower Hose (Compatible with ALD-121)
",https://www.jaquar.com/en/vignette-prime-floor-mounted-bath-lever?Id=6250,"Vignette Prime, VGP-GRF-81121K, Graphite"
Faucets,Vignette Prime,6250,Exposed Parts of Floor Mounted Single Lever Bath Mixer,Variant,4034,Exposed Parts of Floor Mounted Single Lever Bath Mixer - Stainless Steel,VGP-SSF-81121K,Stainless Steel,https://www.jaquar.com/images/thumbs/0060560_exposed-parts-of-floor-mounted-single-lever-bath-mixer-stainless-steel_960.jpeg,68500.00,"Exposed Parts of Floor Mounted Single Lever Bath Mixer with Provision for Hand Shower, without Hand Shower & Shower Hose (Compatible with ALD-121)
",https://www.jaquar.com/en/vignette-prime-floor-mounted-bath-lever?Id=6250,"Vignette Prime, VGP-SSF-81121K, Stainless Steel"
Faucets,Vignette Prime,6251,Exposed Parts of Floor Mounted Single Lever Bath Mixer,Parent,4034,Exposed Parts of Floor Mounted Single Lever Bath Mixer - Chrome,VGP-CHR-81121K,Chrome,https://www.jaquar.com/images/thumbs/0032029_exposed-parts-of-floor-mounted-single-lever-bath-mixer-chrome_960.jpeg,41500.00,"Exposed Parts of Floor Mounted Single Lever Bath Mixer with Provision for Hand Shower, without Hand Shower & Shower Hose (Compatible with ALD-121)
",https://www.jaquar.com/en/vignette-prime-floor-mounted-bath-lever?Id=6251,"Vignette Prime, VGP-CHR-81121K, Chrome"
Faucets,Vignette Prime,6251,Exposed Parts of Floor Mounted Single Lever Bath Mixer,Variant,4034,Exposed Parts of Floor Mounted Single Lever Bath Mixer - Antique Bronze,VGP-ABR-81121K,Antique Bronze,https://www.jaquar.com/images/thumbs/0060354_exposed-parts-of-floor-mounted-single-lever-bath-mixer-antique-bronze_960.jpeg,68500.00,"Exposed Parts of Floor Mounted Single Lever Bath Mixer with Provision for Hand Shower, without Hand Shower & Shower Hose (Compatible with ALD-121)
",https://www.jaquar.com/en/vignette-prime-floor-mounted-bath-lever?Id=6251,"Vignette Prime, VGP-ABR-81121K, Antique Bronze"
Faucets,Vignette Prime,6251,Exposed Parts of Floor Mounted Single Lever Bath Mixer,Variant,4034,Exposed Parts of Floor Mounted Single Lever Bath Mixer - Antique Copper,VGP-ACR-81121K,Antique Copper,https://www.jaquar.com/images/thumbs/0060355_exposed-parts-of-floor-mounted-single-lever-bath-mixer-antique-copper_960.jpeg,68500.00,"Exposed Parts of Floor Mounted Single Lever Bath Mixer with Provision for Hand Shower, without Hand Shower & Shower Hose (Compatible with ALD-121)
",https://www.jaquar.com/en/vignette-prime-floor-mounted-bath-lever?Id=6251,"Vignette Prime, VGP-ACR-81121K, Antique Copper"
Faucets,Vignette Prime,6251,Exposed Parts of Floor Mounted Single Lever Bath Mixer,Variant,4034,Exposed Parts of Floor Mounted Single Lever Bath Mixer - Black Chrome,VGP-BCH-81121K,Black Chrome,https://www.jaquar.com/images/thumbs/0060356_exposed-parts-of-floor-mounted-single-lever-bath-mixer-black-chrome_960.jpeg,60000.00,"Exposed Parts of Floor Mounted Single Lever Bath Mixer with Provision for Hand Shower, without Hand Shower & Shower Hose (Compatible with ALD-121)
",https://www.jaquar.com/en/vignette-prime-floor-mounted-bath-lever?Id=6251,"Vignette Prime, VGP-BCH-81121K, Black Chrome"
Faucets,Vignette Prime,6251,Exposed Parts of Floor Mounted Single Lever Bath Mixer,Variant,4034,Exposed Parts of Floor Mounted Single Lever Bath Mixer - Black Matt,VGP-BLM-81121K,Black Matt,https://www.jaquar.com/images/thumbs/0060357_exposed-parts-of-floor-mounted-single-lever-bath-mixer-black-matt_960.jpeg,60000.00,"Exposed Parts of Floor Mounted Single Lever Bath Mixer with Provision for Hand Shower, without Hand Shower & Shower Hose (Compatible with ALD-121)
",https://www.jaquar.com/en/vignette-prime-floor-mounted-bath-lever?Id=6251,"Vignette Prime, VGP-BLM-81121K, Black Matt"
Faucets,Vignette Prime,6251,Exposed Parts of Floor Mounted Single Lever Bath Mixer,Variant,4034,Exposed Parts of Floor Mounted Single Lever Bath Mixer - Graphite,VGP-GRF-81121K,Graphite,https://www.jaquar.com/images/thumbs/0060358_exposed-parts-of-floor-mounted-single-lever-bath-mixer-graphite_960.jpeg,68500.00,"Exposed Parts of Floor Mounted Single Lever Bath Mixer with Provision for Hand Shower, without Hand Shower & Shower Hose (Compatible with ALD-121)
",https://www.jaquar.com/en/vignette-prime-floor-mounted-bath-lever?Id=6251,"Vignette Prime, VGP-GRF-81121K, Graphite"
Faucets,Vignette Prime,6251,Exposed Parts of Floor Mounted Single Lever Bath Mixer,Variant,4034,Exposed Parts of Floor Mounted Single Lever Bath Mixer - Stainless Steel,VGP-SSF-81121K,Stainless Steel,https://www.jaquar.com/images/thumbs/0060560_exposed-parts-of-floor-mounted-single-lever-bath-mixer-stainless-steel_960.jpeg,68500.00,"Exposed Parts of Floor Mounted Single Lever Bath Mixer with Provision for Hand Shower, without Hand Shower & Shower Hose (Compatible with ALD-121)
",https://www.jaquar.com/en/vignette-prime-floor-mounted-bath-lever?Id=6251,"Vignette Prime, VGP-SSF-81121K, Stainless Steel"
Faucets,Vignette Prime,3934,Single Lever 1 - Hole Bidet Mixer,Parent,1877,Single Lever 1 - Hole Bidet Mixer - Chrome,VGP-CHR-81213B,Chrome,https://www.jaquar.com/images/thumbs/0060274_single-lever-1-hole-bidet-mixer-chrome_960.jpeg,6650.00,"Single Lever 1-Hole Bidet Mixer with Popup Waste System with 375mm Long Braided Hoses
",https://www.jaquar.com/en/bidet-mixer-vignette-prime?Id=3934,"Vignette Prime, VGP-CHR-81213B, Chrome"
Faucets,Vignette Prime,3934,Single Lever 1 - Hole Bidet Mixer,Variant,1877,Single Lever 1 - Hole Bidet Mixer - Antique Bronze,VGP-ABR-81213B,Antique Bronze,https://www.jaquar.com/images/thumbs/0059599_single-lever-1-hole-bidet-mixer-antique-bronze_960.jpeg,11100.00,"Single Lever 1-Hole Bidet Mixer with Popup Waste System with 375mm Long Braided Hoses
",https://www.jaquar.com/en/bidet-mixer-vignette-prime?Id=3934,"Vignette Prime, VGP-ABR-81213B, Antique Bronze"
Faucets,Vignette Prime,3934,Single Lever 1 - Hole Bidet Mixer,Variant,1877,Single Lever 1 - Hole Bidet Mixer - Antique Copper,VGP-ACR-81213B,Antique Copper,https://www.jaquar.com/images/thumbs/0059509_single-lever-1-hole-bidet-mixer-antique-copper_960.jpeg,11100.00,"Single Lever 1-Hole Bidet Mixer with Popup Waste System with 375mm Long Braided Hoses
",https://www.jaquar.com/en/bidet-mixer-vignette-prime?Id=3934,"Vignette Prime, VGP-ACR-81213B, Antique Copper"
Faucets,Vignette Prime,3934,Single Lever 1 - Hole Bidet Mixer,Variant,1877,Single Lever 1 - Hole Bidet Mixer - Black Chrome,VGP-BCH-81213B,Black Chrome,https://www.jaquar.com/images/thumbs/0059505_single-lever-1-hole-bidet-mixer-black-chrome_960.jpeg,9700.00,"Single Lever 1-Hole Bidet Mixer with Popup Waste System with 375mm Long Braided Hoses
",https://www.jaquar.com/en/bidet-mixer-vignette-prime?Id=3934,"Vignette Prime, VGP-BCH-81213B, Black Chrome"
Faucets,Vignette Prime,3934,Single Lever 1 - Hole Bidet Mixer,Variant,1877,Single Lever 1 - Hole Bidet Mixer - Black Matt,VGP-BLM-81213B,Black Matt,https://www.jaquar.com/images/thumbs/0059502_single-lever-1-hole-bidet-mixer-black-matt_960.jpeg,9700.00,"Single Lever 1-Hole Bidet Mixer with Popup Waste System with 375mm Long Braided Hoses
",https://www.jaquar.com/en/bidet-mixer-vignette-prime?Id=3934,"Vignette Prime, VGP-BLM-81213B, Black Matt"
Faucets,Vignette Prime,3934,Single Lever 1 - Hole Bidet Mixer,Variant,1877,Single Lever 1 - Hole Bidet Mixer - Graphite,VGP-GRF-81213B,Graphite,https://www.jaquar.com/images/thumbs/0059473_single-lever-1-hole-bidet-mixer-graphite_960.jpeg,11100.00,"Single Lever 1-Hole Bidet Mixer with Popup Waste System with 375mm Long Braided Hoses
",https://www.jaquar.com/en/bidet-mixer-vignette-prime?Id=3934,"Vignette Prime, VGP-GRF-81213B, Graphite"
Faucets,Vignette Prime,3934,Single Lever 1 - Hole Bidet Mixer,Variant,1877,Single Lever 1 - Hole Bidet Mixer - Stainless Steel,VGP-SSF-81213B,Stainless Steel,https://www.jaquar.com/images/thumbs/0059491_single-lever-1-hole-bidet-mixer-stainless-steel_960.jpeg,11100.00,"Single Lever 1-Hole Bidet Mixer with Popup Waste System with 375mm Long Braided Hoses
",https://www.jaquar.com/en/bidet-mixer-vignette-prime?Id=3934,"Vignette Prime, VGP-SSF-81213B, Stainless Steel"
Faucets,Vignette Prime,3835,Single Lever Sink Mixer,Parent,1390,Single Lever Sink Mixer - Chrome,VGP-CHR-81165,Chrome,https://www.jaquar.com/images/thumbs/0060400_single-lever-sink-mixer-chrome_960.jpeg,6200.00,"Single Lever Sink Mixer with Swinging Spout on Upper Side (Wall Mounted Model) with Connecting Legs & Wall Flanges 
",https://www.jaquar.com/en/vignette-chrome-wall-sink-mixer-swan-neck?Id=3835,"Vignette Prime, VGP-CHR-81165, Chrome"
Faucets,Vignette Prime,3835,Single Lever Sink Mixer,Variant,1390,Single Lever Sink Mixer - Antique Bronze,VGP-ABR-81165,Antique Bronze,https://www.jaquar.com/images/thumbs/0054851_single-lever-sink-mixer-antique-bronze_960.jpeg,10400.00,"Single Lever Sink Mixer with Swinging Spout on Upper Side (Wall Mounted Model) with Connecting Legs & Wall Flanges 
",https://www.jaquar.com/en/vignette-chrome-wall-sink-mixer-swan-neck?Id=3835,"Vignette Prime, VGP-ABR-81165, Antique Bronze"
Faucets,Vignette Prime,3835,Single Lever Sink Mixer,Variant,1390,Single Lever Sink Mixer - Antique Copper,VGP-ACR-81165,Antique Copper,https://www.jaquar.com/images/thumbs/0055053_single-lever-sink-mixer-antique-copper_960.jpeg,10400.00,"Single Lever Sink Mixer with Swinging Spout on Upper Side (Wall Mounted Model) with Connecting Legs & Wall Flanges 
",https://www.jaquar.com/en/vignette-chrome-wall-sink-mixer-swan-neck?Id=3835,"Vignette Prime, VGP-ACR-81165, Antique Copper"
Faucets,Vignette Prime,3835,Single Lever Sink Mixer,Variant,1390,Single Lever Sink Mixer - Black Chrome,VGP-BCH-81165,Black Chrome,https://www.jaquar.com/images/thumbs/0055927_single-lever-sink-mixer-black-chrome_960.jpeg,9050.00,"Single Lever Sink Mixer with Swinging Spout on Upper Side (Wall Mounted Model) with Connecting Legs & Wall Flanges 
",https://www.jaquar.com/en/vignette-chrome-wall-sink-mixer-swan-neck?Id=3835,"Vignette Prime, VGP-BCH-81165, Black Chrome"
Faucets,Vignette Prime,3835,Single Lever Sink Mixer,Variant,1390,Single Lever Sink Mixer - Black Matt,VGP-BLM-81165,Black Matt,https://www.jaquar.com/images/thumbs/0054687_single-lever-sink-mixer-black-matt_960.jpeg,9050.00,"Single Lever Sink Mixer with Swinging Spout on Upper Side (Wall Mounted Model) with Connecting Legs & Wall Flanges 
",https://www.jaquar.com/en/vignette-chrome-wall-sink-mixer-swan-neck?Id=3835,"Vignette Prime, VGP-BLM-81165, Black Matt"
Faucets,Vignette Prime,3835,Single Lever Sink Mixer,Variant,1390,Single Lever Sink Mixer - Graphite,VGP-GRF-81165,Graphite,https://www.jaquar.com/images/thumbs/0057030_single-lever-sink-mixer-graphite_960.jpeg,10400.00,"Single Lever Sink Mixer with Swinging Spout on Upper Side (Wall Mounted Model) with Connecting Legs & Wall Flanges 
",https://www.jaquar.com/en/vignette-chrome-wall-sink-mixer-swan-neck?Id=3835,"Vignette Prime, VGP-GRF-81165, Graphite"
Faucets,Vignette Prime,3835,Single Lever Sink Mixer,Variant,1390,Single Lever Sink Mixer - Stainless Steel,VGP-SSF-81165,Stainless Steel,https://www.jaquar.com/images/thumbs/0055928_single-lever-sink-mixer-stainless-steel_960.jpeg,10400.00,"Single Lever Sink Mixer with Swinging Spout on Upper Side (Wall Mounted Model) with Connecting Legs & Wall Flanges 
",https://www.jaquar.com/en/vignette-chrome-wall-sink-mixer-swan-neck?Id=3835,"Vignette Prime, VGP-SSF-81165, Stainless Steel"
Faucets,Vignette Prime,3836,Single Lever Sink Mixer,Parent,1390,Single Lever Sink Mixer - Chrome,VGP-CHR-81165,Chrome,https://www.jaquar.com/images/thumbs/0060400_single-lever-sink-mixer-chrome_960.jpeg,6200.00,"Single Lever Sink Mixer with Swinging Spout on Upper Side (Wall Mounted Model) with Connecting Legs & Wall Flanges 
",https://www.jaquar.com/en/vignette-chrome-wall-sink-mixer-swan-neck?Id=3836,"Vignette Prime, VGP-CHR-81165, Chrome"
Faucets,Vignette Prime,3836,Single Lever Sink Mixer,Variant,1390,Single Lever Sink Mixer - Antique Bronze,VGP-ABR-81165,Antique Bronze,https://www.jaquar.com/images/thumbs/0054851_single-lever-sink-mixer-antique-bronze_960.jpeg,10400.00,"Single Lever Sink Mixer with Swinging Spout on Upper Side (Wall Mounted Model) with Connecting Legs & Wall Flanges 
",https://www.jaquar.com/en/vignette-chrome-wall-sink-mixer-swan-neck?Id=3836,"Vignette Prime, VGP-ABR-81165, Antique Bronze"
Faucets,Vignette Prime,3836,Single Lever Sink Mixer,Variant,1390,Single Lever Sink Mixer - Antique Copper,VGP-ACR-81165,Antique Copper,https://www.jaquar.com/images/thumbs/0055053_single-lever-sink-mixer-antique-copper_960.jpeg,10400.00,"Single Lever Sink Mixer with Swinging Spout on Upper Side (Wall Mounted Model) with Connecting Legs & Wall Flanges 
",https://www.jaquar.com/en/vignette-chrome-wall-sink-mixer-swan-neck?Id=3836,"Vignette Prime, VGP-ACR-81165, Antique Copper"
Faucets,Vignette Prime,3836,Single Lever Sink Mixer,Variant,1390,Single Lever Sink Mixer - Black Chrome,VGP-BCH-81165,Black Chrome,https://www.jaquar.com/images/thumbs/0055927_single-lever-sink-mixer-black-chrome_960.jpeg,9050.00,"Single Lever Sink Mixer with Swinging Spout on Upper Side (Wall Mounted Model) with Connecting Legs & Wall Flanges 
",https://www.jaquar.com/en/vignette-chrome-wall-sink-mixer-swan-neck?Id=3836,"Vignette Prime, VGP-BCH-81165, Black Chrome"
Faucets,Vignette Prime,3836,Single Lever Sink Mixer,Variant,1390,Single Lever Sink Mixer - Black Matt,VGP-BLM-81165,Black Matt,https://www.jaquar.com/images/thumbs/0054687_single-lever-sink-mixer-black-matt_960.jpeg,9050.00,"Single Lever Sink Mixer with Swinging Spout on Upper Side (Wall Mounted Model) with Connecting Legs & Wall Flanges 
",https://www.jaquar.com/en/vignette-chrome-wall-sink-mixer-swan-neck?Id=3836,"Vignette Prime, VGP-BLM-81165, Black Matt"
Faucets,Vignette Prime,3836,Single Lever Sink Mixer,Variant,1390,Single Lever Sink Mixer - Graphite,VGP-GRF-81165,Graphite,https://www.jaquar.com/images/thumbs/0057030_single-lever-sink-mixer-graphite_960.jpeg,10400.00,"Single Lever Sink Mixer with Swinging Spout on Upper Side (Wall Mounted Model) with Connecting Legs & Wall Flanges 
",https://www.jaquar.com/en/vignette-chrome-wall-sink-mixer-swan-neck?Id=3836,"Vignette Prime, VGP-GRF-81165, Graphite"
Faucets,Vignette Prime,3836,Single Lever Sink Mixer,Variant,1390,Single Lever Sink Mixer - Stainless Steel,VGP-SSF-81165,Stainless Steel,https://www.jaquar.com/images/thumbs/0055928_single-lever-sink-mixer-stainless-steel_960.jpeg,10400.00,"Single Lever Sink Mixer with Swinging Spout on Upper Side (Wall Mounted Model) with Connecting Legs & Wall Flanges 
",https://www.jaquar.com/en/vignette-chrome-wall-sink-mixer-swan-neck?Id=3836,"Vignette Prime, VGP-SSF-81165, Stainless Steel"
Faucets,Vignette Prime,3837,Single Lever Sink Mixer,Parent,1390,Single Lever Sink Mixer - Chrome,VGP-CHR-81165,Chrome,https://www.jaquar.com/images/thumbs/0060400_single-lever-sink-mixer-chrome_960.jpeg,6200.00,"Single Lever Sink Mixer with Swinging Spout on Upper Side (Wall Mounted Model) with Connecting Legs & Wall Flanges 
",https://www.jaquar.com/en/vignette-chrome-wall-sink-mixer-swan-neck?Id=3837,"Vignette Prime, VGP-CHR-81165, Chrome"
Faucets,Vignette Prime,3837,Single Lever Sink Mixer,Variant,1390,Single Lever Sink Mixer - Antique Bronze,VGP-ABR-81165,Antique Bronze,https://www.jaquar.com/images/thumbs/0054851_single-lever-sink-mixer-antique-bronze_960.jpeg,10400.00,"Single Lever Sink Mixer with Swinging Spout on Upper Side (Wall Mounted Model) with Connecting Legs & Wall Flanges 
",https://www.jaquar.com/en/vignette-chrome-wall-sink-mixer-swan-neck?Id=3837,"Vignette Prime, VGP-ABR-81165, Antique Bronze"
Faucets,Vignette Prime,3837,Single Lever Sink Mixer,Variant,1390,Single Lever Sink Mixer - Antique Copper,VGP-ACR-81165,Antique Copper,https://www.jaquar.com/images/thumbs/0055053_single-lever-sink-mixer-antique-copper_960.jpeg,10400.00,"Single Lever Sink Mixer with Swinging Spout on Upper Side (Wall Mounted Model) with Connecting Legs & Wall Flanges 
",https://www.jaquar.com/en/vignette-chrome-wall-sink-mixer-swan-neck?Id=3837,"Vignette Prime, VGP-ACR-81165, Antique Copper"
Faucets,Vignette Prime,3837,Single Lever Sink Mixer,Variant,1390,Single Lever Sink Mixer - Black Chrome,VGP-BCH-81165,Black Chrome,https://www.jaquar.com/images/thumbs/0055927_single-lever-sink-mixer-black-chrome_960.jpeg,9050.00,"Single Lever Sink Mixer with Swinging Spout on Upper Side (Wall Mounted Model) with Connecting Legs & Wall Flanges 
",https://www.jaquar.com/en/vignette-chrome-wall-sink-mixer-swan-neck?Id=3837,"Vignette Prime, VGP-BCH-81165, Black Chrome"
Faucets,Vignette Prime,3837,Single Lever Sink Mixer,Variant,1390,Single Lever Sink Mixer - Black Matt,VGP-BLM-81165,Black Matt,https://www.jaquar.com/images/thumbs/0054687_single-lever-sink-mixer-black-matt_960.jpeg,9050.00,"Single Lever Sink Mixer with Swinging Spout on Upper Side (Wall Mounted Model) with Connecting Legs & Wall Flanges 
",https://www.jaquar.com/en/vignette-chrome-wall-sink-mixer-swan-neck?Id=3837,"Vignette Prime, VGP-BLM-81165, Black Matt"
Faucets,Vignette Prime,3837,Single Lever Sink Mixer,Variant,1390,Single Lever Sink Mixer - Graphite,VGP-GRF-81165,Graphite,https://www.jaquar.com/images/thumbs/0057030_single-lever-sink-mixer-graphite_960.jpeg,10400.00,"Single Lever Sink Mixer with Swinging Spout on Upper Side (Wall Mounted Model) with Connecting Legs & Wall Flanges 
",https://www.jaquar.com/en/vignette-chrome-wall-sink-mixer-swan-neck?Id=3837,"Vignette Prime, VGP-GRF-81165, Graphite"
Faucets,Vignette Prime,3837,Single Lever Sink Mixer,Variant,1390,Single Lever Sink Mixer - Stainless Steel,VGP-SSF-81165,Stainless Steel,https://www.jaquar.com/images/thumbs/0055928_single-lever-sink-mixer-stainless-steel_960.jpeg,10400.00,"Single Lever Sink Mixer with Swinging Spout on Upper Side (Wall Mounted Model) with Connecting Legs & Wall Flanges 
",https://www.jaquar.com/en/vignette-chrome-wall-sink-mixer-swan-neck?Id=3837,"Vignette Prime, VGP-SSF-81165, Stainless Steel"
Faucets,Vignette Prime,3838,Single Lever Sink Mixer,Parent,1390,Single Lever Sink Mixer - Chrome,VGP-CHR-81165,Chrome,https://www.jaquar.com/images/thumbs/0060400_single-lever-sink-mixer-chrome_960.jpeg,6200.00,"Single Lever Sink Mixer with Swinging Spout on Upper Side (Wall Mounted Model) with Connecting Legs & Wall Flanges 
",https://www.jaquar.com/en/vignette-chrome-wall-sink-mixer-swan-neck?Id=3838,"Vignette Prime, VGP-CHR-81165, Chrome"
Faucets,Vignette Prime,3838,Single Lever Sink Mixer,Variant,1390,Single Lever Sink Mixer - Antique Bronze,VGP-ABR-81165,Antique Bronze,https://www.jaquar.com/images/thumbs/0054851_single-lever-sink-mixer-antique-bronze_960.jpeg,10400.00,"Single Lever Sink Mixer with Swinging Spout on Upper Side (Wall Mounted Model) with Connecting Legs & Wall Flanges 
",https://www.jaquar.com/en/vignette-chrome-wall-sink-mixer-swan-neck?Id=3838,"Vignette Prime, VGP-ABR-81165, Antique Bronze"
Faucets,Vignette Prime,3838,Single Lever Sink Mixer,Variant,1390,Single Lever Sink Mixer - Antique Copper,VGP-ACR-81165,Antique Copper,https://www.jaquar.com/images/thumbs/0055053_single-lever-sink-mixer-antique-copper_960.jpeg,10400.00,"Single Lever Sink Mixer with Swinging Spout on Upper Side (Wall Mounted Model) with Connecting Legs & Wall Flanges 
",https://www.jaquar.com/en/vignette-chrome-wall-sink-mixer-swan-neck?Id=3838,"Vignette Prime, VGP-ACR-81165, Antique Copper"
Faucets,Vignette Prime,3838,Single Lever Sink Mixer,Variant,1390,Single Lever Sink Mixer - Black Chrome,VGP-BCH-81165,Black Chrome,https://www.jaquar.com/images/thumbs/0055927_single-lever-sink-mixer-black-chrome_960.jpeg,9050.00,"Single Lever Sink Mixer with Swinging Spout on Upper Side (Wall Mounted Model) with Connecting Legs & Wall Flanges 
",https://www.jaquar.com/en/vignette-chrome-wall-sink-mixer-swan-neck?Id=3838,"Vignette Prime, VGP-BCH-81165, Black Chrome"
Faucets,Vignette Prime,3838,Single Lever Sink Mixer,Variant,1390,Single Lever Sink Mixer - Black Matt,VGP-BLM-81165,Black Matt,https://www.jaquar.com/images/thumbs/0054687_single-lever-sink-mixer-black-matt_960.jpeg,9050.00,"Single Lever Sink Mixer with Swinging Spout on Upper Side (Wall Mounted Model) with Connecting Legs & Wall Flanges 
",https://www.jaquar.com/en/vignette-chrome-wall-sink-mixer-swan-neck?Id=3838,"Vignette Prime, VGP-BLM-81165, Black Matt"
Faucets,Vignette Prime,3838,Single Lever Sink Mixer,Variant,1390,Single Lever Sink Mixer - Graphite,VGP-GRF-81165,Graphite,https://www.jaquar.com/images/thumbs/0057030_single-lever-sink-mixer-graphite_960.jpeg,10400.00,"Single Lever Sink Mixer with Swinging Spout on Upper Side (Wall Mounted Model) with Connecting Legs & Wall Flanges 
",https://www.jaquar.com/en/vignette-chrome-wall-sink-mixer-swan-neck?Id=3838,"Vignette Prime, VGP-GRF-81165, Graphite"
Faucets,Vignette Prime,3838,Single Lever Sink Mixer,Variant,1390,Single Lever Sink Mixer - Stainless Steel,VGP-SSF-81165,Stainless Steel,https://www.jaquar.com/images/thumbs/0055928_single-lever-sink-mixer-stainless-steel_960.jpeg,10400.00,"Single Lever Sink Mixer with Swinging Spout on Upper Side (Wall Mounted Model) with Connecting Legs & Wall Flanges 
",https://www.jaquar.com/en/vignette-chrome-wall-sink-mixer-swan-neck?Id=3838,"Vignette Prime, VGP-SSF-81165, Stainless Steel"
Faucets,Vignette Prime,3834,Single Lever Sink Mixer,Parent,1390,Single Lever Sink Mixer - Chrome,VGP-CHR-81165,Chrome,https://www.jaquar.com/images/thumbs/0060400_single-lever-sink-mixer-chrome_960.jpeg,6200.00,"Single Lever Sink Mixer with Swinging Spout on Upper Side (Wall Mounted Model) with Connecting Legs & Wall Flanges 
",https://www.jaquar.com/en/vignette-chrome-wall-sink-mixer-swan-neck?Id=3834,"Vignette Prime, VGP-CHR-81165, Chrome"
Faucets,Vignette Prime,3834,Single Lever Sink Mixer,Variant,1390,Single Lever Sink Mixer - Antique Bronze,VGP-ABR-81165,Antique Bronze,https://www.jaquar.com/images/thumbs/0054851_single-lever-sink-mixer-antique-bronze_960.jpeg,10400.00,"Single Lever Sink Mixer with Swinging Spout on Upper Side (Wall Mounted Model) with Connecting Legs & Wall Flanges 
",https://www.jaquar.com/en/vignette-chrome-wall-sink-mixer-swan-neck?Id=3834,"Vignette Prime, VGP-ABR-81165, Antique Bronze"
Faucets,Vignette Prime,3834,Single Lever Sink Mixer,Variant,1390,Single Lever Sink Mixer - Antique Copper,VGP-ACR-81165,Antique Copper,https://www.jaquar.com/images/thumbs/0055053_single-lever-sink-mixer-antique-copper_960.jpeg,10400.00,"Single Lever Sink Mixer with Swinging Spout on Upper Side (Wall Mounted Model) with Connecting Legs & Wall Flanges 
",https://www.jaquar.com/en/vignette-chrome-wall-sink-mixer-swan-neck?Id=3834,"Vignette Prime, VGP-ACR-81165, Antique Copper"
Faucets,Vignette Prime,3834,Single Lever Sink Mixer,Variant,1390,Single Lever Sink Mixer - Black Chrome,VGP-BCH-81165,Black Chrome,https://www.jaquar.com/images/thumbs/0055927_single-lever-sink-mixer-black-chrome_960.jpeg,9050.00,"Single Lever Sink Mixer with Swinging Spout on Upper Side (Wall Mounted Model) with Connecting Legs & Wall Flanges 
",https://www.jaquar.com/en/vignette-chrome-wall-sink-mixer-swan-neck?Id=3834,"Vignette Prime, VGP-BCH-81165, Black Chrome"
Faucets,Vignette Prime,3834,Single Lever Sink Mixer,Variant,1390,Single Lever Sink Mixer - Black Matt,VGP-BLM-81165,Black Matt,https://www.jaquar.com/images/thumbs/0054687_single-lever-sink-mixer-black-matt_960.jpeg,9050.00,"Single Lever Sink Mixer with Swinging Spout on Upper Side (Wall Mounted Model) with Connecting Legs & Wall Flanges 
",https://www.jaquar.com/en/vignette-chrome-wall-sink-mixer-swan-neck?Id=3834,"Vignette Prime, VGP-BLM-81165, Black Matt"
Faucets,Vignette Prime,3834,Single Lever Sink Mixer,Variant,1390,Single Lever Sink Mixer - Graphite,VGP-GRF-81165,Graphite,https://www.jaquar.com/images/thumbs/0057030_single-lever-sink-mixer-graphite_960.jpeg,10400.00,"Single Lever Sink Mixer with Swinging Spout on Upper Side (Wall Mounted Model) with Connecting Legs & Wall Flanges 
",https://www.jaquar.com/en/vignette-chrome-wall-sink-mixer-swan-neck?Id=3834,"Vignette Prime, VGP-GRF-81165, Graphite"
Faucets,Vignette Prime,3834,Single Lever Sink Mixer,Variant,1390,Single Lever Sink Mixer - Stainless Steel,VGP-SSF-81165,Stainless Steel,https://www.jaquar.com/images/thumbs/0055928_single-lever-sink-mixer-stainless-steel_960.jpeg,10400.00,"Single Lever Sink Mixer with Swinging Spout on Upper Side (Wall Mounted Model) with Connecting Legs & Wall Flanges 
",https://www.jaquar.com/en/vignette-chrome-wall-sink-mixer-swan-neck?Id=3834,"Vignette Prime, VGP-SSF-81165, Stainless Steel"
Faucets,Vignette Prime,3841,Single Lever Sink Mixer,Parent,1390,Single Lever Sink Mixer - Chrome,VGP-CHR-81165,Chrome,https://www.jaquar.com/images/thumbs/0060400_single-lever-sink-mixer-chrome_960.jpeg,6200.00,"Single Lever Sink Mixer with Swinging Spout on Upper Side (Wall Mounted Model) with Connecting Legs & Wall Flanges 
",https://www.jaquar.com/en/vignette-chrome-wall-sink-mixer-swan-neck?Id=3841,"Vignette Prime, VGP-CHR-81165, Chrome"
Faucets,Vignette Prime,3841,Single Lever Sink Mixer,Variant,1390,Single Lever Sink Mixer - Antique Bronze,VGP-ABR-81165,Antique Bronze,https://www.jaquar.com/images/thumbs/0054851_single-lever-sink-mixer-antique-bronze_960.jpeg,10400.00,"Single Lever Sink Mixer with Swinging Spout on Upper Side (Wall Mounted Model) with Connecting Legs & Wall Flanges 
",https://www.jaquar.com/en/vignette-chrome-wall-sink-mixer-swan-neck?Id=3841,"Vignette Prime, VGP-ABR-81165, Antique Bronze"
Faucets,Vignette Prime,3841,Single Lever Sink Mixer,Variant,1390,Single Lever Sink Mixer - Antique Copper,VGP-ACR-81165,Antique Copper,https://www.jaquar.com/images/thumbs/0055053_single-lever-sink-mixer-antique-copper_960.jpeg,10400.00,"Single Lever Sink Mixer with Swinging Spout on Upper Side (Wall Mounted Model) with Connecting Legs & Wall Flanges 
",https://www.jaquar.com/en/vignette-chrome-wall-sink-mixer-swan-neck?Id=3841,"Vignette Prime, VGP-ACR-81165, Antique Copper"
Faucets,Vignette Prime,3841,Single Lever Sink Mixer,Variant,1390,Single Lever Sink Mixer - Black Chrome,VGP-BCH-81165,Black Chrome,https://www.jaquar.com/images/thumbs/0055927_single-lever-sink-mixer-black-chrome_960.jpeg,9050.00,"Single Lever Sink Mixer with Swinging Spout on Upper Side (Wall Mounted Model) with Connecting Legs & Wall Flanges 
",https://www.jaquar.com/en/vignette-chrome-wall-sink-mixer-swan-neck?Id=3841,"Vignette Prime, VGP-BCH-81165, Black Chrome"
Faucets,Vignette Prime,3841,Single Lever Sink Mixer,Variant,1390,Single Lever Sink Mixer - Black Matt,VGP-BLM-81165,Black Matt,https://www.jaquar.com/images/thumbs/0054687_single-lever-sink-mixer-black-matt_960.jpeg,9050.00,"Single Lever Sink Mixer with Swinging Spout on Upper Side (Wall Mounted Model) with Connecting Legs & Wall Flanges 
",https://www.jaquar.com/en/vignette-chrome-wall-sink-mixer-swan-neck?Id=3841,"Vignette Prime, VGP-BLM-81165, Black Matt"
Faucets,Vignette Prime,3841,Single Lever Sink Mixer,Variant,1390,Single Lever Sink Mixer - Graphite,VGP-GRF-81165,Graphite,https://www.jaquar.com/images/thumbs/0057030_single-lever-sink-mixer-graphite_960.jpeg,10400.00,"Single Lever Sink Mixer with Swinging Spout on Upper Side (Wall Mounted Model) with Connecting Legs & Wall Flanges 
",https://www.jaquar.com/en/vignette-chrome-wall-sink-mixer-swan-neck?Id=3841,"Vignette Prime, VGP-GRF-81165, Graphite"
Faucets,Vignette Prime,3841,Single Lever Sink Mixer,Variant,1390,Single Lever Sink Mixer - Stainless Steel,VGP-SSF-81165,Stainless Steel,https://www.jaquar.com/images/thumbs/0055928_single-lever-sink-mixer-stainless-steel_960.jpeg,10400.00,"Single Lever Sink Mixer with Swinging Spout on Upper Side (Wall Mounted Model) with Connecting Legs & Wall Flanges 
",https://www.jaquar.com/en/vignette-chrome-wall-sink-mixer-swan-neck?Id=3841,"Vignette Prime, VGP-SSF-81165, Stainless Steel"
Faucets,Vignette Prime,3842,Single Lever Sink Mixer,Parent,1390,Single Lever Sink Mixer - Chrome,VGP-CHR-81165,Chrome,https://www.jaquar.com/images/thumbs/0060400_single-lever-sink-mixer-chrome_960.jpeg,6200.00,"Single Lever Sink Mixer with Swinging Spout on Upper Side (Wall Mounted Model) with Connecting Legs & Wall Flanges 
",https://www.jaquar.com/en/vignette-chrome-wall-sink-mixer-swan-neck?Id=3842,"Vignette Prime, VGP-CHR-81165, Chrome"
Faucets,Vignette Prime,3842,Single Lever Sink Mixer,Variant,1390,Single Lever Sink Mixer - Antique Bronze,VGP-ABR-81165,Antique Bronze,https://www.jaquar.com/images/thumbs/0054851_single-lever-sink-mixer-antique-bronze_960.jpeg,10400.00,"Single Lever Sink Mixer with Swinging Spout on Upper Side (Wall Mounted Model) with Connecting Legs & Wall Flanges 
",https://www.jaquar.com/en/vignette-chrome-wall-sink-mixer-swan-neck?Id=3842,"Vignette Prime, VGP-ABR-81165, Antique Bronze"
Faucets,Vignette Prime,3842,Single Lever Sink Mixer,Variant,1390,Single Lever Sink Mixer - Antique Copper,VGP-ACR-81165,Antique Copper,https://www.jaquar.com/images/thumbs/0055053_single-lever-sink-mixer-antique-copper_960.jpeg,10400.00,"Single Lever Sink Mixer with Swinging Spout on Upper Side (Wall Mounted Model) with Connecting Legs & Wall Flanges 
",https://www.jaquar.com/en/vignette-chrome-wall-sink-mixer-swan-neck?Id=3842,"Vignette Prime, VGP-ACR-81165, Antique Copper"
Faucets,Vignette Prime,3842,Single Lever Sink Mixer,Variant,1390,Single Lever Sink Mixer - Black Chrome,VGP-BCH-81165,Black Chrome,https://www.jaquar.com/images/thumbs/0055927_single-lever-sink-mixer-black-chrome_960.jpeg,9050.00,"Single Lever Sink Mixer with Swinging Spout on Upper Side (Wall Mounted Model) with Connecting Legs & Wall Flanges 
",https://www.jaquar.com/en/vignette-chrome-wall-sink-mixer-swan-neck?Id=3842,"Vignette Prime, VGP-BCH-81165, Black Chrome"
Faucets,Vignette Prime,3842,Single Lever Sink Mixer,Variant,1390,Single Lever Sink Mixer - Black Matt,VGP-BLM-81165,Black Matt,https://www.jaquar.com/images/thumbs/0054687_single-lever-sink-mixer-black-matt_960.jpeg,9050.00,"Single Lever Sink Mixer with Swinging Spout on Upper Side (Wall Mounted Model) with Connecting Legs & Wall Flanges 
",https://www.jaquar.com/en/vignette-chrome-wall-sink-mixer-swan-neck?Id=3842,"Vignette Prime, VGP-BLM-81165, Black Matt"
Faucets,Vignette Prime,3842,Single Lever Sink Mixer,Variant,1390,Single Lever Sink Mixer - Graphite,VGP-GRF-81165,Graphite,https://www.jaquar.com/images/thumbs/0057030_single-lever-sink-mixer-graphite_960.jpeg,10400.00,"Single Lever Sink Mixer with Swinging Spout on Upper Side (Wall Mounted Model) with Connecting Legs & Wall Flanges 
",https://www.jaquar.com/en/vignette-chrome-wall-sink-mixer-swan-neck?Id=3842,"Vignette Prime, VGP-GRF-81165, Graphite"
Faucets,Vignette Prime,3842,Single Lever Sink Mixer,Variant,1390,Single Lever Sink Mixer - Stainless Steel,VGP-SSF-81165,Stainless Steel,https://www.jaquar.com/images/thumbs/0055928_single-lever-sink-mixer-stainless-steel_960.jpeg,10400.00,"Single Lever Sink Mixer with Swinging Spout on Upper Side (Wall Mounted Model) with Connecting Legs & Wall Flanges 
",https://www.jaquar.com/en/vignette-chrome-wall-sink-mixer-swan-neck?Id=3842,"Vignette Prime, VGP-SSF-81165, Stainless Steel"
Faucets,Vignette Prime,3845,Single Lever Sink Mixer,Parent,1407,Single Lever Sink Mixer - Chrome,VGP-CHR-81173B,Chrome,https://www.jaquar.com/images/thumbs/0060272_single-lever-sink-mixer-chrome_960.jpeg,5000.00,"Single Lever Sink Mixer with Swinging Spout (Table Mounted) with 450mm Long Braided Hoses 
",https://www.jaquar.com/en/vignette-table-sink-mixer?Id=3845,"Vignette Prime, VGP-CHR-81173B, Chrome"
Faucets,Vignette Prime,3845,Single Lever Sink Mixer,Variant,1407,Single Lever Sink Mixer - Antique Bronze,VGP-ABR-81173B,Antique Bronze,https://www.jaquar.com/images/thumbs/0052072_single-lever-sink-mixer-antique-bronze_960.jpeg,8350.00,"Single Lever Sink Mixer with Swinging Spout (Table Mounted) with 450mm Long Braided Hoses 
",https://www.jaquar.com/en/vignette-table-sink-mixer?Id=3845,"Vignette Prime, VGP-ABR-81173B, Antique Bronze"
Faucets,Vignette Prime,3845,Single Lever Sink Mixer,Variant,1407,Single Lever Sink Mixer - Antique Copper,VGP-ACR-81173B,Antique Copper,https://www.jaquar.com/images/thumbs/0059773_single-lever-sink-mixer-antique-copper_960.jpeg,8350.00,"Single Lever Sink Mixer with Swinging Spout (Table Mounted) with 450mm Long Braided Hoses 
",https://www.jaquar.com/en/vignette-table-sink-mixer?Id=3845,"Vignette Prime, VGP-ACR-81173B, Antique Copper"
Faucets,Vignette Prime,3845,Single Lever Sink Mixer,Variant,1407,Single Lever Sink Mixer - Black Chrome,VGP-BCH-81173B,Black Chrome,https://www.jaquar.com/images/thumbs/0053854_single-lever-sink-mixer-black-chrome_960.jpeg,7300.00,"Single Lever Sink Mixer with Swinging Spout (Table Mounted) with 450mm Long Braided Hoses 
",https://www.jaquar.com/en/vignette-table-sink-mixer?Id=3845,"Vignette Prime, VGP-BCH-81173B, Black Chrome"
Faucets,Vignette Prime,3845,Single Lever Sink Mixer,Variant,1407,Single Lever Sink Mixer - Black Matt,VGP-BLM-81173B,Black Matt,https://www.jaquar.com/images/thumbs/0015050_single-lever-sink-mixer-black-matt_960.jpeg,7300.00,"Single Lever Sink Mixer with Swinging Spout (Table Mounted) with 450mm Long Braided Hoses 
",https://www.jaquar.com/en/vignette-table-sink-mixer?Id=3845,"Vignette Prime, VGP-BLM-81173B, Black Matt"
Faucets,Vignette Prime,3845,Single Lever Sink Mixer,Variant,1407,Single Lever Sink Mixer - Graphite,VGP-GRF-81173B,Graphite,https://www.jaquar.com/images/thumbs/0059774_single-lever-sink-mixer-graphite_960.jpeg,8350.00,"Single Lever Sink Mixer with Swinging Spout (Table Mounted) with 450mm Long Braided Hoses 
",https://www.jaquar.com/en/vignette-table-sink-mixer?Id=3845,"Vignette Prime, VGP-GRF-81173B, Graphite"
Faucets,Vignette Prime,3845,Single Lever Sink Mixer,Variant,1407,Single Lever Sink Mixer - Stainless Steel,VGP-SSF-81173B,Stainless Steel,https://www.jaquar.com/images/thumbs/0059775_single-lever-sink-mixer-stainless-steel_960.jpeg,8350.00,"Single Lever Sink Mixer with Swinging Spout (Table Mounted) with 450mm Long Braided Hoses 
",https://www.jaquar.com/en/vignette-table-sink-mixer?Id=3845,"Vignette Prime, VGP-SSF-81173B, Stainless Steel"
Faucets,Vignette Prime,3846,Single Lever Sink Mixer,Parent,1407,Single Lever Sink Mixer - Chrome,VGP-CHR-81173B,Chrome,https://www.jaquar.com/images/thumbs/0060272_single-lever-sink-mixer-chrome_960.jpeg,5000.00,"Single Lever Sink Mixer with Swinging Spout (Table Mounted) with 450mm Long Braided Hoses 
",https://www.jaquar.com/en/vignette-table-sink-mixer?Id=3846,"Vignette Prime, VGP-CHR-81173B, Chrome"
Faucets,Vignette Prime,3846,Single Lever Sink Mixer,Variant,1407,Single Lever Sink Mixer - Antique Bronze,VGP-ABR-81173B,Antique Bronze,https://www.jaquar.com/images/thumbs/0052072_single-lever-sink-mixer-antique-bronze_960.jpeg,8350.00,"Single Lever Sink Mixer with Swinging Spout (Table Mounted) with 450mm Long Braided Hoses 
",https://www.jaquar.com/en/vignette-table-sink-mixer?Id=3846,"Vignette Prime, VGP-ABR-81173B, Antique Bronze"
Faucets,Vignette Prime,3846,Single Lever Sink Mixer,Variant,1407,Single Lever Sink Mixer - Antique Copper,VGP-ACR-81173B,Antique Copper,https://www.jaquar.com/images/thumbs/0059773_single-lever-sink-mixer-antique-copper_960.jpeg,8350.00,"Single Lever Sink Mixer with Swinging Spout (Table Mounted) with 450mm Long Braided Hoses 
",https://www.jaquar.com/en/vignette-table-sink-mixer?Id=3846,"Vignette Prime, VGP-ACR-81173B, Antique Copper"
Faucets,Vignette Prime,3846,Single Lever Sink Mixer,Variant,1407,Single Lever Sink Mixer - Black Chrome,VGP-BCH-81173B,Black Chrome,https://www.jaquar.com/images/thumbs/0053854_single-lever-sink-mixer-black-chrome_960.jpeg,7300.00,"Single Lever Sink Mixer with Swinging Spout (Table Mounted) with 450mm Long Braided Hoses 
",https://www.jaquar.com/en/vignette-table-sink-mixer?Id=3846,"Vignette Prime, VGP-BCH-81173B, Black Chrome"
Faucets,Vignette Prime,3846,Single Lever Sink Mixer,Variant,1407,Single Lever Sink Mixer - Black Matt,VGP-BLM-81173B,Black Matt,https://www.jaquar.com/images/thumbs/0015050_single-lever-sink-mixer-black-matt_960.jpeg,7300.00,"Single Lever Sink Mixer with Swinging Spout (Table Mounted) with 450mm Long Braided Hoses 
",https://www.jaquar.com/en/vignette-table-sink-mixer?Id=3846,"Vignette Prime, VGP-BLM-81173B, Black Matt"
Faucets,Vignette Prime,3846,Single Lever Sink Mixer,Variant,1407,Single Lever Sink Mixer - Graphite,VGP-GRF-81173B,Graphite,https://www.jaquar.com/images/thumbs/0059774_single-lever-sink-mixer-graphite_960.jpeg,8350.00,"Single Lever Sink Mixer with Swinging Spout (Table Mounted) with 450mm Long Braided Hoses 
",https://www.jaquar.com/en/vignette-table-sink-mixer?Id=3846,"Vignette Prime, VGP-GRF-81173B, Graphite"
Faucets,Vignette Prime,3846,Single Lever Sink Mixer,Variant,1407,Single Lever Sink Mixer - Stainless Steel,VGP-SSF-81173B,Stainless Steel,https://www.jaquar.com/images/thumbs/0059775_single-lever-sink-mixer-stainless-steel_960.jpeg,8350.00,"Single Lever Sink Mixer with Swinging Spout (Table Mounted) with 450mm Long Braided Hoses 
",https://www.jaquar.com/en/vignette-table-sink-mixer?Id=3846,"Vignette Prime, VGP-SSF-81173B, Stainless Steel"
Faucets,Vignette Prime,3847,Single Lever Sink Mixer,Parent,1407,Single Lever Sink Mixer - Chrome,VGP-CHR-81173B,Chrome,https://www.jaquar.com/images/thumbs/0060272_single-lever-sink-mixer-chrome_960.jpeg,5000.00,"Single Lever Sink Mixer with Swinging Spout (Table Mounted) with 450mm Long Braided Hoses 
",https://www.jaquar.com/en/vignette-table-sink-mixer?Id=3847,"Vignette Prime, VGP-CHR-81173B, Chrome"
Faucets,Vignette Prime,3847,Single Lever Sink Mixer,Variant,1407,Single Lever Sink Mixer - Antique Bronze,VGP-ABR-81173B,Antique Bronze,https://www.jaquar.com/images/thumbs/0052072_single-lever-sink-mixer-antique-bronze_960.jpeg,8350.00,"Single Lever Sink Mixer with Swinging Spout (Table Mounted) with 450mm Long Braided Hoses 
",https://www.jaquar.com/en/vignette-table-sink-mixer?Id=3847,"Vignette Prime, VGP-ABR-81173B, Antique Bronze"
Faucets,Vignette Prime,3847,Single Lever Sink Mixer,Variant,1407,Single Lever Sink Mixer - Antique Copper,VGP-ACR-81173B,Antique Copper,https://www.jaquar.com/images/thumbs/0059773_single-lever-sink-mixer-antique-copper_960.jpeg,8350.00,"Single Lever Sink Mixer with Swinging Spout (Table Mounted) with 450mm Long Braided Hoses 
",https://www.jaquar.com/en/vignette-table-sink-mixer?Id=3847,"Vignette Prime, VGP-ACR-81173B, Antique Copper"
Faucets,Vignette Prime,3847,Single Lever Sink Mixer,Variant,1407,Single Lever Sink Mixer - Black Chrome,VGP-BCH-81173B,Black Chrome,https://www.jaquar.com/images/thumbs/0053854_single-lever-sink-mixer-black-chrome_960.jpeg,7300.00,"Single Lever Sink Mixer with Swinging Spout (Table Mounted) with 450mm Long Braided Hoses 
",https://www.jaquar.com/en/vignette-table-sink-mixer?Id=3847,"Vignette Prime, VGP-BCH-81173B, Black Chrome"
Faucets,Vignette Prime,3847,Single Lever Sink Mixer,Variant,1407,Single Lever Sink Mixer - Black Matt,VGP-BLM-81173B,Black Matt,https://www.jaquar.com/images/thumbs/0015050_single-lever-sink-mixer-black-matt_960.jpeg,7300.00,"Single Lever Sink Mixer with Swinging Spout (Table Mounted) with 450mm Long Braided Hoses 
",https://www.jaquar.com/en/vignette-table-sink-mixer?Id=3847,"Vignette Prime, VGP-BLM-81173B, Black Matt"
Faucets,Vignette Prime,3847,Single Lever Sink Mixer,Variant,1407,Single Lever Sink Mixer - Graphite,VGP-GRF-81173B,Graphite,https://www.jaquar.com/images/thumbs/0059774_single-lever-sink-mixer-graphite_960.jpeg,8350.00,"Single Lever Sink Mixer with Swinging Spout (Table Mounted) with 450mm Long Braided Hoses 
",https://www.jaquar.com/en/vignette-table-sink-mixer?Id=3847,"Vignette Prime, VGP-GRF-81173B, Graphite"
Faucets,Vignette Prime,3847,Single Lever Sink Mixer,Variant,1407,Single Lever Sink Mixer - Stainless Steel,VGP-SSF-81173B,Stainless Steel,https://www.jaquar.com/images/thumbs/0059775_single-lever-sink-mixer-stainless-steel_960.jpeg,8350.00,"Single Lever Sink Mixer with Swinging Spout (Table Mounted) with 450mm Long Braided Hoses 
",https://www.jaquar.com/en/vignette-table-sink-mixer?Id=3847,"Vignette Prime, VGP-SSF-81173B, Stainless Steel"
Faucets,Vignette Prime,3848,Single Lever Sink Mixer,Parent,1407,Single Lever Sink Mixer - Chrome,VGP-CHR-81173B,Chrome,https://www.jaquar.com/images/thumbs/0060272_single-lever-sink-mixer-chrome_960.jpeg,5000.00,"Single Lever Sink Mixer with Swinging Spout (Table Mounted) with 450mm Long Braided Hoses 
",https://www.jaquar.com/en/vignette-table-sink-mixer?Id=3848,"Vignette Prime, VGP-CHR-81173B, Chrome"
Faucets,Vignette Prime,3848,Single Lever Sink Mixer,Variant,1407,Single Lever Sink Mixer - Antique Bronze,VGP-ABR-81173B,Antique Bronze,https://www.jaquar.com/images/thumbs/0052072_single-lever-sink-mixer-antique-bronze_960.jpeg,8350.00,"Single Lever Sink Mixer with Swinging Spout (Table Mounted) with 450mm Long Braided Hoses 
",https://www.jaquar.com/en/vignette-table-sink-mixer?Id=3848,"Vignette Prime, VGP-ABR-81173B, Antique Bronze"
Faucets,Vignette Prime,3848,Single Lever Sink Mixer,Variant,1407,Single Lever Sink Mixer - Antique Copper,VGP-ACR-81173B,Antique Copper,https://www.jaquar.com/images/thumbs/0059773_single-lever-sink-mixer-antique-copper_960.jpeg,8350.00,"Single Lever Sink Mixer with Swinging Spout (Table Mounted) with 450mm Long Braided Hoses 
",https://www.jaquar.com/en/vignette-table-sink-mixer?Id=3848,"Vignette Prime, VGP-ACR-81173B, Antique Copper"
Faucets,Vignette Prime,3848,Single Lever Sink Mixer,Variant,1407,Single Lever Sink Mixer - Black Chrome,VGP-BCH-81173B,Black Chrome,https://www.jaquar.com/images/thumbs/0053854_single-lever-sink-mixer-black-chrome_960.jpeg,7300.00,"Single Lever Sink Mixer with Swinging Spout (Table Mounted) with 450mm Long Braided Hoses 
",https://www.jaquar.com/en/vignette-table-sink-mixer?Id=3848,"Vignette Prime, VGP-BCH-81173B, Black Chrome"
Faucets,Vignette Prime,3848,Single Lever Sink Mixer,Variant,1407,Single Lever Sink Mixer - Black Matt,VGP-BLM-81173B,Black Matt,https://www.jaquar.com/images/thumbs/0015050_single-lever-sink-mixer-black-matt_960.jpeg,7300.00,"Single Lever Sink Mixer with Swinging Spout (Table Mounted) with 450mm Long Braided Hoses 
",https://www.jaquar.com/en/vignette-table-sink-mixer?Id=3848,"Vignette Prime, VGP-BLM-81173B, Black Matt"
Faucets,Vignette Prime,3848,Single Lever Sink Mixer,Variant,1407,Single Lever Sink Mixer - Graphite,VGP-GRF-81173B,Graphite,https://www.jaquar.com/images/thumbs/0059774_single-lever-sink-mixer-graphite_960.jpeg,8350.00,"Single Lever Sink Mixer with Swinging Spout (Table Mounted) with 450mm Long Braided Hoses 
",https://www.jaquar.com/en/vignette-table-sink-mixer?Id=3848,"Vignette Prime, VGP-GRF-81173B, Graphite"
Faucets,Vignette Prime,3848,Single Lever Sink Mixer,Variant,1407,Single Lever Sink Mixer - Stainless Steel,VGP-SSF-81173B,Stainless Steel,https://www.jaquar.com/images/thumbs/0059775_single-lever-sink-mixer-stainless-steel_960.jpeg,8350.00,"Single Lever Sink Mixer with Swinging Spout (Table Mounted) with 450mm Long Braided Hoses 
",https://www.jaquar.com/en/vignette-table-sink-mixer?Id=3848,"Vignette Prime, VGP-SSF-81173B, Stainless Steel"
Faucets,Vignette Prime,3844,Single Lever Sink Mixer,Parent,1407,Single Lever Sink Mixer - Chrome,VGP-CHR-81173B,Chrome,https://www.jaquar.com/images/thumbs/0060272_single-lever-sink-mixer-chrome_960.jpeg,5000.00,"Single Lever Sink Mixer with Swinging Spout (Table Mounted) with 450mm Long Braided Hoses 
",https://www.jaquar.com/en/vignette-table-sink-mixer?Id=3844,"Vignette Prime, VGP-CHR-81173B, Chrome"
Faucets,Vignette Prime,3844,Single Lever Sink Mixer,Variant,1407,Single Lever Sink Mixer - Antique Bronze,VGP-ABR-81173B,Antique Bronze,https://www.jaquar.com/images/thumbs/0052072_single-lever-sink-mixer-antique-bronze_960.jpeg,8350.00,"Single Lever Sink Mixer with Swinging Spout (Table Mounted) with 450mm Long Braided Hoses 
",https://www.jaquar.com/en/vignette-table-sink-mixer?Id=3844,"Vignette Prime, VGP-ABR-81173B, Antique Bronze"
Faucets,Vignette Prime,3844,Single Lever Sink Mixer,Variant,1407,Single Lever Sink Mixer - Antique Copper,VGP-ACR-81173B,Antique Copper,https://www.jaquar.com/images/thumbs/0059773_single-lever-sink-mixer-antique-copper_960.jpeg,8350.00,"Single Lever Sink Mixer with Swinging Spout (Table Mounted) with 450mm Long Braided Hoses 
",https://www.jaquar.com/en/vignette-table-sink-mixer?Id=3844,"Vignette Prime, VGP-ACR-81173B, Antique Copper"
Faucets,Vignette Prime,3844,Single Lever Sink Mixer,Variant,1407,Single Lever Sink Mixer - Black Chrome,VGP-BCH-81173B,Black Chrome,https://www.jaquar.com/images/thumbs/0053854_single-lever-sink-mixer-black-chrome_960.jpeg,7300.00,"Single Lever Sink Mixer with Swinging Spout (Table Mounted) with 450mm Long Braided Hoses 
",https://www.jaquar.com/en/vignette-table-sink-mixer?Id=3844,"Vignette Prime, VGP-BCH-81173B, Black Chrome"
Faucets,Vignette Prime,3844,Single Lever Sink Mixer,Variant,1407,Single Lever Sink Mixer - Black Matt,VGP-BLM-81173B,Black Matt,https://www.jaquar.com/images/thumbs/0015050_single-lever-sink-mixer-black-matt_960.jpeg,7300.00,"Single Lever Sink Mixer with Swinging Spout (Table Mounted) with 450mm Long Braided Hoses 
",https://www.jaquar.com/en/vignette-table-sink-mixer?Id=3844,"Vignette Prime, VGP-BLM-81173B, Black Matt"
Faucets,Vignette Prime,3844,Single Lever Sink Mixer,Variant,1407,Single Lever Sink Mixer - Graphite,VGP-GRF-81173B,Graphite,https://www.jaquar.com/images/thumbs/0059774_single-lever-sink-mixer-graphite_960.jpeg,8350.00,"Single Lever Sink Mixer with Swinging Spout (Table Mounted) with 450mm Long Braided Hoses 
",https://www.jaquar.com/en/vignette-table-sink-mixer?Id=3844,"Vignette Prime, VGP-GRF-81173B, Graphite"
Faucets,Vignette Prime,3844,Single Lever Sink Mixer,Variant,1407,Single Lever Sink Mixer - Stainless Steel,VGP-SSF-81173B,Stainless Steel,https://www.jaquar.com/images/thumbs/0059775_single-lever-sink-mixer-stainless-steel_960.jpeg,8350.00,"Single Lever Sink Mixer with Swinging Spout (Table Mounted) with 450mm Long Braided Hoses 
",https://www.jaquar.com/en/vignette-table-sink-mixer?Id=3844,"Vignette Prime, VGP-SSF-81173B, Stainless Steel"
Faucets,Vignette Prime,3851,Single Lever Sink Mixer,Parent,1407,Single Lever Sink Mixer - Chrome,VGP-CHR-81173B,Chrome,https://www.jaquar.com/images/thumbs/0060272_single-lever-sink-mixer-chrome_960.jpeg,5000.00,"Single Lever Sink Mixer with Swinging Spout (Table Mounted) with 450mm Long Braided Hoses 
",https://www.jaquar.com/en/vignette-table-sink-mixer?Id=3851,"Vignette Prime, VGP-CHR-81173B, Chrome"
Faucets,Vignette Prime,3851,Single Lever Sink Mixer,Variant,1407,Single Lever Sink Mixer - Antique Bronze,VGP-ABR-81173B,Antique Bronze,https://www.jaquar.com/images/thumbs/0052072_single-lever-sink-mixer-antique-bronze_960.jpeg,8350.00,"Single Lever Sink Mixer with Swinging Spout (Table Mounted) with 450mm Long Braided Hoses 
",https://www.jaquar.com/en/vignette-table-sink-mixer?Id=3851,"Vignette Prime, VGP-ABR-81173B, Antique Bronze"
Faucets,Vignette Prime,3851,Single Lever Sink Mixer,Variant,1407,Single Lever Sink Mixer - Antique Copper,VGP-ACR-81173B,Antique Copper,https://www.jaquar.com/images/thumbs/0059773_single-lever-sink-mixer-antique-copper_960.jpeg,8350.00,"Single Lever Sink Mixer with Swinging Spout (Table Mounted) with 450mm Long Braided Hoses 
",https://www.jaquar.com/en/vignette-table-sink-mixer?Id=3851,"Vignette Prime, VGP-ACR-81173B, Antique Copper"
Faucets,Vignette Prime,3851,Single Lever Sink Mixer,Variant,1407,Single Lever Sink Mixer - Black Chrome,VGP-BCH-81173B,Black Chrome,https://www.jaquar.com/images/thumbs/0053854_single-lever-sink-mixer-black-chrome_960.jpeg,7300.00,"Single Lever Sink Mixer with Swinging Spout (Table Mounted) with 450mm Long Braided Hoses 
",https://www.jaquar.com/en/vignette-table-sink-mixer?Id=3851,"Vignette Prime, VGP-BCH-81173B, Black Chrome"
Faucets,Vignette Prime,3851,Single Lever Sink Mixer,Variant,1407,Single Lever Sink Mixer - Black Matt,VGP-BLM-81173B,Black Matt,https://www.jaquar.com/images/thumbs/0015050_single-lever-sink-mixer-black-matt_960.jpeg,7300.00,"Single Lever Sink Mixer with Swinging Spout (Table Mounted) with 450mm Long Braided Hoses 
",https://www.jaquar.com/en/vignette-table-sink-mixer?Id=3851,"Vignette Prime, VGP-BLM-81173B, Black Matt"
Faucets,Vignette Prime,3851,Single Lever Sink Mixer,Variant,1407,Single Lever Sink Mixer - Graphite,VGP-GRF-81173B,Graphite,https://www.jaquar.com/images/thumbs/0059774_single-lever-sink-mixer-graphite_960.jpeg,8350.00,"Single Lever Sink Mixer with Swinging Spout (Table Mounted) with 450mm Long Braided Hoses 
",https://www.jaquar.com/en/vignette-table-sink-mixer?Id=3851,"Vignette Prime, VGP-GRF-81173B, Graphite"
Faucets,Vignette Prime,3851,Single Lever Sink Mixer,Variant,1407,Single Lever Sink Mixer - Stainless Steel,VGP-SSF-81173B,Stainless Steel,https://www.jaquar.com/images/thumbs/0059775_single-lever-sink-mixer-stainless-steel_960.jpeg,8350.00,"Single Lever Sink Mixer with Swinging Spout (Table Mounted) with 450mm Long Braided Hoses 
",https://www.jaquar.com/en/vignette-table-sink-mixer?Id=3851,"Vignette Prime, VGP-SSF-81173B, Stainless Steel"
Faucets,Vignette Prime,3852,Single Lever Sink Mixer,Parent,1407,Single Lever Sink Mixer - Chrome,VGP-CHR-81173B,Chrome,https://www.jaquar.com/images/thumbs/0060272_single-lever-sink-mixer-chrome_960.jpeg,5000.00,"Single Lever Sink Mixer with Swinging Spout (Table Mounted) with 450mm Long Braided Hoses 
",https://www.jaquar.com/en/vignette-table-sink-mixer?Id=3852,"Vignette Prime, VGP-CHR-81173B, Chrome"
Faucets,Vignette Prime,3852,Single Lever Sink Mixer,Variant,1407,Single Lever Sink Mixer - Antique Bronze,VGP-ABR-81173B,Antique Bronze,https://www.jaquar.com/images/thumbs/0052072_single-lever-sink-mixer-antique-bronze_960.jpeg,8350.00,"Single Lever Sink Mixer with Swinging Spout (Table Mounted) with 450mm Long Braided Hoses 
",https://www.jaquar.com/en/vignette-table-sink-mixer?Id=3852,"Vignette Prime, VGP-ABR-81173B, Antique Bronze"
Faucets,Vignette Prime,3852,Single Lever Sink Mixer,Variant,1407,Single Lever Sink Mixer - Antique Copper,VGP-ACR-81173B,Antique Copper,https://www.jaquar.com/images/thumbs/0059773_single-lever-sink-mixer-antique-copper_960.jpeg,8350.00,"Single Lever Sink Mixer with Swinging Spout (Table Mounted) with 450mm Long Braided Hoses 
",https://www.jaquar.com/en/vignette-table-sink-mixer?Id=3852,"Vignette Prime, VGP-ACR-81173B, Antique Copper"
Faucets,Vignette Prime,3852,Single Lever Sink Mixer,Variant,1407,Single Lever Sink Mixer - Black Chrome,VGP-BCH-81173B,Black Chrome,https://www.jaquar.com/images/thumbs/0053854_single-lever-sink-mixer-black-chrome_960.jpeg,7300.00,"Single Lever Sink Mixer with Swinging Spout (Table Mounted) with 450mm Long Braided Hoses 
",https://www.jaquar.com/en/vignette-table-sink-mixer?Id=3852,"Vignette Prime, VGP-BCH-81173B, Black Chrome"
Faucets,Vignette Prime,3852,Single Lever Sink Mixer,Variant,1407,Single Lever Sink Mixer - Black Matt,VGP-BLM-81173B,Black Matt,https://www.jaquar.com/images/thumbs/0015050_single-lever-sink-mixer-black-matt_960.jpeg,7300.00,"Single Lever Sink Mixer with Swinging Spout (Table Mounted) with 450mm Long Braided Hoses 
",https://www.jaquar.com/en/vignette-table-sink-mixer?Id=3852,"Vignette Prime, VGP-BLM-81173B, Black Matt"
Faucets,Vignette Prime,3852,Single Lever Sink Mixer,Variant,1407,Single Lever Sink Mixer - Graphite,VGP-GRF-81173B,Graphite,https://www.jaquar.com/images/thumbs/0059774_single-lever-sink-mixer-graphite_960.jpeg,8350.00,"Single Lever Sink Mixer with Swinging Spout (Table Mounted) with 450mm Long Braided Hoses 
",https://www.jaquar.com/en/vignette-table-sink-mixer?Id=3852,"Vignette Prime, VGP-GRF-81173B, Graphite"
Faucets,Vignette Prime,3852,Single Lever Sink Mixer,Variant,1407,Single Lever Sink Mixer - Stainless Steel,VGP-SSF-81173B,Stainless Steel,https://www.jaquar.com/images/thumbs/0059775_single-lever-sink-mixer-stainless-steel_960.jpeg,8350.00,"Single Lever Sink Mixer with Swinging Spout (Table Mounted) with 450mm Long Braided Hoses 
",https://www.jaquar.com/en/vignette-table-sink-mixer?Id=3852,"Vignette Prime, VGP-SSF-81173B, Stainless Steel"
Faucets,Vignette Prime,3865,Pillar Cock,Parent,943,Pillar Cock - Chrome,VGP-CHR-81001,Chrome,https://www.jaquar.com/images/thumbs/0060147_pillar-cock-chrome_960.jpeg,2925.00,Pillar Cock ,https://www.jaquar.com/en/chrome-pillar-cock-vignette?Id=3865,"Vignette Prime, VGP-CHR-81001, Chrome"
Faucets,Vignette Prime,3865,Pillar Cock,Variant,943,Pillar Cock - Antique Bronze,VGP-ABR-81001,Antique Bronze,https://www.jaquar.com/images/thumbs/0055916_pillar-cock-antique-bronze_960.jpeg,4900.00,Pillar Cock ,https://www.jaquar.com/en/chrome-pillar-cock-vignette?Id=3865,"Vignette Prime, VGP-ABR-81001, Antique Bronze"
Faucets,Vignette Prime,3865,Pillar Cock,Variant,943,Pillar Cock - Antique Copper,VGP-ACR-81001,Antique Copper,https://www.jaquar.com/images/thumbs/0057023_pillar-cock-antique-copper_960.jpeg,4900.00,Pillar Cock ,https://www.jaquar.com/en/chrome-pillar-cock-vignette?Id=3865,"Vignette Prime, VGP-ACR-81001, Antique Copper"
Faucets,Vignette Prime,3865,Pillar Cock,Variant,943,Pillar Cock - Black Chrome,VGP-BCH-81001,Black Chrome,https://www.jaquar.com/images/thumbs/0055918_pillar-cock-black-chrome_960.jpeg,4300.00,Pillar Cock ,https://www.jaquar.com/en/chrome-pillar-cock-vignette?Id=3865,"Vignette Prime, VGP-BCH-81001, Black Chrome"
Faucets,Vignette Prime,3865,Pillar Cock,Variant,943,Pillar Cock - Black Matt,VGP-BLM-81001,Black Matt,https://www.jaquar.com/images/thumbs/0055049_pillar-cock-black-matt_960.jpeg,4300.00,Pillar Cock ,https://www.jaquar.com/en/chrome-pillar-cock-vignette?Id=3865,"Vignette Prime, VGP-BLM-81001, Black Matt"
Faucets,Vignette Prime,3865,Pillar Cock,Variant,943,Pillar Cock - Graphite,VGP-GRF-81001,Graphite,https://www.jaquar.com/images/thumbs/0054689_pillar-cock-graphite_960.jpeg,4900.00,Pillar Cock ,https://www.jaquar.com/en/chrome-pillar-cock-vignette?Id=3865,"Vignette Prime, VGP-GRF-81001, Graphite"
Faucets,Vignette Prime,3865,Pillar Cock,Variant,943,Pillar Cock - Stainless Steel,VGP-SSF-81001,Stainless Steel,https://www.jaquar.com/images/thumbs/0059429_pillar-cock-stainless-steel_960.jpeg,4900.00,Pillar Cock ,https://www.jaquar.com/en/chrome-pillar-cock-vignette?Id=3865,"Vignette Prime, VGP-SSF-81001, Stainless Steel"
Faucets,Vignette Prime,3866,Pillar Cock,Parent,943,Pillar Cock - Chrome,VGP-CHR-81001,Chrome,https://www.jaquar.com/images/thumbs/0060147_pillar-cock-chrome_960.jpeg,2925.00,Pillar Cock ,https://www.jaquar.com/en/chrome-pillar-cock-vignette?Id=3866,"Vignette Prime, VGP-CHR-81001, Chrome"
Faucets,Vignette Prime,3866,Pillar Cock,Variant,943,Pillar Cock - Antique Bronze,VGP-ABR-81001,Antique Bronze,https://www.jaquar.com/images/thumbs/0055916_pillar-cock-antique-bronze_960.jpeg,4900.00,Pillar Cock ,https://www.jaquar.com/en/chrome-pillar-cock-vignette?Id=3866,"Vignette Prime, VGP-ABR-81001, Antique Bronze"
Faucets,Vignette Prime,3866,Pillar Cock,Variant,943,Pillar Cock - Antique Copper,VGP-ACR-81001,Antique Copper,https://www.jaquar.com/images/thumbs/0057023_pillar-cock-antique-copper_960.jpeg,4900.00,Pillar Cock ,https://www.jaquar.com/en/chrome-pillar-cock-vignette?Id=3866,"Vignette Prime, VGP-ACR-81001, Antique Copper"
Faucets,Vignette Prime,3866,Pillar Cock,Variant,943,Pillar Cock - Black Chrome,VGP-BCH-81001,Black Chrome,https://www.jaquar.com/images/thumbs/0055918_pillar-cock-black-chrome_960.jpeg,4300.00,Pillar Cock ,https://www.jaquar.com/en/chrome-pillar-cock-vignette?Id=3866,"Vignette Prime, VGP-BCH-81001, Black Chrome"
Faucets,Vignette Prime,3866,Pillar Cock,Variant,943,Pillar Cock - Black Matt,VGP-BLM-81001,Black Matt,https://www.jaquar.com/images/thumbs/0055049_pillar-cock-black-matt_960.jpeg,4300.00,Pillar Cock ,https://www.jaquar.com/en/chrome-pillar-cock-vignette?Id=3866,"Vignette Prime, VGP-BLM-81001, Black Matt"
Faucets,Vignette Prime,3866,Pillar Cock,Variant,943,Pillar Cock - Graphite,VGP-GRF-81001,Graphite,https://www.jaquar.com/images/thumbs/0054689_pillar-cock-graphite_960.jpeg,4900.00,Pillar Cock ,https://www.jaquar.com/en/chrome-pillar-cock-vignette?Id=3866,"Vignette Prime, VGP-GRF-81001, Graphite"
Faucets,Vignette Prime,3866,Pillar Cock,Variant,943,Pillar Cock - Stainless Steel,VGP-SSF-81001,Stainless Steel,https://www.jaquar.com/images/thumbs/0059429_pillar-cock-stainless-steel_960.jpeg,4900.00,Pillar Cock ,https://www.jaquar.com/en/chrome-pillar-cock-vignette?Id=3866,"Vignette Prime, VGP-SSF-81001, Stainless Steel"
Faucets,Vignette Prime,3867,Pillar Cock,Parent,943,Pillar Cock - Chrome,VGP-CHR-81001,Chrome,https://www.jaquar.com/images/thumbs/0060147_pillar-cock-chrome_960.jpeg,2925.00,Pillar Cock ,https://www.jaquar.com/en/chrome-pillar-cock-vignette?Id=3867,"Vignette Prime, VGP-CHR-81001, Chrome"
Faucets,Vignette Prime,3867,Pillar Cock,Variant,943,Pillar Cock - Antique Bronze,VGP-ABR-81001,Antique Bronze,https://www.jaquar.com/images/thumbs/0055916_pillar-cock-antique-bronze_960.jpeg,4900.00,Pillar Cock ,https://www.jaquar.com/en/chrome-pillar-cock-vignette?Id=3867,"Vignette Prime, VGP-ABR-81001, Antique Bronze"
Faucets,Vignette Prime,3867,Pillar Cock,Variant,943,Pillar Cock - Antique Copper,VGP-ACR-81001,Antique Copper,https://www.jaquar.com/images/thumbs/0057023_pillar-cock-antique-copper_960.jpeg,4900.00,Pillar Cock ,https://www.jaquar.com/en/chrome-pillar-cock-vignette?Id=3867,"Vignette Prime, VGP-ACR-81001, Antique Copper"
Faucets,Vignette Prime,3867,Pillar Cock,Variant,943,Pillar Cock - Black Chrome,VGP-BCH-81001,Black Chrome,https://www.jaquar.com/images/thumbs/0055918_pillar-cock-black-chrome_960.jpeg,4300.00,Pillar Cock ,https://www.jaquar.com/en/chrome-pillar-cock-vignette?Id=3867,"Vignette Prime, VGP-BCH-81001, Black Chrome"
Faucets,Vignette Prime,3867,Pillar Cock,Variant,943,Pillar Cock - Black Matt,VGP-BLM-81001,Black Matt,https://www.jaquar.com/images/thumbs/0055049_pillar-cock-black-matt_960.jpeg,4300.00,Pillar Cock ,https://www.jaquar.com/en/chrome-pillar-cock-vignette?Id=3867,"Vignette Prime, VGP-BLM-81001, Black Matt"
Faucets,Vignette Prime,3867,Pillar Cock,Variant,943,Pillar Cock - Graphite,VGP-GRF-81001,Graphite,https://www.jaquar.com/images/thumbs/0054689_pillar-cock-graphite_960.jpeg,4900.00,Pillar Cock ,https://www.jaquar.com/en/chrome-pillar-cock-vignette?Id=3867,"Vignette Prime, VGP-GRF-81001, Graphite"
Faucets,Vignette Prime,3867,Pillar Cock,Variant,943,Pillar Cock - Stainless Steel,VGP-SSF-81001,Stainless Steel,https://www.jaquar.com/images/thumbs/0059429_pillar-cock-stainless-steel_960.jpeg,4900.00,Pillar Cock ,https://www.jaquar.com/en/chrome-pillar-cock-vignette?Id=3867,"Vignette Prime, VGP-SSF-81001, Stainless Steel"
Faucets,Vignette Prime,3868,Pillar Cock,Parent,943,Pillar Cock - Chrome,VGP-CHR-81001,Chrome,https://www.jaquar.com/images/thumbs/0060147_pillar-cock-chrome_960.jpeg,2925.00,Pillar Cock ,https://www.jaquar.com/en/chrome-pillar-cock-vignette?Id=3868,"Vignette Prime, VGP-CHR-81001, Chrome"
Faucets,Vignette Prime,3868,Pillar Cock,Variant,943,Pillar Cock - Antique Bronze,VGP-ABR-81001,Antique Bronze,https://www.jaquar.com/images/thumbs/0055916_pillar-cock-antique-bronze_960.jpeg,4900.00,Pillar Cock ,https://www.jaquar.com/en/chrome-pillar-cock-vignette?Id=3868,"Vignette Prime, VGP-ABR-81001, Antique Bronze"
Faucets,Vignette Prime,3868,Pillar Cock,Variant,943,Pillar Cock - Antique Copper,VGP-ACR-81001,Antique Copper,https://www.jaquar.com/images/thumbs/0057023_pillar-cock-antique-copper_960.jpeg,4900.00,Pillar Cock ,https://www.jaquar.com/en/chrome-pillar-cock-vignette?Id=3868,"Vignette Prime, VGP-ACR-81001, Antique Copper"
Faucets,Vignette Prime,3868,Pillar Cock,Variant,943,Pillar Cock - Black Chrome,VGP-BCH-81001,Black Chrome,https://www.jaquar.com/images/thumbs/0055918_pillar-cock-black-chrome_960.jpeg,4300.00,Pillar Cock ,https://www.jaquar.com/en/chrome-pillar-cock-vignette?Id=3868,"Vignette Prime, VGP-BCH-81001, Black Chrome"
Faucets,Vignette Prime,3868,Pillar Cock,Variant,943,Pillar Cock - Black Matt,VGP-BLM-81001,Black Matt,https://www.jaquar.com/images/thumbs/0055049_pillar-cock-black-matt_960.jpeg,4300.00,Pillar Cock ,https://www.jaquar.com/en/chrome-pillar-cock-vignette?Id=3868,"Vignette Prime, VGP-BLM-81001, Black Matt"
Faucets,Vignette Prime,3868,Pillar Cock,Variant,943,Pillar Cock - Graphite,VGP-GRF-81001,Graphite,https://www.jaquar.com/images/thumbs/0054689_pillar-cock-graphite_960.jpeg,4900.00,Pillar Cock ,https://www.jaquar.com/en/chrome-pillar-cock-vignette?Id=3868,"Vignette Prime, VGP-GRF-81001, Graphite"
Faucets,Vignette Prime,3868,Pillar Cock,Variant,943,Pillar Cock - Stainless Steel,VGP-SSF-81001,Stainless Steel,https://www.jaquar.com/images/thumbs/0059429_pillar-cock-stainless-steel_960.jpeg,4900.00,Pillar Cock ,https://www.jaquar.com/en/chrome-pillar-cock-vignette?Id=3868,"Vignette Prime, VGP-SSF-81001, Stainless Steel"
Faucets,Vignette Prime,3864,Pillar Cock,Parent,943,Pillar Cock - Chrome,VGP-CHR-81001,Chrome,https://www.jaquar.com/images/thumbs/0060147_pillar-cock-chrome_960.jpeg,2925.00,Pillar Cock ,https://www.jaquar.com/en/chrome-pillar-cock-vignette?Id=3864,"Vignette Prime, VGP-CHR-81001, Chrome"
Faucets,Vignette Prime,3864,Pillar Cock,Variant,943,Pillar Cock - Antique Bronze,VGP-ABR-81001,Antique Bronze,https://www.jaquar.com/images/thumbs/0055916_pillar-cock-antique-bronze_960.jpeg,4900.00,Pillar Cock ,https://www.jaquar.com/en/chrome-pillar-cock-vignette?Id=3864,"Vignette Prime, VGP-ABR-81001, Antique Bronze"
Faucets,Vignette Prime,3864,Pillar Cock,Variant,943,Pillar Cock - Antique Copper,VGP-ACR-81001,Antique Copper,https://www.jaquar.com/images/thumbs/0057023_pillar-cock-antique-copper_960.jpeg,4900.00,Pillar Cock ,https://www.jaquar.com/en/chrome-pillar-cock-vignette?Id=3864,"Vignette Prime, VGP-ACR-81001, Antique Copper"
Faucets,Vignette Prime,3864,Pillar Cock,Variant,943,Pillar Cock - Black Chrome,VGP-BCH-81001,Black Chrome,https://www.jaquar.com/images/thumbs/0055918_pillar-cock-black-chrome_960.jpeg,4300.00,Pillar Cock ,https://www.jaquar.com/en/chrome-pillar-cock-vignette?Id=3864,"Vignette Prime, VGP-BCH-81001, Black Chrome"
Faucets,Vignette Prime,3864,Pillar Cock,Variant,943,Pillar Cock - Black Matt,VGP-BLM-81001,Black Matt,https://www.jaquar.com/images/thumbs/0055049_pillar-cock-black-matt_960.jpeg,4300.00,Pillar Cock ,https://www.jaquar.com/en/chrome-pillar-cock-vignette?Id=3864,"Vignette Prime, VGP-BLM-81001, Black Matt"
Faucets,Vignette Prime,3864,Pillar Cock,Variant,943,Pillar Cock - Graphite,VGP-GRF-81001,Graphite,https://www.jaquar.com/images/thumbs/0054689_pillar-cock-graphite_960.jpeg,4900.00,Pillar Cock ,https://www.jaquar.com/en/chrome-pillar-cock-vignette?Id=3864,"Vignette Prime, VGP-GRF-81001, Graphite"
Faucets,Vignette Prime,3864,Pillar Cock,Variant,943,Pillar Cock - Stainless Steel,VGP-SSF-81001,Stainless Steel,https://www.jaquar.com/images/thumbs/0059429_pillar-cock-stainless-steel_960.jpeg,4900.00,Pillar Cock ,https://www.jaquar.com/en/chrome-pillar-cock-vignette?Id=3864,"Vignette Prime, VGP-SSF-81001, Stainless Steel"
Faucets,Vignette Prime,3871,Pillar Cock,Parent,943,Pillar Cock - Chrome,VGP-CHR-81001,Chrome,https://www.jaquar.com/images/thumbs/0060147_pillar-cock-chrome_960.jpeg,2925.00,Pillar Cock ,https://www.jaquar.com/en/chrome-pillar-cock-vignette?Id=3871,"Vignette Prime, VGP-CHR-81001, Chrome"
Faucets,Vignette Prime,3871,Pillar Cock,Variant,943,Pillar Cock - Antique Bronze,VGP-ABR-81001,Antique Bronze,https://www.jaquar.com/images/thumbs/0055916_pillar-cock-antique-bronze_960.jpeg,4900.00,Pillar Cock ,https://www.jaquar.com/en/chrome-pillar-cock-vignette?Id=3871,"Vignette Prime, VGP-ABR-81001, Antique Bronze"
Faucets,Vignette Prime,3871,Pillar Cock,Variant,943,Pillar Cock - Antique Copper,VGP-ACR-81001,Antique Copper,https://www.jaquar.com/images/thumbs/0057023_pillar-cock-antique-copper_960.jpeg,4900.00,Pillar Cock ,https://www.jaquar.com/en/chrome-pillar-cock-vignette?Id=3871,"Vignette Prime, VGP-ACR-81001, Antique Copper"
Faucets,Vignette Prime,3871,Pillar Cock,Variant,943,Pillar Cock - Black Chrome,VGP-BCH-81001,Black Chrome,https://www.jaquar.com/images/thumbs/0055918_pillar-cock-black-chrome_960.jpeg,4300.00,Pillar Cock ,https://www.jaquar.com/en/chrome-pillar-cock-vignette?Id=3871,"Vignette Prime, VGP-BCH-81001, Black Chrome"
Faucets,Vignette Prime,3871,Pillar Cock,Variant,943,Pillar Cock - Black Matt,VGP-BLM-81001,Black Matt,https://www.jaquar.com/images/thumbs/0055049_pillar-cock-black-matt_960.jpeg,4300.00,Pillar Cock ,https://www.jaquar.com/en/chrome-pillar-cock-vignette?Id=3871,"Vignette Prime, VGP-BLM-81001, Black Matt"
Faucets,Vignette Prime,3871,Pillar Cock,Variant,943,Pillar Cock - Graphite,VGP-GRF-81001,Graphite,https://www.jaquar.com/images/thumbs/0054689_pillar-cock-graphite_960.jpeg,4900.00,Pillar Cock ,https://www.jaquar.com/en/chrome-pillar-cock-vignette?Id=3871,"Vignette Prime, VGP-GRF-81001, Graphite"
Faucets,Vignette Prime,3871,Pillar Cock,Variant,943,Pillar Cock - Stainless Steel,VGP-SSF-81001,Stainless Steel,https://www.jaquar.com/images/thumbs/0059429_pillar-cock-stainless-steel_960.jpeg,4900.00,Pillar Cock ,https://www.jaquar.com/en/chrome-pillar-cock-vignette?Id=3871,"Vignette Prime, VGP-SSF-81001, Stainless Steel"
Faucets,Vignette Prime,3872,Pillar Cock,Parent,943,Pillar Cock - Chrome,VGP-CHR-81001,Chrome,https://www.jaquar.com/images/thumbs/0060147_pillar-cock-chrome_960.jpeg,2925.00,Pillar Cock ,https://www.jaquar.com/en/chrome-pillar-cock-vignette?Id=3872,"Vignette Prime, VGP-CHR-81001, Chrome"
Faucets,Vignette Prime,3872,Pillar Cock,Variant,943,Pillar Cock - Antique Bronze,VGP-ABR-81001,Antique Bronze,https://www.jaquar.com/images/thumbs/0055916_pillar-cock-antique-bronze_960.jpeg,4900.00,Pillar Cock ,https://www.jaquar.com/en/chrome-pillar-cock-vignette?Id=3872,"Vignette Prime, VGP-ABR-81001, Antique Bronze"
Faucets,Vignette Prime,3872,Pillar Cock,Variant,943,Pillar Cock - Antique Copper,VGP-ACR-81001,Antique Copper,https://www.jaquar.com/images/thumbs/0057023_pillar-cock-antique-copper_960.jpeg,4900.00,Pillar Cock ,https://www.jaquar.com/en/chrome-pillar-cock-vignette?Id=3872,"Vignette Prime, VGP-ACR-81001, Antique Copper"
Faucets,Vignette Prime,3872,Pillar Cock,Variant,943,Pillar Cock - Black Chrome,VGP-BCH-81001,Black Chrome,https://www.jaquar.com/images/thumbs/0055918_pillar-cock-black-chrome_960.jpeg,4300.00,Pillar Cock ,https://www.jaquar.com/en/chrome-pillar-cock-vignette?Id=3872,"Vignette Prime, VGP-BCH-81001, Black Chrome"
Faucets,Vignette Prime,3872,Pillar Cock,Variant,943,Pillar Cock - Black Matt,VGP-BLM-81001,Black Matt,https://www.jaquar.com/images/thumbs/0055049_pillar-cock-black-matt_960.jpeg,4300.00,Pillar Cock ,https://www.jaquar.com/en/chrome-pillar-cock-vignette?Id=3872,"Vignette Prime, VGP-BLM-81001, Black Matt"
Faucets,Vignette Prime,3872,Pillar Cock,Variant,943,Pillar Cock - Graphite,VGP-GRF-81001,Graphite,https://www.jaquar.com/images/thumbs/0054689_pillar-cock-graphite_960.jpeg,4900.00,Pillar Cock ,https://www.jaquar.com/en/chrome-pillar-cock-vignette?Id=3872,"Vignette Prime, VGP-GRF-81001, Graphite"
Faucets,Vignette Prime,3872,Pillar Cock,Variant,943,Pillar Cock - Stainless Steel,VGP-SSF-81001,Stainless Steel,https://www.jaquar.com/images/thumbs/0059429_pillar-cock-stainless-steel_960.jpeg,4900.00,Pillar Cock ,https://www.jaquar.com/en/chrome-pillar-cock-vignette?Id=3872,"Vignette Prime, VGP-SSF-81001, Stainless Steel"
Faucets,Vignette Prime,3875,Pillar Cock,Parent,944,Pillar Cock - Chrome,VGP-CHR-81021N,Chrome,https://www.jaquar.com/images/thumbs/0060268_pillar-cock-chrome_960.jpeg,3600.00,"Pillar Cock with Extension Body
",https://www.jaquar.com/en/chrome-190mm-long-body-pillar-cock-vignette?Id=3875,"Vignette Prime, VGP-CHR-81021N, Chrome"
Faucets,Vignette Prime,3875,Pillar Cock,Variant,944,Pillar Cock - Antique Bronze,VGP-ABR-81021N,Antique Bronze,https://www.jaquar.com/images/thumbs/0059767_pillar-cock-antique-bronze_960.jpeg,6100.00,"Pillar Cock with Extension Body
",https://www.jaquar.com/en/chrome-190mm-long-body-pillar-cock-vignette?Id=3875,"Vignette Prime, VGP-ABR-81021N, Antique Bronze"
Faucets,Vignette Prime,3875,Pillar Cock,Variant,944,Pillar Cock - Antique Copper,VGP-ACR-81021N,Antique Copper,https://www.jaquar.com/images/thumbs/0059768_pillar-cock-antique-copper_960.jpeg,6100.00,"Pillar Cock with Extension Body
",https://www.jaquar.com/en/chrome-190mm-long-body-pillar-cock-vignette?Id=3875,"Vignette Prime, VGP-ACR-81021N, Antique Copper"
Faucets,Vignette Prime,3875,Pillar Cock,Variant,944,Pillar Cock - Black Chrome,VGP-BCH-81021N,Black Chrome,https://www.jaquar.com/images/thumbs/0059769_pillar-cock-black-chrome_960.jpeg,5300.00,"Pillar Cock with Extension Body
",https://www.jaquar.com/en/chrome-190mm-long-body-pillar-cock-vignette?Id=3875,"Vignette Prime, VGP-BCH-81021N, Black Chrome"
Faucets,Vignette Prime,3875,Pillar Cock,Variant,944,Pillar Cock - Black Matt,VGP-BLM-81021N,Black Matt,https://www.jaquar.com/images/thumbs/0059770_pillar-cock-black-matt_960.jpeg,5300.00,"Pillar Cock with Extension Body
",https://www.jaquar.com/en/chrome-190mm-long-body-pillar-cock-vignette?Id=3875,"Vignette Prime, VGP-BLM-81021N, Black Matt"
Faucets,Vignette Prime,3875,Pillar Cock,Variant,944,Pillar Cock - Graphite,VGP-GRF-81021N,Graphite,https://www.jaquar.com/images/thumbs/0059771_pillar-cock-graphite_960.jpeg,6100.00,"Pillar Cock with Extension Body
",https://www.jaquar.com/en/chrome-190mm-long-body-pillar-cock-vignette?Id=3875,"Vignette Prime, VGP-GRF-81021N, Graphite"
Faucets,Vignette Prime,3875,Pillar Cock,Variant,944,Pillar Cock - Stainless Steel,VGP-SSF-81021N,Stainless Steel,https://www.jaquar.com/images/thumbs/0059772_pillar-cock-stainless-steel_960.jpeg,6100.00,"Pillar Cock with Extension Body
",https://www.jaquar.com/en/chrome-190mm-long-body-pillar-cock-vignette?Id=3875,"Vignette Prime, VGP-SSF-81021N, Stainless Steel"
Faucets,Vignette Prime,3876,Pillar Cock,Parent,944,Pillar Cock - Chrome,VGP-CHR-81021N,Chrome,https://www.jaquar.com/images/thumbs/0060268_pillar-cock-chrome_960.jpeg,3600.00,"Pillar Cock with Extension Body
",https://www.jaquar.com/en/chrome-190mm-long-body-pillar-cock-vignette?Id=3876,"Vignette Prime, VGP-CHR-81021N, Chrome"
Faucets,Vignette Prime,3876,Pillar Cock,Variant,944,Pillar Cock - Antique Bronze,VGP-ABR-81021N,Antique Bronze,https://www.jaquar.com/images/thumbs/0059767_pillar-cock-antique-bronze_960.jpeg,6100.00,"Pillar Cock with Extension Body
",https://www.jaquar.com/en/chrome-190mm-long-body-pillar-cock-vignette?Id=3876,"Vignette Prime, VGP-ABR-81021N, Antique Bronze"
Faucets,Vignette Prime,3876,Pillar Cock,Variant,944,Pillar Cock - Antique Copper,VGP-ACR-81021N,Antique Copper,https://www.jaquar.com/images/thumbs/0059768_pillar-cock-antique-copper_960.jpeg,6100.00,"Pillar Cock with Extension Body
",https://www.jaquar.com/en/chrome-190mm-long-body-pillar-cock-vignette?Id=3876,"Vignette Prime, VGP-ACR-81021N, Antique Copper"
Faucets,Vignette Prime,3876,Pillar Cock,Variant,944,Pillar Cock - Black Chrome,VGP-BCH-81021N,Black Chrome,https://www.jaquar.com/images/thumbs/0059769_pillar-cock-black-chrome_960.jpeg,5300.00,"Pillar Cock with Extension Body
",https://www.jaquar.com/en/chrome-190mm-long-body-pillar-cock-vignette?Id=3876,"Vignette Prime, VGP-BCH-81021N, Black Chrome"
Faucets,Vignette Prime,3876,Pillar Cock,Variant,944,Pillar Cock - Black Matt,VGP-BLM-81021N,Black Matt,https://www.jaquar.com/images/thumbs/0059770_pillar-cock-black-matt_960.jpeg,5300.00,"Pillar Cock with Extension Body
",https://www.jaquar.com/en/chrome-190mm-long-body-pillar-cock-vignette?Id=3876,"Vignette Prime, VGP-BLM-81021N, Black Matt"
Faucets,Vignette Prime,3876,Pillar Cock,Variant,944,Pillar Cock - Graphite,VGP-GRF-81021N,Graphite,https://www.jaquar.com/images/thumbs/0059771_pillar-cock-graphite_960.jpeg,6100.00,"Pillar Cock with Extension Body
",https://www.jaquar.com/en/chrome-190mm-long-body-pillar-cock-vignette?Id=3876,"Vignette Prime, VGP-GRF-81021N, Graphite"
Faucets,Vignette Prime,3876,Pillar Cock,Variant,944,Pillar Cock - Stainless Steel,VGP-SSF-81021N,Stainless Steel,https://www.jaquar.com/images/thumbs/0059772_pillar-cock-stainless-steel_960.jpeg,6100.00,"Pillar Cock with Extension Body
",https://www.jaquar.com/en/chrome-190mm-long-body-pillar-cock-vignette?Id=3876,"Vignette Prime, VGP-SSF-81021N, Stainless Steel"
Faucets,Vignette Prime,3877,Pillar Cock,Parent,944,Pillar Cock - Chrome,VGP-CHR-81021N,Chrome,https://www.jaquar.com/images/thumbs/0060268_pillar-cock-chrome_960.jpeg,3600.00,"Pillar Cock with Extension Body
",https://www.jaquar.com/en/chrome-190mm-long-body-pillar-cock-vignette?Id=3877,"Vignette Prime, VGP-CHR-81021N, Chrome"
Faucets,Vignette Prime,3877,Pillar Cock,Variant,944,Pillar Cock - Antique Bronze,VGP-ABR-81021N,Antique Bronze,https://www.jaquar.com/images/thumbs/0059767_pillar-cock-antique-bronze_960.jpeg,6100.00,"Pillar Cock with Extension Body
",https://www.jaquar.com/en/chrome-190mm-long-body-pillar-cock-vignette?Id=3877,"Vignette Prime, VGP-ABR-81021N, Antique Bronze"
Faucets,Vignette Prime,3877,Pillar Cock,Variant,944,Pillar Cock - Antique Copper,VGP-ACR-81021N,Antique Copper,https://www.jaquar.com/images/thumbs/0059768_pillar-cock-antique-copper_960.jpeg,6100.00,"Pillar Cock with Extension Body
",https://www.jaquar.com/en/chrome-190mm-long-body-pillar-cock-vignette?Id=3877,"Vignette Prime, VGP-ACR-81021N, Antique Copper"
Faucets,Vignette Prime,3877,Pillar Cock,Variant,944,Pillar Cock - Black Chrome,VGP-BCH-81021N,Black Chrome,https://www.jaquar.com/images/thumbs/0059769_pillar-cock-black-chrome_960.jpeg,5300.00,"Pillar Cock with Extension Body
",https://www.jaquar.com/en/chrome-190mm-long-body-pillar-cock-vignette?Id=3877,"Vignette Prime, VGP-BCH-81021N, Black Chrome"
Faucets,Vignette Prime,3877,Pillar Cock,Variant,944,Pillar Cock - Black Matt,VGP-BLM-81021N,Black Matt,https://www.jaquar.com/images/thumbs/0059770_pillar-cock-black-matt_960.jpeg,5300.00,"Pillar Cock with Extension Body
",https://www.jaquar.com/en/chrome-190mm-long-body-pillar-cock-vignette?Id=3877,"Vignette Prime, VGP-BLM-81021N, Black Matt"
Faucets,Vignette Prime,3877,Pillar Cock,Variant,944,Pillar Cock - Graphite,VGP-GRF-81021N,Graphite,https://www.jaquar.com/images/thumbs/0059771_pillar-cock-graphite_960.jpeg,6100.00,"Pillar Cock with Extension Body
",https://www.jaquar.com/en/chrome-190mm-long-body-pillar-cock-vignette?Id=3877,"Vignette Prime, VGP-GRF-81021N, Graphite"
Faucets,Vignette Prime,3877,Pillar Cock,Variant,944,Pillar Cock - Stainless Steel,VGP-SSF-81021N,Stainless Steel,https://www.jaquar.com/images/thumbs/0059772_pillar-cock-stainless-steel_960.jpeg,6100.00,"Pillar Cock with Extension Body
",https://www.jaquar.com/en/chrome-190mm-long-body-pillar-cock-vignette?Id=3877,"Vignette Prime, VGP-SSF-81021N, Stainless Steel"
Faucets,Vignette Prime,3878,Pillar Cock,Parent,944,Pillar Cock - Chrome,VGP-CHR-81021N,Chrome,https://www.jaquar.com/images/thumbs/0060268_pillar-cock-chrome_960.jpeg,3600.00,"Pillar Cock with Extension Body
",https://www.jaquar.com/en/chrome-190mm-long-body-pillar-cock-vignette?Id=3878,"Vignette Prime, VGP-CHR-81021N, Chrome"
Faucets,Vignette Prime,3878,Pillar Cock,Variant,944,Pillar Cock - Antique Bronze,VGP-ABR-81021N,Antique Bronze,https://www.jaquar.com/images/thumbs/0059767_pillar-cock-antique-bronze_960.jpeg,6100.00,"Pillar Cock with Extension Body
",https://www.jaquar.com/en/chrome-190mm-long-body-pillar-cock-vignette?Id=3878,"Vignette Prime, VGP-ABR-81021N, Antique Bronze"
Faucets,Vignette Prime,3878,Pillar Cock,Variant,944,Pillar Cock - Antique Copper,VGP-ACR-81021N,Antique Copper,https://www.jaquar.com/images/thumbs/0059768_pillar-cock-antique-copper_960.jpeg,6100.00,"Pillar Cock with Extension Body
",https://www.jaquar.com/en/chrome-190mm-long-body-pillar-cock-vignette?Id=3878,"Vignette Prime, VGP-ACR-81021N, Antique Copper"
Faucets,Vignette Prime,3878,Pillar Cock,Variant,944,Pillar Cock - Black Chrome,VGP-BCH-81021N,Black Chrome,https://www.jaquar.com/images/thumbs/0059769_pillar-cock-black-chrome_960.jpeg,5300.00,"Pillar Cock with Extension Body
",https://www.jaquar.com/en/chrome-190mm-long-body-pillar-cock-vignette?Id=3878,"Vignette Prime, VGP-BCH-81021N, Black Chrome"
Faucets,Vignette Prime,3878,Pillar Cock,Variant,944,Pillar Cock - Black Matt,VGP-BLM-81021N,Black Matt,https://www.jaquar.com/images/thumbs/0059770_pillar-cock-black-matt_960.jpeg,5300.00,"Pillar Cock with Extension Body
",https://www.jaquar.com/en/chrome-190mm-long-body-pillar-cock-vignette?Id=3878,"Vignette Prime, VGP-BLM-81021N, Black Matt"
Faucets,Vignette Prime,3878,Pillar Cock,Variant,944,Pillar Cock - Graphite,VGP-GRF-81021N,Graphite,https://www.jaquar.com/images/thumbs/0059771_pillar-cock-graphite_960.jpeg,6100.00,"Pillar Cock with Extension Body
",https://www.jaquar.com/en/chrome-190mm-long-body-pillar-cock-vignette?Id=3878,"Vignette Prime, VGP-GRF-81021N, Graphite"
Faucets,Vignette Prime,3878,Pillar Cock,Variant,944,Pillar Cock - Stainless Steel,VGP-SSF-81021N,Stainless Steel,https://www.jaquar.com/images/thumbs/0059772_pillar-cock-stainless-steel_960.jpeg,6100.00,"Pillar Cock with Extension Body
",https://www.jaquar.com/en/chrome-190mm-long-body-pillar-cock-vignette?Id=3878,"Vignette Prime, VGP-SSF-81021N, Stainless Steel"
Faucets,Vignette Prime,3874,Pillar Cock,Parent,944,Pillar Cock - Chrome,VGP-CHR-81021N,Chrome,https://www.jaquar.com/images/thumbs/0060268_pillar-cock-chrome_960.jpeg,3600.00,"Pillar Cock with Extension Body
",https://www.jaquar.com/en/chrome-190mm-long-body-pillar-cock-vignette?Id=3874,"Vignette Prime, VGP-CHR-81021N, Chrome"
Faucets,Vignette Prime,3874,Pillar Cock,Variant,944,Pillar Cock - Antique Bronze,VGP-ABR-81021N,Antique Bronze,https://www.jaquar.com/images/thumbs/0059767_pillar-cock-antique-bronze_960.jpeg,6100.00,"Pillar Cock with Extension Body
",https://www.jaquar.com/en/chrome-190mm-long-body-pillar-cock-vignette?Id=3874,"Vignette Prime, VGP-ABR-81021N, Antique Bronze"
Faucets,Vignette Prime,3874,Pillar Cock,Variant,944,Pillar Cock - Antique Copper,VGP-ACR-81021N,Antique Copper,https://www.jaquar.com/images/thumbs/0059768_pillar-cock-antique-copper_960.jpeg,6100.00,"Pillar Cock with Extension Body
",https://www.jaquar.com/en/chrome-190mm-long-body-pillar-cock-vignette?Id=3874,"Vignette Prime, VGP-ACR-81021N, Antique Copper"
Faucets,Vignette Prime,3874,Pillar Cock,Variant,944,Pillar Cock - Black Chrome,VGP-BCH-81021N,Black Chrome,https://www.jaquar.com/images/thumbs/0059769_pillar-cock-black-chrome_960.jpeg,5300.00,"Pillar Cock with Extension Body
",https://www.jaquar.com/en/chrome-190mm-long-body-pillar-cock-vignette?Id=3874,"Vignette Prime, VGP-BCH-81021N, Black Chrome"
Faucets,Vignette Prime,3874,Pillar Cock,Variant,944,Pillar Cock - Black Matt,VGP-BLM-81021N,Black Matt,https://www.jaquar.com/images/thumbs/0059770_pillar-cock-black-matt_960.jpeg,5300.00,"Pillar Cock with Extension Body
",https://www.jaquar.com/en/chrome-190mm-long-body-pillar-cock-vignette?Id=3874,"Vignette Prime, VGP-BLM-81021N, Black Matt"
Faucets,Vignette Prime,3874,Pillar Cock,Variant,944,Pillar Cock - Graphite,VGP-GRF-81021N,Graphite,https://www.jaquar.com/images/thumbs/0059771_pillar-cock-graphite_960.jpeg,6100.00,"Pillar Cock with Extension Body
",https://www.jaquar.com/en/chrome-190mm-long-body-pillar-cock-vignette?Id=3874,"Vignette Prime, VGP-GRF-81021N, Graphite"
Faucets,Vignette Prime,3874,Pillar Cock,Variant,944,Pillar Cock - Stainless Steel,VGP-SSF-81021N,Stainless Steel,https://www.jaquar.com/images/thumbs/0059772_pillar-cock-stainless-steel_960.jpeg,6100.00,"Pillar Cock with Extension Body
",https://www.jaquar.com/en/chrome-190mm-long-body-pillar-cock-vignette?Id=3874,"Vignette Prime, VGP-SSF-81021N, Stainless Steel"
Faucets,Vignette Prime,3881,Pillar Cock,Parent,944,Pillar Cock - Chrome,VGP-CHR-81021N,Chrome,https://www.jaquar.com/images/thumbs/0060268_pillar-cock-chrome_960.jpeg,3600.00,"Pillar Cock with Extension Body
",https://www.jaquar.com/en/chrome-190mm-long-body-pillar-cock-vignette?Id=3881,"Vignette Prime, VGP-CHR-81021N, Chrome"
Faucets,Vignette Prime,3881,Pillar Cock,Variant,944,Pillar Cock - Antique Bronze,VGP-ABR-81021N,Antique Bronze,https://www.jaquar.com/images/thumbs/0059767_pillar-cock-antique-bronze_960.jpeg,6100.00,"Pillar Cock with Extension Body
",https://www.jaquar.com/en/chrome-190mm-long-body-pillar-cock-vignette?Id=3881,"Vignette Prime, VGP-ABR-81021N, Antique Bronze"
Faucets,Vignette Prime,3881,Pillar Cock,Variant,944,Pillar Cock - Antique Copper,VGP-ACR-81021N,Antique Copper,https://www.jaquar.com/images/thumbs/0059768_pillar-cock-antique-copper_960.jpeg,6100.00,"Pillar Cock with Extension Body
",https://www.jaquar.com/en/chrome-190mm-long-body-pillar-cock-vignette?Id=3881,"Vignette Prime, VGP-ACR-81021N, Antique Copper"
Faucets,Vignette Prime,3881,Pillar Cock,Variant,944,Pillar Cock - Black Chrome,VGP-BCH-81021N,Black Chrome,https://www.jaquar.com/images/thumbs/0059769_pillar-cock-black-chrome_960.jpeg,5300.00,"Pillar Cock with Extension Body
",https://www.jaquar.com/en/chrome-190mm-long-body-pillar-cock-vignette?Id=3881,"Vignette Prime, VGP-BCH-81021N, Black Chrome"
Faucets,Vignette Prime,3881,Pillar Cock,Variant,944,Pillar Cock - Black Matt,VGP-BLM-81021N,Black Matt,https://www.jaquar.com/images/thumbs/0059770_pillar-cock-black-matt_960.jpeg,5300.00,"Pillar Cock with Extension Body
",https://www.jaquar.com/en/chrome-190mm-long-body-pillar-cock-vignette?Id=3881,"Vignette Prime, VGP-BLM-81021N, Black Matt"
Faucets,Vignette Prime,3881,Pillar Cock,Variant,944,Pillar Cock - Graphite,VGP-GRF-81021N,Graphite,https://www.jaquar.com/images/thumbs/0059771_pillar-cock-graphite_960.jpeg,6100.00,"Pillar Cock with Extension Body
",https://www.jaquar.com/en/chrome-190mm-long-body-pillar-cock-vignette?Id=3881,"Vignette Prime, VGP-GRF-81021N, Graphite"
Faucets,Vignette Prime,3881,Pillar Cock,Variant,944,Pillar Cock - Stainless Steel,VGP-SSF-81021N,Stainless Steel,https://www.jaquar.com/images/thumbs/0059772_pillar-cock-stainless-steel_960.jpeg,6100.00,"Pillar Cock with Extension Body
",https://www.jaquar.com/en/chrome-190mm-long-body-pillar-cock-vignette?Id=3881,"Vignette Prime, VGP-SSF-81021N, Stainless Steel"
Faucets,Vignette Prime,3882,Pillar Cock,Parent,944,Pillar Cock - Chrome,VGP-CHR-81021N,Chrome,https://www.jaquar.com/images/thumbs/0060268_pillar-cock-chrome_960.jpeg,3600.00,"Pillar Cock with Extension Body
",https://www.jaquar.com/en/chrome-190mm-long-body-pillar-cock-vignette?Id=3882,"Vignette Prime, VGP-CHR-81021N, Chrome"
Faucets,Vignette Prime,3882,Pillar Cock,Variant,944,Pillar Cock - Antique Bronze,VGP-ABR-81021N,Antique Bronze,https://www.jaquar.com/images/thumbs/0059767_pillar-cock-antique-bronze_960.jpeg,6100.00,"Pillar Cock with Extension Body
",https://www.jaquar.com/en/chrome-190mm-long-body-pillar-cock-vignette?Id=3882,"Vignette Prime, VGP-ABR-81021N, Antique Bronze"
Faucets,Vignette Prime,3882,Pillar Cock,Variant,944,Pillar Cock - Antique Copper,VGP-ACR-81021N,Antique Copper,https://www.jaquar.com/images/thumbs/0059768_pillar-cock-antique-copper_960.jpeg,6100.00,"Pillar Cock with Extension Body
",https://www.jaquar.com/en/chrome-190mm-long-body-pillar-cock-vignette?Id=3882,"Vignette Prime, VGP-ACR-81021N, Antique Copper"
Faucets,Vignette Prime,3882,Pillar Cock,Variant,944,Pillar Cock - Black Chrome,VGP-BCH-81021N,Black Chrome,https://www.jaquar.com/images/thumbs/0059769_pillar-cock-black-chrome_960.jpeg,5300.00,"Pillar Cock with Extension Body
",https://www.jaquar.com/en/chrome-190mm-long-body-pillar-cock-vignette?Id=3882,"Vignette Prime, VGP-BCH-81021N, Black Chrome"
Faucets,Vignette Prime,3882,Pillar Cock,Variant,944,Pillar Cock - Black Matt,VGP-BLM-81021N,Black Matt,https://www.jaquar.com/images/thumbs/0059770_pillar-cock-black-matt_960.jpeg,5300.00,"Pillar Cock with Extension Body
",https://www.jaquar.com/en/chrome-190mm-long-body-pillar-cock-vignette?Id=3882,"Vignette Prime, VGP-BLM-81021N, Black Matt"
Faucets,Vignette Prime,3882,Pillar Cock,Variant,944,Pillar Cock - Graphite,VGP-GRF-81021N,Graphite,https://www.jaquar.com/images/thumbs/0059771_pillar-cock-graphite_960.jpeg,6100.00,"Pillar Cock with Extension Body
",https://www.jaquar.com/en/chrome-190mm-long-body-pillar-cock-vignette?Id=3882,"Vignette Prime, VGP-GRF-81021N, Graphite"
Faucets,Vignette Prime,3882,Pillar Cock,Variant,944,Pillar Cock - Stainless Steel,VGP-SSF-81021N,Stainless Steel,https://www.jaquar.com/images/thumbs/0059772_pillar-cock-stainless-steel_960.jpeg,6100.00,"Pillar Cock with Extension Body
",https://www.jaquar.com/en/chrome-190mm-long-body-pillar-cock-vignette?Id=3882,"Vignette Prime, VGP-SSF-81021N, Stainless Steel"
Faucets,Vignette Prime,3735,Two Concealed Stop Cocks,Parent,1393,Two Concealed Stop Cocks - Chrome,VGP-CHR-81433,Chrome,https://www.jaquar.com/images/thumbs/0059497_two-concealed-stop-cocks-chrome_960.jpeg,6450.00,"Two Concealed Stop Cocks with Basin Spout (Composite One Piece Body)
",https://www.jaquar.com/en/vignette-chrome-concealed-2-lever-wall-basin-mixer?Id=3735,"Vignette Prime, VGP-CHR-81433, Chrome"
Faucets,Vignette Prime,3735,Two Concealed Stop Cocks,Variant,1393,Two Concealed Stop Cocks - Antique Bronze,VGP-ABR-81433,Antique Bronze,https://www.jaquar.com/images/thumbs/0059512_two-concealed-stop-cocks-antique-bronze_960.jpeg,10200.00,"Two Concealed Stop Cocks with Basin Spout (Composite One Piece Body)
",https://www.jaquar.com/en/vignette-chrome-concealed-2-lever-wall-basin-mixer?Id=3735,"Vignette Prime, VGP-ABR-81433, Antique Bronze"
Faucets,Vignette Prime,3735,Two Concealed Stop Cocks,Variant,1393,Two Concealed Stop Cocks - Antique Copper,VGP-ACR-81433,Antique Copper,https://www.jaquar.com/images/thumbs/0059508_two-concealed-stop-cocks-antique-copper_960.jpeg,10200.00,"Two Concealed Stop Cocks with Basin Spout (Composite One Piece Body)
",https://www.jaquar.com/en/vignette-chrome-concealed-2-lever-wall-basin-mixer?Id=3735,"Vignette Prime, VGP-ACR-81433, Antique Copper"
Faucets,Vignette Prime,3735,Two Concealed Stop Cocks,Variant,1393,Two Concealed Stop Cocks - Black Chrome,VGP-BCH-81433,Black Chrome,https://www.jaquar.com/images/thumbs/0059504_two-concealed-stop-cocks-black-chrome_960.jpeg,8850.00,"Two Concealed Stop Cocks with Basin Spout (Composite One Piece Body)
",https://www.jaquar.com/en/vignette-chrome-concealed-2-lever-wall-basin-mixer?Id=3735,"Vignette Prime, VGP-BCH-81433, Black Chrome"
Faucets,Vignette Prime,3735,Two Concealed Stop Cocks,Variant,1393,Two Concealed Stop Cocks - Black Matt,VGP-BLM-81433,Black Matt,https://www.jaquar.com/images/thumbs/0059501_two-concealed-stop-cocks-black-matt_960.jpeg,8850.00,"Two Concealed Stop Cocks with Basin Spout (Composite One Piece Body)
",https://www.jaquar.com/en/vignette-chrome-concealed-2-lever-wall-basin-mixer?Id=3735,"Vignette Prime, VGP-BLM-81433, Black Matt"
Faucets,Vignette Prime,3735,Two Concealed Stop Cocks,Variant,1393,Two Concealed Stop Cocks - Graphite,VGP-GRF-81433,Graphite,https://www.jaquar.com/images/thumbs/0059493_two-concealed-stop-cocks-graphite_960.jpeg,10200.00,"Two Concealed Stop Cocks with Basin Spout (Composite One Piece Body)
",https://www.jaquar.com/en/vignette-chrome-concealed-2-lever-wall-basin-mixer?Id=3735,"Vignette Prime, VGP-GRF-81433, Graphite"
Faucets,Vignette Prime,3735,Two Concealed Stop Cocks,Variant,1393,Two Concealed Stop Cocks - Stainless Steel,VGP-SSF-81433,Stainless Steel,https://www.jaquar.com/images/thumbs/0059489_two-concealed-stop-cocks-stainless-steel_960.jpeg,10200.00,"Two Concealed Stop Cocks with Basin Spout (Composite One Piece Body)
",https://www.jaquar.com/en/vignette-chrome-concealed-2-lever-wall-basin-mixer?Id=3735,"Vignette Prime, VGP-SSF-81433, Stainless Steel"
Faucets,Vignette Prime,3736,Two Concealed Stop Cocks,Parent,1393,Two Concealed Stop Cocks - Chrome,VGP-CHR-81433,Chrome,https://www.jaquar.com/images/thumbs/0059497_two-concealed-stop-cocks-chrome_960.jpeg,6450.00,"Two Concealed Stop Cocks with Basin Spout (Composite One Piece Body)
",https://www.jaquar.com/en/vignette-chrome-concealed-2-lever-wall-basin-mixer?Id=3736,"Vignette Prime, VGP-CHR-81433, Chrome"
Faucets,Vignette Prime,3736,Two Concealed Stop Cocks,Variant,1393,Two Concealed Stop Cocks - Antique Bronze,VGP-ABR-81433,Antique Bronze,https://www.jaquar.com/images/thumbs/0059512_two-concealed-stop-cocks-antique-bronze_960.jpeg,10200.00,"Two Concealed Stop Cocks with Basin Spout (Composite One Piece Body)
",https://www.jaquar.com/en/vignette-chrome-concealed-2-lever-wall-basin-mixer?Id=3736,"Vignette Prime, VGP-ABR-81433, Antique Bronze"
Faucets,Vignette Prime,3736,Two Concealed Stop Cocks,Variant,1393,Two Concealed Stop Cocks - Antique Copper,VGP-ACR-81433,Antique Copper,https://www.jaquar.com/images/thumbs/0059508_two-concealed-stop-cocks-antique-copper_960.jpeg,10200.00,"Two Concealed Stop Cocks with Basin Spout (Composite One Piece Body)
",https://www.jaquar.com/en/vignette-chrome-concealed-2-lever-wall-basin-mixer?Id=3736,"Vignette Prime, VGP-ACR-81433, Antique Copper"
Faucets,Vignette Prime,3736,Two Concealed Stop Cocks,Variant,1393,Two Concealed Stop Cocks - Black Chrome,VGP-BCH-81433,Black Chrome,https://www.jaquar.com/images/thumbs/0059504_two-concealed-stop-cocks-black-chrome_960.jpeg,8850.00,"Two Concealed Stop Cocks with Basin Spout (Composite One Piece Body)
",https://www.jaquar.com/en/vignette-chrome-concealed-2-lever-wall-basin-mixer?Id=3736,"Vignette Prime, VGP-BCH-81433, Black Chrome"
Faucets,Vignette Prime,3736,Two Concealed Stop Cocks,Variant,1393,Two Concealed Stop Cocks - Black Matt,VGP-BLM-81433,Black Matt,https://www.jaquar.com/images/thumbs/0059501_two-concealed-stop-cocks-black-matt_960.jpeg,8850.00,"Two Concealed Stop Cocks with Basin Spout (Composite One Piece Body)
",https://www.jaquar.com/en/vignette-chrome-concealed-2-lever-wall-basin-mixer?Id=3736,"Vignette Prime, VGP-BLM-81433, Black Matt"
Faucets,Vignette Prime,3736,Two Concealed Stop Cocks,Variant,1393,Two Concealed Stop Cocks - Graphite,VGP-GRF-81433,Graphite,https://www.jaquar.com/images/thumbs/0059493_two-concealed-stop-cocks-graphite_960.jpeg,10200.00,"Two Concealed Stop Cocks with Basin Spout (Composite One Piece Body)
",https://www.jaquar.com/en/vignette-chrome-concealed-2-lever-wall-basin-mixer?Id=3736,"Vignette Prime, VGP-GRF-81433, Graphite"
Faucets,Vignette Prime,3736,Two Concealed Stop Cocks,Variant,1393,Two Concealed Stop Cocks - Stainless Steel,VGP-SSF-81433,Stainless Steel,https://www.jaquar.com/images/thumbs/0059489_two-concealed-stop-cocks-stainless-steel_960.jpeg,10200.00,"Two Concealed Stop Cocks with Basin Spout (Composite One Piece Body)
",https://www.jaquar.com/en/vignette-chrome-concealed-2-lever-wall-basin-mixer?Id=3736,"Vignette Prime, VGP-SSF-81433, Stainless Steel"
Faucets,Vignette Prime,3737,Two Concealed Stop Cocks,Parent,1393,Two Concealed Stop Cocks - Chrome,VGP-CHR-81433,Chrome,https://www.jaquar.com/images/thumbs/0059497_two-concealed-stop-cocks-chrome_960.jpeg,6450.00,"Two Concealed Stop Cocks with Basin Spout (Composite One Piece Body)
",https://www.jaquar.com/en/vignette-chrome-concealed-2-lever-wall-basin-mixer?Id=3737,"Vignette Prime, VGP-CHR-81433, Chrome"
Faucets,Vignette Prime,3737,Two Concealed Stop Cocks,Variant,1393,Two Concealed Stop Cocks - Antique Bronze,VGP-ABR-81433,Antique Bronze,https://www.jaquar.com/images/thumbs/0059512_two-concealed-stop-cocks-antique-bronze_960.jpeg,10200.00,"Two Concealed Stop Cocks with Basin Spout (Composite One Piece Body)
",https://www.jaquar.com/en/vignette-chrome-concealed-2-lever-wall-basin-mixer?Id=3737,"Vignette Prime, VGP-ABR-81433, Antique Bronze"
Faucets,Vignette Prime,3737,Two Concealed Stop Cocks,Variant,1393,Two Concealed Stop Cocks - Antique Copper,VGP-ACR-81433,Antique Copper,https://www.jaquar.com/images/thumbs/0059508_two-concealed-stop-cocks-antique-copper_960.jpeg,10200.00,"Two Concealed Stop Cocks with Basin Spout (Composite One Piece Body)
",https://www.jaquar.com/en/vignette-chrome-concealed-2-lever-wall-basin-mixer?Id=3737,"Vignette Prime, VGP-ACR-81433, Antique Copper"
Faucets,Vignette Prime,3737,Two Concealed Stop Cocks,Variant,1393,Two Concealed Stop Cocks - Black Chrome,VGP-BCH-81433,Black Chrome,https://www.jaquar.com/images/thumbs/0059504_two-concealed-stop-cocks-black-chrome_960.jpeg,8850.00,"Two Concealed Stop Cocks with Basin Spout (Composite One Piece Body)
",https://www.jaquar.com/en/vignette-chrome-concealed-2-lever-wall-basin-mixer?Id=3737,"Vignette Prime, VGP-BCH-81433, Black Chrome"
Faucets,Vignette Prime,3737,Two Concealed Stop Cocks,Variant,1393,Two Concealed Stop Cocks - Black Matt,VGP-BLM-81433,Black Matt,https://www.jaquar.com/images/thumbs/0059501_two-concealed-stop-cocks-black-matt_960.jpeg,8850.00,"Two Concealed Stop Cocks with Basin Spout (Composite One Piece Body)
",https://www.jaquar.com/en/vignette-chrome-concealed-2-lever-wall-basin-mixer?Id=3737,"Vignette Prime, VGP-BLM-81433, Black Matt"
Faucets,Vignette Prime,3737,Two Concealed Stop Cocks,Variant,1393,Two Concealed Stop Cocks - Graphite,VGP-GRF-81433,Graphite,https://www.jaquar.com/images/thumbs/0059493_two-concealed-stop-cocks-graphite_960.jpeg,10200.00,"Two Concealed Stop Cocks with Basin Spout (Composite One Piece Body)
",https://www.jaquar.com/en/vignette-chrome-concealed-2-lever-wall-basin-mixer?Id=3737,"Vignette Prime, VGP-GRF-81433, Graphite"
Faucets,Vignette Prime,3737,Two Concealed Stop Cocks,Variant,1393,Two Concealed Stop Cocks - Stainless Steel,VGP-SSF-81433,Stainless Steel,https://www.jaquar.com/images/thumbs/0059489_two-concealed-stop-cocks-stainless-steel_960.jpeg,10200.00,"Two Concealed Stop Cocks with Basin Spout (Composite One Piece Body)
",https://www.jaquar.com/en/vignette-chrome-concealed-2-lever-wall-basin-mixer?Id=3737,"Vignette Prime, VGP-SSF-81433, Stainless Steel"
Faucets,Vignette Prime,3738,Two Concealed Stop Cocks,Parent,1393,Two Concealed Stop Cocks - Chrome,VGP-CHR-81433,Chrome,https://www.jaquar.com/images/thumbs/0059497_two-concealed-stop-cocks-chrome_960.jpeg,6450.00,"Two Concealed Stop Cocks with Basin Spout (Composite One Piece Body)
",https://www.jaquar.com/en/vignette-chrome-concealed-2-lever-wall-basin-mixer?Id=3738,"Vignette Prime, VGP-CHR-81433, Chrome"
Faucets,Vignette Prime,3738,Two Concealed Stop Cocks,Variant,1393,Two Concealed Stop Cocks - Antique Bronze,VGP-ABR-81433,Antique Bronze,https://www.jaquar.com/images/thumbs/0059512_two-concealed-stop-cocks-antique-bronze_960.jpeg,10200.00,"Two Concealed Stop Cocks with Basin Spout (Composite One Piece Body)
",https://www.jaquar.com/en/vignette-chrome-concealed-2-lever-wall-basin-mixer?Id=3738,"Vignette Prime, VGP-ABR-81433, Antique Bronze"
Faucets,Vignette Prime,3738,Two Concealed Stop Cocks,Variant,1393,Two Concealed Stop Cocks - Antique Copper,VGP-ACR-81433,Antique Copper,https://www.jaquar.com/images/thumbs/0059508_two-concealed-stop-cocks-antique-copper_960.jpeg,10200.00,"Two Concealed Stop Cocks with Basin Spout (Composite One Piece Body)
",https://www.jaquar.com/en/vignette-chrome-concealed-2-lever-wall-basin-mixer?Id=3738,"Vignette Prime, VGP-ACR-81433, Antique Copper"
Faucets,Vignette Prime,3738,Two Concealed Stop Cocks,Variant,1393,Two Concealed Stop Cocks - Black Chrome,VGP-BCH-81433,Black Chrome,https://www.jaquar.com/images/thumbs/0059504_two-concealed-stop-cocks-black-chrome_960.jpeg,8850.00,"Two Concealed Stop Cocks with Basin Spout (Composite One Piece Body)
",https://www.jaquar.com/en/vignette-chrome-concealed-2-lever-wall-basin-mixer?Id=3738,"Vignette Prime, VGP-BCH-81433, Black Chrome"
Faucets,Vignette Prime,3738,Two Concealed Stop Cocks,Variant,1393,Two Concealed Stop Cocks - Black Matt,VGP-BLM-81433,Black Matt,https://www.jaquar.com/images/thumbs/0059501_two-concealed-stop-cocks-black-matt_960.jpeg,8850.00,"Two Concealed Stop Cocks with Basin Spout (Composite One Piece Body)
",https://www.jaquar.com/en/vignette-chrome-concealed-2-lever-wall-basin-mixer?Id=3738,"Vignette Prime, VGP-BLM-81433, Black Matt"
Faucets,Vignette Prime,3738,Two Concealed Stop Cocks,Variant,1393,Two Concealed Stop Cocks - Graphite,VGP-GRF-81433,Graphite,https://www.jaquar.com/images/thumbs/0059493_two-concealed-stop-cocks-graphite_960.jpeg,10200.00,"Two Concealed Stop Cocks with Basin Spout (Composite One Piece Body)
",https://www.jaquar.com/en/vignette-chrome-concealed-2-lever-wall-basin-mixer?Id=3738,"Vignette Prime, VGP-GRF-81433, Graphite"
Faucets,Vignette Prime,3738,Two Concealed Stop Cocks,Variant,1393,Two Concealed Stop Cocks - Stainless Steel,VGP-SSF-81433,Stainless Steel,https://www.jaquar.com/images/thumbs/0059489_two-concealed-stop-cocks-stainless-steel_960.jpeg,10200.00,"Two Concealed Stop Cocks with Basin Spout (Composite One Piece Body)
",https://www.jaquar.com/en/vignette-chrome-concealed-2-lever-wall-basin-mixer?Id=3738,"Vignette Prime, VGP-SSF-81433, Stainless Steel"
Faucets,Vignette Prime,3741,Two Concealed Stop Cocks,Parent,1393,Two Concealed Stop Cocks - Chrome,VGP-CHR-81433,Chrome,https://www.jaquar.com/images/thumbs/0059497_two-concealed-stop-cocks-chrome_960.jpeg,6450.00,"Two Concealed Stop Cocks with Basin Spout (Composite One Piece Body)
",https://www.jaquar.com/en/vignette-chrome-concealed-2-lever-wall-basin-mixer?Id=3741,"Vignette Prime, VGP-CHR-81433, Chrome"
Faucets,Vignette Prime,3741,Two Concealed Stop Cocks,Variant,1393,Two Concealed Stop Cocks - Antique Bronze,VGP-ABR-81433,Antique Bronze,https://www.jaquar.com/images/thumbs/0059512_two-concealed-stop-cocks-antique-bronze_960.jpeg,10200.00,"Two Concealed Stop Cocks with Basin Spout (Composite One Piece Body)
",https://www.jaquar.com/en/vignette-chrome-concealed-2-lever-wall-basin-mixer?Id=3741,"Vignette Prime, VGP-ABR-81433, Antique Bronze"
Faucets,Vignette Prime,3741,Two Concealed Stop Cocks,Variant,1393,Two Concealed Stop Cocks - Antique Copper,VGP-ACR-81433,Antique Copper,https://www.jaquar.com/images/thumbs/0059508_two-concealed-stop-cocks-antique-copper_960.jpeg,10200.00,"Two Concealed Stop Cocks with Basin Spout (Composite One Piece Body)
",https://www.jaquar.com/en/vignette-chrome-concealed-2-lever-wall-basin-mixer?Id=3741,"Vignette Prime, VGP-ACR-81433, Antique Copper"
Faucets,Vignette Prime,3741,Two Concealed Stop Cocks,Variant,1393,Two Concealed Stop Cocks - Black Chrome,VGP-BCH-81433,Black Chrome,https://www.jaquar.com/images/thumbs/0059504_two-concealed-stop-cocks-black-chrome_960.jpeg,8850.00,"Two Concealed Stop Cocks with Basin Spout (Composite One Piece Body)
",https://www.jaquar.com/en/vignette-chrome-concealed-2-lever-wall-basin-mixer?Id=3741,"Vignette Prime, VGP-BCH-81433, Black Chrome"
Faucets,Vignette Prime,3741,Two Concealed Stop Cocks,Variant,1393,Two Concealed Stop Cocks - Black Matt,VGP-BLM-81433,Black Matt,https://www.jaquar.com/images/thumbs/0059501_two-concealed-stop-cocks-black-matt_960.jpeg,8850.00,"Two Concealed Stop Cocks with Basin Spout (Composite One Piece Body)
",https://www.jaquar.com/en/vignette-chrome-concealed-2-lever-wall-basin-mixer?Id=3741,"Vignette Prime, VGP-BLM-81433, Black Matt"
Faucets,Vignette Prime,3741,Two Concealed Stop Cocks,Variant,1393,Two Concealed Stop Cocks - Graphite,VGP-GRF-81433,Graphite,https://www.jaquar.com/images/thumbs/0059493_two-concealed-stop-cocks-graphite_960.jpeg,10200.00,"Two Concealed Stop Cocks with Basin Spout (Composite One Piece Body)
",https://www.jaquar.com/en/vignette-chrome-concealed-2-lever-wall-basin-mixer?Id=3741,"Vignette Prime, VGP-GRF-81433, Graphite"
Faucets,Vignette Prime,3741,Two Concealed Stop Cocks,Variant,1393,Two Concealed Stop Cocks - Stainless Steel,VGP-SSF-81433,Stainless Steel,https://www.jaquar.com/images/thumbs/0059489_two-concealed-stop-cocks-stainless-steel_960.jpeg,10200.00,"Two Concealed Stop Cocks with Basin Spout (Composite One Piece Body)
",https://www.jaquar.com/en/vignette-chrome-concealed-2-lever-wall-basin-mixer?Id=3741,"Vignette Prime, VGP-SSF-81433, Stainless Steel"
Faucets,Vignette Prime,3742,Two Concealed Stop Cocks,Parent,1393,Two Concealed Stop Cocks - Chrome,VGP-CHR-81433,Chrome,https://www.jaquar.com/images/thumbs/0059497_two-concealed-stop-cocks-chrome_960.jpeg,6450.00,"Two Concealed Stop Cocks with Basin Spout (Composite One Piece Body)
",https://www.jaquar.com/en/vignette-chrome-concealed-2-lever-wall-basin-mixer?Id=3742,"Vignette Prime, VGP-CHR-81433, Chrome"
Faucets,Vignette Prime,3742,Two Concealed Stop Cocks,Variant,1393,Two Concealed Stop Cocks - Antique Bronze,VGP-ABR-81433,Antique Bronze,https://www.jaquar.com/images/thumbs/0059512_two-concealed-stop-cocks-antique-bronze_960.jpeg,10200.00,"Two Concealed Stop Cocks with Basin Spout (Composite One Piece Body)
",https://www.jaquar.com/en/vignette-chrome-concealed-2-lever-wall-basin-mixer?Id=3742,"Vignette Prime, VGP-ABR-81433, Antique Bronze"
Faucets,Vignette Prime,3742,Two Concealed Stop Cocks,Variant,1393,Two Concealed Stop Cocks - Antique Copper,VGP-ACR-81433,Antique Copper,https://www.jaquar.com/images/thumbs/0059508_two-concealed-stop-cocks-antique-copper_960.jpeg,10200.00,"Two Concealed Stop Cocks with Basin Spout (Composite One Piece Body)
",https://www.jaquar.com/en/vignette-chrome-concealed-2-lever-wall-basin-mixer?Id=3742,"Vignette Prime, VGP-ACR-81433, Antique Copper"
Faucets,Vignette Prime,3742,Two Concealed Stop Cocks,Variant,1393,Two Concealed Stop Cocks - Black Chrome,VGP-BCH-81433,Black Chrome,https://www.jaquar.com/images/thumbs/0059504_two-concealed-stop-cocks-black-chrome_960.jpeg,8850.00,"Two Concealed Stop Cocks with Basin Spout (Composite One Piece Body)
",https://www.jaquar.com/en/vignette-chrome-concealed-2-lever-wall-basin-mixer?Id=3742,"Vignette Prime, VGP-BCH-81433, Black Chrome"
Faucets,Vignette Prime,3742,Two Concealed Stop Cocks,Variant,1393,Two Concealed Stop Cocks - Black Matt,VGP-BLM-81433,Black Matt,https://www.jaquar.com/images/thumbs/0059501_two-concealed-stop-cocks-black-matt_960.jpeg,8850.00,"Two Concealed Stop Cocks with Basin Spout (Composite One Piece Body)
",https://www.jaquar.com/en/vignette-chrome-concealed-2-lever-wall-basin-mixer?Id=3742,"Vignette Prime, VGP-BLM-81433, Black Matt"
Faucets,Vignette Prime,3742,Two Concealed Stop Cocks,Variant,1393,Two Concealed Stop Cocks - Graphite,VGP-GRF-81433,Graphite,https://www.jaquar.com/images/thumbs/0059493_two-concealed-stop-cocks-graphite_960.jpeg,10200.00,"Two Concealed Stop Cocks with Basin Spout (Composite One Piece Body)
",https://www.jaquar.com/en/vignette-chrome-concealed-2-lever-wall-basin-mixer?Id=3742,"Vignette Prime, VGP-GRF-81433, Graphite"
Faucets,Vignette Prime,3742,Two Concealed Stop Cocks,Variant,1393,Two Concealed Stop Cocks - Stainless Steel,VGP-SSF-81433,Stainless Steel,https://www.jaquar.com/images/thumbs/0059489_two-concealed-stop-cocks-stainless-steel_960.jpeg,10200.00,"Two Concealed Stop Cocks with Basin Spout (Composite One Piece Body)
",https://www.jaquar.com/en/vignette-chrome-concealed-2-lever-wall-basin-mixer?Id=3742,"Vignette Prime, VGP-SSF-81433, Stainless Steel"
Faucets,Vignette Prime,3745,Exposed Part Kit of Single Concealed Stop Cock,Parent,1394,Exposed Part Kit of Single Concealed Stop Cock - Chrome,VGP-CHR-81441K,Chrome,https://www.jaquar.com/images/thumbs/0014816_exposed-part-kit-of-single-concealed-stop-cock-chrome_960.jpeg,2575.00,"Exposed Part Kit of Single Concealed Stop Cock Consisting of Operating Lever, Cartridge Sleeve, Wall Flange (with Seals) & Basin Spout (Compatible with ALD-441)
",https://www.jaquar.com/en/vignette-chrome-exposed-for-stop-cock-with-spout?Id=3745,"Vignette Prime, VGP-CHR-81441K, Chrome"
Faucets,Vignette Prime,3745,Exposed Part Kit of Single Concealed Stop Cock,Variant,1394,Exposed Part Kit of Single Concealed Stop Cock - Antique Bronze,VGP-ABR-81441K,Antique Bronze,https://www.jaquar.com/images/thumbs/0054854_exposed-part-kit-of-single-concealed-stop-cock-antique-bronze_960.jpeg,4300.00,"Exposed Part Kit of Single Concealed Stop Cock Consisting of Operating Lever, Cartridge Sleeve, Wall Flange (with Seals) & Basin Spout (Compatible with ALD-441)",https://www.jaquar.com/en/vignette-chrome-exposed-for-stop-cock-with-spout?Id=3745,"Vignette Prime, VGP-ABR-81441K, Antique Bronze"
Faucets,Vignette Prime,3745,Exposed Part Kit of Single Concealed Stop Cock,Variant,1394,Exposed Part Kit of Single Concealed Stop Cock - Antique Copper,VGP-ACR-81441K,Antique Copper,https://www.jaquar.com/images/thumbs/0055104_exposed-part-kit-of-single-concealed-stop-cock-antique-copper_960.jpeg,4300.00,"Exposed Part Kit of Single Concealed Stop Cock Consisting of Operating Lever, Cartridge Sleeve, Wall Flange (with Seals) & Basin Spout (Compatible with ALD-441)",https://www.jaquar.com/en/vignette-chrome-exposed-for-stop-cock-with-spout?Id=3745,"Vignette Prime, VGP-ACR-81441K, Antique Copper"
Faucets,Vignette Prime,3745,Exposed Part Kit of Single Concealed Stop Cock,Variant,1394,Exposed Part Kit of Single Concealed Stop Cock - Black Chrome,VGP-BCH-81441K,Black Chrome,https://www.jaquar.com/images/thumbs/0054928_exposed-part-kit-of-single-concealed-stop-cock-black-chrome_960.jpeg,3800.00,"Exposed Part Kit of Single Concealed Stop Cock Consisting of Operating Lever, Cartridge Sleeve, Wall Flange (with Seals) & Basin Spout (Compatible with ALD-441)",https://www.jaquar.com/en/vignette-chrome-exposed-for-stop-cock-with-spout?Id=3745,"Vignette Prime, VGP-BCH-81441K, Black Chrome"
Faucets,Vignette Prime,3745,Exposed Part Kit of Single Concealed Stop Cock,Variant,1394,Exposed Part Kit of Single Concealed Stop Cock - Black Matt,VGP-BLM-81441K,Black Matt,https://www.jaquar.com/images/thumbs/0054688_exposed-part-kit-of-single-concealed-stop-cock-black-matt_960.jpeg,3800.00,"Exposed Part Kit of Single Concealed Stop Cock Consisting of Operating Lever, Cartridge Sleeve, Wall Flange (with Seals) & Basin Spout (Compatible with ALD-441)",https://www.jaquar.com/en/vignette-chrome-exposed-for-stop-cock-with-spout?Id=3745,"Vignette Prime, VGP-BLM-81441K, Black Matt"
Faucets,Vignette Prime,3745,Exposed Part Kit of Single Concealed Stop Cock,Variant,1394,Exposed Part Kit of Single Concealed Stop Cock - Graphite,VGP-GRF-81441K,Graphite,https://www.jaquar.com/images/thumbs/0054640_exposed-part-kit-of-single-concealed-stop-cock-graphite_960.jpeg,4300.00,"Exposed Part Kit of Single Concealed Stop Cock Consisting of Operating Lever, Cartridge Sleeve, Wall Flange (with Seals) & Basin Spout (Compatible with ALD-441)",https://www.jaquar.com/en/vignette-chrome-exposed-for-stop-cock-with-spout?Id=3745,"Vignette Prime, VGP-GRF-81441K, Graphite"
Faucets,Vignette Prime,3745,Exposed Part Kit of Single Concealed Stop Cock,Variant,1394,Exposed Part Kit of Single Concealed Stop Cock - Stainless Steel,VGP-SSF-81441K,Stainless Steel,https://www.jaquar.com/images/thumbs/0059462_exposed-part-kit-of-single-concealed-stop-cock-stainless-steel_960.jpeg,4300.00,"Exposed Part Kit of Single Concealed Stop Cock Consisting of Operating Lever, Cartridge Sleeve, Wall Flange (with Seals) & Basin Spout (Compatible with ALD-441)",https://www.jaquar.com/en/vignette-chrome-exposed-for-stop-cock-with-spout?Id=3745,"Vignette Prime, VGP-SSF-81441K, Stainless Steel"
Faucets,Vignette Prime,3747,Exposed Part Kit of Single Concealed Stop Cock,Parent,1394,Exposed Part Kit of Single Concealed Stop Cock - Chrome,VGP-CHR-81441K,Chrome,https://www.jaquar.com/images/thumbs/0014816_exposed-part-kit-of-single-concealed-stop-cock-chrome_960.jpeg,2575.00,"Exposed Part Kit of Single Concealed Stop Cock Consisting of Operating Lever, Cartridge Sleeve, Wall Flange (with Seals) & Basin Spout (Compatible with ALD-441)
",https://www.jaquar.com/en/vignette-chrome-exposed-for-stop-cock-with-spout?Id=3747,"Vignette Prime, VGP-CHR-81441K, Chrome"
Faucets,Vignette Prime,3747,Exposed Part Kit of Single Concealed Stop Cock,Variant,1394,Exposed Part Kit of Single Concealed Stop Cock - Antique Bronze,VGP-ABR-81441K,Antique Bronze,https://www.jaquar.com/images/thumbs/0054854_exposed-part-kit-of-single-concealed-stop-cock-antique-bronze_960.jpeg,4300.00,"Exposed Part Kit of Single Concealed Stop Cock Consisting of Operating Lever, Cartridge Sleeve, Wall Flange (with Seals) & Basin Spout (Compatible with ALD-441)",https://www.jaquar.com/en/vignette-chrome-exposed-for-stop-cock-with-spout?Id=3747,"Vignette Prime, VGP-ABR-81441K, Antique Bronze"
Faucets,Vignette Prime,3747,Exposed Part Kit of Single Concealed Stop Cock,Variant,1394,Exposed Part Kit of Single Concealed Stop Cock - Antique Copper,VGP-ACR-81441K,Antique Copper,https://www.jaquar.com/images/thumbs/0055104_exposed-part-kit-of-single-concealed-stop-cock-antique-copper_960.jpeg,4300.00,"Exposed Part Kit of Single Concealed Stop Cock Consisting of Operating Lever, Cartridge Sleeve, Wall Flange (with Seals) & Basin Spout (Compatible with ALD-441)",https://www.jaquar.com/en/vignette-chrome-exposed-for-stop-cock-with-spout?Id=3747,"Vignette Prime, VGP-ACR-81441K, Antique Copper"
Faucets,Vignette Prime,3747,Exposed Part Kit of Single Concealed Stop Cock,Variant,1394,Exposed Part Kit of Single Concealed Stop Cock - Black Chrome,VGP-BCH-81441K,Black Chrome,https://www.jaquar.com/images/thumbs/0054928_exposed-part-kit-of-single-concealed-stop-cock-black-chrome_960.jpeg,3800.00,"Exposed Part Kit of Single Concealed Stop Cock Consisting of Operating Lever, Cartridge Sleeve, Wall Flange (with Seals) & Basin Spout (Compatible with ALD-441)",https://www.jaquar.com/en/vignette-chrome-exposed-for-stop-cock-with-spout?Id=3747,"Vignette Prime, VGP-BCH-81441K, Black Chrome"
Faucets,Vignette Prime,3747,Exposed Part Kit of Single Concealed Stop Cock,Variant,1394,Exposed Part Kit of Single Concealed Stop Cock - Black Matt,VGP-BLM-81441K,Black Matt,https://www.jaquar.com/images/thumbs/0054688_exposed-part-kit-of-single-concealed-stop-cock-black-matt_960.jpeg,3800.00,"Exposed Part Kit of Single Concealed Stop Cock Consisting of Operating Lever, Cartridge Sleeve, Wall Flange (with Seals) & Basin Spout (Compatible with ALD-441)",https://www.jaquar.com/en/vignette-chrome-exposed-for-stop-cock-with-spout?Id=3747,"Vignette Prime, VGP-BLM-81441K, Black Matt"
Faucets,Vignette Prime,3747,Exposed Part Kit of Single Concealed Stop Cock,Variant,1394,Exposed Part Kit of Single Concealed Stop Cock - Graphite,VGP-GRF-81441K,Graphite,https://www.jaquar.com/images/thumbs/0054640_exposed-part-kit-of-single-concealed-stop-cock-graphite_960.jpeg,4300.00,"Exposed Part Kit of Single Concealed Stop Cock Consisting of Operating Lever, Cartridge Sleeve, Wall Flange (with Seals) & Basin Spout (Compatible with ALD-441)",https://www.jaquar.com/en/vignette-chrome-exposed-for-stop-cock-with-spout?Id=3747,"Vignette Prime, VGP-GRF-81441K, Graphite"
Faucets,Vignette Prime,3747,Exposed Part Kit of Single Concealed Stop Cock,Variant,1394,Exposed Part Kit of Single Concealed Stop Cock - Stainless Steel,VGP-SSF-81441K,Stainless Steel,https://www.jaquar.com/images/thumbs/0059462_exposed-part-kit-of-single-concealed-stop-cock-stainless-steel_960.jpeg,4300.00,"Exposed Part Kit of Single Concealed Stop Cock Consisting of Operating Lever, Cartridge Sleeve, Wall Flange (with Seals) & Basin Spout (Compatible with ALD-441)",https://www.jaquar.com/en/vignette-chrome-exposed-for-stop-cock-with-spout?Id=3747,"Vignette Prime, VGP-SSF-81441K, Stainless Steel"
Faucets,Vignette Prime,3746,Exposed Part Kit of Single Concealed Stop Cock,Parent,1394,Exposed Part Kit of Single Concealed Stop Cock - Chrome,VGP-CHR-81441K,Chrome,https://www.jaquar.com/images/thumbs/0014816_exposed-part-kit-of-single-concealed-stop-cock-chrome_960.jpeg,2575.00,"Exposed Part Kit of Single Concealed Stop Cock Consisting of Operating Lever, Cartridge Sleeve, Wall Flange (with Seals) & Basin Spout (Compatible with ALD-441)
",https://www.jaquar.com/en/vignette-chrome-exposed-for-stop-cock-with-spout?Id=3746,"Vignette Prime, VGP-CHR-81441K, Chrome"
Faucets,Vignette Prime,3746,Exposed Part Kit of Single Concealed Stop Cock,Variant,1394,Exposed Part Kit of Single Concealed Stop Cock - Antique Bronze,VGP-ABR-81441K,Antique Bronze,https://www.jaquar.com/images/thumbs/0054854_exposed-part-kit-of-single-concealed-stop-cock-antique-bronze_960.jpeg,4300.00,"Exposed Part Kit of Single Concealed Stop Cock Consisting of Operating Lever, Cartridge Sleeve, Wall Flange (with Seals) & Basin Spout (Compatible with ALD-441)",https://www.jaquar.com/en/vignette-chrome-exposed-for-stop-cock-with-spout?Id=3746,"Vignette Prime, VGP-ABR-81441K, Antique Bronze"
Faucets,Vignette Prime,3746,Exposed Part Kit of Single Concealed Stop Cock,Variant,1394,Exposed Part Kit of Single Concealed Stop Cock - Antique Copper,VGP-ACR-81441K,Antique Copper,https://www.jaquar.com/images/thumbs/0055104_exposed-part-kit-of-single-concealed-stop-cock-antique-copper_960.jpeg,4300.00,"Exposed Part Kit of Single Concealed Stop Cock Consisting of Operating Lever, Cartridge Sleeve, Wall Flange (with Seals) & Basin Spout (Compatible with ALD-441)",https://www.jaquar.com/en/vignette-chrome-exposed-for-stop-cock-with-spout?Id=3746,"Vignette Prime, VGP-ACR-81441K, Antique Copper"
Faucets,Vignette Prime,3746,Exposed Part Kit of Single Concealed Stop Cock,Variant,1394,Exposed Part Kit of Single Concealed Stop Cock - Black Chrome,VGP-BCH-81441K,Black Chrome,https://www.jaquar.com/images/thumbs/0054928_exposed-part-kit-of-single-concealed-stop-cock-black-chrome_960.jpeg,3800.00,"Exposed Part Kit of Single Concealed Stop Cock Consisting of Operating Lever, Cartridge Sleeve, Wall Flange (with Seals) & Basin Spout (Compatible with ALD-441)",https://www.jaquar.com/en/vignette-chrome-exposed-for-stop-cock-with-spout?Id=3746,"Vignette Prime, VGP-BCH-81441K, Black Chrome"
Faucets,Vignette Prime,3746,Exposed Part Kit of Single Concealed Stop Cock,Variant,1394,Exposed Part Kit of Single Concealed Stop Cock - Black Matt,VGP-BLM-81441K,Black Matt,https://www.jaquar.com/images/thumbs/0054688_exposed-part-kit-of-single-concealed-stop-cock-black-matt_960.jpeg,3800.00,"Exposed Part Kit of Single Concealed Stop Cock Consisting of Operating Lever, Cartridge Sleeve, Wall Flange (with Seals) & Basin Spout (Compatible with ALD-441)",https://www.jaquar.com/en/vignette-chrome-exposed-for-stop-cock-with-spout?Id=3746,"Vignette Prime, VGP-BLM-81441K, Black Matt"
Faucets,Vignette Prime,3746,Exposed Part Kit of Single Concealed Stop Cock,Variant,1394,Exposed Part Kit of Single Concealed Stop Cock - Graphite,VGP-GRF-81441K,Graphite,https://www.jaquar.com/images/thumbs/0054640_exposed-part-kit-of-single-concealed-stop-cock-graphite_960.jpeg,4300.00,"Exposed Part Kit of Single Concealed Stop Cock Consisting of Operating Lever, Cartridge Sleeve, Wall Flange (with Seals) & Basin Spout (Compatible with ALD-441)",https://www.jaquar.com/en/vignette-chrome-exposed-for-stop-cock-with-spout?Id=3746,"Vignette Prime, VGP-GRF-81441K, Graphite"
Faucets,Vignette Prime,3746,Exposed Part Kit of Single Concealed Stop Cock,Variant,1394,Exposed Part Kit of Single Concealed Stop Cock - Stainless Steel,VGP-SSF-81441K,Stainless Steel,https://www.jaquar.com/images/thumbs/0059462_exposed-part-kit-of-single-concealed-stop-cock-stainless-steel_960.jpeg,4300.00,"Exposed Part Kit of Single Concealed Stop Cock Consisting of Operating Lever, Cartridge Sleeve, Wall Flange (with Seals) & Basin Spout (Compatible with ALD-441)",https://www.jaquar.com/en/vignette-chrome-exposed-for-stop-cock-with-spout?Id=3746,"Vignette Prime, VGP-SSF-81441K, Stainless Steel"
Faucets,Vignette Prime,3748,Exposed Part Kit of Single Concealed Stop Cock,Parent,1394,Exposed Part Kit of Single Concealed Stop Cock - Chrome,VGP-CHR-81441K,Chrome,https://www.jaquar.com/images/thumbs/0014816_exposed-part-kit-of-single-concealed-stop-cock-chrome_960.jpeg,2575.00,"Exposed Part Kit of Single Concealed Stop Cock Consisting of Operating Lever, Cartridge Sleeve, Wall Flange (with Seals) & Basin Spout (Compatible with ALD-441)
",https://www.jaquar.com/en/vignette-chrome-exposed-for-stop-cock-with-spout?Id=3748,"Vignette Prime, VGP-CHR-81441K, Chrome"
Faucets,Vignette Prime,3748,Exposed Part Kit of Single Concealed Stop Cock,Variant,1394,Exposed Part Kit of Single Concealed Stop Cock - Antique Bronze,VGP-ABR-81441K,Antique Bronze,https://www.jaquar.com/images/thumbs/0054854_exposed-part-kit-of-single-concealed-stop-cock-antique-bronze_960.jpeg,4300.00,"Exposed Part Kit of Single Concealed Stop Cock Consisting of Operating Lever, Cartridge Sleeve, Wall Flange (with Seals) & Basin Spout (Compatible with ALD-441)",https://www.jaquar.com/en/vignette-chrome-exposed-for-stop-cock-with-spout?Id=3748,"Vignette Prime, VGP-ABR-81441K, Antique Bronze"
Faucets,Vignette Prime,3748,Exposed Part Kit of Single Concealed Stop Cock,Variant,1394,Exposed Part Kit of Single Concealed Stop Cock - Antique Copper,VGP-ACR-81441K,Antique Copper,https://www.jaquar.com/images/thumbs/0055104_exposed-part-kit-of-single-concealed-stop-cock-antique-copper_960.jpeg,4300.00,"Exposed Part Kit of Single Concealed Stop Cock Consisting of Operating Lever, Cartridge Sleeve, Wall Flange (with Seals) & Basin Spout (Compatible with ALD-441)",https://www.jaquar.com/en/vignette-chrome-exposed-for-stop-cock-with-spout?Id=3748,"Vignette Prime, VGP-ACR-81441K, Antique Copper"
Faucets,Vignette Prime,3748,Exposed Part Kit of Single Concealed Stop Cock,Variant,1394,Exposed Part Kit of Single Concealed Stop Cock - Black Chrome,VGP-BCH-81441K,Black Chrome,https://www.jaquar.com/images/thumbs/0054928_exposed-part-kit-of-single-concealed-stop-cock-black-chrome_960.jpeg,3800.00,"Exposed Part Kit of Single Concealed Stop Cock Consisting of Operating Lever, Cartridge Sleeve, Wall Flange (with Seals) & Basin Spout (Compatible with ALD-441)",https://www.jaquar.com/en/vignette-chrome-exposed-for-stop-cock-with-spout?Id=3748,"Vignette Prime, VGP-BCH-81441K, Black Chrome"
Faucets,Vignette Prime,3748,Exposed Part Kit of Single Concealed Stop Cock,Variant,1394,Exposed Part Kit of Single Concealed Stop Cock - Black Matt,VGP-BLM-81441K,Black Matt,https://www.jaquar.com/images/thumbs/0054688_exposed-part-kit-of-single-concealed-stop-cock-black-matt_960.jpeg,3800.00,"Exposed Part Kit of Single Concealed Stop Cock Consisting of Operating Lever, Cartridge Sleeve, Wall Flange (with Seals) & Basin Spout (Compatible with ALD-441)",https://www.jaquar.com/en/vignette-chrome-exposed-for-stop-cock-with-spout?Id=3748,"Vignette Prime, VGP-BLM-81441K, Black Matt"
Faucets,Vignette Prime,3748,Exposed Part Kit of Single Concealed Stop Cock,Variant,1394,Exposed Part Kit of Single Concealed Stop Cock - Graphite,VGP-GRF-81441K,Graphite,https://www.jaquar.com/images/thumbs/0054640_exposed-part-kit-of-single-concealed-stop-cock-graphite_960.jpeg,4300.00,"Exposed Part Kit of Single Concealed Stop Cock Consisting of Operating Lever, Cartridge Sleeve, Wall Flange (with Seals) & Basin Spout (Compatible with ALD-441)",https://www.jaquar.com/en/vignette-chrome-exposed-for-stop-cock-with-spout?Id=3748,"Vignette Prime, VGP-GRF-81441K, Graphite"
Faucets,Vignette Prime,3748,Exposed Part Kit of Single Concealed Stop Cock,Variant,1394,Exposed Part Kit of Single Concealed Stop Cock - Stainless Steel,VGP-SSF-81441K,Stainless Steel,https://www.jaquar.com/images/thumbs/0059462_exposed-part-kit-of-single-concealed-stop-cock-stainless-steel_960.jpeg,4300.00,"Exposed Part Kit of Single Concealed Stop Cock Consisting of Operating Lever, Cartridge Sleeve, Wall Flange (with Seals) & Basin Spout (Compatible with ALD-441)",https://www.jaquar.com/en/vignette-chrome-exposed-for-stop-cock-with-spout?Id=3748,"Vignette Prime, VGP-SSF-81441K, Stainless Steel"
Faucets,Vignette Prime,3744,Exposed Part Kit of Single Concealed Stop Cock,Parent,1394,Exposed Part Kit of Single Concealed Stop Cock - Chrome,VGP-CHR-81441K,Chrome,https://www.jaquar.com/images/thumbs/0014816_exposed-part-kit-of-single-concealed-stop-cock-chrome_960.jpeg,2575.00,"Exposed Part Kit of Single Concealed Stop Cock Consisting of Operating Lever, Cartridge Sleeve, Wall Flange (with Seals) & Basin Spout (Compatible with ALD-441)
",https://www.jaquar.com/en/vignette-chrome-exposed-for-stop-cock-with-spout?Id=3744,"Vignette Prime, VGP-CHR-81441K, Chrome"
Faucets,Vignette Prime,3744,Exposed Part Kit of Single Concealed Stop Cock,Variant,1394,Exposed Part Kit of Single Concealed Stop Cock - Antique Bronze,VGP-ABR-81441K,Antique Bronze,https://www.jaquar.com/images/thumbs/0054854_exposed-part-kit-of-single-concealed-stop-cock-antique-bronze_960.jpeg,4300.00,"Exposed Part Kit of Single Concealed Stop Cock Consisting of Operating Lever, Cartridge Sleeve, Wall Flange (with Seals) & Basin Spout (Compatible with ALD-441)",https://www.jaquar.com/en/vignette-chrome-exposed-for-stop-cock-with-spout?Id=3744,"Vignette Prime, VGP-ABR-81441K, Antique Bronze"
Faucets,Vignette Prime,3744,Exposed Part Kit of Single Concealed Stop Cock,Variant,1394,Exposed Part Kit of Single Concealed Stop Cock - Antique Copper,VGP-ACR-81441K,Antique Copper,https://www.jaquar.com/images/thumbs/0055104_exposed-part-kit-of-single-concealed-stop-cock-antique-copper_960.jpeg,4300.00,"Exposed Part Kit of Single Concealed Stop Cock Consisting of Operating Lever, Cartridge Sleeve, Wall Flange (with Seals) & Basin Spout (Compatible with ALD-441)",https://www.jaquar.com/en/vignette-chrome-exposed-for-stop-cock-with-spout?Id=3744,"Vignette Prime, VGP-ACR-81441K, Antique Copper"
Faucets,Vignette Prime,3744,Exposed Part Kit of Single Concealed Stop Cock,Variant,1394,Exposed Part Kit of Single Concealed Stop Cock - Black Chrome,VGP-BCH-81441K,Black Chrome,https://www.jaquar.com/images/thumbs/0054928_exposed-part-kit-of-single-concealed-stop-cock-black-chrome_960.jpeg,3800.00,"Exposed Part Kit of Single Concealed Stop Cock Consisting of Operating Lever, Cartridge Sleeve, Wall Flange (with Seals) & Basin Spout (Compatible with ALD-441)",https://www.jaquar.com/en/vignette-chrome-exposed-for-stop-cock-with-spout?Id=3744,"Vignette Prime, VGP-BCH-81441K, Black Chrome"
Faucets,Vignette Prime,3744,Exposed Part Kit of Single Concealed Stop Cock,Variant,1394,Exposed Part Kit of Single Concealed Stop Cock - Black Matt,VGP-BLM-81441K,Black Matt,https://www.jaquar.com/images/thumbs/0054688_exposed-part-kit-of-single-concealed-stop-cock-black-matt_960.jpeg,3800.00,"Exposed Part Kit of Single Concealed Stop Cock Consisting of Operating Lever, Cartridge Sleeve, Wall Flange (with Seals) & Basin Spout (Compatible with ALD-441)",https://www.jaquar.com/en/vignette-chrome-exposed-for-stop-cock-with-spout?Id=3744,"Vignette Prime, VGP-BLM-81441K, Black Matt"
Faucets,Vignette Prime,3744,Exposed Part Kit of Single Concealed Stop Cock,Variant,1394,Exposed Part Kit of Single Concealed Stop Cock - Graphite,VGP-GRF-81441K,Graphite,https://www.jaquar.com/images/thumbs/0054640_exposed-part-kit-of-single-concealed-stop-cock-graphite_960.jpeg,4300.00,"Exposed Part Kit of Single Concealed Stop Cock Consisting of Operating Lever, Cartridge Sleeve, Wall Flange (with Seals) & Basin Spout (Compatible with ALD-441)",https://www.jaquar.com/en/vignette-chrome-exposed-for-stop-cock-with-spout?Id=3744,"Vignette Prime, VGP-GRF-81441K, Graphite"
Faucets,Vignette Prime,3744,Exposed Part Kit of Single Concealed Stop Cock,Variant,1394,Exposed Part Kit of Single Concealed Stop Cock - Stainless Steel,VGP-SSF-81441K,Stainless Steel,https://www.jaquar.com/images/thumbs/0059462_exposed-part-kit-of-single-concealed-stop-cock-stainless-steel_960.jpeg,4300.00,"Exposed Part Kit of Single Concealed Stop Cock Consisting of Operating Lever, Cartridge Sleeve, Wall Flange (with Seals) & Basin Spout (Compatible with ALD-441)",https://www.jaquar.com/en/vignette-chrome-exposed-for-stop-cock-with-spout?Id=3744,"Vignette Prime, VGP-SSF-81441K, Stainless Steel"
Faucets,Vignette Prime,3751,Exposed Part Kit of Single Concealed Stop Cock,Parent,1394,Exposed Part Kit of Single Concealed Stop Cock - Chrome,VGP-CHR-81441K,Chrome,https://www.jaquar.com/images/thumbs/0014816_exposed-part-kit-of-single-concealed-stop-cock-chrome_960.jpeg,2575.00,"Exposed Part Kit of Single Concealed Stop Cock Consisting of Operating Lever, Cartridge Sleeve, Wall Flange (with Seals) & Basin Spout (Compatible with ALD-441)
",https://www.jaquar.com/en/vignette-chrome-exposed-for-stop-cock-with-spout?Id=3751,"Vignette Prime, VGP-CHR-81441K, Chrome"
Faucets,Vignette Prime,3751,Exposed Part Kit of Single Concealed Stop Cock,Variant,1394,Exposed Part Kit of Single Concealed Stop Cock - Antique Bronze,VGP-ABR-81441K,Antique Bronze,https://www.jaquar.com/images/thumbs/0054854_exposed-part-kit-of-single-concealed-stop-cock-antique-bronze_960.jpeg,4300.00,"Exposed Part Kit of Single Concealed Stop Cock Consisting of Operating Lever, Cartridge Sleeve, Wall Flange (with Seals) & Basin Spout (Compatible with ALD-441)",https://www.jaquar.com/en/vignette-chrome-exposed-for-stop-cock-with-spout?Id=3751,"Vignette Prime, VGP-ABR-81441K, Antique Bronze"
Faucets,Vignette Prime,3751,Exposed Part Kit of Single Concealed Stop Cock,Variant,1394,Exposed Part Kit of Single Concealed Stop Cock - Antique Copper,VGP-ACR-81441K,Antique Copper,https://www.jaquar.com/images/thumbs/0055104_exposed-part-kit-of-single-concealed-stop-cock-antique-copper_960.jpeg,4300.00,"Exposed Part Kit of Single Concealed Stop Cock Consisting of Operating Lever, Cartridge Sleeve, Wall Flange (with Seals) & Basin Spout (Compatible with ALD-441)",https://www.jaquar.com/en/vignette-chrome-exposed-for-stop-cock-with-spout?Id=3751,"Vignette Prime, VGP-ACR-81441K, Antique Copper"
Faucets,Vignette Prime,3751,Exposed Part Kit of Single Concealed Stop Cock,Variant,1394,Exposed Part Kit of Single Concealed Stop Cock - Black Chrome,VGP-BCH-81441K,Black Chrome,https://www.jaquar.com/images/thumbs/0054928_exposed-part-kit-of-single-concealed-stop-cock-black-chrome_960.jpeg,3800.00,"Exposed Part Kit of Single Concealed Stop Cock Consisting of Operating Lever, Cartridge Sleeve, Wall Flange (with Seals) & Basin Spout (Compatible with ALD-441)",https://www.jaquar.com/en/vignette-chrome-exposed-for-stop-cock-with-spout?Id=3751,"Vignette Prime, VGP-BCH-81441K, Black Chrome"
Faucets,Vignette Prime,3751,Exposed Part Kit of Single Concealed Stop Cock,Variant,1394,Exposed Part Kit of Single Concealed Stop Cock - Black Matt,VGP-BLM-81441K,Black Matt,https://www.jaquar.com/images/thumbs/0054688_exposed-part-kit-of-single-concealed-stop-cock-black-matt_960.jpeg,3800.00,"Exposed Part Kit of Single Concealed Stop Cock Consisting of Operating Lever, Cartridge Sleeve, Wall Flange (with Seals) & Basin Spout (Compatible with ALD-441)",https://www.jaquar.com/en/vignette-chrome-exposed-for-stop-cock-with-spout?Id=3751,"Vignette Prime, VGP-BLM-81441K, Black Matt"
Faucets,Vignette Prime,3751,Exposed Part Kit of Single Concealed Stop Cock,Variant,1394,Exposed Part Kit of Single Concealed Stop Cock - Graphite,VGP-GRF-81441K,Graphite,https://www.jaquar.com/images/thumbs/0054640_exposed-part-kit-of-single-concealed-stop-cock-graphite_960.jpeg,4300.00,"Exposed Part Kit of Single Concealed Stop Cock Consisting of Operating Lever, Cartridge Sleeve, Wall Flange (with Seals) & Basin Spout (Compatible with ALD-441)",https://www.jaquar.com/en/vignette-chrome-exposed-for-stop-cock-with-spout?Id=3751,"Vignette Prime, VGP-GRF-81441K, Graphite"
Faucets,Vignette Prime,3751,Exposed Part Kit of Single Concealed Stop Cock,Variant,1394,Exposed Part Kit of Single Concealed Stop Cock - Stainless Steel,VGP-SSF-81441K,Stainless Steel,https://www.jaquar.com/images/thumbs/0059462_exposed-part-kit-of-single-concealed-stop-cock-stainless-steel_960.jpeg,4300.00,"Exposed Part Kit of Single Concealed Stop Cock Consisting of Operating Lever, Cartridge Sleeve, Wall Flange (with Seals) & Basin Spout (Compatible with ALD-441)",https://www.jaquar.com/en/vignette-chrome-exposed-for-stop-cock-with-spout?Id=3751,"Vignette Prime, VGP-SSF-81441K, Stainless Steel"
Faucets,Vignette Prime,3752,Exposed Part Kit of Single Concealed Stop Cock,Parent,1394,Exposed Part Kit of Single Concealed Stop Cock - Chrome,VGP-CHR-81441K,Chrome,https://www.jaquar.com/images/thumbs/0014816_exposed-part-kit-of-single-concealed-stop-cock-chrome_960.jpeg,2575.00,"Exposed Part Kit of Single Concealed Stop Cock Consisting of Operating Lever, Cartridge Sleeve, Wall Flange (with Seals) & Basin Spout (Compatible with ALD-441)
",https://www.jaquar.com/en/vignette-chrome-exposed-for-stop-cock-with-spout?Id=3752,"Vignette Prime, VGP-CHR-81441K, Chrome"
Faucets,Vignette Prime,3752,Exposed Part Kit of Single Concealed Stop Cock,Variant,1394,Exposed Part Kit of Single Concealed Stop Cock - Antique Bronze,VGP-ABR-81441K,Antique Bronze,https://www.jaquar.com/images/thumbs/0054854_exposed-part-kit-of-single-concealed-stop-cock-antique-bronze_960.jpeg,4300.00,"Exposed Part Kit of Single Concealed Stop Cock Consisting of Operating Lever, Cartridge Sleeve, Wall Flange (with Seals) & Basin Spout (Compatible with ALD-441)",https://www.jaquar.com/en/vignette-chrome-exposed-for-stop-cock-with-spout?Id=3752,"Vignette Prime, VGP-ABR-81441K, Antique Bronze"
Faucets,Vignette Prime,3752,Exposed Part Kit of Single Concealed Stop Cock,Variant,1394,Exposed Part Kit of Single Concealed Stop Cock - Antique Copper,VGP-ACR-81441K,Antique Copper,https://www.jaquar.com/images/thumbs/0055104_exposed-part-kit-of-single-concealed-stop-cock-antique-copper_960.jpeg,4300.00,"Exposed Part Kit of Single Concealed Stop Cock Consisting of Operating Lever, Cartridge Sleeve, Wall Flange (with Seals) & Basin Spout (Compatible with ALD-441)",https://www.jaquar.com/en/vignette-chrome-exposed-for-stop-cock-with-spout?Id=3752,"Vignette Prime, VGP-ACR-81441K, Antique Copper"
Faucets,Vignette Prime,3752,Exposed Part Kit of Single Concealed Stop Cock,Variant,1394,Exposed Part Kit of Single Concealed Stop Cock - Black Chrome,VGP-BCH-81441K,Black Chrome,https://www.jaquar.com/images/thumbs/0054928_exposed-part-kit-of-single-concealed-stop-cock-black-chrome_960.jpeg,3800.00,"Exposed Part Kit of Single Concealed Stop Cock Consisting of Operating Lever, Cartridge Sleeve, Wall Flange (with Seals) & Basin Spout (Compatible with ALD-441)",https://www.jaquar.com/en/vignette-chrome-exposed-for-stop-cock-with-spout?Id=3752,"Vignette Prime, VGP-BCH-81441K, Black Chrome"
Faucets,Vignette Prime,3752,Exposed Part Kit of Single Concealed Stop Cock,Variant,1394,Exposed Part Kit of Single Concealed Stop Cock - Black Matt,VGP-BLM-81441K,Black Matt,https://www.jaquar.com/images/thumbs/0054688_exposed-part-kit-of-single-concealed-stop-cock-black-matt_960.jpeg,3800.00,"Exposed Part Kit of Single Concealed Stop Cock Consisting of Operating Lever, Cartridge Sleeve, Wall Flange (with Seals) & Basin Spout (Compatible with ALD-441)",https://www.jaquar.com/en/vignette-chrome-exposed-for-stop-cock-with-spout?Id=3752,"Vignette Prime, VGP-BLM-81441K, Black Matt"
Faucets,Vignette Prime,3752,Exposed Part Kit of Single Concealed Stop Cock,Variant,1394,Exposed Part Kit of Single Concealed Stop Cock - Graphite,VGP-GRF-81441K,Graphite,https://www.jaquar.com/images/thumbs/0054640_exposed-part-kit-of-single-concealed-stop-cock-graphite_960.jpeg,4300.00,"Exposed Part Kit of Single Concealed Stop Cock Consisting of Operating Lever, Cartridge Sleeve, Wall Flange (with Seals) & Basin Spout (Compatible with ALD-441)",https://www.jaquar.com/en/vignette-chrome-exposed-for-stop-cock-with-spout?Id=3752,"Vignette Prime, VGP-GRF-81441K, Graphite"
Faucets,Vignette Prime,3752,Exposed Part Kit of Single Concealed Stop Cock,Variant,1394,Exposed Part Kit of Single Concealed Stop Cock - Stainless Steel,VGP-SSF-81441K,Stainless Steel,https://www.jaquar.com/images/thumbs/0059462_exposed-part-kit-of-single-concealed-stop-cock-stainless-steel_960.jpeg,4300.00,"Exposed Part Kit of Single Concealed Stop Cock Consisting of Operating Lever, Cartridge Sleeve, Wall Flange (with Seals) & Basin Spout (Compatible with ALD-441)",https://www.jaquar.com/en/vignette-chrome-exposed-for-stop-cock-with-spout?Id=3752,"Vignette Prime, VGP-SSF-81441K, Stainless Steel"
Faucets,Vignette Prime,3734,Two Concealed Stop Cocks,Parent,1393,Two Concealed Stop Cocks - Chrome,VGP-CHR-81433,Chrome,https://www.jaquar.com/images/thumbs/0059497_two-concealed-stop-cocks-chrome_960.jpeg,6450.00,"Two Concealed Stop Cocks with Basin Spout (Composite One Piece Body)
",https://www.jaquar.com/en/vignette-chrome-concealed-2-lever-wall-basin-mixer?Id=3734,"Vignette Prime, VGP-CHR-81433, Chrome"
Faucets,Vignette Prime,3734,Two Concealed Stop Cocks,Variant,1393,Two Concealed Stop Cocks - Antique Bronze,VGP-ABR-81433,Antique Bronze,https://www.jaquar.com/images/thumbs/0059512_two-concealed-stop-cocks-antique-bronze_960.jpeg,10200.00,"Two Concealed Stop Cocks with Basin Spout (Composite One Piece Body)
",https://www.jaquar.com/en/vignette-chrome-concealed-2-lever-wall-basin-mixer?Id=3734,"Vignette Prime, VGP-ABR-81433, Antique Bronze"
Faucets,Vignette Prime,3734,Two Concealed Stop Cocks,Variant,1393,Two Concealed Stop Cocks - Antique Copper,VGP-ACR-81433,Antique Copper,https://www.jaquar.com/images/thumbs/0059508_two-concealed-stop-cocks-antique-copper_960.jpeg,10200.00,"Two Concealed Stop Cocks with Basin Spout (Composite One Piece Body)
",https://www.jaquar.com/en/vignette-chrome-concealed-2-lever-wall-basin-mixer?Id=3734,"Vignette Prime, VGP-ACR-81433, Antique Copper"
Faucets,Vignette Prime,3734,Two Concealed Stop Cocks,Variant,1393,Two Concealed Stop Cocks - Black Chrome,VGP-BCH-81433,Black Chrome,https://www.jaquar.com/images/thumbs/0059504_two-concealed-stop-cocks-black-chrome_960.jpeg,8850.00,"Two Concealed Stop Cocks with Basin Spout (Composite One Piece Body)
",https://www.jaquar.com/en/vignette-chrome-concealed-2-lever-wall-basin-mixer?Id=3734,"Vignette Prime, VGP-BCH-81433, Black Chrome"
Faucets,Vignette Prime,3734,Two Concealed Stop Cocks,Variant,1393,Two Concealed Stop Cocks - Black Matt,VGP-BLM-81433,Black Matt,https://www.jaquar.com/images/thumbs/0059501_two-concealed-stop-cocks-black-matt_960.jpeg,8850.00,"Two Concealed Stop Cocks with Basin Spout (Composite One Piece Body)
",https://www.jaquar.com/en/vignette-chrome-concealed-2-lever-wall-basin-mixer?Id=3734,"Vignette Prime, VGP-BLM-81433, Black Matt"
Faucets,Vignette Prime,3734,Two Concealed Stop Cocks,Variant,1393,Two Concealed Stop Cocks - Graphite,VGP-GRF-81433,Graphite,https://www.jaquar.com/images/thumbs/0059493_two-concealed-stop-cocks-graphite_960.jpeg,10200.00,"Two Concealed Stop Cocks with Basin Spout (Composite One Piece Body)
",https://www.jaquar.com/en/vignette-chrome-concealed-2-lever-wall-basin-mixer?Id=3734,"Vignette Prime, VGP-GRF-81433, Graphite"
Faucets,Vignette Prime,3734,Two Concealed Stop Cocks,Variant,1393,Two Concealed Stop Cocks - Stainless Steel,VGP-SSF-81433,Stainless Steel,https://www.jaquar.com/images/thumbs/0059489_two-concealed-stop-cocks-stainless-steel_960.jpeg,10200.00,"Two Concealed Stop Cocks with Basin Spout (Composite One Piece Body)
",https://www.jaquar.com/en/vignette-chrome-concealed-2-lever-wall-basin-mixer?Id=3734,"Vignette Prime, VGP-SSF-81433, Stainless Steel"
Faucets,Vignette Prime,3965,4-Way Diverter,Parent,1391,4-Way Diverter - Chrome,VGP-CHR-81421,Chrome,https://www.jaquar.com/images/thumbs/0059757_4-way-diverter-chrome_960.jpeg,4200.00,"4-Way Divertor for Concealed Fitting with Built-in Non-Return Valves with Divertor Handle
",https://www.jaquar.com/en/vignette-chrome-4-way-diverter?Id=3965,"Vignette Prime, VGP-CHR-81421, Chrome"
Faucets,Vignette Prime,3965,4-Way Diverter,Variant,1391,4-Way Diverter - Antique Bronze,VGP-ABR-81421,Antique Bronze,https://www.jaquar.com/images/thumbs/0059954_4-way-diverter-antique-bronze_960.jpeg,6650.00,"4-Way Divertor for Concealed Fitting with Built-in Non-Return Valves with Divertor Handle
",https://www.jaquar.com/en/vignette-chrome-4-way-diverter?Id=3965,"Vignette Prime, VGP-ABR-81421, Antique Bronze"
Faucets,Vignette Prime,3965,4-Way Diverter,Variant,1391,4-Way Diverter - Antique Copper,VGP-ACR-81421,Antique Copper,https://www.jaquar.com/images/thumbs/0059998_4-way-diverter-antique-copper_960.jpeg,6650.00,"4-Way Divertor for Concealed Fitting with Built-in Non-Return Valves with Divertor Handle
",https://www.jaquar.com/en/vignette-chrome-4-way-diverter?Id=3965,"Vignette Prime, VGP-ACR-81421, Antique Copper"
Faucets,Vignette Prime,3965,4-Way Diverter,Variant,1391,4-Way Diverter - Black Chrome,VGP-BCH-81421,Black Chrome,https://www.jaquar.com/images/thumbs/0059759_4-way-diverter-black-chrome_960.jpeg,5750.00,"4-Way Divertor for Concealed Fitting with Built-in Non-Return Valves with Divertor Handle
",https://www.jaquar.com/en/vignette-chrome-4-way-diverter?Id=3965,"Vignette Prime, VGP-BCH-81421, Black Chrome"
Faucets,Vignette Prime,3965,4-Way Diverter,Variant,1391,4-Way Diverter - Black Matt,VGP-BLM-81421,Black Matt,https://www.jaquar.com/images/thumbs/0059758_4-way-diverter-black-matt_960.jpeg,5750.00,"4-Way Divertor for Concealed Fitting with Built-in Non-Return Valves with Divertor Handle
",https://www.jaquar.com/en/vignette-chrome-4-way-diverter?Id=3965,"Vignette Prime, VGP-BLM-81421, Black Matt"
Faucets,Vignette Prime,3965,4-Way Diverter,Variant,1391,4-Way Diverter - Graphite,VGP-GRF-81421,Graphite,https://www.jaquar.com/images/thumbs/0059755_4-way-diverter-graphite_960.jpeg,6650.00,"4-Way Divertor for Concealed Fitting with Built-in Non-Return Valves with Divertor Handle
",https://www.jaquar.com/en/vignette-chrome-4-way-diverter?Id=3965,"Vignette Prime, VGP-GRF-81421, Graphite"
Faucets,Vignette Prime,3965,4-Way Diverter,Variant,1391,4-Way Diverter - Stainless Steel,VGP-SSF-81421,Stainless Steel,https://www.jaquar.com/images/thumbs/0059994_4-way-diverter-stainless-steel_960.jpeg,6650.00,"4-Way Divertor for Concealed Fitting with Built-in Non-Return Valves with Divertor Handle
",https://www.jaquar.com/en/vignette-chrome-4-way-diverter?Id=3965,"Vignette Prime, VGP-SSF-81421, Stainless Steel"
Faucets,Vignette Prime,3966,4-Way Diverter,Parent,1391,4-Way Diverter - Chrome,VGP-CHR-81421,Chrome,https://www.jaquar.com/images/thumbs/0059757_4-way-diverter-chrome_960.jpeg,4200.00,"4-Way Divertor for Concealed Fitting with Built-in Non-Return Valves with Divertor Handle
",https://www.jaquar.com/en/vignette-chrome-4-way-diverter?Id=3966,"Vignette Prime, VGP-CHR-81421, Chrome"
Faucets,Vignette Prime,3966,4-Way Diverter,Variant,1391,4-Way Diverter - Antique Bronze,VGP-ABR-81421,Antique Bronze,https://www.jaquar.com/images/thumbs/0059954_4-way-diverter-antique-bronze_960.jpeg,6650.00,"4-Way Divertor for Concealed Fitting with Built-in Non-Return Valves with Divertor Handle
",https://www.jaquar.com/en/vignette-chrome-4-way-diverter?Id=3966,"Vignette Prime, VGP-ABR-81421, Antique Bronze"
Faucets,Vignette Prime,3966,4-Way Diverter,Variant,1391,4-Way Diverter - Antique Copper,VGP-ACR-81421,Antique Copper,https://www.jaquar.com/images/thumbs/0059998_4-way-diverter-antique-copper_960.jpeg,6650.00,"4-Way Divertor for Concealed Fitting with Built-in Non-Return Valves with Divertor Handle
",https://www.jaquar.com/en/vignette-chrome-4-way-diverter?Id=3966,"Vignette Prime, VGP-ACR-81421, Antique Copper"
Faucets,Vignette Prime,3966,4-Way Diverter,Variant,1391,4-Way Diverter - Black Chrome,VGP-BCH-81421,Black Chrome,https://www.jaquar.com/images/thumbs/0059759_4-way-diverter-black-chrome_960.jpeg,5750.00,"4-Way Divertor for Concealed Fitting with Built-in Non-Return Valves with Divertor Handle
",https://www.jaquar.com/en/vignette-chrome-4-way-diverter?Id=3966,"Vignette Prime, VGP-BCH-81421, Black Chrome"
Faucets,Vignette Prime,3966,4-Way Diverter,Variant,1391,4-Way Diverter - Black Matt,VGP-BLM-81421,Black Matt,https://www.jaquar.com/images/thumbs/0059758_4-way-diverter-black-matt_960.jpeg,5750.00,"4-Way Divertor for Concealed Fitting with Built-in Non-Return Valves with Divertor Handle
",https://www.jaquar.com/en/vignette-chrome-4-way-diverter?Id=3966,"Vignette Prime, VGP-BLM-81421, Black Matt"
Faucets,Vignette Prime,3966,4-Way Diverter,Variant,1391,4-Way Diverter - Graphite,VGP-GRF-81421,Graphite,https://www.jaquar.com/images/thumbs/0059755_4-way-diverter-graphite_960.jpeg,6650.00,"4-Way Divertor for Concealed Fitting with Built-in Non-Return Valves with Divertor Handle
",https://www.jaquar.com/en/vignette-chrome-4-way-diverter?Id=3966,"Vignette Prime, VGP-GRF-81421, Graphite"
Faucets,Vignette Prime,3966,4-Way Diverter,Variant,1391,4-Way Diverter - Stainless Steel,VGP-SSF-81421,Stainless Steel,https://www.jaquar.com/images/thumbs/0059994_4-way-diverter-stainless-steel_960.jpeg,6650.00,"4-Way Divertor for Concealed Fitting with Built-in Non-Return Valves with Divertor Handle
",https://www.jaquar.com/en/vignette-chrome-4-way-diverter?Id=3966,"Vignette Prime, VGP-SSF-81421, Stainless Steel"
Faucets,Vignette Prime,3967,4-Way Diverter,Parent,1391,4-Way Diverter - Chrome,VGP-CHR-81421,Chrome,https://www.jaquar.com/images/thumbs/0059757_4-way-diverter-chrome_960.jpeg,4200.00,"4-Way Divertor for Concealed Fitting with Built-in Non-Return Valves with Divertor Handle
",https://www.jaquar.com/en/vignette-chrome-4-way-diverter?Id=3967,"Vignette Prime, VGP-CHR-81421, Chrome"
Faucets,Vignette Prime,3967,4-Way Diverter,Variant,1391,4-Way Diverter - Antique Bronze,VGP-ABR-81421,Antique Bronze,https://www.jaquar.com/images/thumbs/0059954_4-way-diverter-antique-bronze_960.jpeg,6650.00,"4-Way Divertor for Concealed Fitting with Built-in Non-Return Valves with Divertor Handle
",https://www.jaquar.com/en/vignette-chrome-4-way-diverter?Id=3967,"Vignette Prime, VGP-ABR-81421, Antique Bronze"
Faucets,Vignette Prime,3967,4-Way Diverter,Variant,1391,4-Way Diverter - Antique Copper,VGP-ACR-81421,Antique Copper,https://www.jaquar.com/images/thumbs/0059998_4-way-diverter-antique-copper_960.jpeg,6650.00,"4-Way Divertor for Concealed Fitting with Built-in Non-Return Valves with Divertor Handle
",https://www.jaquar.com/en/vignette-chrome-4-way-diverter?Id=3967,"Vignette Prime, VGP-ACR-81421, Antique Copper"
Faucets,Vignette Prime,3967,4-Way Diverter,Variant,1391,4-Way Diverter - Black Chrome,VGP-BCH-81421,Black Chrome,https://www.jaquar.com/images/thumbs/0059759_4-way-diverter-black-chrome_960.jpeg,5750.00,"4-Way Divertor for Concealed Fitting with Built-in Non-Return Valves with Divertor Handle
",https://www.jaquar.com/en/vignette-chrome-4-way-diverter?Id=3967,"Vignette Prime, VGP-BCH-81421, Black Chrome"
Faucets,Vignette Prime,3967,4-Way Diverter,Variant,1391,4-Way Diverter - Black Matt,VGP-BLM-81421,Black Matt,https://www.jaquar.com/images/thumbs/0059758_4-way-diverter-black-matt_960.jpeg,5750.00,"4-Way Divertor for Concealed Fitting with Built-in Non-Return Valves with Divertor Handle
",https://www.jaquar.com/en/vignette-chrome-4-way-diverter?Id=3967,"Vignette Prime, VGP-BLM-81421, Black Matt"
Faucets,Vignette Prime,3967,4-Way Diverter,Variant,1391,4-Way Diverter - Graphite,VGP-GRF-81421,Graphite,https://www.jaquar.com/images/thumbs/0059755_4-way-diverter-graphite_960.jpeg,6650.00,"4-Way Divertor for Concealed Fitting with Built-in Non-Return Valves with Divertor Handle
",https://www.jaquar.com/en/vignette-chrome-4-way-diverter?Id=3967,"Vignette Prime, VGP-GRF-81421, Graphite"
Faucets,Vignette Prime,3967,4-Way Diverter,Variant,1391,4-Way Diverter - Stainless Steel,VGP-SSF-81421,Stainless Steel,https://www.jaquar.com/images/thumbs/0059994_4-way-diverter-stainless-steel_960.jpeg,6650.00,"4-Way Divertor for Concealed Fitting with Built-in Non-Return Valves with Divertor Handle
",https://www.jaquar.com/en/vignette-chrome-4-way-diverter?Id=3967,"Vignette Prime, VGP-SSF-81421, Stainless Steel"
Faucets,Vignette Prime,3968,4-Way Diverter,Parent,1391,4-Way Diverter - Chrome,VGP-CHR-81421,Chrome,https://www.jaquar.com/images/thumbs/0059757_4-way-diverter-chrome_960.jpeg,4200.00,"4-Way Divertor for Concealed Fitting with Built-in Non-Return Valves with Divertor Handle
",https://www.jaquar.com/en/vignette-chrome-4-way-diverter?Id=3968,"Vignette Prime, VGP-CHR-81421, Chrome"
Faucets,Vignette Prime,3968,4-Way Diverter,Variant,1391,4-Way Diverter - Antique Bronze,VGP-ABR-81421,Antique Bronze,https://www.jaquar.com/images/thumbs/0059954_4-way-diverter-antique-bronze_960.jpeg,6650.00,"4-Way Divertor for Concealed Fitting with Built-in Non-Return Valves with Divertor Handle
",https://www.jaquar.com/en/vignette-chrome-4-way-diverter?Id=3968,"Vignette Prime, VGP-ABR-81421, Antique Bronze"
Faucets,Vignette Prime,3968,4-Way Diverter,Variant,1391,4-Way Diverter - Antique Copper,VGP-ACR-81421,Antique Copper,https://www.jaquar.com/images/thumbs/0059998_4-way-diverter-antique-copper_960.jpeg,6650.00,"4-Way Divertor for Concealed Fitting with Built-in Non-Return Valves with Divertor Handle
",https://www.jaquar.com/en/vignette-chrome-4-way-diverter?Id=3968,"Vignette Prime, VGP-ACR-81421, Antique Copper"
Faucets,Vignette Prime,3968,4-Way Diverter,Variant,1391,4-Way Diverter - Black Chrome,VGP-BCH-81421,Black Chrome,https://www.jaquar.com/images/thumbs/0059759_4-way-diverter-black-chrome_960.jpeg,5750.00,"4-Way Divertor for Concealed Fitting with Built-in Non-Return Valves with Divertor Handle
",https://www.jaquar.com/en/vignette-chrome-4-way-diverter?Id=3968,"Vignette Prime, VGP-BCH-81421, Black Chrome"
Faucets,Vignette Prime,3968,4-Way Diverter,Variant,1391,4-Way Diverter - Black Matt,VGP-BLM-81421,Black Matt,https://www.jaquar.com/images/thumbs/0059758_4-way-diverter-black-matt_960.jpeg,5750.00,"4-Way Divertor for Concealed Fitting with Built-in Non-Return Valves with Divertor Handle
",https://www.jaquar.com/en/vignette-chrome-4-way-diverter?Id=3968,"Vignette Prime, VGP-BLM-81421, Black Matt"
Faucets,Vignette Prime,3968,4-Way Diverter,Variant,1391,4-Way Diverter - Graphite,VGP-GRF-81421,Graphite,https://www.jaquar.com/images/thumbs/0059755_4-way-diverter-graphite_960.jpeg,6650.00,"4-Way Divertor for Concealed Fitting with Built-in Non-Return Valves with Divertor Handle
",https://www.jaquar.com/en/vignette-chrome-4-way-diverter?Id=3968,"Vignette Prime, VGP-GRF-81421, Graphite"
Faucets,Vignette Prime,3968,4-Way Diverter,Variant,1391,4-Way Diverter - Stainless Steel,VGP-SSF-81421,Stainless Steel,https://www.jaquar.com/images/thumbs/0059994_4-way-diverter-stainless-steel_960.jpeg,6650.00,"4-Way Divertor for Concealed Fitting with Built-in Non-Return Valves with Divertor Handle
",https://www.jaquar.com/en/vignette-chrome-4-way-diverter?Id=3968,"Vignette Prime, VGP-SSF-81421, Stainless Steel"
Faucets,Vignette Prime,3971,4-Way Diverter,Parent,1391,4-Way Diverter - Chrome,VGP-CHR-81421,Chrome,https://www.jaquar.com/images/thumbs/0059757_4-way-diverter-chrome_960.jpeg,4200.00,"4-Way Divertor for Concealed Fitting with Built-in Non-Return Valves with Divertor Handle
",https://www.jaquar.com/en/vignette-chrome-4-way-diverter?Id=3971,"Vignette Prime, VGP-CHR-81421, Chrome"
Faucets,Vignette Prime,3971,4-Way Diverter,Variant,1391,4-Way Diverter - Antique Bronze,VGP-ABR-81421,Antique Bronze,https://www.jaquar.com/images/thumbs/0059954_4-way-diverter-antique-bronze_960.jpeg,6650.00,"4-Way Divertor for Concealed Fitting with Built-in Non-Return Valves with Divertor Handle
",https://www.jaquar.com/en/vignette-chrome-4-way-diverter?Id=3971,"Vignette Prime, VGP-ABR-81421, Antique Bronze"
Faucets,Vignette Prime,3971,4-Way Diverter,Variant,1391,4-Way Diverter - Antique Copper,VGP-ACR-81421,Antique Copper,https://www.jaquar.com/images/thumbs/0059998_4-way-diverter-antique-copper_960.jpeg,6650.00,"4-Way Divertor for Concealed Fitting with Built-in Non-Return Valves with Divertor Handle
",https://www.jaquar.com/en/vignette-chrome-4-way-diverter?Id=3971,"Vignette Prime, VGP-ACR-81421, Antique Copper"
Faucets,Vignette Prime,3971,4-Way Diverter,Variant,1391,4-Way Diverter - Black Chrome,VGP-BCH-81421,Black Chrome,https://www.jaquar.com/images/thumbs/0059759_4-way-diverter-black-chrome_960.jpeg,5750.00,"4-Way Divertor for Concealed Fitting with Built-in Non-Return Valves with Divertor Handle
",https://www.jaquar.com/en/vignette-chrome-4-way-diverter?Id=3971,"Vignette Prime, VGP-BCH-81421, Black Chrome"
Faucets,Vignette Prime,3971,4-Way Diverter,Variant,1391,4-Way Diverter - Black Matt,VGP-BLM-81421,Black Matt,https://www.jaquar.com/images/thumbs/0059758_4-way-diverter-black-matt_960.jpeg,5750.00,"4-Way Divertor for Concealed Fitting with Built-in Non-Return Valves with Divertor Handle
",https://www.jaquar.com/en/vignette-chrome-4-way-diverter?Id=3971,"Vignette Prime, VGP-BLM-81421, Black Matt"
Faucets,Vignette Prime,3971,4-Way Diverter,Variant,1391,4-Way Diverter - Graphite,VGP-GRF-81421,Graphite,https://www.jaquar.com/images/thumbs/0059755_4-way-diverter-graphite_960.jpeg,6650.00,"4-Way Divertor for Concealed Fitting with Built-in Non-Return Valves with Divertor Handle
",https://www.jaquar.com/en/vignette-chrome-4-way-diverter?Id=3971,"Vignette Prime, VGP-GRF-81421, Graphite"
Faucets,Vignette Prime,3971,4-Way Diverter,Variant,1391,4-Way Diverter - Stainless Steel,VGP-SSF-81421,Stainless Steel,https://www.jaquar.com/images/thumbs/0059994_4-way-diverter-stainless-steel_960.jpeg,6650.00,"4-Way Divertor for Concealed Fitting with Built-in Non-Return Valves with Divertor Handle
",https://www.jaquar.com/en/vignette-chrome-4-way-diverter?Id=3971,"Vignette Prime, VGP-SSF-81421, Stainless Steel"
Faucets,Vignette Prime,3972,4-Way Diverter,Parent,1391,4-Way Diverter - Chrome,VGP-CHR-81421,Chrome,https://www.jaquar.com/images/thumbs/0059757_4-way-diverter-chrome_960.jpeg,4200.00,"4-Way Divertor for Concealed Fitting with Built-in Non-Return Valves with Divertor Handle
",https://www.jaquar.com/en/vignette-chrome-4-way-diverter?Id=3972,"Vignette Prime, VGP-CHR-81421, Chrome"
Faucets,Vignette Prime,3972,4-Way Diverter,Variant,1391,4-Way Diverter - Antique Bronze,VGP-ABR-81421,Antique Bronze,https://www.jaquar.com/images/thumbs/0059954_4-way-diverter-antique-bronze_960.jpeg,6650.00,"4-Way Divertor for Concealed Fitting with Built-in Non-Return Valves with Divertor Handle
",https://www.jaquar.com/en/vignette-chrome-4-way-diverter?Id=3972,"Vignette Prime, VGP-ABR-81421, Antique Bronze"
Faucets,Vignette Prime,3972,4-Way Diverter,Variant,1391,4-Way Diverter - Antique Copper,VGP-ACR-81421,Antique Copper,https://www.jaquar.com/images/thumbs/0059998_4-way-diverter-antique-copper_960.jpeg,6650.00,"4-Way Divertor for Concealed Fitting with Built-in Non-Return Valves with Divertor Handle
",https://www.jaquar.com/en/vignette-chrome-4-way-diverter?Id=3972,"Vignette Prime, VGP-ACR-81421, Antique Copper"
Faucets,Vignette Prime,3972,4-Way Diverter,Variant,1391,4-Way Diverter - Black Chrome,VGP-BCH-81421,Black Chrome,https://www.jaquar.com/images/thumbs/0059759_4-way-diverter-black-chrome_960.jpeg,5750.00,"4-Way Divertor for Concealed Fitting with Built-in Non-Return Valves with Divertor Handle
",https://www.jaquar.com/en/vignette-chrome-4-way-diverter?Id=3972,"Vignette Prime, VGP-BCH-81421, Black Chrome"
Faucets,Vignette Prime,3972,4-Way Diverter,Variant,1391,4-Way Diverter - Black Matt,VGP-BLM-81421,Black Matt,https://www.jaquar.com/images/thumbs/0059758_4-way-diverter-black-matt_960.jpeg,5750.00,"4-Way Divertor for Concealed Fitting with Built-in Non-Return Valves with Divertor Handle
",https://www.jaquar.com/en/vignette-chrome-4-way-diverter?Id=3972,"Vignette Prime, VGP-BLM-81421, Black Matt"
Faucets,Vignette Prime,3972,4-Way Diverter,Variant,1391,4-Way Diverter - Graphite,VGP-GRF-81421,Graphite,https://www.jaquar.com/images/thumbs/0059755_4-way-diverter-graphite_960.jpeg,6650.00,"4-Way Divertor for Concealed Fitting with Built-in Non-Return Valves with Divertor Handle
",https://www.jaquar.com/en/vignette-chrome-4-way-diverter?Id=3972,"Vignette Prime, VGP-GRF-81421, Graphite"
Faucets,Vignette Prime,3972,4-Way Diverter,Variant,1391,4-Way Diverter - Stainless Steel,VGP-SSF-81421,Stainless Steel,https://www.jaquar.com/images/thumbs/0059994_4-way-diverter-stainless-steel_960.jpeg,6650.00,"4-Way Divertor for Concealed Fitting with Built-in Non-Return Valves with Divertor Handle
",https://www.jaquar.com/en/vignette-chrome-4-way-diverter?Id=3972,"Vignette Prime, VGP-SSF-81421, Stainless Steel"
Faucets,Vignette Prime,3964,4-Way Diverter,Parent,1391,4-Way Diverter - Chrome,VGP-CHR-81421,Chrome,https://www.jaquar.com/images/thumbs/0059757_4-way-diverter-chrome_960.jpeg,4200.00,"4-Way Divertor for Concealed Fitting with Built-in Non-Return Valves with Divertor Handle
",https://www.jaquar.com/en/vignette-chrome-4-way-diverter?Id=3964,"Vignette Prime, VGP-CHR-81421, Chrome"
Faucets,Vignette Prime,3964,4-Way Diverter,Variant,1391,4-Way Diverter - Antique Bronze,VGP-ABR-81421,Antique Bronze,https://www.jaquar.com/images/thumbs/0059954_4-way-diverter-antique-bronze_960.jpeg,6650.00,"4-Way Divertor for Concealed Fitting with Built-in Non-Return Valves with Divertor Handle
",https://www.jaquar.com/en/vignette-chrome-4-way-diverter?Id=3964,"Vignette Prime, VGP-ABR-81421, Antique Bronze"
Faucets,Vignette Prime,3964,4-Way Diverter,Variant,1391,4-Way Diverter - Antique Copper,VGP-ACR-81421,Antique Copper,https://www.jaquar.com/images/thumbs/0059998_4-way-diverter-antique-copper_960.jpeg,6650.00,"4-Way Divertor for Concealed Fitting with Built-in Non-Return Valves with Divertor Handle
",https://www.jaquar.com/en/vignette-chrome-4-way-diverter?Id=3964,"Vignette Prime, VGP-ACR-81421, Antique Copper"
Faucets,Vignette Prime,3964,4-Way Diverter,Variant,1391,4-Way Diverter - Black Chrome,VGP-BCH-81421,Black Chrome,https://www.jaquar.com/images/thumbs/0059759_4-way-diverter-black-chrome_960.jpeg,5750.00,"4-Way Divertor for Concealed Fitting with Built-in Non-Return Valves with Divertor Handle
",https://www.jaquar.com/en/vignette-chrome-4-way-diverter?Id=3964,"Vignette Prime, VGP-BCH-81421, Black Chrome"
Faucets,Vignette Prime,3964,4-Way Diverter,Variant,1391,4-Way Diverter - Black Matt,VGP-BLM-81421,Black Matt,https://www.jaquar.com/images/thumbs/0059758_4-way-diverter-black-matt_960.jpeg,5750.00,"4-Way Divertor for Concealed Fitting with Built-in Non-Return Valves with Divertor Handle
",https://www.jaquar.com/en/vignette-chrome-4-way-diverter?Id=3964,"Vignette Prime, VGP-BLM-81421, Black Matt"
Faucets,Vignette Prime,3964,4-Way Diverter,Variant,1391,4-Way Diverter - Graphite,VGP-GRF-81421,Graphite,https://www.jaquar.com/images/thumbs/0059755_4-way-diverter-graphite_960.jpeg,6650.00,"4-Way Divertor for Concealed Fitting with Built-in Non-Return Valves with Divertor Handle
",https://www.jaquar.com/en/vignette-chrome-4-way-diverter?Id=3964,"Vignette Prime, VGP-GRF-81421, Graphite"
Faucets,Vignette Prime,3964,4-Way Diverter,Variant,1391,4-Way Diverter - Stainless Steel,VGP-SSF-81421,Stainless Steel,https://www.jaquar.com/images/thumbs/0059994_4-way-diverter-stainless-steel_960.jpeg,6650.00,"4-Way Divertor for Concealed Fitting with Built-in Non-Return Valves with Divertor Handle
",https://www.jaquar.com/en/vignette-chrome-4-way-diverter?Id=3964,"Vignette Prime, VGP-SSF-81421, Stainless Steel"
Faucets,Vignette Prime,3885,Bib Cock,Parent,945,Bib Cock - Chrome,VGP-CHR-81037,Chrome,https://www.jaquar.com/images/thumbs/0060149_bib-cock-chrome_960.jpeg,2475.00,Bib Cock with Wall Flange,https://www.jaquar.com/en/chrome-angular-bib-cock-vignette?Id=3885,"Vignette Prime, VGP-CHR-81037, Chrome"
Faucets,Vignette Prime,3885,Bib Cock,Variant,945,Bib Cock - Antique Bronze,VGP-ABR-81037,Antique Bronze,https://www.jaquar.com/images/thumbs/0055919_bib-cock-antique-bronze_960.jpeg,4150.00,Bib Cock with Wall Flange,https://www.jaquar.com/en/chrome-angular-bib-cock-vignette?Id=3885,"Vignette Prime, VGP-ABR-81037, Antique Bronze"
Faucets,Vignette Prime,3885,Bib Cock,Variant,945,Bib Cock - Antique Copper,VGP-ACR-81037,Antique Copper,https://www.jaquar.com/images/thumbs/0057024_bib-cock-antique-copper_960.jpeg,4150.00,Bib Cock with Wall Flange,https://www.jaquar.com/en/chrome-angular-bib-cock-vignette?Id=3885,"Vignette Prime, VGP-ACR-81037, Antique Copper"
Faucets,Vignette Prime,3885,Bib Cock,Variant,945,Bib Cock - Black Chrome,VGP-BCH-81037,Black Chrome,https://www.jaquar.com/images/thumbs/0054856_bib-cock-black-chrome_960.jpeg,3650.00,Bib Cock with Wall Flange,https://www.jaquar.com/en/chrome-angular-bib-cock-vignette?Id=3885,"Vignette Prime, VGP-BCH-81037, Black Chrome"
Faucets,Vignette Prime,3885,Bib Cock,Variant,945,Bib Cock - Black Matt,VGP-BLM-81037,Black Matt,https://www.jaquar.com/images/thumbs/0055050_bib-cock-black-matt_960.jpeg,3650.00,Bib Cock with Wall Flange,https://www.jaquar.com/en/chrome-angular-bib-cock-vignette?Id=3885,"Vignette Prime, VGP-BLM-81037, Black Matt"
Faucets,Vignette Prime,3885,Bib Cock,Variant,945,Bib Cock - Graphite,VGP-GRF-81037,Graphite,https://www.jaquar.com/images/thumbs/0054690_bib-cock-graphite_960.jpeg,4150.00,Bib Cock with Wall Flange,https://www.jaquar.com/en/chrome-angular-bib-cock-vignette?Id=3885,"Vignette Prime, VGP-GRF-81037, Graphite"
Faucets,Vignette Prime,3885,Bib Cock,Variant,945,Bib Cock - Stainless Steel,VGP-SSF-81037,Stainless Steel,https://www.jaquar.com/images/thumbs/0059430_bib-cock-stainless-steel_960.jpeg,4150.00,Bib Cock with Wall Flange,https://www.jaquar.com/en/chrome-angular-bib-cock-vignette?Id=3885,"Vignette Prime, VGP-SSF-81037, Stainless Steel"
Faucets,Vignette Prime,3886,Bib Cock,Parent,945,Bib Cock - Chrome,VGP-CHR-81037,Chrome,https://www.jaquar.com/images/thumbs/0060149_bib-cock-chrome_960.jpeg,2475.00,Bib Cock with Wall Flange,https://www.jaquar.com/en/chrome-angular-bib-cock-vignette?Id=3886,"Vignette Prime, VGP-CHR-81037, Chrome"
Faucets,Vignette Prime,3886,Bib Cock,Variant,945,Bib Cock - Antique Bronze,VGP-ABR-81037,Antique Bronze,https://www.jaquar.com/images/thumbs/0055919_bib-cock-antique-bronze_960.jpeg,4150.00,Bib Cock with Wall Flange,https://www.jaquar.com/en/chrome-angular-bib-cock-vignette?Id=3886,"Vignette Prime, VGP-ABR-81037, Antique Bronze"
Faucets,Vignette Prime,3886,Bib Cock,Variant,945,Bib Cock - Antique Copper,VGP-ACR-81037,Antique Copper,https://www.jaquar.com/images/thumbs/0057024_bib-cock-antique-copper_960.jpeg,4150.00,Bib Cock with Wall Flange,https://www.jaquar.com/en/chrome-angular-bib-cock-vignette?Id=3886,"Vignette Prime, VGP-ACR-81037, Antique Copper"
Faucets,Vignette Prime,3886,Bib Cock,Variant,945,Bib Cock - Black Chrome,VGP-BCH-81037,Black Chrome,https://www.jaquar.com/images/thumbs/0054856_bib-cock-black-chrome_960.jpeg,3650.00,Bib Cock with Wall Flange,https://www.jaquar.com/en/chrome-angular-bib-cock-vignette?Id=3886,"Vignette Prime, VGP-BCH-81037, Black Chrome"
Faucets,Vignette Prime,3886,Bib Cock,Variant,945,Bib Cock - Black Matt,VGP-BLM-81037,Black Matt,https://www.jaquar.com/images/thumbs/0055050_bib-cock-black-matt_960.jpeg,3650.00,Bib Cock with Wall Flange,https://www.jaquar.com/en/chrome-angular-bib-cock-vignette?Id=3886,"Vignette Prime, VGP-BLM-81037, Black Matt"
Faucets,Vignette Prime,3886,Bib Cock,Variant,945,Bib Cock - Graphite,VGP-GRF-81037,Graphite,https://www.jaquar.com/images/thumbs/0054690_bib-cock-graphite_960.jpeg,4150.00,Bib Cock with Wall Flange,https://www.jaquar.com/en/chrome-angular-bib-cock-vignette?Id=3886,"Vignette Prime, VGP-GRF-81037, Graphite"
Faucets,Vignette Prime,3886,Bib Cock,Variant,945,Bib Cock - Stainless Steel,VGP-SSF-81037,Stainless Steel,https://www.jaquar.com/images/thumbs/0059430_bib-cock-stainless-steel_960.jpeg,4150.00,Bib Cock with Wall Flange,https://www.jaquar.com/en/chrome-angular-bib-cock-vignette?Id=3886,"Vignette Prime, VGP-SSF-81037, Stainless Steel"
Faucets,Vignette Prime,3887,Bib Cock,Parent,945,Bib Cock - Chrome,VGP-CHR-81037,Chrome,https://www.jaquar.com/images/thumbs/0060149_bib-cock-chrome_960.jpeg,2475.00,Bib Cock with Wall Flange,https://www.jaquar.com/en/chrome-angular-bib-cock-vignette?Id=3887,"Vignette Prime, VGP-CHR-81037, Chrome"
Faucets,Vignette Prime,3887,Bib Cock,Variant,945,Bib Cock - Antique Bronze,VGP-ABR-81037,Antique Bronze,https://www.jaquar.com/images/thumbs/0055919_bib-cock-antique-bronze_960.jpeg,4150.00,Bib Cock with Wall Flange,https://www.jaquar.com/en/chrome-angular-bib-cock-vignette?Id=3887,"Vignette Prime, VGP-ABR-81037, Antique Bronze"
Faucets,Vignette Prime,3887,Bib Cock,Variant,945,Bib Cock - Antique Copper,VGP-ACR-81037,Antique Copper,https://www.jaquar.com/images/thumbs/0057024_bib-cock-antique-copper_960.jpeg,4150.00,Bib Cock with Wall Flange,https://www.jaquar.com/en/chrome-angular-bib-cock-vignette?Id=3887,"Vignette Prime, VGP-ACR-81037, Antique Copper"
Faucets,Vignette Prime,3887,Bib Cock,Variant,945,Bib Cock - Black Chrome,VGP-BCH-81037,Black Chrome,https://www.jaquar.com/images/thumbs/0054856_bib-cock-black-chrome_960.jpeg,3650.00,Bib Cock with Wall Flange,https://www.jaquar.com/en/chrome-angular-bib-cock-vignette?Id=3887,"Vignette Prime, VGP-BCH-81037, Black Chrome"
Faucets,Vignette Prime,3887,Bib Cock,Variant,945,Bib Cock - Black Matt,VGP-BLM-81037,Black Matt,https://www.jaquar.com/images/thumbs/0055050_bib-cock-black-matt_960.jpeg,3650.00,Bib Cock with Wall Flange,https://www.jaquar.com/en/chrome-angular-bib-cock-vignette?Id=3887,"Vignette Prime, VGP-BLM-81037, Black Matt"
Faucets,Vignette Prime,3887,Bib Cock,Variant,945,Bib Cock - Graphite,VGP-GRF-81037,Graphite,https://www.jaquar.com/images/thumbs/0054690_bib-cock-graphite_960.jpeg,4150.00,Bib Cock with Wall Flange,https://www.jaquar.com/en/chrome-angular-bib-cock-vignette?Id=3887,"Vignette Prime, VGP-GRF-81037, Graphite"
Faucets,Vignette Prime,3887,Bib Cock,Variant,945,Bib Cock - Stainless Steel,VGP-SSF-81037,Stainless Steel,https://www.jaquar.com/images/thumbs/0059430_bib-cock-stainless-steel_960.jpeg,4150.00,Bib Cock with Wall Flange,https://www.jaquar.com/en/chrome-angular-bib-cock-vignette?Id=3887,"Vignette Prime, VGP-SSF-81037, Stainless Steel"
Faucets,Vignette Prime,3888,Bib Cock,Parent,945,Bib Cock - Chrome,VGP-CHR-81037,Chrome,https://www.jaquar.com/images/thumbs/0060149_bib-cock-chrome_960.jpeg,2475.00,Bib Cock with Wall Flange,https://www.jaquar.com/en/chrome-angular-bib-cock-vignette?Id=3888,"Vignette Prime, VGP-CHR-81037, Chrome"
Faucets,Vignette Prime,3888,Bib Cock,Variant,945,Bib Cock - Antique Bronze,VGP-ABR-81037,Antique Bronze,https://www.jaquar.com/images/thumbs/0055919_bib-cock-antique-bronze_960.jpeg,4150.00,Bib Cock with Wall Flange,https://www.jaquar.com/en/chrome-angular-bib-cock-vignette?Id=3888,"Vignette Prime, VGP-ABR-81037, Antique Bronze"
Faucets,Vignette Prime,3888,Bib Cock,Variant,945,Bib Cock - Antique Copper,VGP-ACR-81037,Antique Copper,https://www.jaquar.com/images/thumbs/0057024_bib-cock-antique-copper_960.jpeg,4150.00,Bib Cock with Wall Flange,https://www.jaquar.com/en/chrome-angular-bib-cock-vignette?Id=3888,"Vignette Prime, VGP-ACR-81037, Antique Copper"
Faucets,Vignette Prime,3888,Bib Cock,Variant,945,Bib Cock - Black Chrome,VGP-BCH-81037,Black Chrome,https://www.jaquar.com/images/thumbs/0054856_bib-cock-black-chrome_960.jpeg,3650.00,Bib Cock with Wall Flange,https://www.jaquar.com/en/chrome-angular-bib-cock-vignette?Id=3888,"Vignette Prime, VGP-BCH-81037, Black Chrome"
Faucets,Vignette Prime,3888,Bib Cock,Variant,945,Bib Cock - Black Matt,VGP-BLM-81037,Black Matt,https://www.jaquar.com/images/thumbs/0055050_bib-cock-black-matt_960.jpeg,3650.00,Bib Cock with Wall Flange,https://www.jaquar.com/en/chrome-angular-bib-cock-vignette?Id=3888,"Vignette Prime, VGP-BLM-81037, Black Matt"
Faucets,Vignette Prime,3888,Bib Cock,Variant,945,Bib Cock - Graphite,VGP-GRF-81037,Graphite,https://www.jaquar.com/images/thumbs/0054690_bib-cock-graphite_960.jpeg,4150.00,Bib Cock with Wall Flange,https://www.jaquar.com/en/chrome-angular-bib-cock-vignette?Id=3888,"Vignette Prime, VGP-GRF-81037, Graphite"
Faucets,Vignette Prime,3888,Bib Cock,Variant,945,Bib Cock - Stainless Steel,VGP-SSF-81037,Stainless Steel,https://www.jaquar.com/images/thumbs/0059430_bib-cock-stainless-steel_960.jpeg,4150.00,Bib Cock with Wall Flange,https://www.jaquar.com/en/chrome-angular-bib-cock-vignette?Id=3888,"Vignette Prime, VGP-SSF-81037, Stainless Steel"
Faucets,Vignette Prime,3884,Bib Cock,Parent,945,Bib Cock - Chrome,VGP-CHR-81037,Chrome,https://www.jaquar.com/images/thumbs/0060149_bib-cock-chrome_960.jpeg,2475.00,Bib Cock with Wall Flange,https://www.jaquar.com/en/chrome-angular-bib-cock-vignette?Id=3884,"Vignette Prime, VGP-CHR-81037, Chrome"
Faucets,Vignette Prime,3884,Bib Cock,Variant,945,Bib Cock - Antique Bronze,VGP-ABR-81037,Antique Bronze,https://www.jaquar.com/images/thumbs/0055919_bib-cock-antique-bronze_960.jpeg,4150.00,Bib Cock with Wall Flange,https://www.jaquar.com/en/chrome-angular-bib-cock-vignette?Id=3884,"Vignette Prime, VGP-ABR-81037, Antique Bronze"
Faucets,Vignette Prime,3884,Bib Cock,Variant,945,Bib Cock - Antique Copper,VGP-ACR-81037,Antique Copper,https://www.jaquar.com/images/thumbs/0057024_bib-cock-antique-copper_960.jpeg,4150.00,Bib Cock with Wall Flange,https://www.jaquar.com/en/chrome-angular-bib-cock-vignette?Id=3884,"Vignette Prime, VGP-ACR-81037, Antique Copper"
Faucets,Vignette Prime,3884,Bib Cock,Variant,945,Bib Cock - Black Chrome,VGP-BCH-81037,Black Chrome,https://www.jaquar.com/images/thumbs/0054856_bib-cock-black-chrome_960.jpeg,3650.00,Bib Cock with Wall Flange,https://www.jaquar.com/en/chrome-angular-bib-cock-vignette?Id=3884,"Vignette Prime, VGP-BCH-81037, Black Chrome"
Faucets,Vignette Prime,3884,Bib Cock,Variant,945,Bib Cock - Black Matt,VGP-BLM-81037,Black Matt,https://www.jaquar.com/images/thumbs/0055050_bib-cock-black-matt_960.jpeg,3650.00,Bib Cock with Wall Flange,https://www.jaquar.com/en/chrome-angular-bib-cock-vignette?Id=3884,"Vignette Prime, VGP-BLM-81037, Black Matt"
Faucets,Vignette Prime,3884,Bib Cock,Variant,945,Bib Cock - Graphite,VGP-GRF-81037,Graphite,https://www.jaquar.com/images/thumbs/0054690_bib-cock-graphite_960.jpeg,4150.00,Bib Cock with Wall Flange,https://www.jaquar.com/en/chrome-angular-bib-cock-vignette?Id=3884,"Vignette Prime, VGP-GRF-81037, Graphite"
Faucets,Vignette Prime,3884,Bib Cock,Variant,945,Bib Cock - Stainless Steel,VGP-SSF-81037,Stainless Steel,https://www.jaquar.com/images/thumbs/0059430_bib-cock-stainless-steel_960.jpeg,4150.00,Bib Cock with Wall Flange,https://www.jaquar.com/en/chrome-angular-bib-cock-vignette?Id=3884,"Vignette Prime, VGP-SSF-81037, Stainless Steel"
Faucets,Vignette Prime,3891,Bib Cock,Parent,945,Bib Cock - Chrome,VGP-CHR-81037,Chrome,https://www.jaquar.com/images/thumbs/0060149_bib-cock-chrome_960.jpeg,2475.00,Bib Cock with Wall Flange,https://www.jaquar.com/en/chrome-angular-bib-cock-vignette?Id=3891,"Vignette Prime, VGP-CHR-81037, Chrome"
Faucets,Vignette Prime,3891,Bib Cock,Variant,945,Bib Cock - Antique Bronze,VGP-ABR-81037,Antique Bronze,https://www.jaquar.com/images/thumbs/0055919_bib-cock-antique-bronze_960.jpeg,4150.00,Bib Cock with Wall Flange,https://www.jaquar.com/en/chrome-angular-bib-cock-vignette?Id=3891,"Vignette Prime, VGP-ABR-81037, Antique Bronze"
Faucets,Vignette Prime,3891,Bib Cock,Variant,945,Bib Cock - Antique Copper,VGP-ACR-81037,Antique Copper,https://www.jaquar.com/images/thumbs/0057024_bib-cock-antique-copper_960.jpeg,4150.00,Bib Cock with Wall Flange,https://www.jaquar.com/en/chrome-angular-bib-cock-vignette?Id=3891,"Vignette Prime, VGP-ACR-81037, Antique Copper"
Faucets,Vignette Prime,3891,Bib Cock,Variant,945,Bib Cock - Black Chrome,VGP-BCH-81037,Black Chrome,https://www.jaquar.com/images/thumbs/0054856_bib-cock-black-chrome_960.jpeg,3650.00,Bib Cock with Wall Flange,https://www.jaquar.com/en/chrome-angular-bib-cock-vignette?Id=3891,"Vignette Prime, VGP-BCH-81037, Black Chrome"
Faucets,Vignette Prime,3891,Bib Cock,Variant,945,Bib Cock - Black Matt,VGP-BLM-81037,Black Matt,https://www.jaquar.com/images/thumbs/0055050_bib-cock-black-matt_960.jpeg,3650.00,Bib Cock with Wall Flange,https://www.jaquar.com/en/chrome-angular-bib-cock-vignette?Id=3891,"Vignette Prime, VGP-BLM-81037, Black Matt"
Faucets,Vignette Prime,3891,Bib Cock,Variant,945,Bib Cock - Graphite,VGP-GRF-81037,Graphite,https://www.jaquar.com/images/thumbs/0054690_bib-cock-graphite_960.jpeg,4150.00,Bib Cock with Wall Flange,https://www.jaquar.com/en/chrome-angular-bib-cock-vignette?Id=3891,"Vignette Prime, VGP-GRF-81037, Graphite"
Faucets,Vignette Prime,3891,Bib Cock,Variant,945,Bib Cock - Stainless Steel,VGP-SSF-81037,Stainless Steel,https://www.jaquar.com/images/thumbs/0059430_bib-cock-stainless-steel_960.jpeg,4150.00,Bib Cock with Wall Flange,https://www.jaquar.com/en/chrome-angular-bib-cock-vignette?Id=3891,"Vignette Prime, VGP-SSF-81037, Stainless Steel"
Faucets,Vignette Prime,3892,Bib Cock,Parent,945,Bib Cock - Chrome,VGP-CHR-81037,Chrome,https://www.jaquar.com/images/thumbs/0060149_bib-cock-chrome_960.jpeg,2475.00,Bib Cock with Wall Flange,https://www.jaquar.com/en/chrome-angular-bib-cock-vignette?Id=3892,"Vignette Prime, VGP-CHR-81037, Chrome"
Faucets,Vignette Prime,3892,Bib Cock,Variant,945,Bib Cock - Antique Bronze,VGP-ABR-81037,Antique Bronze,https://www.jaquar.com/images/thumbs/0055919_bib-cock-antique-bronze_960.jpeg,4150.00,Bib Cock with Wall Flange,https://www.jaquar.com/en/chrome-angular-bib-cock-vignette?Id=3892,"Vignette Prime, VGP-ABR-81037, Antique Bronze"
Faucets,Vignette Prime,3892,Bib Cock,Variant,945,Bib Cock - Antique Copper,VGP-ACR-81037,Antique Copper,https://www.jaquar.com/images/thumbs/0057024_bib-cock-antique-copper_960.jpeg,4150.00,Bib Cock with Wall Flange,https://www.jaquar.com/en/chrome-angular-bib-cock-vignette?Id=3892,"Vignette Prime, VGP-ACR-81037, Antique Copper"
Faucets,Vignette Prime,3892,Bib Cock,Variant,945,Bib Cock - Black Chrome,VGP-BCH-81037,Black Chrome,https://www.jaquar.com/images/thumbs/0054856_bib-cock-black-chrome_960.jpeg,3650.00,Bib Cock with Wall Flange,https://www.jaquar.com/en/chrome-angular-bib-cock-vignette?Id=3892,"Vignette Prime, VGP-BCH-81037, Black Chrome"
Faucets,Vignette Prime,3892,Bib Cock,Variant,945,Bib Cock - Black Matt,VGP-BLM-81037,Black Matt,https://www.jaquar.com/images/thumbs/0055050_bib-cock-black-matt_960.jpeg,3650.00,Bib Cock with Wall Flange,https://www.jaquar.com/en/chrome-angular-bib-cock-vignette?Id=3892,"Vignette Prime, VGP-BLM-81037, Black Matt"
Faucets,Vignette Prime,3892,Bib Cock,Variant,945,Bib Cock - Graphite,VGP-GRF-81037,Graphite,https://www.jaquar.com/images/thumbs/0054690_bib-cock-graphite_960.jpeg,4150.00,Bib Cock with Wall Flange,https://www.jaquar.com/en/chrome-angular-bib-cock-vignette?Id=3892,"Vignette Prime, VGP-GRF-81037, Graphite"
Faucets,Vignette Prime,3892,Bib Cock,Variant,945,Bib Cock - Stainless Steel,VGP-SSF-81037,Stainless Steel,https://www.jaquar.com/images/thumbs/0059430_bib-cock-stainless-steel_960.jpeg,4150.00,Bib Cock with Wall Flange,https://www.jaquar.com/en/chrome-angular-bib-cock-vignette?Id=3892,"Vignette Prime, VGP-SSF-81037, Stainless Steel"
Faucets,Vignette Prime,3895,2 Way Bib Cock,Parent,946,2 Way Bib Cock - Chrome,VGP-CHR-81041,Chrome,https://www.jaquar.com/images/thumbs/0060151_2-way-bib-cock-chrome_960.jpeg,2900.00,2 Way Bib Cock with Wall Flange,https://www.jaquar.com/en/vignette-chrome-2-way-bib-cock?Id=3895,"Vignette Prime, VGP-CHR-81041, Chrome"
Faucets,Vignette Prime,3895,2 Way Bib Cock,Variant,946,2 Way Bib Cock - Antique Bronze,VGP-ABR-81041,Antique Bronze,https://www.jaquar.com/images/thumbs/0057025_2-way-bib-cock-antique-bronze_960.jpeg,4850.00,2 Way Bib Cock with Wall Flange,https://www.jaquar.com/en/vignette-chrome-2-way-bib-cock?Id=3895,"Vignette Prime, VGP-ABR-81041, Antique Bronze"
Faucets,Vignette Prime,3895,2 Way Bib Cock,Variant,946,2 Way Bib Cock - Antique Copper,VGP-ACR-81041,Antique Copper,https://www.jaquar.com/images/thumbs/0057026_2-way-bib-cock-antique-copper_960.jpeg,4850.00,2 Way Bib Cock with Wall Flange,https://www.jaquar.com/en/vignette-chrome-2-way-bib-cock?Id=3895,"Vignette Prime, VGP-ACR-81041, Antique Copper"
Faucets,Vignette Prime,3895,2 Way Bib Cock,Variant,946,2 Way Bib Cock - Black Chrome,VGP-BCH-81041,Black Chrome,https://www.jaquar.com/images/thumbs/0055925_2-way-bib-cock-black-chrome_960.jpeg,4250.00,2 Way Bib Cock with Wall Flange,https://www.jaquar.com/en/vignette-chrome-2-way-bib-cock?Id=3895,"Vignette Prime, VGP-BCH-81041, Black Chrome"
Faucets,Vignette Prime,3895,2 Way Bib Cock,Variant,946,2 Way Bib Cock - Black Matt,VGP-BLM-81041,Black Matt,https://www.jaquar.com/images/thumbs/0055926_2-way-bib-cock-black-matt_960.jpeg,4250.00,2 Way Bib Cock with Wall Flange,https://www.jaquar.com/en/vignette-chrome-2-way-bib-cock?Id=3895,"Vignette Prime, VGP-BLM-81041, Black Matt"
Faucets,Vignette Prime,3895,2 Way Bib Cock,Variant,946,2 Way Bib Cock - Graphite,VGP-GRF-81041,Graphite,https://www.jaquar.com/images/thumbs/0057027_2-way-bib-cock-graphite_960.jpeg,4850.00,2 Way Bib Cock with Wall Flange,https://www.jaquar.com/en/vignette-chrome-2-way-bib-cock?Id=3895,"Vignette Prime, VGP-GRF-81041, Graphite"
Faucets,Vignette Prime,3895,2 Way Bib Cock,Variant,946,2 Way Bib Cock - Stainless Steel,VGP-SSF-81041,Stainless Steel,https://www.jaquar.com/images/thumbs/0057028_2-way-bib-cock-stainless-steel_960.jpeg,4850.00,2 Way Bib Cock with Wall Flange,https://www.jaquar.com/en/vignette-chrome-2-way-bib-cock?Id=3895,"Vignette Prime, VGP-SSF-81041, Stainless Steel"
Faucets,Vignette Prime,3896,2 Way Bib Cock,Parent,946,2 Way Bib Cock - Chrome,VGP-CHR-81041,Chrome,https://www.jaquar.com/images/thumbs/0060151_2-way-bib-cock-chrome_960.jpeg,2900.00,2 Way Bib Cock with Wall Flange,https://www.jaquar.com/en/vignette-chrome-2-way-bib-cock?Id=3896,"Vignette Prime, VGP-CHR-81041, Chrome"
Faucets,Vignette Prime,3896,2 Way Bib Cock,Variant,946,2 Way Bib Cock - Antique Bronze,VGP-ABR-81041,Antique Bronze,https://www.jaquar.com/images/thumbs/0057025_2-way-bib-cock-antique-bronze_960.jpeg,4850.00,2 Way Bib Cock with Wall Flange,https://www.jaquar.com/en/vignette-chrome-2-way-bib-cock?Id=3896,"Vignette Prime, VGP-ABR-81041, Antique Bronze"
Faucets,Vignette Prime,3896,2 Way Bib Cock,Variant,946,2 Way Bib Cock - Antique Copper,VGP-ACR-81041,Antique Copper,https://www.jaquar.com/images/thumbs/0057026_2-way-bib-cock-antique-copper_960.jpeg,4850.00,2 Way Bib Cock with Wall Flange,https://www.jaquar.com/en/vignette-chrome-2-way-bib-cock?Id=3896,"Vignette Prime, VGP-ACR-81041, Antique Copper"
Faucets,Vignette Prime,3896,2 Way Bib Cock,Variant,946,2 Way Bib Cock - Black Chrome,VGP-BCH-81041,Black Chrome,https://www.jaquar.com/images/thumbs/0055925_2-way-bib-cock-black-chrome_960.jpeg,4250.00,2 Way Bib Cock with Wall Flange,https://www.jaquar.com/en/vignette-chrome-2-way-bib-cock?Id=3896,"Vignette Prime, VGP-BCH-81041, Black Chrome"
Faucets,Vignette Prime,3896,2 Way Bib Cock,Variant,946,2 Way Bib Cock - Black Matt,VGP-BLM-81041,Black Matt,https://www.jaquar.com/images/thumbs/0055926_2-way-bib-cock-black-matt_960.jpeg,4250.00,2 Way Bib Cock with Wall Flange,https://www.jaquar.com/en/vignette-chrome-2-way-bib-cock?Id=3896,"Vignette Prime, VGP-BLM-81041, Black Matt"
Faucets,Vignette Prime,3896,2 Way Bib Cock,Variant,946,2 Way Bib Cock - Graphite,VGP-GRF-81041,Graphite,https://www.jaquar.com/images/thumbs/0057027_2-way-bib-cock-graphite_960.jpeg,4850.00,2 Way Bib Cock with Wall Flange,https://www.jaquar.com/en/vignette-chrome-2-way-bib-cock?Id=3896,"Vignette Prime, VGP-GRF-81041, Graphite"
Faucets,Vignette Prime,3896,2 Way Bib Cock,Variant,946,2 Way Bib Cock - Stainless Steel,VGP-SSF-81041,Stainless Steel,https://www.jaquar.com/images/thumbs/0057028_2-way-bib-cock-stainless-steel_960.jpeg,4850.00,2 Way Bib Cock with Wall Flange,https://www.jaquar.com/en/vignette-chrome-2-way-bib-cock?Id=3896,"Vignette Prime, VGP-SSF-81041, Stainless Steel"
Faucets,Vignette Prime,3897,2 Way Bib Cock,Parent,946,2 Way Bib Cock - Chrome,VGP-CHR-81041,Chrome,https://www.jaquar.com/images/thumbs/0060151_2-way-bib-cock-chrome_960.jpeg,2900.00,2 Way Bib Cock with Wall Flange,https://www.jaquar.com/en/vignette-chrome-2-way-bib-cock?Id=3897,"Vignette Prime, VGP-CHR-81041, Chrome"
Faucets,Vignette Prime,3897,2 Way Bib Cock,Variant,946,2 Way Bib Cock - Antique Bronze,VGP-ABR-81041,Antique Bronze,https://www.jaquar.com/images/thumbs/0057025_2-way-bib-cock-antique-bronze_960.jpeg,4850.00,2 Way Bib Cock with Wall Flange,https://www.jaquar.com/en/vignette-chrome-2-way-bib-cock?Id=3897,"Vignette Prime, VGP-ABR-81041, Antique Bronze"
Faucets,Vignette Prime,3897,2 Way Bib Cock,Variant,946,2 Way Bib Cock - Antique Copper,VGP-ACR-81041,Antique Copper,https://www.jaquar.com/images/thumbs/0057026_2-way-bib-cock-antique-copper_960.jpeg,4850.00,2 Way Bib Cock with Wall Flange,https://www.jaquar.com/en/vignette-chrome-2-way-bib-cock?Id=3897,"Vignette Prime, VGP-ACR-81041, Antique Copper"
Faucets,Vignette Prime,3897,2 Way Bib Cock,Variant,946,2 Way Bib Cock - Black Chrome,VGP-BCH-81041,Black Chrome,https://www.jaquar.com/images/thumbs/0055925_2-way-bib-cock-black-chrome_960.jpeg,4250.00,2 Way Bib Cock with Wall Flange,https://www.jaquar.com/en/vignette-chrome-2-way-bib-cock?Id=3897,"Vignette Prime, VGP-BCH-81041, Black Chrome"
Faucets,Vignette Prime,3897,2 Way Bib Cock,Variant,946,2 Way Bib Cock - Black Matt,VGP-BLM-81041,Black Matt,https://www.jaquar.com/images/thumbs/0055926_2-way-bib-cock-black-matt_960.jpeg,4250.00,2 Way Bib Cock with Wall Flange,https://www.jaquar.com/en/vignette-chrome-2-way-bib-cock?Id=3897,"Vignette Prime, VGP-BLM-81041, Black Matt"
Faucets,Vignette Prime,3897,2 Way Bib Cock,Variant,946,2 Way Bib Cock - Graphite,VGP-GRF-81041,Graphite,https://www.jaquar.com/images/thumbs/0057027_2-way-bib-cock-graphite_960.jpeg,4850.00,2 Way Bib Cock with Wall Flange,https://www.jaquar.com/en/vignette-chrome-2-way-bib-cock?Id=3897,"Vignette Prime, VGP-GRF-81041, Graphite"
Faucets,Vignette Prime,3897,2 Way Bib Cock,Variant,946,2 Way Bib Cock - Stainless Steel,VGP-SSF-81041,Stainless Steel,https://www.jaquar.com/images/thumbs/0057028_2-way-bib-cock-stainless-steel_960.jpeg,4850.00,2 Way Bib Cock with Wall Flange,https://www.jaquar.com/en/vignette-chrome-2-way-bib-cock?Id=3897,"Vignette Prime, VGP-SSF-81041, Stainless Steel"
Faucets,Vignette Prime,3898,2 Way Bib Cock,Parent,946,2 Way Bib Cock - Chrome,VGP-CHR-81041,Chrome,https://www.jaquar.com/images/thumbs/0060151_2-way-bib-cock-chrome_960.jpeg,2900.00,2 Way Bib Cock with Wall Flange,https://www.jaquar.com/en/vignette-chrome-2-way-bib-cock?Id=3898,"Vignette Prime, VGP-CHR-81041, Chrome"
Faucets,Vignette Prime,3898,2 Way Bib Cock,Variant,946,2 Way Bib Cock - Antique Bronze,VGP-ABR-81041,Antique Bronze,https://www.jaquar.com/images/thumbs/0057025_2-way-bib-cock-antique-bronze_960.jpeg,4850.00,2 Way Bib Cock with Wall Flange,https://www.jaquar.com/en/vignette-chrome-2-way-bib-cock?Id=3898,"Vignette Prime, VGP-ABR-81041, Antique Bronze"
Faucets,Vignette Prime,3898,2 Way Bib Cock,Variant,946,2 Way Bib Cock - Antique Copper,VGP-ACR-81041,Antique Copper,https://www.jaquar.com/images/thumbs/0057026_2-way-bib-cock-antique-copper_960.jpeg,4850.00,2 Way Bib Cock with Wall Flange,https://www.jaquar.com/en/vignette-chrome-2-way-bib-cock?Id=3898,"Vignette Prime, VGP-ACR-81041, Antique Copper"
Faucets,Vignette Prime,3898,2 Way Bib Cock,Variant,946,2 Way Bib Cock - Black Chrome,VGP-BCH-81041,Black Chrome,https://www.jaquar.com/images/thumbs/0055925_2-way-bib-cock-black-chrome_960.jpeg,4250.00,2 Way Bib Cock with Wall Flange,https://www.jaquar.com/en/vignette-chrome-2-way-bib-cock?Id=3898,"Vignette Prime, VGP-BCH-81041, Black Chrome"
Faucets,Vignette Prime,3898,2 Way Bib Cock,Variant,946,2 Way Bib Cock - Black Matt,VGP-BLM-81041,Black Matt,https://www.jaquar.com/images/thumbs/0055926_2-way-bib-cock-black-matt_960.jpeg,4250.00,2 Way Bib Cock with Wall Flange,https://www.jaquar.com/en/vignette-chrome-2-way-bib-cock?Id=3898,"Vignette Prime, VGP-BLM-81041, Black Matt"
Faucets,Vignette Prime,3898,2 Way Bib Cock,Variant,946,2 Way Bib Cock - Graphite,VGP-GRF-81041,Graphite,https://www.jaquar.com/images/thumbs/0057027_2-way-bib-cock-graphite_960.jpeg,4850.00,2 Way Bib Cock with Wall Flange,https://www.jaquar.com/en/vignette-chrome-2-way-bib-cock?Id=3898,"Vignette Prime, VGP-GRF-81041, Graphite"
Faucets,Vignette Prime,3898,2 Way Bib Cock,Variant,946,2 Way Bib Cock - Stainless Steel,VGP-SSF-81041,Stainless Steel,https://www.jaquar.com/images/thumbs/0057028_2-way-bib-cock-stainless-steel_960.jpeg,4850.00,2 Way Bib Cock with Wall Flange,https://www.jaquar.com/en/vignette-chrome-2-way-bib-cock?Id=3898,"Vignette Prime, VGP-SSF-81041, Stainless Steel"
Faucets,Vignette Prime,3894,2 Way Bib Cock,Parent,946,2 Way Bib Cock - Chrome,VGP-CHR-81041,Chrome,https://www.jaquar.com/images/thumbs/0060151_2-way-bib-cock-chrome_960.jpeg,2900.00,2 Way Bib Cock with Wall Flange,https://www.jaquar.com/en/vignette-chrome-2-way-bib-cock?Id=3894,"Vignette Prime, VGP-CHR-81041, Chrome"
Faucets,Vignette Prime,3894,2 Way Bib Cock,Variant,946,2 Way Bib Cock - Antique Bronze,VGP-ABR-81041,Antique Bronze,https://www.jaquar.com/images/thumbs/0057025_2-way-bib-cock-antique-bronze_960.jpeg,4850.00,2 Way Bib Cock with Wall Flange,https://www.jaquar.com/en/vignette-chrome-2-way-bib-cock?Id=3894,"Vignette Prime, VGP-ABR-81041, Antique Bronze"
Faucets,Vignette Prime,3894,2 Way Bib Cock,Variant,946,2 Way Bib Cock - Antique Copper,VGP-ACR-81041,Antique Copper,https://www.jaquar.com/images/thumbs/0057026_2-way-bib-cock-antique-copper_960.jpeg,4850.00,2 Way Bib Cock with Wall Flange,https://www.jaquar.com/en/vignette-chrome-2-way-bib-cock?Id=3894,"Vignette Prime, VGP-ACR-81041, Antique Copper"
Faucets,Vignette Prime,3894,2 Way Bib Cock,Variant,946,2 Way Bib Cock - Black Chrome,VGP-BCH-81041,Black Chrome,https://www.jaquar.com/images/thumbs/0055925_2-way-bib-cock-black-chrome_960.jpeg,4250.00,2 Way Bib Cock with Wall Flange,https://www.jaquar.com/en/vignette-chrome-2-way-bib-cock?Id=3894,"Vignette Prime, VGP-BCH-81041, Black Chrome"
Faucets,Vignette Prime,3894,2 Way Bib Cock,Variant,946,2 Way Bib Cock - Black Matt,VGP-BLM-81041,Black Matt,https://www.jaquar.com/images/thumbs/0055926_2-way-bib-cock-black-matt_960.jpeg,4250.00,2 Way Bib Cock with Wall Flange,https://www.jaquar.com/en/vignette-chrome-2-way-bib-cock?Id=3894,"Vignette Prime, VGP-BLM-81041, Black Matt"
Faucets,Vignette Prime,3894,2 Way Bib Cock,Variant,946,2 Way Bib Cock - Graphite,VGP-GRF-81041,Graphite,https://www.jaquar.com/images/thumbs/0057027_2-way-bib-cock-graphite_960.jpeg,4850.00,2 Way Bib Cock with Wall Flange,https://www.jaquar.com/en/vignette-chrome-2-way-bib-cock?Id=3894,"Vignette Prime, VGP-GRF-81041, Graphite"
Faucets,Vignette Prime,3894,2 Way Bib Cock,Variant,946,2 Way Bib Cock - Stainless Steel,VGP-SSF-81041,Stainless Steel,https://www.jaquar.com/images/thumbs/0057028_2-way-bib-cock-stainless-steel_960.jpeg,4850.00,2 Way Bib Cock with Wall Flange,https://www.jaquar.com/en/vignette-chrome-2-way-bib-cock?Id=3894,"Vignette Prime, VGP-SSF-81041, Stainless Steel"
Faucets,Vignette Prime,3901,2 Way Bib Cock,Parent,946,2 Way Bib Cock - Chrome,VGP-CHR-81041,Chrome,https://www.jaquar.com/images/thumbs/0060151_2-way-bib-cock-chrome_960.jpeg,2900.00,2 Way Bib Cock with Wall Flange,https://www.jaquar.com/en/vignette-chrome-2-way-bib-cock?Id=3901,"Vignette Prime, VGP-CHR-81041, Chrome"
Faucets,Vignette Prime,3901,2 Way Bib Cock,Variant,946,2 Way Bib Cock - Antique Bronze,VGP-ABR-81041,Antique Bronze,https://www.jaquar.com/images/thumbs/0057025_2-way-bib-cock-antique-bronze_960.jpeg,4850.00,2 Way Bib Cock with Wall Flange,https://www.jaquar.com/en/vignette-chrome-2-way-bib-cock?Id=3901,"Vignette Prime, VGP-ABR-81041, Antique Bronze"
Faucets,Vignette Prime,3901,2 Way Bib Cock,Variant,946,2 Way Bib Cock - Antique Copper,VGP-ACR-81041,Antique Copper,https://www.jaquar.com/images/thumbs/0057026_2-way-bib-cock-antique-copper_960.jpeg,4850.00,2 Way Bib Cock with Wall Flange,https://www.jaquar.com/en/vignette-chrome-2-way-bib-cock?Id=3901,"Vignette Prime, VGP-ACR-81041, Antique Copper"
Faucets,Vignette Prime,3901,2 Way Bib Cock,Variant,946,2 Way Bib Cock - Black Chrome,VGP-BCH-81041,Black Chrome,https://www.jaquar.com/images/thumbs/0055925_2-way-bib-cock-black-chrome_960.jpeg,4250.00,2 Way Bib Cock with Wall Flange,https://www.jaquar.com/en/vignette-chrome-2-way-bib-cock?Id=3901,"Vignette Prime, VGP-BCH-81041, Black Chrome"
Faucets,Vignette Prime,3901,2 Way Bib Cock,Variant,946,2 Way Bib Cock - Black Matt,VGP-BLM-81041,Black Matt,https://www.jaquar.com/images/thumbs/0055926_2-way-bib-cock-black-matt_960.jpeg,4250.00,2 Way Bib Cock with Wall Flange,https://www.jaquar.com/en/vignette-chrome-2-way-bib-cock?Id=3901,"Vignette Prime, VGP-BLM-81041, Black Matt"
Faucets,Vignette Prime,3901,2 Way Bib Cock,Variant,946,2 Way Bib Cock - Graphite,VGP-GRF-81041,Graphite,https://www.jaquar.com/images/thumbs/0057027_2-way-bib-cock-graphite_960.jpeg,4850.00,2 Way Bib Cock with Wall Flange,https://www.jaquar.com/en/vignette-chrome-2-way-bib-cock?Id=3901,"Vignette Prime, VGP-GRF-81041, Graphite"
Faucets,Vignette Prime,3901,2 Way Bib Cock,Variant,946,2 Way Bib Cock - Stainless Steel,VGP-SSF-81041,Stainless Steel,https://www.jaquar.com/images/thumbs/0057028_2-way-bib-cock-stainless-steel_960.jpeg,4850.00,2 Way Bib Cock with Wall Flange,https://www.jaquar.com/en/vignette-chrome-2-way-bib-cock?Id=3901,"Vignette Prime, VGP-SSF-81041, Stainless Steel"
Faucets,Vignette Prime,3902,2 Way Bib Cock,Parent,946,2 Way Bib Cock - Chrome,VGP-CHR-81041,Chrome,https://www.jaquar.com/images/thumbs/0060151_2-way-bib-cock-chrome_960.jpeg,2900.00,2 Way Bib Cock with Wall Flange,https://www.jaquar.com/en/vignette-chrome-2-way-bib-cock?Id=3902,"Vignette Prime, VGP-CHR-81041, Chrome"
Faucets,Vignette Prime,3902,2 Way Bib Cock,Variant,946,2 Way Bib Cock - Antique Bronze,VGP-ABR-81041,Antique Bronze,https://www.jaquar.com/images/thumbs/0057025_2-way-bib-cock-antique-bronze_960.jpeg,4850.00,2 Way Bib Cock with Wall Flange,https://www.jaquar.com/en/vignette-chrome-2-way-bib-cock?Id=3902,"Vignette Prime, VGP-ABR-81041, Antique Bronze"
Faucets,Vignette Prime,3902,2 Way Bib Cock,Variant,946,2 Way Bib Cock - Antique Copper,VGP-ACR-81041,Antique Copper,https://www.jaquar.com/images/thumbs/0057026_2-way-bib-cock-antique-copper_960.jpeg,4850.00,2 Way Bib Cock with Wall Flange,https://www.jaquar.com/en/vignette-chrome-2-way-bib-cock?Id=3902,"Vignette Prime, VGP-ACR-81041, Antique Copper"
Faucets,Vignette Prime,3902,2 Way Bib Cock,Variant,946,2 Way Bib Cock - Black Chrome,VGP-BCH-81041,Black Chrome,https://www.jaquar.com/images/thumbs/0055925_2-way-bib-cock-black-chrome_960.jpeg,4250.00,2 Way Bib Cock with Wall Flange,https://www.jaquar.com/en/vignette-chrome-2-way-bib-cock?Id=3902,"Vignette Prime, VGP-BCH-81041, Black Chrome"
Faucets,Vignette Prime,3902,2 Way Bib Cock,Variant,946,2 Way Bib Cock - Black Matt,VGP-BLM-81041,Black Matt,https://www.jaquar.com/images/thumbs/0055926_2-way-bib-cock-black-matt_960.jpeg,4250.00,2 Way Bib Cock with Wall Flange,https://www.jaquar.com/en/vignette-chrome-2-way-bib-cock?Id=3902,"Vignette Prime, VGP-BLM-81041, Black Matt"
Faucets,Vignette Prime,3902,2 Way Bib Cock,Variant,946,2 Way Bib Cock - Graphite,VGP-GRF-81041,Graphite,https://www.jaquar.com/images/thumbs/0057027_2-way-bib-cock-graphite_960.jpeg,4850.00,2 Way Bib Cock with Wall Flange,https://www.jaquar.com/en/vignette-chrome-2-way-bib-cock?Id=3902,"Vignette Prime, VGP-GRF-81041, Graphite"
Faucets,Vignette Prime,3902,2 Way Bib Cock,Variant,946,2 Way Bib Cock - Stainless Steel,VGP-SSF-81041,Stainless Steel,https://www.jaquar.com/images/thumbs/0057028_2-way-bib-cock-stainless-steel_960.jpeg,4850.00,2 Way Bib Cock with Wall Flange,https://www.jaquar.com/en/vignette-chrome-2-way-bib-cock?Id=3902,"Vignette Prime, VGP-SSF-81041, Stainless Steel"
Faucets,Vignette Prime,3905,Angular Stop Cock,Parent,947,Angular Stop Cock - Chrome,VGP-CHR-81053,Chrome,https://www.jaquar.com/images/thumbs/0059613_angular-stop-cock-chrome_960.jpeg,1375.00,Angular Stop Cock with Wall Flange,https://www.jaquar.com/en/vignette-chrome-color-angle-valve?Id=3905,"Vignette Prime, VGP-CHR-81053, Chrome"
Faucets,Vignette Prime,3905,Angular Stop Cock,Variant,947,Angular Stop Cock - Antique Bronze,VGP-ABR-81053,Antique Bronze,https://www.jaquar.com/images/thumbs/0059617_angular-stop-cock-antique-bronze_960.jpeg,2300.00,Angular Stop Cock with Wall Flange,https://www.jaquar.com/en/vignette-chrome-color-angle-valve?Id=3905,"Vignette Prime, VGP-ABR-81053, Antique Bronze"
Faucets,Vignette Prime,3905,Angular Stop Cock,Variant,947,Angular Stop Cock - Antique Copper,VGP-ACR-81053,Antique Copper,https://www.jaquar.com/images/thumbs/0059616_angular-stop-cock-antique-copper_960.jpeg,2300.00,Angular Stop Cock with Wall Flange,https://www.jaquar.com/en/vignette-chrome-color-angle-valve?Id=3905,"Vignette Prime, VGP-ACR-81053, Antique Copper"
Faucets,Vignette Prime,3905,Angular Stop Cock,Variant,947,Angular Stop Cock - Black Chrome,VGP-BCH-81053,Black Chrome,https://www.jaquar.com/images/thumbs/0059615_angular-stop-cock-black-chrome_960.jpeg,2025.00,Angular Stop Cock with Wall Flange,https://www.jaquar.com/en/vignette-chrome-color-angle-valve?Id=3905,"Vignette Prime, VGP-BCH-81053, Black Chrome"
Faucets,Vignette Prime,3905,Angular Stop Cock,Variant,947,Angular Stop Cock - Black Matt,VGP-BLM-81053,Black Matt,https://www.jaquar.com/images/thumbs/0059614_angular-stop-cock-black-matt_960.jpeg,2025.00,Angular Stop Cock with Wall Flange,https://www.jaquar.com/en/vignette-chrome-color-angle-valve?Id=3905,"Vignette Prime, VGP-BLM-81053, Black Matt"
Faucets,Vignette Prime,3905,Angular Stop Cock,Variant,947,Angular Stop Cock - Graphite,VGP-GRF-81053,Graphite,https://www.jaquar.com/images/thumbs/0059611_angular-stop-cock-graphite_960.jpeg,2300.00,Angular Stop Cock with Wall Flange,https://www.jaquar.com/en/vignette-chrome-color-angle-valve?Id=3905,"Vignette Prime, VGP-GRF-81053, Graphite"
Faucets,Vignette Prime,3905,Angular Stop Cock,Variant,947,Angular Stop Cock - Stainless Steel,VGP-SSF-81053,Stainless Steel,https://www.jaquar.com/images/thumbs/0059610_angular-stop-cock-stainless-steel_960.jpeg,2300.00,Angular Stop Cock with Wall Flange,https://www.jaquar.com/en/vignette-chrome-color-angle-valve?Id=3905,"Vignette Prime, VGP-SSF-81053, Stainless Steel"
Faucets,Vignette Prime,3906,Angular Stop Cock,Parent,947,Angular Stop Cock - Chrome,VGP-CHR-81053,Chrome,https://www.jaquar.com/images/thumbs/0059613_angular-stop-cock-chrome_960.jpeg,1375.00,Angular Stop Cock with Wall Flange,https://www.jaquar.com/en/vignette-chrome-color-angle-valve?Id=3906,"Vignette Prime, VGP-CHR-81053, Chrome"
Faucets,Vignette Prime,3906,Angular Stop Cock,Variant,947,Angular Stop Cock - Antique Bronze,VGP-ABR-81053,Antique Bronze,https://www.jaquar.com/images/thumbs/0059617_angular-stop-cock-antique-bronze_960.jpeg,2300.00,Angular Stop Cock with Wall Flange,https://www.jaquar.com/en/vignette-chrome-color-angle-valve?Id=3906,"Vignette Prime, VGP-ABR-81053, Antique Bronze"
Faucets,Vignette Prime,3906,Angular Stop Cock,Variant,947,Angular Stop Cock - Antique Copper,VGP-ACR-81053,Antique Copper,https://www.jaquar.com/images/thumbs/0059616_angular-stop-cock-antique-copper_960.jpeg,2300.00,Angular Stop Cock with Wall Flange,https://www.jaquar.com/en/vignette-chrome-color-angle-valve?Id=3906,"Vignette Prime, VGP-ACR-81053, Antique Copper"
Faucets,Vignette Prime,3906,Angular Stop Cock,Variant,947,Angular Stop Cock - Black Chrome,VGP-BCH-81053,Black Chrome,https://www.jaquar.com/images/thumbs/0059615_angular-stop-cock-black-chrome_960.jpeg,2025.00,Angular Stop Cock with Wall Flange,https://www.jaquar.com/en/vignette-chrome-color-angle-valve?Id=3906,"Vignette Prime, VGP-BCH-81053, Black Chrome"
Faucets,Vignette Prime,3906,Angular Stop Cock,Variant,947,Angular Stop Cock - Black Matt,VGP-BLM-81053,Black Matt,https://www.jaquar.com/images/thumbs/0059614_angular-stop-cock-black-matt_960.jpeg,2025.00,Angular Stop Cock with Wall Flange,https://www.jaquar.com/en/vignette-chrome-color-angle-valve?Id=3906,"Vignette Prime, VGP-BLM-81053, Black Matt"
Faucets,Vignette Prime,3906,Angular Stop Cock,Variant,947,Angular Stop Cock - Graphite,VGP-GRF-81053,Graphite,https://www.jaquar.com/images/thumbs/0059611_angular-stop-cock-graphite_960.jpeg,2300.00,Angular Stop Cock with Wall Flange,https://www.jaquar.com/en/vignette-chrome-color-angle-valve?Id=3906,"Vignette Prime, VGP-GRF-81053, Graphite"
Faucets,Vignette Prime,3906,Angular Stop Cock,Variant,947,Angular Stop Cock - Stainless Steel,VGP-SSF-81053,Stainless Steel,https://www.jaquar.com/images/thumbs/0059610_angular-stop-cock-stainless-steel_960.jpeg,2300.00,Angular Stop Cock with Wall Flange,https://www.jaquar.com/en/vignette-chrome-color-angle-valve?Id=3906,"Vignette Prime, VGP-SSF-81053, Stainless Steel"
Faucets,Vignette Prime,3907,Angular Stop Cock,Parent,947,Angular Stop Cock - Chrome,VGP-CHR-81053,Chrome,https://www.jaquar.com/images/thumbs/0059613_angular-stop-cock-chrome_960.jpeg,1375.00,Angular Stop Cock with Wall Flange,https://www.jaquar.com/en/vignette-chrome-color-angle-valve?Id=3907,"Vignette Prime, VGP-CHR-81053, Chrome"
Faucets,Vignette Prime,3907,Angular Stop Cock,Variant,947,Angular Stop Cock - Antique Bronze,VGP-ABR-81053,Antique Bronze,https://www.jaquar.com/images/thumbs/0059617_angular-stop-cock-antique-bronze_960.jpeg,2300.00,Angular Stop Cock with Wall Flange,https://www.jaquar.com/en/vignette-chrome-color-angle-valve?Id=3907,"Vignette Prime, VGP-ABR-81053, Antique Bronze"
Faucets,Vignette Prime,3907,Angular Stop Cock,Variant,947,Angular Stop Cock - Antique Copper,VGP-ACR-81053,Antique Copper,https://www.jaquar.com/images/thumbs/0059616_angular-stop-cock-antique-copper_960.jpeg,2300.00,Angular Stop Cock with Wall Flange,https://www.jaquar.com/en/vignette-chrome-color-angle-valve?Id=3907,"Vignette Prime, VGP-ACR-81053, Antique Copper"
Faucets,Vignette Prime,3907,Angular Stop Cock,Variant,947,Angular Stop Cock - Black Chrome,VGP-BCH-81053,Black Chrome,https://www.jaquar.com/images/thumbs/0059615_angular-stop-cock-black-chrome_960.jpeg,2025.00,Angular Stop Cock with Wall Flange,https://www.jaquar.com/en/vignette-chrome-color-angle-valve?Id=3907,"Vignette Prime, VGP-BCH-81053, Black Chrome"
Faucets,Vignette Prime,3907,Angular Stop Cock,Variant,947,Angular Stop Cock - Black Matt,VGP-BLM-81053,Black Matt,https://www.jaquar.com/images/thumbs/0059614_angular-stop-cock-black-matt_960.jpeg,2025.00,Angular Stop Cock with Wall Flange,https://www.jaquar.com/en/vignette-chrome-color-angle-valve?Id=3907,"Vignette Prime, VGP-BLM-81053, Black Matt"
Faucets,Vignette Prime,3907,Angular Stop Cock,Variant,947,Angular Stop Cock - Graphite,VGP-GRF-81053,Graphite,https://www.jaquar.com/images/thumbs/0059611_angular-stop-cock-graphite_960.jpeg,2300.00,Angular Stop Cock with Wall Flange,https://www.jaquar.com/en/vignette-chrome-color-angle-valve?Id=3907,"Vignette Prime, VGP-GRF-81053, Graphite"
Faucets,Vignette Prime,3907,Angular Stop Cock,Variant,947,Angular Stop Cock - Stainless Steel,VGP-SSF-81053,Stainless Steel,https://www.jaquar.com/images/thumbs/0059610_angular-stop-cock-stainless-steel_960.jpeg,2300.00,Angular Stop Cock with Wall Flange,https://www.jaquar.com/en/vignette-chrome-color-angle-valve?Id=3907,"Vignette Prime, VGP-SSF-81053, Stainless Steel"
Faucets,Vignette Prime,3908,Angular Stop Cock,Parent,947,Angular Stop Cock - Chrome,VGP-CHR-81053,Chrome,https://www.jaquar.com/images/thumbs/0059613_angular-stop-cock-chrome_960.jpeg,1375.00,Angular Stop Cock with Wall Flange,https://www.jaquar.com/en/vignette-chrome-color-angle-valve?Id=3908,"Vignette Prime, VGP-CHR-81053, Chrome"
Faucets,Vignette Prime,3908,Angular Stop Cock,Variant,947,Angular Stop Cock - Antique Bronze,VGP-ABR-81053,Antique Bronze,https://www.jaquar.com/images/thumbs/0059617_angular-stop-cock-antique-bronze_960.jpeg,2300.00,Angular Stop Cock with Wall Flange,https://www.jaquar.com/en/vignette-chrome-color-angle-valve?Id=3908,"Vignette Prime, VGP-ABR-81053, Antique Bronze"
Faucets,Vignette Prime,3908,Angular Stop Cock,Variant,947,Angular Stop Cock - Antique Copper,VGP-ACR-81053,Antique Copper,https://www.jaquar.com/images/thumbs/0059616_angular-stop-cock-antique-copper_960.jpeg,2300.00,Angular Stop Cock with Wall Flange,https://www.jaquar.com/en/vignette-chrome-color-angle-valve?Id=3908,"Vignette Prime, VGP-ACR-81053, Antique Copper"
Faucets,Vignette Prime,3908,Angular Stop Cock,Variant,947,Angular Stop Cock - Black Chrome,VGP-BCH-81053,Black Chrome,https://www.jaquar.com/images/thumbs/0059615_angular-stop-cock-black-chrome_960.jpeg,2025.00,Angular Stop Cock with Wall Flange,https://www.jaquar.com/en/vignette-chrome-color-angle-valve?Id=3908,"Vignette Prime, VGP-BCH-81053, Black Chrome"
Faucets,Vignette Prime,3908,Angular Stop Cock,Variant,947,Angular Stop Cock - Black Matt,VGP-BLM-81053,Black Matt,https://www.jaquar.com/images/thumbs/0059614_angular-stop-cock-black-matt_960.jpeg,2025.00,Angular Stop Cock with Wall Flange,https://www.jaquar.com/en/vignette-chrome-color-angle-valve?Id=3908,"Vignette Prime, VGP-BLM-81053, Black Matt"
Faucets,Vignette Prime,3908,Angular Stop Cock,Variant,947,Angular Stop Cock - Graphite,VGP-GRF-81053,Graphite,https://www.jaquar.com/images/thumbs/0059611_angular-stop-cock-graphite_960.jpeg,2300.00,Angular Stop Cock with Wall Flange,https://www.jaquar.com/en/vignette-chrome-color-angle-valve?Id=3908,"Vignette Prime, VGP-GRF-81053, Graphite"
Faucets,Vignette Prime,3908,Angular Stop Cock,Variant,947,Angular Stop Cock - Stainless Steel,VGP-SSF-81053,Stainless Steel,https://www.jaquar.com/images/thumbs/0059610_angular-stop-cock-stainless-steel_960.jpeg,2300.00,Angular Stop Cock with Wall Flange,https://www.jaquar.com/en/vignette-chrome-color-angle-valve?Id=3908,"Vignette Prime, VGP-SSF-81053, Stainless Steel"
Faucets,Vignette Prime,3904,Angular Stop Cock,Parent,947,Angular Stop Cock - Chrome,VGP-CHR-81053,Chrome,https://www.jaquar.com/images/thumbs/0059613_angular-stop-cock-chrome_960.jpeg,1375.00,Angular Stop Cock with Wall Flange,https://www.jaquar.com/en/vignette-chrome-color-angle-valve?Id=3904,"Vignette Prime, VGP-CHR-81053, Chrome"
Faucets,Vignette Prime,3904,Angular Stop Cock,Variant,947,Angular Stop Cock - Antique Bronze,VGP-ABR-81053,Antique Bronze,https://www.jaquar.com/images/thumbs/0059617_angular-stop-cock-antique-bronze_960.jpeg,2300.00,Angular Stop Cock with Wall Flange,https://www.jaquar.com/en/vignette-chrome-color-angle-valve?Id=3904,"Vignette Prime, VGP-ABR-81053, Antique Bronze"
Faucets,Vignette Prime,3904,Angular Stop Cock,Variant,947,Angular Stop Cock - Antique Copper,VGP-ACR-81053,Antique Copper,https://www.jaquar.com/images/thumbs/0059616_angular-stop-cock-antique-copper_960.jpeg,2300.00,Angular Stop Cock with Wall Flange,https://www.jaquar.com/en/vignette-chrome-color-angle-valve?Id=3904,"Vignette Prime, VGP-ACR-81053, Antique Copper"
Faucets,Vignette Prime,3904,Angular Stop Cock,Variant,947,Angular Stop Cock - Black Chrome,VGP-BCH-81053,Black Chrome,https://www.jaquar.com/images/thumbs/0059615_angular-stop-cock-black-chrome_960.jpeg,2025.00,Angular Stop Cock with Wall Flange,https://www.jaquar.com/en/vignette-chrome-color-angle-valve?Id=3904,"Vignette Prime, VGP-BCH-81053, Black Chrome"
Faucets,Vignette Prime,3904,Angular Stop Cock,Variant,947,Angular Stop Cock - Black Matt,VGP-BLM-81053,Black Matt,https://www.jaquar.com/images/thumbs/0059614_angular-stop-cock-black-matt_960.jpeg,2025.00,Angular Stop Cock with Wall Flange,https://www.jaquar.com/en/vignette-chrome-color-angle-valve?Id=3904,"Vignette Prime, VGP-BLM-81053, Black Matt"
Faucets,Vignette Prime,3904,Angular Stop Cock,Variant,947,Angular Stop Cock - Graphite,VGP-GRF-81053,Graphite,https://www.jaquar.com/images/thumbs/0059611_angular-stop-cock-graphite_960.jpeg,2300.00,Angular Stop Cock with Wall Flange,https://www.jaquar.com/en/vignette-chrome-color-angle-valve?Id=3904,"Vignette Prime, VGP-GRF-81053, Graphite"
Faucets,Vignette Prime,3904,Angular Stop Cock,Variant,947,Angular Stop Cock - Stainless Steel,VGP-SSF-81053,Stainless Steel,https://www.jaquar.com/images/thumbs/0059610_angular-stop-cock-stainless-steel_960.jpeg,2300.00,Angular Stop Cock with Wall Flange,https://www.jaquar.com/en/vignette-chrome-color-angle-valve?Id=3904,"Vignette Prime, VGP-SSF-81053, Stainless Steel"
Faucets,Vignette Prime,3911,Angular Stop Cock,Parent,947,Angular Stop Cock - Chrome,VGP-CHR-81053,Chrome,https://www.jaquar.com/images/thumbs/0059613_angular-stop-cock-chrome_960.jpeg,1375.00,Angular Stop Cock with Wall Flange,https://www.jaquar.com/en/vignette-chrome-color-angle-valve?Id=3911,"Vignette Prime, VGP-CHR-81053, Chrome"
Faucets,Vignette Prime,3911,Angular Stop Cock,Variant,947,Angular Stop Cock - Antique Bronze,VGP-ABR-81053,Antique Bronze,https://www.jaquar.com/images/thumbs/0059617_angular-stop-cock-antique-bronze_960.jpeg,2300.00,Angular Stop Cock with Wall Flange,https://www.jaquar.com/en/vignette-chrome-color-angle-valve?Id=3911,"Vignette Prime, VGP-ABR-81053, Antique Bronze"
Faucets,Vignette Prime,3911,Angular Stop Cock,Variant,947,Angular Stop Cock - Antique Copper,VGP-ACR-81053,Antique Copper,https://www.jaquar.com/images/thumbs/0059616_angular-stop-cock-antique-copper_960.jpeg,2300.00,Angular Stop Cock with Wall Flange,https://www.jaquar.com/en/vignette-chrome-color-angle-valve?Id=3911,"Vignette Prime, VGP-ACR-81053, Antique Copper"
Faucets,Vignette Prime,3911,Angular Stop Cock,Variant,947,Angular Stop Cock - Black Chrome,VGP-BCH-81053,Black Chrome,https://www.jaquar.com/images/thumbs/0059615_angular-stop-cock-black-chrome_960.jpeg,2025.00,Angular Stop Cock with Wall Flange,https://www.jaquar.com/en/vignette-chrome-color-angle-valve?Id=3911,"Vignette Prime, VGP-BCH-81053, Black Chrome"
Faucets,Vignette Prime,3911,Angular Stop Cock,Variant,947,Angular Stop Cock - Black Matt,VGP-BLM-81053,Black Matt,https://www.jaquar.com/images/thumbs/0059614_angular-stop-cock-black-matt_960.jpeg,2025.00,Angular Stop Cock with Wall Flange,https://www.jaquar.com/en/vignette-chrome-color-angle-valve?Id=3911,"Vignette Prime, VGP-BLM-81053, Black Matt"
Faucets,Vignette Prime,3911,Angular Stop Cock,Variant,947,Angular Stop Cock - Graphite,VGP-GRF-81053,Graphite,https://www.jaquar.com/images/thumbs/0059611_angular-stop-cock-graphite_960.jpeg,2300.00,Angular Stop Cock with Wall Flange,https://www.jaquar.com/en/vignette-chrome-color-angle-valve?Id=3911,"Vignette Prime, VGP-GRF-81053, Graphite"
Faucets,Vignette Prime,3911,Angular Stop Cock,Variant,947,Angular Stop Cock - Stainless Steel,VGP-SSF-81053,Stainless Steel,https://www.jaquar.com/images/thumbs/0059610_angular-stop-cock-stainless-steel_960.jpeg,2300.00,Angular Stop Cock with Wall Flange,https://www.jaquar.com/en/vignette-chrome-color-angle-valve?Id=3911,"Vignette Prime, VGP-SSF-81053, Stainless Steel"
Faucets,Vignette Prime,3912,Angular Stop Cock,Parent,947,Angular Stop Cock - Chrome,VGP-CHR-81053,Chrome,https://www.jaquar.com/images/thumbs/0059613_angular-stop-cock-chrome_960.jpeg,1375.00,Angular Stop Cock with Wall Flange,https://www.jaquar.com/en/vignette-chrome-color-angle-valve?Id=3912,"Vignette Prime, VGP-CHR-81053, Chrome"
Faucets,Vignette Prime,3912,Angular Stop Cock,Variant,947,Angular Stop Cock - Antique Bronze,VGP-ABR-81053,Antique Bronze,https://www.jaquar.com/images/thumbs/0059617_angular-stop-cock-antique-bronze_960.jpeg,2300.00,Angular Stop Cock with Wall Flange,https://www.jaquar.com/en/vignette-chrome-color-angle-valve?Id=3912,"Vignette Prime, VGP-ABR-81053, Antique Bronze"
Faucets,Vignette Prime,3912,Angular Stop Cock,Variant,947,Angular Stop Cock - Antique Copper,VGP-ACR-81053,Antique Copper,https://www.jaquar.com/images/thumbs/0059616_angular-stop-cock-antique-copper_960.jpeg,2300.00,Angular Stop Cock with Wall Flange,https://www.jaquar.com/en/vignette-chrome-color-angle-valve?Id=3912,"Vignette Prime, VGP-ACR-81053, Antique Copper"
Faucets,Vignette Prime,3912,Angular Stop Cock,Variant,947,Angular Stop Cock - Black Chrome,VGP-BCH-81053,Black Chrome,https://www.jaquar.com/images/thumbs/0059615_angular-stop-cock-black-chrome_960.jpeg,2025.00,Angular Stop Cock with Wall Flange,https://www.jaquar.com/en/vignette-chrome-color-angle-valve?Id=3912,"Vignette Prime, VGP-BCH-81053, Black Chrome"
Faucets,Vignette Prime,3912,Angular Stop Cock,Variant,947,Angular Stop Cock - Black Matt,VGP-BLM-81053,Black Matt,https://www.jaquar.com/images/thumbs/0059614_angular-stop-cock-black-matt_960.jpeg,2025.00,Angular Stop Cock with Wall Flange,https://www.jaquar.com/en/vignette-chrome-color-angle-valve?Id=3912,"Vignette Prime, VGP-BLM-81053, Black Matt"
Faucets,Vignette Prime,3912,Angular Stop Cock,Variant,947,Angular Stop Cock - Graphite,VGP-GRF-81053,Graphite,https://www.jaquar.com/images/thumbs/0059611_angular-stop-cock-graphite_960.jpeg,2300.00,Angular Stop Cock with Wall Flange,https://www.jaquar.com/en/vignette-chrome-color-angle-valve?Id=3912,"Vignette Prime, VGP-GRF-81053, Graphite"
Faucets,Vignette Prime,3912,Angular Stop Cock,Variant,947,Angular Stop Cock - Stainless Steel,VGP-SSF-81053,Stainless Steel,https://www.jaquar.com/images/thumbs/0059610_angular-stop-cock-stainless-steel_960.jpeg,2300.00,Angular Stop Cock with Wall Flange,https://www.jaquar.com/en/vignette-chrome-color-angle-valve?Id=3912,"Vignette Prime, VGP-SSF-81053, Stainless Steel"
Faucets,Vignette Prime,3804,Exposed Part Kit of Concealed Stop Cock & Flush Cock,Parent,1499,Exposed Part Kit of Concealed Stop Cock & Flush Cock - Chrome,VGP-CHR-81083K,Chrome,https://www.jaquar.com/images/thumbs/0059499_exposed-part-kit-of-concealed-stop-cock-flush-cock-chrome_960.jpeg,800.00,"Exposed Part Kit of Concealed Stop Cock & Flush Cock with Fitting Sleeve, Operating Lever & Adjustable Wall Flange with Seal (compatible with ALD-083R, ALD-083L, ALD-089R, ALD-089L or ALD-081)",https://www.jaquar.com/en/vignette-exposed-stop-cock_ald-083_ald-089_ald-081?Id=3804,"Vignette Prime, VGP-CHR-81083K, Chrome"
Faucets,Vignette Prime,3804,Exposed Part Kit of Concealed Stop Cock & Flush Cock,Variant,1499,Exposed Part Kit of Concealed Stop Cock & Flush Cock - Antique Bronze,VGP-ABR-81083K,Antique Bronze,https://www.jaquar.com/images/thumbs/0059600_exposed-part-kit-of-concealed-stop-cock-flush-cock-antique-bronze_960.jpeg,1475.00,"Exposed Part Kit of Concealed Stop Cock & Flush Cock with Fitting Sleeve, Operating Lever & Adjustable Wall Flange with Seal (compatible with ALD-083R, ALD-083L, ALD-089R, ALD-089L or ALD-081)",https://www.jaquar.com/en/vignette-exposed-stop-cock_ald-083_ald-089_ald-081?Id=3804,"Vignette Prime, VGP-ABR-81083K, Antique Bronze"
Faucets,Vignette Prime,3804,Exposed Part Kit of Concealed Stop Cock & Flush Cock,Variant,1499,Exposed Part Kit of Concealed Stop Cock & Flush Cock - Antique Copper,VGP-ACR-81083K,Antique Copper,https://www.jaquar.com/images/thumbs/0059510_exposed-part-kit-of-concealed-stop-cock-flush-cock-antique-copper_960.jpeg,1475.00,"Exposed Part Kit of Concealed Stop Cock & Flush Cock with Fitting Sleeve, Operating Lever & Adjustable Wall Flange with Seal (compatible with ALD-083R, ALD-083L, ALD-089R, ALD-089L or ALD-081)",https://www.jaquar.com/en/vignette-exposed-stop-cock_ald-083_ald-089_ald-081?Id=3804,"Vignette Prime, VGP-ACR-81083K, Antique Copper"
Faucets,Vignette Prime,3804,Exposed Part Kit of Concealed Stop Cock & Flush Cock,Variant,1499,Exposed Part Kit of Concealed Stop Cock & Flush Cock - Black Chrome,VGP-BCH-81083K,Black Chrome,https://www.jaquar.com/images/thumbs/0050525_exposed-part-kit-of-concealed-stop-cock-flush-cock-black-chrome_960.jpeg,1250.00,"Exposed Part Kit of Concealed Stop Cock & Flush Cock with Fitting Sleeve, Operating Lever & Adjustable Wall Flange with Seal (compatible with ALD-083R, ALD-083L, ALD-089R, ALD-089L or ALD-081)",https://www.jaquar.com/en/vignette-exposed-stop-cock_ald-083_ald-089_ald-081?Id=3804,"Vignette Prime, VGP-BCH-81083K, Black Chrome"
Faucets,Vignette Prime,3804,Exposed Part Kit of Concealed Stop Cock & Flush Cock,Variant,1499,Exposed Part Kit of Concealed Stop Cock & Flush Cock - Black Matt,VGP-BLM-81083K,Black Matt,https://www.jaquar.com/images/thumbs/0059595_exposed-part-kit-of-concealed-stop-cock-flush-cock-black-matt_960.jpeg,1250.00,"Exposed Part Kit of Concealed Stop Cock & Flush Cock with Fitting Sleeve, Operating Lever & Adjustable Wall Flange with Seal (compatible with ALD-083R, ALD-083L, ALD-089R, ALD-089L or ALD-081)",https://www.jaquar.com/en/vignette-exposed-stop-cock_ald-083_ald-089_ald-081?Id=3804,"Vignette Prime, VGP-BLM-81083K, Black Matt"
Faucets,Vignette Prime,3804,Exposed Part Kit of Concealed Stop Cock & Flush Cock,Variant,1499,Exposed Part Kit of Concealed Stop Cock & Flush Cock - Graphite,VGP-GRF-81083K,Graphite,https://www.jaquar.com/images/thumbs/0059495_exposed-part-kit-of-concealed-stop-cock-flush-cock-graphite_960.jpeg,1475.00,"Exposed Part Kit of Concealed Stop Cock & Flush Cock with Fitting Sleeve, Operating Lever & Adjustable Wall Flange with Seal (compatible with ALD-083R, ALD-083L, ALD-089R, ALD-089L or ALD-081)",https://www.jaquar.com/en/vignette-exposed-stop-cock_ald-083_ald-089_ald-081?Id=3804,"Vignette Prime, VGP-GRF-81083K, Graphite"
Faucets,Vignette Prime,3804,Exposed Part Kit of Concealed Stop Cock & Flush Cock,Variant,1499,Exposed Part Kit of Concealed Stop Cock & Flush Cock - Stainless Steel,VGP-SSF-81083K,Stainless Steel,https://www.jaquar.com/images/thumbs/0059507_exposed-part-kit-of-concealed-stop-cock-flush-cock-stainless-steel_960.jpeg,1475.00,"Exposed Part Kit of Concealed Stop Cock & Flush Cock with Fitting Sleeve, Operating Lever & Adjustable Wall Flange with Seal (compatible with ALD-083R, ALD-083L, ALD-089R, ALD-089L or ALD-081)",https://www.jaquar.com/en/vignette-exposed-stop-cock_ald-083_ald-089_ald-081?Id=3804,"Vignette Prime, VGP-SSF-81083K, Stainless Steel"
Faucets,Vignette Prime,3805,Exposed Part Kit of Concealed Stop Cock & Flush Cock,Parent,1499,Exposed Part Kit of Concealed Stop Cock & Flush Cock - Chrome,VGP-CHR-81083K,Chrome,https://www.jaquar.com/images/thumbs/0059499_exposed-part-kit-of-concealed-stop-cock-flush-cock-chrome_960.jpeg,800.00,"Exposed Part Kit of Concealed Stop Cock & Flush Cock with Fitting Sleeve, Operating Lever & Adjustable Wall Flange with Seal (compatible with ALD-083R, ALD-083L, ALD-089R, ALD-089L or ALD-081)",https://www.jaquar.com/en/vignette-exposed-stop-cock_ald-083_ald-089_ald-081?Id=3805,"Vignette Prime, VGP-CHR-81083K, Chrome"
Faucets,Vignette Prime,3805,Exposed Part Kit of Concealed Stop Cock & Flush Cock,Variant,1499,Exposed Part Kit of Concealed Stop Cock & Flush Cock - Antique Bronze,VGP-ABR-81083K,Antique Bronze,https://www.jaquar.com/images/thumbs/0059600_exposed-part-kit-of-concealed-stop-cock-flush-cock-antique-bronze_960.jpeg,1475.00,"Exposed Part Kit of Concealed Stop Cock & Flush Cock with Fitting Sleeve, Operating Lever & Adjustable Wall Flange with Seal (compatible with ALD-083R, ALD-083L, ALD-089R, ALD-089L or ALD-081)",https://www.jaquar.com/en/vignette-exposed-stop-cock_ald-083_ald-089_ald-081?Id=3805,"Vignette Prime, VGP-ABR-81083K, Antique Bronze"
Faucets,Vignette Prime,3805,Exposed Part Kit of Concealed Stop Cock & Flush Cock,Variant,1499,Exposed Part Kit of Concealed Stop Cock & Flush Cock - Antique Copper,VGP-ACR-81083K,Antique Copper,https://www.jaquar.com/images/thumbs/0059510_exposed-part-kit-of-concealed-stop-cock-flush-cock-antique-copper_960.jpeg,1475.00,"Exposed Part Kit of Concealed Stop Cock & Flush Cock with Fitting Sleeve, Operating Lever & Adjustable Wall Flange with Seal (compatible with ALD-083R, ALD-083L, ALD-089R, ALD-089L or ALD-081)",https://www.jaquar.com/en/vignette-exposed-stop-cock_ald-083_ald-089_ald-081?Id=3805,"Vignette Prime, VGP-ACR-81083K, Antique Copper"
Faucets,Vignette Prime,3805,Exposed Part Kit of Concealed Stop Cock & Flush Cock,Variant,1499,Exposed Part Kit of Concealed Stop Cock & Flush Cock - Black Chrome,VGP-BCH-81083K,Black Chrome,https://www.jaquar.com/images/thumbs/0050525_exposed-part-kit-of-concealed-stop-cock-flush-cock-black-chrome_960.jpeg,1250.00,"Exposed Part Kit of Concealed Stop Cock & Flush Cock with Fitting Sleeve, Operating Lever & Adjustable Wall Flange with Seal (compatible with ALD-083R, ALD-083L, ALD-089R, ALD-089L or ALD-081)",https://www.jaquar.com/en/vignette-exposed-stop-cock_ald-083_ald-089_ald-081?Id=3805,"Vignette Prime, VGP-BCH-81083K, Black Chrome"
Faucets,Vignette Prime,3805,Exposed Part Kit of Concealed Stop Cock & Flush Cock,Variant,1499,Exposed Part Kit of Concealed Stop Cock & Flush Cock - Black Matt,VGP-BLM-81083K,Black Matt,https://www.jaquar.com/images/thumbs/0059595_exposed-part-kit-of-concealed-stop-cock-flush-cock-black-matt_960.jpeg,1250.00,"Exposed Part Kit of Concealed Stop Cock & Flush Cock with Fitting Sleeve, Operating Lever & Adjustable Wall Flange with Seal (compatible with ALD-083R, ALD-083L, ALD-089R, ALD-089L or ALD-081)",https://www.jaquar.com/en/vignette-exposed-stop-cock_ald-083_ald-089_ald-081?Id=3805,"Vignette Prime, VGP-BLM-81083K, Black Matt"
Faucets,Vignette Prime,3805,Exposed Part Kit of Concealed Stop Cock & Flush Cock,Variant,1499,Exposed Part Kit of Concealed Stop Cock & Flush Cock - Graphite,VGP-GRF-81083K,Graphite,https://www.jaquar.com/images/thumbs/0059495_exposed-part-kit-of-concealed-stop-cock-flush-cock-graphite_960.jpeg,1475.00,"Exposed Part Kit of Concealed Stop Cock & Flush Cock with Fitting Sleeve, Operating Lever & Adjustable Wall Flange with Seal (compatible with ALD-083R, ALD-083L, ALD-089R, ALD-089L or ALD-081)",https://www.jaquar.com/en/vignette-exposed-stop-cock_ald-083_ald-089_ald-081?Id=3805,"Vignette Prime, VGP-GRF-81083K, Graphite"
Faucets,Vignette Prime,3805,Exposed Part Kit of Concealed Stop Cock & Flush Cock,Variant,1499,Exposed Part Kit of Concealed Stop Cock & Flush Cock - Stainless Steel,VGP-SSF-81083K,Stainless Steel,https://www.jaquar.com/images/thumbs/0059507_exposed-part-kit-of-concealed-stop-cock-flush-cock-stainless-steel_960.jpeg,1475.00,"Exposed Part Kit of Concealed Stop Cock & Flush Cock with Fitting Sleeve, Operating Lever & Adjustable Wall Flange with Seal (compatible with ALD-083R, ALD-083L, ALD-089R, ALD-089L or ALD-081)",https://www.jaquar.com/en/vignette-exposed-stop-cock_ald-083_ald-089_ald-081?Id=3805,"Vignette Prime, VGP-SSF-81083K, Stainless Steel"
Faucets,Vignette Prime,3806,Exposed Part Kit of Concealed Stop Cock & Flush Cock,Parent,1499,Exposed Part Kit of Concealed Stop Cock & Flush Cock - Chrome,VGP-CHR-81083K,Chrome,https://www.jaquar.com/images/thumbs/0059499_exposed-part-kit-of-concealed-stop-cock-flush-cock-chrome_960.jpeg,800.00,"Exposed Part Kit of Concealed Stop Cock & Flush Cock with Fitting Sleeve, Operating Lever & Adjustable Wall Flange with Seal (compatible with ALD-083R, ALD-083L, ALD-089R, ALD-089L or ALD-081)",https://www.jaquar.com/en/vignette-exposed-stop-cock_ald-083_ald-089_ald-081?Id=3806,"Vignette Prime, VGP-CHR-81083K, Chrome"
Faucets,Vignette Prime,3806,Exposed Part Kit of Concealed Stop Cock & Flush Cock,Variant,1499,Exposed Part Kit of Concealed Stop Cock & Flush Cock - Antique Bronze,VGP-ABR-81083K,Antique Bronze,https://www.jaquar.com/images/thumbs/0059600_exposed-part-kit-of-concealed-stop-cock-flush-cock-antique-bronze_960.jpeg,1475.00,"Exposed Part Kit of Concealed Stop Cock & Flush Cock with Fitting Sleeve, Operating Lever & Adjustable Wall Flange with Seal (compatible with ALD-083R, ALD-083L, ALD-089R, ALD-089L or ALD-081)",https://www.jaquar.com/en/vignette-exposed-stop-cock_ald-083_ald-089_ald-081?Id=3806,"Vignette Prime, VGP-ABR-81083K, Antique Bronze"
Faucets,Vignette Prime,3806,Exposed Part Kit of Concealed Stop Cock & Flush Cock,Variant,1499,Exposed Part Kit of Concealed Stop Cock & Flush Cock - Antique Copper,VGP-ACR-81083K,Antique Copper,https://www.jaquar.com/images/thumbs/0059510_exposed-part-kit-of-concealed-stop-cock-flush-cock-antique-copper_960.jpeg,1475.00,"Exposed Part Kit of Concealed Stop Cock & Flush Cock with Fitting Sleeve, Operating Lever & Adjustable Wall Flange with Seal (compatible with ALD-083R, ALD-083L, ALD-089R, ALD-089L or ALD-081)",https://www.jaquar.com/en/vignette-exposed-stop-cock_ald-083_ald-089_ald-081?Id=3806,"Vignette Prime, VGP-ACR-81083K, Antique Copper"
Faucets,Vignette Prime,3806,Exposed Part Kit of Concealed Stop Cock & Flush Cock,Variant,1499,Exposed Part Kit of Concealed Stop Cock & Flush Cock - Black Chrome,VGP-BCH-81083K,Black Chrome,https://www.jaquar.com/images/thumbs/0050525_exposed-part-kit-of-concealed-stop-cock-flush-cock-black-chrome_960.jpeg,1250.00,"Exposed Part Kit of Concealed Stop Cock & Flush Cock with Fitting Sleeve, Operating Lever & Adjustable Wall Flange with Seal (compatible with ALD-083R, ALD-083L, ALD-089R, ALD-089L or ALD-081)",https://www.jaquar.com/en/vignette-exposed-stop-cock_ald-083_ald-089_ald-081?Id=3806,"Vignette Prime, VGP-BCH-81083K, Black Chrome"
Faucets,Vignette Prime,3806,Exposed Part Kit of Concealed Stop Cock & Flush Cock,Variant,1499,Exposed Part Kit of Concealed Stop Cock & Flush Cock - Black Matt,VGP-BLM-81083K,Black Matt,https://www.jaquar.com/images/thumbs/0059595_exposed-part-kit-of-concealed-stop-cock-flush-cock-black-matt_960.jpeg,1250.00,"Exposed Part Kit of Concealed Stop Cock & Flush Cock with Fitting Sleeve, Operating Lever & Adjustable Wall Flange with Seal (compatible with ALD-083R, ALD-083L, ALD-089R, ALD-089L or ALD-081)",https://www.jaquar.com/en/vignette-exposed-stop-cock_ald-083_ald-089_ald-081?Id=3806,"Vignette Prime, VGP-BLM-81083K, Black Matt"
Faucets,Vignette Prime,3806,Exposed Part Kit of Concealed Stop Cock & Flush Cock,Variant,1499,Exposed Part Kit of Concealed Stop Cock & Flush Cock - Graphite,VGP-GRF-81083K,Graphite,https://www.jaquar.com/images/thumbs/0059495_exposed-part-kit-of-concealed-stop-cock-flush-cock-graphite_960.jpeg,1475.00,"Exposed Part Kit of Concealed Stop Cock & Flush Cock with Fitting Sleeve, Operating Lever & Adjustable Wall Flange with Seal (compatible with ALD-083R, ALD-083L, ALD-089R, ALD-089L or ALD-081)",https://www.jaquar.com/en/vignette-exposed-stop-cock_ald-083_ald-089_ald-081?Id=3806,"Vignette Prime, VGP-GRF-81083K, Graphite"
Faucets,Vignette Prime,3806,Exposed Part Kit of Concealed Stop Cock & Flush Cock,Variant,1499,Exposed Part Kit of Concealed Stop Cock & Flush Cock - Stainless Steel,VGP-SSF-81083K,Stainless Steel,https://www.jaquar.com/images/thumbs/0059507_exposed-part-kit-of-concealed-stop-cock-flush-cock-stainless-steel_960.jpeg,1475.00,"Exposed Part Kit of Concealed Stop Cock & Flush Cock with Fitting Sleeve, Operating Lever & Adjustable Wall Flange with Seal (compatible with ALD-083R, ALD-083L, ALD-089R, ALD-089L or ALD-081)",https://www.jaquar.com/en/vignette-exposed-stop-cock_ald-083_ald-089_ald-081?Id=3806,"Vignette Prime, VGP-SSF-81083K, Stainless Steel"
Faucets,Vignette Prime,3807,Exposed Part Kit of Concealed Stop Cock & Flush Cock,Parent,1499,Exposed Part Kit of Concealed Stop Cock & Flush Cock - Chrome,VGP-CHR-81083K,Chrome,https://www.jaquar.com/images/thumbs/0059499_exposed-part-kit-of-concealed-stop-cock-flush-cock-chrome_960.jpeg,800.00,"Exposed Part Kit of Concealed Stop Cock & Flush Cock with Fitting Sleeve, Operating Lever & Adjustable Wall Flange with Seal (compatible with ALD-083R, ALD-083L, ALD-089R, ALD-089L or ALD-081)",https://www.jaquar.com/en/vignette-exposed-stop-cock_ald-083_ald-089_ald-081?Id=3807,"Vignette Prime, VGP-CHR-81083K, Chrome"
Faucets,Vignette Prime,3807,Exposed Part Kit of Concealed Stop Cock & Flush Cock,Variant,1499,Exposed Part Kit of Concealed Stop Cock & Flush Cock - Antique Bronze,VGP-ABR-81083K,Antique Bronze,https://www.jaquar.com/images/thumbs/0059600_exposed-part-kit-of-concealed-stop-cock-flush-cock-antique-bronze_960.jpeg,1475.00,"Exposed Part Kit of Concealed Stop Cock & Flush Cock with Fitting Sleeve, Operating Lever & Adjustable Wall Flange with Seal (compatible with ALD-083R, ALD-083L, ALD-089R, ALD-089L or ALD-081)",https://www.jaquar.com/en/vignette-exposed-stop-cock_ald-083_ald-089_ald-081?Id=3807,"Vignette Prime, VGP-ABR-81083K, Antique Bronze"
Faucets,Vignette Prime,3807,Exposed Part Kit of Concealed Stop Cock & Flush Cock,Variant,1499,Exposed Part Kit of Concealed Stop Cock & Flush Cock - Antique Copper,VGP-ACR-81083K,Antique Copper,https://www.jaquar.com/images/thumbs/0059510_exposed-part-kit-of-concealed-stop-cock-flush-cock-antique-copper_960.jpeg,1475.00,"Exposed Part Kit of Concealed Stop Cock & Flush Cock with Fitting Sleeve, Operating Lever & Adjustable Wall Flange with Seal (compatible with ALD-083R, ALD-083L, ALD-089R, ALD-089L or ALD-081)",https://www.jaquar.com/en/vignette-exposed-stop-cock_ald-083_ald-089_ald-081?Id=3807,"Vignette Prime, VGP-ACR-81083K, Antique Copper"
Faucets,Vignette Prime,3807,Exposed Part Kit of Concealed Stop Cock & Flush Cock,Variant,1499,Exposed Part Kit of Concealed Stop Cock & Flush Cock - Black Chrome,VGP-BCH-81083K,Black Chrome,https://www.jaquar.com/images/thumbs/0050525_exposed-part-kit-of-concealed-stop-cock-flush-cock-black-chrome_960.jpeg,1250.00,"Exposed Part Kit of Concealed Stop Cock & Flush Cock with Fitting Sleeve, Operating Lever & Adjustable Wall Flange with Seal (compatible with ALD-083R, ALD-083L, ALD-089R, ALD-089L or ALD-081)",https://www.jaquar.com/en/vignette-exposed-stop-cock_ald-083_ald-089_ald-081?Id=3807,"Vignette Prime, VGP-BCH-81083K, Black Chrome"
Faucets,Vignette Prime,3807,Exposed Part Kit of Concealed Stop Cock & Flush Cock,Variant,1499,Exposed Part Kit of Concealed Stop Cock & Flush Cock - Black Matt,VGP-BLM-81083K,Black Matt,https://www.jaquar.com/images/thumbs/0059595_exposed-part-kit-of-concealed-stop-cock-flush-cock-black-matt_960.jpeg,1250.00,"Exposed Part Kit of Concealed Stop Cock & Flush Cock with Fitting Sleeve, Operating Lever & Adjustable Wall Flange with Seal (compatible with ALD-083R, ALD-083L, ALD-089R, ALD-089L or ALD-081)",https://www.jaquar.com/en/vignette-exposed-stop-cock_ald-083_ald-089_ald-081?Id=3807,"Vignette Prime, VGP-BLM-81083K, Black Matt"
Faucets,Vignette Prime,3807,Exposed Part Kit of Concealed Stop Cock & Flush Cock,Variant,1499,Exposed Part Kit of Concealed Stop Cock & Flush Cock - Graphite,VGP-GRF-81083K,Graphite,https://www.jaquar.com/images/thumbs/0059495_exposed-part-kit-of-concealed-stop-cock-flush-cock-graphite_960.jpeg,1475.00,"Exposed Part Kit of Concealed Stop Cock & Flush Cock with Fitting Sleeve, Operating Lever & Adjustable Wall Flange with Seal (compatible with ALD-083R, ALD-083L, ALD-089R, ALD-089L or ALD-081)",https://www.jaquar.com/en/vignette-exposed-stop-cock_ald-083_ald-089_ald-081?Id=3807,"Vignette Prime, VGP-GRF-81083K, Graphite"
Faucets,Vignette Prime,3807,Exposed Part Kit of Concealed Stop Cock & Flush Cock,Variant,1499,Exposed Part Kit of Concealed Stop Cock & Flush Cock - Stainless Steel,VGP-SSF-81083K,Stainless Steel,https://www.jaquar.com/images/thumbs/0059507_exposed-part-kit-of-concealed-stop-cock-flush-cock-stainless-steel_960.jpeg,1475.00,"Exposed Part Kit of Concealed Stop Cock & Flush Cock with Fitting Sleeve, Operating Lever & Adjustable Wall Flange with Seal (compatible with ALD-083R, ALD-083L, ALD-089R, ALD-089L or ALD-081)",https://www.jaquar.com/en/vignette-exposed-stop-cock_ald-083_ald-089_ald-081?Id=3807,"Vignette Prime, VGP-SSF-81083K, Stainless Steel"
Faucets,Vignette Prime,3808,Exposed Part Kit of Concealed Stop Cock & Flush Cock,Parent,1499,Exposed Part Kit of Concealed Stop Cock & Flush Cock - Chrome,VGP-CHR-81083K,Chrome,https://www.jaquar.com/images/thumbs/0059499_exposed-part-kit-of-concealed-stop-cock-flush-cock-chrome_960.jpeg,800.00,"Exposed Part Kit of Concealed Stop Cock & Flush Cock with Fitting Sleeve, Operating Lever & Adjustable Wall Flange with Seal (compatible with ALD-083R, ALD-083L, ALD-089R, ALD-089L or ALD-081)",https://www.jaquar.com/en/vignette-exposed-stop-cock_ald-083_ald-089_ald-081?Id=3808,"Vignette Prime, VGP-CHR-81083K, Chrome"
Faucets,Vignette Prime,3808,Exposed Part Kit of Concealed Stop Cock & Flush Cock,Variant,1499,Exposed Part Kit of Concealed Stop Cock & Flush Cock - Antique Bronze,VGP-ABR-81083K,Antique Bronze,https://www.jaquar.com/images/thumbs/0059600_exposed-part-kit-of-concealed-stop-cock-flush-cock-antique-bronze_960.jpeg,1475.00,"Exposed Part Kit of Concealed Stop Cock & Flush Cock with Fitting Sleeve, Operating Lever & Adjustable Wall Flange with Seal (compatible with ALD-083R, ALD-083L, ALD-089R, ALD-089L or ALD-081)",https://www.jaquar.com/en/vignette-exposed-stop-cock_ald-083_ald-089_ald-081?Id=3808,"Vignette Prime, VGP-ABR-81083K, Antique Bronze"
Faucets,Vignette Prime,3808,Exposed Part Kit of Concealed Stop Cock & Flush Cock,Variant,1499,Exposed Part Kit of Concealed Stop Cock & Flush Cock - Antique Copper,VGP-ACR-81083K,Antique Copper,https://www.jaquar.com/images/thumbs/0059510_exposed-part-kit-of-concealed-stop-cock-flush-cock-antique-copper_960.jpeg,1475.00,"Exposed Part Kit of Concealed Stop Cock & Flush Cock with Fitting Sleeve, Operating Lever & Adjustable Wall Flange with Seal (compatible with ALD-083R, ALD-083L, ALD-089R, ALD-089L or ALD-081)",https://www.jaquar.com/en/vignette-exposed-stop-cock_ald-083_ald-089_ald-081?Id=3808,"Vignette Prime, VGP-ACR-81083K, Antique Copper"
Faucets,Vignette Prime,3808,Exposed Part Kit of Concealed Stop Cock & Flush Cock,Variant,1499,Exposed Part Kit of Concealed Stop Cock & Flush Cock - Black Chrome,VGP-BCH-81083K,Black Chrome,https://www.jaquar.com/images/thumbs/0050525_exposed-part-kit-of-concealed-stop-cock-flush-cock-black-chrome_960.jpeg,1250.00,"Exposed Part Kit of Concealed Stop Cock & Flush Cock with Fitting Sleeve, Operating Lever & Adjustable Wall Flange with Seal (compatible with ALD-083R, ALD-083L, ALD-089R, ALD-089L or ALD-081)",https://www.jaquar.com/en/vignette-exposed-stop-cock_ald-083_ald-089_ald-081?Id=3808,"Vignette Prime, VGP-BCH-81083K, Black Chrome"
Faucets,Vignette Prime,3808,Exposed Part Kit of Concealed Stop Cock & Flush Cock,Variant,1499,Exposed Part Kit of Concealed Stop Cock & Flush Cock - Black Matt,VGP-BLM-81083K,Black Matt,https://www.jaquar.com/images/thumbs/0059595_exposed-part-kit-of-concealed-stop-cock-flush-cock-black-matt_960.jpeg,1250.00,"Exposed Part Kit of Concealed Stop Cock & Flush Cock with Fitting Sleeve, Operating Lever & Adjustable Wall Flange with Seal (compatible with ALD-083R, ALD-083L, ALD-089R, ALD-089L or ALD-081)",https://www.jaquar.com/en/vignette-exposed-stop-cock_ald-083_ald-089_ald-081?Id=3808,"Vignette Prime, VGP-BLM-81083K, Black Matt"
Faucets,Vignette Prime,3808,Exposed Part Kit of Concealed Stop Cock & Flush Cock,Variant,1499,Exposed Part Kit of Concealed Stop Cock & Flush Cock - Graphite,VGP-GRF-81083K,Graphite,https://www.jaquar.com/images/thumbs/0059495_exposed-part-kit-of-concealed-stop-cock-flush-cock-graphite_960.jpeg,1475.00,"Exposed Part Kit of Concealed Stop Cock & Flush Cock with Fitting Sleeve, Operating Lever & Adjustable Wall Flange with Seal (compatible with ALD-083R, ALD-083L, ALD-089R, ALD-089L or ALD-081)",https://www.jaquar.com/en/vignette-exposed-stop-cock_ald-083_ald-089_ald-081?Id=3808,"Vignette Prime, VGP-GRF-81083K, Graphite"
Faucets,Vignette Prime,3808,Exposed Part Kit of Concealed Stop Cock & Flush Cock,Variant,1499,Exposed Part Kit of Concealed Stop Cock & Flush Cock - Stainless Steel,VGP-SSF-81083K,Stainless Steel,https://www.jaquar.com/images/thumbs/0059507_exposed-part-kit-of-concealed-stop-cock-flush-cock-stainless-steel_960.jpeg,1475.00,"Exposed Part Kit of Concealed Stop Cock & Flush Cock with Fitting Sleeve, Operating Lever & Adjustable Wall Flange with Seal (compatible with ALD-083R, ALD-083L, ALD-089R, ALD-089L or ALD-081)",https://www.jaquar.com/en/vignette-exposed-stop-cock_ald-083_ald-089_ald-081?Id=3808,"Vignette Prime, VGP-SSF-81083K, Stainless Steel"
Faucets,Vignette Prime,3811,Exposed Part Kit of Concealed Stop Cock & Flush Cock,Parent,1499,Exposed Part Kit of Concealed Stop Cock & Flush Cock - Chrome,VGP-CHR-81083K,Chrome,https://www.jaquar.com/images/thumbs/0059499_exposed-part-kit-of-concealed-stop-cock-flush-cock-chrome_960.jpeg,800.00,"Exposed Part Kit of Concealed Stop Cock & Flush Cock with Fitting Sleeve, Operating Lever & Adjustable Wall Flange with Seal (compatible with ALD-083R, ALD-083L, ALD-089R, ALD-089L or ALD-081)",https://www.jaquar.com/en/vignette-exposed-stop-cock_ald-083_ald-089_ald-081?Id=3811,"Vignette Prime, VGP-CHR-81083K, Chrome"
Faucets,Vignette Prime,3811,Exposed Part Kit of Concealed Stop Cock & Flush Cock,Variant,1499,Exposed Part Kit of Concealed Stop Cock & Flush Cock - Antique Bronze,VGP-ABR-81083K,Antique Bronze,https://www.jaquar.com/images/thumbs/0059600_exposed-part-kit-of-concealed-stop-cock-flush-cock-antique-bronze_960.jpeg,1475.00,"Exposed Part Kit of Concealed Stop Cock & Flush Cock with Fitting Sleeve, Operating Lever & Adjustable Wall Flange with Seal (compatible with ALD-083R, ALD-083L, ALD-089R, ALD-089L or ALD-081)",https://www.jaquar.com/en/vignette-exposed-stop-cock_ald-083_ald-089_ald-081?Id=3811,"Vignette Prime, VGP-ABR-81083K, Antique Bronze"
Faucets,Vignette Prime,3811,Exposed Part Kit of Concealed Stop Cock & Flush Cock,Variant,1499,Exposed Part Kit of Concealed Stop Cock & Flush Cock - Antique Copper,VGP-ACR-81083K,Antique Copper,https://www.jaquar.com/images/thumbs/0059510_exposed-part-kit-of-concealed-stop-cock-flush-cock-antique-copper_960.jpeg,1475.00,"Exposed Part Kit of Concealed Stop Cock & Flush Cock with Fitting Sleeve, Operating Lever & Adjustable Wall Flange with Seal (compatible with ALD-083R, ALD-083L, ALD-089R, ALD-089L or ALD-081)",https://www.jaquar.com/en/vignette-exposed-stop-cock_ald-083_ald-089_ald-081?Id=3811,"Vignette Prime, VGP-ACR-81083K, Antique Copper"
Faucets,Vignette Prime,3811,Exposed Part Kit of Concealed Stop Cock & Flush Cock,Variant,1499,Exposed Part Kit of Concealed Stop Cock & Flush Cock - Black Chrome,VGP-BCH-81083K,Black Chrome,https://www.jaquar.com/images/thumbs/0050525_exposed-part-kit-of-concealed-stop-cock-flush-cock-black-chrome_960.jpeg,1250.00,"Exposed Part Kit of Concealed Stop Cock & Flush Cock with Fitting Sleeve, Operating Lever & Adjustable Wall Flange with Seal (compatible with ALD-083R, ALD-083L, ALD-089R, ALD-089L or ALD-081)",https://www.jaquar.com/en/vignette-exposed-stop-cock_ald-083_ald-089_ald-081?Id=3811,"Vignette Prime, VGP-BCH-81083K, Black Chrome"
Faucets,Vignette Prime,3811,Exposed Part Kit of Concealed Stop Cock & Flush Cock,Variant,1499,Exposed Part Kit of Concealed Stop Cock & Flush Cock - Black Matt,VGP-BLM-81083K,Black Matt,https://www.jaquar.com/images/thumbs/0059595_exposed-part-kit-of-concealed-stop-cock-flush-cock-black-matt_960.jpeg,1250.00,"Exposed Part Kit of Concealed Stop Cock & Flush Cock with Fitting Sleeve, Operating Lever & Adjustable Wall Flange with Seal (compatible with ALD-083R, ALD-083L, ALD-089R, ALD-089L or ALD-081)",https://www.jaquar.com/en/vignette-exposed-stop-cock_ald-083_ald-089_ald-081?Id=3811,"Vignette Prime, VGP-BLM-81083K, Black Matt"
Faucets,Vignette Prime,3811,Exposed Part Kit of Concealed Stop Cock & Flush Cock,Variant,1499,Exposed Part Kit of Concealed Stop Cock & Flush Cock - Graphite,VGP-GRF-81083K,Graphite,https://www.jaquar.com/images/thumbs/0059495_exposed-part-kit-of-concealed-stop-cock-flush-cock-graphite_960.jpeg,1475.00,"Exposed Part Kit of Concealed Stop Cock & Flush Cock with Fitting Sleeve, Operating Lever & Adjustable Wall Flange with Seal (compatible with ALD-083R, ALD-083L, ALD-089R, ALD-089L or ALD-081)",https://www.jaquar.com/en/vignette-exposed-stop-cock_ald-083_ald-089_ald-081?Id=3811,"Vignette Prime, VGP-GRF-81083K, Graphite"
Faucets,Vignette Prime,3811,Exposed Part Kit of Concealed Stop Cock & Flush Cock,Variant,1499,Exposed Part Kit of Concealed Stop Cock & Flush Cock - Stainless Steel,VGP-SSF-81083K,Stainless Steel,https://www.jaquar.com/images/thumbs/0059507_exposed-part-kit-of-concealed-stop-cock-flush-cock-stainless-steel_960.jpeg,1475.00,"Exposed Part Kit of Concealed Stop Cock & Flush Cock with Fitting Sleeve, Operating Lever & Adjustable Wall Flange with Seal (compatible with ALD-083R, ALD-083L, ALD-089R, ALD-089L or ALD-081)",https://www.jaquar.com/en/vignette-exposed-stop-cock_ald-083_ald-089_ald-081?Id=3811,"Vignette Prime, VGP-SSF-81083K, Stainless Steel"
Faucets,Vignette Prime,3812,Exposed Part Kit of Concealed Stop Cock & Flush Cock,Parent,1499,Exposed Part Kit of Concealed Stop Cock & Flush Cock - Chrome,VGP-CHR-81083K,Chrome,https://www.jaquar.com/images/thumbs/0059499_exposed-part-kit-of-concealed-stop-cock-flush-cock-chrome_960.jpeg,800.00,"Exposed Part Kit of Concealed Stop Cock & Flush Cock with Fitting Sleeve, Operating Lever & Adjustable Wall Flange with Seal (compatible with ALD-083R, ALD-083L, ALD-089R, ALD-089L or ALD-081)",https://www.jaquar.com/en/vignette-exposed-stop-cock_ald-083_ald-089_ald-081?Id=3812,"Vignette Prime, VGP-CHR-81083K, Chrome"
Faucets,Vignette Prime,3812,Exposed Part Kit of Concealed Stop Cock & Flush Cock,Variant,1499,Exposed Part Kit of Concealed Stop Cock & Flush Cock - Antique Bronze,VGP-ABR-81083K,Antique Bronze,https://www.jaquar.com/images/thumbs/0059600_exposed-part-kit-of-concealed-stop-cock-flush-cock-antique-bronze_960.jpeg,1475.00,"Exposed Part Kit of Concealed Stop Cock & Flush Cock with Fitting Sleeve, Operating Lever & Adjustable Wall Flange with Seal (compatible with ALD-083R, ALD-083L, ALD-089R, ALD-089L or ALD-081)",https://www.jaquar.com/en/vignette-exposed-stop-cock_ald-083_ald-089_ald-081?Id=3812,"Vignette Prime, VGP-ABR-81083K, Antique Bronze"
Faucets,Vignette Prime,3812,Exposed Part Kit of Concealed Stop Cock & Flush Cock,Variant,1499,Exposed Part Kit of Concealed Stop Cock & Flush Cock - Antique Copper,VGP-ACR-81083K,Antique Copper,https://www.jaquar.com/images/thumbs/0059510_exposed-part-kit-of-concealed-stop-cock-flush-cock-antique-copper_960.jpeg,1475.00,"Exposed Part Kit of Concealed Stop Cock & Flush Cock with Fitting Sleeve, Operating Lever & Adjustable Wall Flange with Seal (compatible with ALD-083R, ALD-083L, ALD-089R, ALD-089L or ALD-081)",https://www.jaquar.com/en/vignette-exposed-stop-cock_ald-083_ald-089_ald-081?Id=3812,"Vignette Prime, VGP-ACR-81083K, Antique Copper"
Faucets,Vignette Prime,3812,Exposed Part Kit of Concealed Stop Cock & Flush Cock,Variant,1499,Exposed Part Kit of Concealed Stop Cock & Flush Cock - Black Chrome,VGP-BCH-81083K,Black Chrome,https://www.jaquar.com/images/thumbs/0050525_exposed-part-kit-of-concealed-stop-cock-flush-cock-black-chrome_960.jpeg,1250.00,"Exposed Part Kit of Concealed Stop Cock & Flush Cock with Fitting Sleeve, Operating Lever & Adjustable Wall Flange with Seal (compatible with ALD-083R, ALD-083L, ALD-089R, ALD-089L or ALD-081)",https://www.jaquar.com/en/vignette-exposed-stop-cock_ald-083_ald-089_ald-081?Id=3812,"Vignette Prime, VGP-BCH-81083K, Black Chrome"
Faucets,Vignette Prime,3812,Exposed Part Kit of Concealed Stop Cock & Flush Cock,Variant,1499,Exposed Part Kit of Concealed Stop Cock & Flush Cock - Black Matt,VGP-BLM-81083K,Black Matt,https://www.jaquar.com/images/thumbs/0059595_exposed-part-kit-of-concealed-stop-cock-flush-cock-black-matt_960.jpeg,1250.00,"Exposed Part Kit of Concealed Stop Cock & Flush Cock with Fitting Sleeve, Operating Lever & Adjustable Wall Flange with Seal (compatible with ALD-083R, ALD-083L, ALD-089R, ALD-089L or ALD-081)",https://www.jaquar.com/en/vignette-exposed-stop-cock_ald-083_ald-089_ald-081?Id=3812,"Vignette Prime, VGP-BLM-81083K, Black Matt"
Faucets,Vignette Prime,3812,Exposed Part Kit of Concealed Stop Cock & Flush Cock,Variant,1499,Exposed Part Kit of Concealed Stop Cock & Flush Cock - Graphite,VGP-GRF-81083K,Graphite,https://www.jaquar.com/images/thumbs/0059495_exposed-part-kit-of-concealed-stop-cock-flush-cock-graphite_960.jpeg,1475.00,"Exposed Part Kit of Concealed Stop Cock & Flush Cock with Fitting Sleeve, Operating Lever & Adjustable Wall Flange with Seal (compatible with ALD-083R, ALD-083L, ALD-089R, ALD-089L or ALD-081)",https://www.jaquar.com/en/vignette-exposed-stop-cock_ald-083_ald-089_ald-081?Id=3812,"Vignette Prime, VGP-GRF-81083K, Graphite"
Faucets,Vignette Prime,3812,Exposed Part Kit of Concealed Stop Cock & Flush Cock,Variant,1499,Exposed Part Kit of Concealed Stop Cock & Flush Cock - Stainless Steel,VGP-SSF-81083K,Stainless Steel,https://www.jaquar.com/images/thumbs/0059507_exposed-part-kit-of-concealed-stop-cock-flush-cock-stainless-steel_960.jpeg,1475.00,"Exposed Part Kit of Concealed Stop Cock & Flush Cock with Fitting Sleeve, Operating Lever & Adjustable Wall Flange with Seal (compatible with ALD-083R, ALD-083L, ALD-089R, ALD-089L or ALD-081)",https://www.jaquar.com/en/vignette-exposed-stop-cock_ald-083_ald-089_ald-081?Id=3812,"Vignette Prime, VGP-SSF-81083K, Stainless Steel"
Faucets,Vignette Prime,3974,Aquamax Exposed Part Kit of Thermostatic Shower Mixer,Parent,2399,Aquamax Exposed Part Kit of Thermostatic Shower Mixer - Chrome,VGP-CHR-81661NK,Chrome,https://www.jaquar.com/images/thumbs/0015305_aquamax-exposed-part-kit-of-thermostatic-shower-mixer-chrome_960.jpeg,5800.00,"Aquamax Exposed Part Kit of Thermostatic Shower Mixer (Compatible with ALD-661N)
",https://www.jaquar.com/en/aquamax-vignette-prime?Id=3974,"Vignette Prime, VGP-CHR-81661NK, Chrome"
Faucets,Vignette Prime,3974,Aquamax Exposed Part Kit of Thermostatic Shower Mixer,Variant,2399,Thermostatic Shower Mixer - Antique Bronze,VGP-ABR-81661NK,Antique Bronze,https://www.jaquar.com/images/thumbs/0057063_thermostatic-shower-mixer-antique-bronze_960.jpeg,10300.00,"Aquamax Exposed Part Kit of Thermostatic Shower Mixer (Compatible with ALD-661N)
",https://www.jaquar.com/en/aquamax-vignette-prime?Id=3974,"Vignette Prime, VGP-ABR-81661NK, Antique Bronze"
Faucets,Vignette Prime,3974,Aquamax Exposed Part Kit of Thermostatic Shower Mixer,Variant,2399,Thermostatic Shower Mixer - Antique Copper,VGP-ACR-81661NK,Antique Copper,https://www.jaquar.com/images/thumbs/0057065_thermostatic-shower-mixer-antique-copper_960.jpeg,10300.00,"Aquamax Exposed Part Kit of Thermostatic Shower Mixer (Compatible with ALD-661N)
",https://www.jaquar.com/en/aquamax-vignette-prime?Id=3974,"Vignette Prime, VGP-ACR-81661NK, Antique Copper"
Faucets,Vignette Prime,3974,Aquamax Exposed Part Kit of Thermostatic Shower Mixer,Variant,2399,Thermostatic Shower Mixer - Black Chrome,VGP-BCH-81661NK,Black Chrome,https://www.jaquar.com/images/thumbs/0056037_thermostatic-shower-mixer-black-chrome_960.jpeg,8450.00,"Aquamax Exposed Part Kit of Thermostatic Shower Mixer (Compatible with ALD-661N)
",https://www.jaquar.com/en/aquamax-vignette-prime?Id=3974,"Vignette Prime, VGP-BCH-81661NK, Black Chrome"
Faucets,Vignette Prime,3974,Aquamax Exposed Part Kit of Thermostatic Shower Mixer,Variant,2399,Thermostatic Shower Mixer - Black Matt,VGP-BLM-81661NK,Black Matt,https://www.jaquar.com/images/thumbs/0057066_thermostatic-shower-mixer-black-matt_960.jpeg,8450.00,"Aquamax Exposed Part Kit of Thermostatic Shower Mixer (Compatible with ALD-661N)
",https://www.jaquar.com/en/aquamax-vignette-prime?Id=3974,"Vignette Prime, VGP-BLM-81661NK, Black Matt"
Faucets,Vignette Prime,3974,Aquamax Exposed Part Kit of Thermostatic Shower Mixer,Variant,2399,Thermostatic Shower Mixer - Graphite,VGP-GRF-81661NK,Graphite,https://www.jaquar.com/images/thumbs/0057064_thermostatic-shower-mixer-graphite_960.jpeg,10300.00,"Aquamax Exposed Part Kit of Thermostatic Shower Mixer (Compatible with ALD-661N)
",https://www.jaquar.com/en/aquamax-vignette-prime?Id=3974,"Vignette Prime, VGP-GRF-81661NK, Graphite"
Faucets,Vignette Prime,3974,Aquamax Exposed Part Kit of Thermostatic Shower Mixer,Variant,2399,Thermostatic Shower Mixer - Stainless Steel,VGP-SSF-81661NK,Stainless Steel,https://www.jaquar.com/images/thumbs/0059434_thermostatic-shower-mixer-stainless-steel_960.jpeg,10300.00,"Aquamax Exposed Part Kit of Thermostatic Shower Mixer (Compatible with ALD-661N)
",https://www.jaquar.com/en/aquamax-vignette-prime?Id=3974,"Vignette Prime, VGP-SSF-81661NK, Stainless Steel"
Faucets,Vignette Prime,3975,Aquamax Exposed Part Kit of Thermostatic Shower Mixer,Parent,2399,Aquamax Exposed Part Kit of Thermostatic Shower Mixer - Chrome,VGP-CHR-81661NK,Chrome,https://www.jaquar.com/images/thumbs/0015305_aquamax-exposed-part-kit-of-thermostatic-shower-mixer-chrome_960.jpeg,5800.00,"Aquamax Exposed Part Kit of Thermostatic Shower Mixer (Compatible with ALD-661N)
",https://www.jaquar.com/en/aquamax-vignette-prime?Id=3975,"Vignette Prime, VGP-CHR-81661NK, Chrome"
Faucets,Vignette Prime,3975,Aquamax Exposed Part Kit of Thermostatic Shower Mixer,Variant,2399,Thermostatic Shower Mixer - Antique Bronze,VGP-ABR-81661NK,Antique Bronze,https://www.jaquar.com/images/thumbs/0057063_thermostatic-shower-mixer-antique-bronze_960.jpeg,10300.00,"Aquamax Exposed Part Kit of Thermostatic Shower Mixer (Compatible with ALD-661N)
",https://www.jaquar.com/en/aquamax-vignette-prime?Id=3975,"Vignette Prime, VGP-ABR-81661NK, Antique Bronze"
Faucets,Vignette Prime,3975,Aquamax Exposed Part Kit of Thermostatic Shower Mixer,Variant,2399,Thermostatic Shower Mixer - Antique Copper,VGP-ACR-81661NK,Antique Copper,https://www.jaquar.com/images/thumbs/0057065_thermostatic-shower-mixer-antique-copper_960.jpeg,10300.00,"Aquamax Exposed Part Kit of Thermostatic Shower Mixer (Compatible with ALD-661N)
",https://www.jaquar.com/en/aquamax-vignette-prime?Id=3975,"Vignette Prime, VGP-ACR-81661NK, Antique Copper"
Faucets,Vignette Prime,3975,Aquamax Exposed Part Kit of Thermostatic Shower Mixer,Variant,2399,Thermostatic Shower Mixer - Black Chrome,VGP-BCH-81661NK,Black Chrome,https://www.jaquar.com/images/thumbs/0056037_thermostatic-shower-mixer-black-chrome_960.jpeg,8450.00,"Aquamax Exposed Part Kit of Thermostatic Shower Mixer (Compatible with ALD-661N)
",https://www.jaquar.com/en/aquamax-vignette-prime?Id=3975,"Vignette Prime, VGP-BCH-81661NK, Black Chrome"
Faucets,Vignette Prime,3975,Aquamax Exposed Part Kit of Thermostatic Shower Mixer,Variant,2399,Thermostatic Shower Mixer - Black Matt,VGP-BLM-81661NK,Black Matt,https://www.jaquar.com/images/thumbs/0057066_thermostatic-shower-mixer-black-matt_960.jpeg,8450.00,"Aquamax Exposed Part Kit of Thermostatic Shower Mixer (Compatible with ALD-661N)
",https://www.jaquar.com/en/aquamax-vignette-prime?Id=3975,"Vignette Prime, VGP-BLM-81661NK, Black Matt"
Faucets,Vignette Prime,3975,Aquamax Exposed Part Kit of Thermostatic Shower Mixer,Variant,2399,Thermostatic Shower Mixer - Graphite,VGP-GRF-81661NK,Graphite,https://www.jaquar.com/images/thumbs/0057064_thermostatic-shower-mixer-graphite_960.jpeg,10300.00,"Aquamax Exposed Part Kit of Thermostatic Shower Mixer (Compatible with ALD-661N)
",https://www.jaquar.com/en/aquamax-vignette-prime?Id=3975,"Vignette Prime, VGP-GRF-81661NK, Graphite"
Faucets,Vignette Prime,3975,Aquamax Exposed Part Kit of Thermostatic Shower Mixer,Variant,2399,Thermostatic Shower Mixer - Stainless Steel,VGP-SSF-81661NK,Stainless Steel,https://www.jaquar.com/images/thumbs/0059434_thermostatic-shower-mixer-stainless-steel_960.jpeg,10300.00,"Aquamax Exposed Part Kit of Thermostatic Shower Mixer (Compatible with ALD-661N)
",https://www.jaquar.com/en/aquamax-vignette-prime?Id=3975,"Vignette Prime, VGP-SSF-81661NK, Stainless Steel"
Faucets,Vignette Prime,3976,Aquamax Exposed Part Kit of Thermostatic Shower Mixer,Parent,2399,Aquamax Exposed Part Kit of Thermostatic Shower Mixer - Chrome,VGP-CHR-81661NK,Chrome,https://www.jaquar.com/images/thumbs/0015305_aquamax-exposed-part-kit-of-thermostatic-shower-mixer-chrome_960.jpeg,5800.00,"Aquamax Exposed Part Kit of Thermostatic Shower Mixer (Compatible with ALD-661N)
",https://www.jaquar.com/en/aquamax-vignette-prime?Id=3976,"Vignette Prime, VGP-CHR-81661NK, Chrome"
Faucets,Vignette Prime,3976,Aquamax Exposed Part Kit of Thermostatic Shower Mixer,Variant,2399,Thermostatic Shower Mixer - Antique Bronze,VGP-ABR-81661NK,Antique Bronze,https://www.jaquar.com/images/thumbs/0057063_thermostatic-shower-mixer-antique-bronze_960.jpeg,10300.00,"Aquamax Exposed Part Kit of Thermostatic Shower Mixer (Compatible with ALD-661N)
",https://www.jaquar.com/en/aquamax-vignette-prime?Id=3976,"Vignette Prime, VGP-ABR-81661NK, Antique Bronze"
Faucets,Vignette Prime,3976,Aquamax Exposed Part Kit of Thermostatic Shower Mixer,Variant,2399,Thermostatic Shower Mixer - Antique Copper,VGP-ACR-81661NK,Antique Copper,https://www.jaquar.com/images/thumbs/0057065_thermostatic-shower-mixer-antique-copper_960.jpeg,10300.00,"Aquamax Exposed Part Kit of Thermostatic Shower Mixer (Compatible with ALD-661N)
",https://www.jaquar.com/en/aquamax-vignette-prime?Id=3976,"Vignette Prime, VGP-ACR-81661NK, Antique Copper"
Faucets,Vignette Prime,3976,Aquamax Exposed Part Kit of Thermostatic Shower Mixer,Variant,2399,Thermostatic Shower Mixer - Black Chrome,VGP-BCH-81661NK,Black Chrome,https://www.jaquar.com/images/thumbs/0056037_thermostatic-shower-mixer-black-chrome_960.jpeg,8450.00,"Aquamax Exposed Part Kit of Thermostatic Shower Mixer (Compatible with ALD-661N)
",https://www.jaquar.com/en/aquamax-vignette-prime?Id=3976,"Vignette Prime, VGP-BCH-81661NK, Black Chrome"
Faucets,Vignette Prime,3976,Aquamax Exposed Part Kit of Thermostatic Shower Mixer,Variant,2399,Thermostatic Shower Mixer - Black Matt,VGP-BLM-81661NK,Black Matt,https://www.jaquar.com/images/thumbs/0057066_thermostatic-shower-mixer-black-matt_960.jpeg,8450.00,"Aquamax Exposed Part Kit of Thermostatic Shower Mixer (Compatible with ALD-661N)
",https://www.jaquar.com/en/aquamax-vignette-prime?Id=3976,"Vignette Prime, VGP-BLM-81661NK, Black Matt"
Faucets,Vignette Prime,3976,Aquamax Exposed Part Kit of Thermostatic Shower Mixer,Variant,2399,Thermostatic Shower Mixer - Graphite,VGP-GRF-81661NK,Graphite,https://www.jaquar.com/images/thumbs/0057064_thermostatic-shower-mixer-graphite_960.jpeg,10300.00,"Aquamax Exposed Part Kit of Thermostatic Shower Mixer (Compatible with ALD-661N)
",https://www.jaquar.com/en/aquamax-vignette-prime?Id=3976,"Vignette Prime, VGP-GRF-81661NK, Graphite"
Faucets,Vignette Prime,3976,Aquamax Exposed Part Kit of Thermostatic Shower Mixer,Variant,2399,Thermostatic Shower Mixer - Stainless Steel,VGP-SSF-81661NK,Stainless Steel,https://www.jaquar.com/images/thumbs/0059434_thermostatic-shower-mixer-stainless-steel_960.jpeg,10300.00,"Aquamax Exposed Part Kit of Thermostatic Shower Mixer (Compatible with ALD-661N)
",https://www.jaquar.com/en/aquamax-vignette-prime?Id=3976,"Vignette Prime, VGP-SSF-81661NK, Stainless Steel"
Faucets,Vignette Prime,3977,Aquamax Exposed Part Kit of Thermostatic Shower Mixer,Parent,2399,Aquamax Exposed Part Kit of Thermostatic Shower Mixer - Chrome,VGP-CHR-81661NK,Chrome,https://www.jaquar.com/images/thumbs/0015305_aquamax-exposed-part-kit-of-thermostatic-shower-mixer-chrome_960.jpeg,5800.00,"Aquamax Exposed Part Kit of Thermostatic Shower Mixer (Compatible with ALD-661N)
",https://www.jaquar.com/en/aquamax-vignette-prime?Id=3977,"Vignette Prime, VGP-CHR-81661NK, Chrome"
Faucets,Vignette Prime,3977,Aquamax Exposed Part Kit of Thermostatic Shower Mixer,Variant,2399,Thermostatic Shower Mixer - Antique Bronze,VGP-ABR-81661NK,Antique Bronze,https://www.jaquar.com/images/thumbs/0057063_thermostatic-shower-mixer-antique-bronze_960.jpeg,10300.00,"Aquamax Exposed Part Kit of Thermostatic Shower Mixer (Compatible with ALD-661N)
",https://www.jaquar.com/en/aquamax-vignette-prime?Id=3977,"Vignette Prime, VGP-ABR-81661NK, Antique Bronze"
Faucets,Vignette Prime,3977,Aquamax Exposed Part Kit of Thermostatic Shower Mixer,Variant,2399,Thermostatic Shower Mixer - Antique Copper,VGP-ACR-81661NK,Antique Copper,https://www.jaquar.com/images/thumbs/0057065_thermostatic-shower-mixer-antique-copper_960.jpeg,10300.00,"Aquamax Exposed Part Kit of Thermostatic Shower Mixer (Compatible with ALD-661N)
",https://www.jaquar.com/en/aquamax-vignette-prime?Id=3977,"Vignette Prime, VGP-ACR-81661NK, Antique Copper"
Faucets,Vignette Prime,3977,Aquamax Exposed Part Kit of Thermostatic Shower Mixer,Variant,2399,Thermostatic Shower Mixer - Black Chrome,VGP-BCH-81661NK,Black Chrome,https://www.jaquar.com/images/thumbs/0056037_thermostatic-shower-mixer-black-chrome_960.jpeg,8450.00,"Aquamax Exposed Part Kit of Thermostatic Shower Mixer (Compatible with ALD-661N)
",https://www.jaquar.com/en/aquamax-vignette-prime?Id=3977,"Vignette Prime, VGP-BCH-81661NK, Black Chrome"
Faucets,Vignette Prime,3977,Aquamax Exposed Part Kit of Thermostatic Shower Mixer,Variant,2399,Thermostatic Shower Mixer - Black Matt,VGP-BLM-81661NK,Black Matt,https://www.jaquar.com/images/thumbs/0057066_thermostatic-shower-mixer-black-matt_960.jpeg,8450.00,"Aquamax Exposed Part Kit of Thermostatic Shower Mixer (Compatible with ALD-661N)
",https://www.jaquar.com/en/aquamax-vignette-prime?Id=3977,"Vignette Prime, VGP-BLM-81661NK, Black Matt"
Faucets,Vignette Prime,3977,Aquamax Exposed Part Kit of Thermostatic Shower Mixer,Variant,2399,Thermostatic Shower Mixer - Graphite,VGP-GRF-81661NK,Graphite,https://www.jaquar.com/images/thumbs/0057064_thermostatic-shower-mixer-graphite_960.jpeg,10300.00,"Aquamax Exposed Part Kit of Thermostatic Shower Mixer (Compatible with ALD-661N)
",https://www.jaquar.com/en/aquamax-vignette-prime?Id=3977,"Vignette Prime, VGP-GRF-81661NK, Graphite"
Faucets,Vignette Prime,3977,Aquamax Exposed Part Kit of Thermostatic Shower Mixer,Variant,2399,Thermostatic Shower Mixer - Stainless Steel,VGP-SSF-81661NK,Stainless Steel,https://www.jaquar.com/images/thumbs/0059434_thermostatic-shower-mixer-stainless-steel_960.jpeg,10300.00,"Aquamax Exposed Part Kit of Thermostatic Shower Mixer (Compatible with ALD-661N)
",https://www.jaquar.com/en/aquamax-vignette-prime?Id=3977,"Vignette Prime, VGP-SSF-81661NK, Stainless Steel"
Faucets,Vignette Prime,3978,Aquamax Exposed Part Kit of Thermostatic Shower Mixer,Parent,2399,Aquamax Exposed Part Kit of Thermostatic Shower Mixer - Chrome,VGP-CHR-81661NK,Chrome,https://www.jaquar.com/images/thumbs/0015305_aquamax-exposed-part-kit-of-thermostatic-shower-mixer-chrome_960.jpeg,5800.00,"Aquamax Exposed Part Kit of Thermostatic Shower Mixer (Compatible with ALD-661N)
",https://www.jaquar.com/en/aquamax-vignette-prime?Id=3978,"Vignette Prime, VGP-CHR-81661NK, Chrome"
Faucets,Vignette Prime,3978,Aquamax Exposed Part Kit of Thermostatic Shower Mixer,Variant,2399,Thermostatic Shower Mixer - Antique Bronze,VGP-ABR-81661NK,Antique Bronze,https://www.jaquar.com/images/thumbs/0057063_thermostatic-shower-mixer-antique-bronze_960.jpeg,10300.00,"Aquamax Exposed Part Kit of Thermostatic Shower Mixer (Compatible with ALD-661N)
",https://www.jaquar.com/en/aquamax-vignette-prime?Id=3978,"Vignette Prime, VGP-ABR-81661NK, Antique Bronze"
Faucets,Vignette Prime,3978,Aquamax Exposed Part Kit of Thermostatic Shower Mixer,Variant,2399,Thermostatic Shower Mixer - Antique Copper,VGP-ACR-81661NK,Antique Copper,https://www.jaquar.com/images/thumbs/0057065_thermostatic-shower-mixer-antique-copper_960.jpeg,10300.00,"Aquamax Exposed Part Kit of Thermostatic Shower Mixer (Compatible with ALD-661N)
",https://www.jaquar.com/en/aquamax-vignette-prime?Id=3978,"Vignette Prime, VGP-ACR-81661NK, Antique Copper"
Faucets,Vignette Prime,3978,Aquamax Exposed Part Kit of Thermostatic Shower Mixer,Variant,2399,Thermostatic Shower Mixer - Black Chrome,VGP-BCH-81661NK,Black Chrome,https://www.jaquar.com/images/thumbs/0056037_thermostatic-shower-mixer-black-chrome_960.jpeg,8450.00,"Aquamax Exposed Part Kit of Thermostatic Shower Mixer (Compatible with ALD-661N)
",https://www.jaquar.com/en/aquamax-vignette-prime?Id=3978,"Vignette Prime, VGP-BCH-81661NK, Black Chrome"
Faucets,Vignette Prime,3978,Aquamax Exposed Part Kit of Thermostatic Shower Mixer,Variant,2399,Thermostatic Shower Mixer - Black Matt,VGP-BLM-81661NK,Black Matt,https://www.jaquar.com/images/thumbs/0057066_thermostatic-shower-mixer-black-matt_960.jpeg,8450.00,"Aquamax Exposed Part Kit of Thermostatic Shower Mixer (Compatible with ALD-661N)
",https://www.jaquar.com/en/aquamax-vignette-prime?Id=3978,"Vignette Prime, VGP-BLM-81661NK, Black Matt"
Faucets,Vignette Prime,3978,Aquamax Exposed Part Kit of Thermostatic Shower Mixer,Variant,2399,Thermostatic Shower Mixer - Graphite,VGP-GRF-81661NK,Graphite,https://www.jaquar.com/images/thumbs/0057064_thermostatic-shower-mixer-graphite_960.jpeg,10300.00,"Aquamax Exposed Part Kit of Thermostatic Shower Mixer (Compatible with ALD-661N)
",https://www.jaquar.com/en/aquamax-vignette-prime?Id=3978,"Vignette Prime, VGP-GRF-81661NK, Graphite"
Faucets,Vignette Prime,3978,Aquamax Exposed Part Kit of Thermostatic Shower Mixer,Variant,2399,Thermostatic Shower Mixer - Stainless Steel,VGP-SSF-81661NK,Stainless Steel,https://www.jaquar.com/images/thumbs/0059434_thermostatic-shower-mixer-stainless-steel_960.jpeg,10300.00,"Aquamax Exposed Part Kit of Thermostatic Shower Mixer (Compatible with ALD-661N)
",https://www.jaquar.com/en/aquamax-vignette-prime?Id=3978,"Vignette Prime, VGP-SSF-81661NK, Stainless Steel"
Faucets,Vignette Prime,3981,Aquamax Exposed Part Kit of Thermostatic Shower Mixer,Parent,2399,Aquamax Exposed Part Kit of Thermostatic Shower Mixer - Chrome,VGP-CHR-81661NK,Chrome,https://www.jaquar.com/images/thumbs/0015305_aquamax-exposed-part-kit-of-thermostatic-shower-mixer-chrome_960.jpeg,5800.00,"Aquamax Exposed Part Kit of Thermostatic Shower Mixer (Compatible with ALD-661N)
",https://www.jaquar.com/en/aquamax-vignette-prime?Id=3981,"Vignette Prime, VGP-CHR-81661NK, Chrome"
Faucets,Vignette Prime,3981,Aquamax Exposed Part Kit of Thermostatic Shower Mixer,Variant,2399,Thermostatic Shower Mixer - Antique Bronze,VGP-ABR-81661NK,Antique Bronze,https://www.jaquar.com/images/thumbs/0057063_thermostatic-shower-mixer-antique-bronze_960.jpeg,10300.00,"Aquamax Exposed Part Kit of Thermostatic Shower Mixer (Compatible with ALD-661N)
",https://www.jaquar.com/en/aquamax-vignette-prime?Id=3981,"Vignette Prime, VGP-ABR-81661NK, Antique Bronze"
Faucets,Vignette Prime,3981,Aquamax Exposed Part Kit of Thermostatic Shower Mixer,Variant,2399,Thermostatic Shower Mixer - Antique Copper,VGP-ACR-81661NK,Antique Copper,https://www.jaquar.com/images/thumbs/0057065_thermostatic-shower-mixer-antique-copper_960.jpeg,10300.00,"Aquamax Exposed Part Kit of Thermostatic Shower Mixer (Compatible with ALD-661N)
",https://www.jaquar.com/en/aquamax-vignette-prime?Id=3981,"Vignette Prime, VGP-ACR-81661NK, Antique Copper"
Faucets,Vignette Prime,3981,Aquamax Exposed Part Kit of Thermostatic Shower Mixer,Variant,2399,Thermostatic Shower Mixer - Black Chrome,VGP-BCH-81661NK,Black Chrome,https://www.jaquar.com/images/thumbs/0056037_thermostatic-shower-mixer-black-chrome_960.jpeg,8450.00,"Aquamax Exposed Part Kit of Thermostatic Shower Mixer (Compatible with ALD-661N)
",https://www.jaquar.com/en/aquamax-vignette-prime?Id=3981,"Vignette Prime, VGP-BCH-81661NK, Black Chrome"
Faucets,Vignette Prime,3981,Aquamax Exposed Part Kit of Thermostatic Shower Mixer,Variant,2399,Thermostatic Shower Mixer - Black Matt,VGP-BLM-81661NK,Black Matt,https://www.jaquar.com/images/thumbs/0057066_thermostatic-shower-mixer-black-matt_960.jpeg,8450.00,"Aquamax Exposed Part Kit of Thermostatic Shower Mixer (Compatible with ALD-661N)
",https://www.jaquar.com/en/aquamax-vignette-prime?Id=3981,"Vignette Prime, VGP-BLM-81661NK, Black Matt"
Faucets,Vignette Prime,3981,Aquamax Exposed Part Kit of Thermostatic Shower Mixer,Variant,2399,Thermostatic Shower Mixer - Graphite,VGP-GRF-81661NK,Graphite,https://www.jaquar.com/images/thumbs/0057064_thermostatic-shower-mixer-graphite_960.jpeg,10300.00,"Aquamax Exposed Part Kit of Thermostatic Shower Mixer (Compatible with ALD-661N)
",https://www.jaquar.com/en/aquamax-vignette-prime?Id=3981,"Vignette Prime, VGP-GRF-81661NK, Graphite"
Faucets,Vignette Prime,3981,Aquamax Exposed Part Kit of Thermostatic Shower Mixer,Variant,2399,Thermostatic Shower Mixer - Stainless Steel,VGP-SSF-81661NK,Stainless Steel,https://www.jaquar.com/images/thumbs/0059434_thermostatic-shower-mixer-stainless-steel_960.jpeg,10300.00,"Aquamax Exposed Part Kit of Thermostatic Shower Mixer (Compatible with ALD-661N)
",https://www.jaquar.com/en/aquamax-vignette-prime?Id=3981,"Vignette Prime, VGP-SSF-81661NK, Stainless Steel"
Faucets,Vignette Prime,3982,Aquamax Exposed Part Kit of Thermostatic Shower Mixer,Parent,2399,Aquamax Exposed Part Kit of Thermostatic Shower Mixer - Chrome,VGP-CHR-81661NK,Chrome,https://www.jaquar.com/images/thumbs/0015305_aquamax-exposed-part-kit-of-thermostatic-shower-mixer-chrome_960.jpeg,5800.00,"Aquamax Exposed Part Kit of Thermostatic Shower Mixer (Compatible with ALD-661N)
",https://www.jaquar.com/en/aquamax-vignette-prime?Id=3982,"Vignette Prime, VGP-CHR-81661NK, Chrome"
Faucets,Vignette Prime,3982,Aquamax Exposed Part Kit of Thermostatic Shower Mixer,Variant,2399,Thermostatic Shower Mixer - Antique Bronze,VGP-ABR-81661NK,Antique Bronze,https://www.jaquar.com/images/thumbs/0057063_thermostatic-shower-mixer-antique-bronze_960.jpeg,10300.00,"Aquamax Exposed Part Kit of Thermostatic Shower Mixer (Compatible with ALD-661N)
",https://www.jaquar.com/en/aquamax-vignette-prime?Id=3982,"Vignette Prime, VGP-ABR-81661NK, Antique Bronze"
Faucets,Vignette Prime,3982,Aquamax Exposed Part Kit of Thermostatic Shower Mixer,Variant,2399,Thermostatic Shower Mixer - Antique Copper,VGP-ACR-81661NK,Antique Copper,https://www.jaquar.com/images/thumbs/0057065_thermostatic-shower-mixer-antique-copper_960.jpeg,10300.00,"Aquamax Exposed Part Kit of Thermostatic Shower Mixer (Compatible with ALD-661N)
",https://www.jaquar.com/en/aquamax-vignette-prime?Id=3982,"Vignette Prime, VGP-ACR-81661NK, Antique Copper"
Faucets,Vignette Prime,3982,Aquamax Exposed Part Kit of Thermostatic Shower Mixer,Variant,2399,Thermostatic Shower Mixer - Black Chrome,VGP-BCH-81661NK,Black Chrome,https://www.jaquar.com/images/thumbs/0056037_thermostatic-shower-mixer-black-chrome_960.jpeg,8450.00,"Aquamax Exposed Part Kit of Thermostatic Shower Mixer (Compatible with ALD-661N)
",https://www.jaquar.com/en/aquamax-vignette-prime?Id=3982,"Vignette Prime, VGP-BCH-81661NK, Black Chrome"
Faucets,Vignette Prime,3982,Aquamax Exposed Part Kit of Thermostatic Shower Mixer,Variant,2399,Thermostatic Shower Mixer - Black Matt,VGP-BLM-81661NK,Black Matt,https://www.jaquar.com/images/thumbs/0057066_thermostatic-shower-mixer-black-matt_960.jpeg,8450.00,"Aquamax Exposed Part Kit of Thermostatic Shower Mixer (Compatible with ALD-661N)
",https://www.jaquar.com/en/aquamax-vignette-prime?Id=3982,"Vignette Prime, VGP-BLM-81661NK, Black Matt"
Faucets,Vignette Prime,3982,Aquamax Exposed Part Kit of Thermostatic Shower Mixer,Variant,2399,Thermostatic Shower Mixer - Graphite,VGP-GRF-81661NK,Graphite,https://www.jaquar.com/images/thumbs/0057064_thermostatic-shower-mixer-graphite_960.jpeg,10300.00,"Aquamax Exposed Part Kit of Thermostatic Shower Mixer (Compatible with ALD-661N)
",https://www.jaquar.com/en/aquamax-vignette-prime?Id=3982,"Vignette Prime, VGP-GRF-81661NK, Graphite"
Faucets,Vignette Prime,3982,Aquamax Exposed Part Kit of Thermostatic Shower Mixer,Variant,2399,Thermostatic Shower Mixer - Stainless Steel,VGP-SSF-81661NK,Stainless Steel,https://www.jaquar.com/images/thumbs/0059434_thermostatic-shower-mixer-stainless-steel_960.jpeg,10300.00,"Aquamax Exposed Part Kit of Thermostatic Shower Mixer (Compatible with ALD-661N)
",https://www.jaquar.com/en/aquamax-vignette-prime?Id=3982,"Vignette Prime, VGP-SSF-81661NK, Stainless Steel"
Faucets,Vignette Prime,3984,Aquamax Exposed Part Kit of Thermostatic Shower Mixer,Parent,2400,Aquamax Exposed Part Kit of Thermostatic Shower Mixer - Chrome,VGP-CHR-81681NK,Chrome,https://www.jaquar.com/images/thumbs/0015325_aquamax-exposed-part-kit-of-thermostatic-shower-mixer-chrome_960.jpeg,5800.00,"Aquamax Exposed Part Kit of Thermostatic Shower Mixer with 2-way diverter (Compatible with ALD-681N)
",https://www.jaquar.com/en/aquamax-vignette-prime-2-way-chrome?Id=3984,"Vignette Prime, VGP-CHR-81681NK, Chrome"
Faucets,Vignette Prime,3984,Aquamax Exposed Part Kit of Thermostatic Shower Mixer,Variant,2400,Aquamax Thermostatic Shower Mixer - Antique Bronze,VGP-ABR-81681NK,Antique Bronze,https://www.jaquar.com/images/thumbs/0057068_aquamax-thermostatic-shower-mixer-antique-bronze_960.jpeg,10600.00,"Aquamax Exposed Part Kit of Thermostatic Shower Mixer with 2-way diverter (Compatible with ALD-681N)
",https://www.jaquar.com/en/aquamax-vignette-prime-2-way-chrome?Id=3984,"Vignette Prime, VGP-ABR-81681NK, Antique Bronze"
Faucets,Vignette Prime,3984,Aquamax Exposed Part Kit of Thermostatic Shower Mixer,Variant,2400,Aquamax Thermostatic Shower Mixer - Antique Copper,VGP-ACR-81681NK,Antique Copper,https://www.jaquar.com/images/thumbs/0057069_aquamax-thermostatic-shower-mixer-antique-copper_960.jpeg,10600.00,"Aquamax Exposed Part Kit of Thermostatic Shower Mixer with 2-way diverter (Compatible with ALD-681N)
",https://www.jaquar.com/en/aquamax-vignette-prime-2-way-chrome?Id=3984,"Vignette Prime, VGP-ACR-81681NK, Antique Copper"
Faucets,Vignette Prime,3984,Aquamax Exposed Part Kit of Thermostatic Shower Mixer,Variant,2400,Aquamax Thermostatic Shower Mixer - Black Chrome,VGP-BCH-81681NK,Black Chrome,https://www.jaquar.com/images/thumbs/0056038_aquamax-thermostatic-shower-mixer-black-chrome_960.jpeg,8650.00,"Aquamax Exposed Part Kit of Thermostatic Shower Mixer with 2-way diverter (Compatible with ALD-681N)
",https://www.jaquar.com/en/aquamax-vignette-prime-2-way-chrome?Id=3984,"Vignette Prime, VGP-BCH-81681NK, Black Chrome"
Faucets,Vignette Prime,3984,Aquamax Exposed Part Kit of Thermostatic Shower Mixer,Variant,2400,Aquamax Thermostatic Shower Mixer - Black Matt,VGP-BLM-81681NK,Black Matt,https://www.jaquar.com/images/thumbs/0057070_aquamax-thermostatic-shower-mixer-black-matt_960.jpeg,8650.00,"Aquamax Exposed Part Kit of Thermostatic Shower Mixer with 2-way diverter (Compatible with ALD-681N)
",https://www.jaquar.com/en/aquamax-vignette-prime-2-way-chrome?Id=3984,"Vignette Prime, VGP-BLM-81681NK, Black Matt"
Faucets,Vignette Prime,3984,Aquamax Exposed Part Kit of Thermostatic Shower Mixer,Variant,2400,Aquamax Thermostatic Shower Mixer - Graphite,VGP-GRF-81681NK,Graphite,https://www.jaquar.com/images/thumbs/0057071_aquamax-thermostatic-shower-mixer-graphite_960.jpeg,10600.00,"Aquamax Exposed Part Kit of Thermostatic Shower Mixer with 2-way diverter (Compatible with ALD-681N)
",https://www.jaquar.com/en/aquamax-vignette-prime-2-way-chrome?Id=3984,"Vignette Prime, VGP-GRF-81681NK, Graphite"
Faucets,Vignette Prime,3984,Aquamax Exposed Part Kit of Thermostatic Shower Mixer,Variant,2400,Aquamax Thermostatic Shower Mixer - Stainless Steel,VGP-SSF-81681NK,Stainless Steel,https://www.jaquar.com/images/thumbs/0057072_aquamax-thermostatic-shower-mixer-stainless-steel_960.jpeg,10600.00,"Aquamax Exposed Part Kit of Thermostatic Shower Mixer with 2-way diverter (Compatible with ALD-681N)
",https://www.jaquar.com/en/aquamax-vignette-prime-2-way-chrome?Id=3984,"Vignette Prime, VGP-SSF-81681NK, Stainless Steel"
Faucets,Vignette Prime,3985,Aquamax Exposed Part Kit of Thermostatic Shower Mixer,Parent,2400,Aquamax Exposed Part Kit of Thermostatic Shower Mixer - Chrome,VGP-CHR-81681NK,Chrome,https://www.jaquar.com/images/thumbs/0015325_aquamax-exposed-part-kit-of-thermostatic-shower-mixer-chrome_960.jpeg,5800.00,"Aquamax Exposed Part Kit of Thermostatic Shower Mixer with 2-way diverter (Compatible with ALD-681N)
",https://www.jaquar.com/en/aquamax-vignette-prime-2-way-chrome?Id=3985,"Vignette Prime, VGP-CHR-81681NK, Chrome"
Faucets,Vignette Prime,3985,Aquamax Exposed Part Kit of Thermostatic Shower Mixer,Variant,2400,Aquamax Thermostatic Shower Mixer - Antique Bronze,VGP-ABR-81681NK,Antique Bronze,https://www.jaquar.com/images/thumbs/0057068_aquamax-thermostatic-shower-mixer-antique-bronze_960.jpeg,10600.00,"Aquamax Exposed Part Kit of Thermostatic Shower Mixer with 2-way diverter (Compatible with ALD-681N)
",https://www.jaquar.com/en/aquamax-vignette-prime-2-way-chrome?Id=3985,"Vignette Prime, VGP-ABR-81681NK, Antique Bronze"
Faucets,Vignette Prime,3985,Aquamax Exposed Part Kit of Thermostatic Shower Mixer,Variant,2400,Aquamax Thermostatic Shower Mixer - Antique Copper,VGP-ACR-81681NK,Antique Copper,https://www.jaquar.com/images/thumbs/0057069_aquamax-thermostatic-shower-mixer-antique-copper_960.jpeg,10600.00,"Aquamax Exposed Part Kit of Thermostatic Shower Mixer with 2-way diverter (Compatible with ALD-681N)
",https://www.jaquar.com/en/aquamax-vignette-prime-2-way-chrome?Id=3985,"Vignette Prime, VGP-ACR-81681NK, Antique Copper"
Faucets,Vignette Prime,3985,Aquamax Exposed Part Kit of Thermostatic Shower Mixer,Variant,2400,Aquamax Thermostatic Shower Mixer - Black Chrome,VGP-BCH-81681NK,Black Chrome,https://www.jaquar.com/images/thumbs/0056038_aquamax-thermostatic-shower-mixer-black-chrome_960.jpeg,8650.00,"Aquamax Exposed Part Kit of Thermostatic Shower Mixer with 2-way diverter (Compatible with ALD-681N)
",https://www.jaquar.com/en/aquamax-vignette-prime-2-way-chrome?Id=3985,"Vignette Prime, VGP-BCH-81681NK, Black Chrome"
Faucets,Vignette Prime,3985,Aquamax Exposed Part Kit of Thermostatic Shower Mixer,Variant,2400,Aquamax Thermostatic Shower Mixer - Black Matt,VGP-BLM-81681NK,Black Matt,https://www.jaquar.com/images/thumbs/0057070_aquamax-thermostatic-shower-mixer-black-matt_960.jpeg,8650.00,"Aquamax Exposed Part Kit of Thermostatic Shower Mixer with 2-way diverter (Compatible with ALD-681N)
",https://www.jaquar.com/en/aquamax-vignette-prime-2-way-chrome?Id=3985,"Vignette Prime, VGP-BLM-81681NK, Black Matt"
Faucets,Vignette Prime,3985,Aquamax Exposed Part Kit of Thermostatic Shower Mixer,Variant,2400,Aquamax Thermostatic Shower Mixer - Graphite,VGP-GRF-81681NK,Graphite,https://www.jaquar.com/images/thumbs/0057071_aquamax-thermostatic-shower-mixer-graphite_960.jpeg,10600.00,"Aquamax Exposed Part Kit of Thermostatic Shower Mixer with 2-way diverter (Compatible with ALD-681N)
",https://www.jaquar.com/en/aquamax-vignette-prime-2-way-chrome?Id=3985,"Vignette Prime, VGP-GRF-81681NK, Graphite"
Faucets,Vignette Prime,3985,Aquamax Exposed Part Kit of Thermostatic Shower Mixer,Variant,2400,Aquamax Thermostatic Shower Mixer - Stainless Steel,VGP-SSF-81681NK,Stainless Steel,https://www.jaquar.com/images/thumbs/0057072_aquamax-thermostatic-shower-mixer-stainless-steel_960.jpeg,10600.00,"Aquamax Exposed Part Kit of Thermostatic Shower Mixer with 2-way diverter (Compatible with ALD-681N)
",https://www.jaquar.com/en/aquamax-vignette-prime-2-way-chrome?Id=3985,"Vignette Prime, VGP-SSF-81681NK, Stainless Steel"
Faucets,Vignette Prime,3986,Aquamax Exposed Part Kit of Thermostatic Shower Mixer,Parent,2400,Aquamax Exposed Part Kit of Thermostatic Shower Mixer - Chrome,VGP-CHR-81681NK,Chrome,https://www.jaquar.com/images/thumbs/0015325_aquamax-exposed-part-kit-of-thermostatic-shower-mixer-chrome_960.jpeg,5800.00,"Aquamax Exposed Part Kit of Thermostatic Shower Mixer with 2-way diverter (Compatible with ALD-681N)
",https://www.jaquar.com/en/aquamax-vignette-prime-2-way-chrome?Id=3986,"Vignette Prime, VGP-CHR-81681NK, Chrome"
Faucets,Vignette Prime,3986,Aquamax Exposed Part Kit of Thermostatic Shower Mixer,Variant,2400,Aquamax Thermostatic Shower Mixer - Antique Bronze,VGP-ABR-81681NK,Antique Bronze,https://www.jaquar.com/images/thumbs/0057068_aquamax-thermostatic-shower-mixer-antique-bronze_960.jpeg,10600.00,"Aquamax Exposed Part Kit of Thermostatic Shower Mixer with 2-way diverter (Compatible with ALD-681N)
",https://www.jaquar.com/en/aquamax-vignette-prime-2-way-chrome?Id=3986,"Vignette Prime, VGP-ABR-81681NK, Antique Bronze"
Faucets,Vignette Prime,3986,Aquamax Exposed Part Kit of Thermostatic Shower Mixer,Variant,2400,Aquamax Thermostatic Shower Mixer - Antique Copper,VGP-ACR-81681NK,Antique Copper,https://www.jaquar.com/images/thumbs/0057069_aquamax-thermostatic-shower-mixer-antique-copper_960.jpeg,10600.00,"Aquamax Exposed Part Kit of Thermostatic Shower Mixer with 2-way diverter (Compatible with ALD-681N)
",https://www.jaquar.com/en/aquamax-vignette-prime-2-way-chrome?Id=3986,"Vignette Prime, VGP-ACR-81681NK, Antique Copper"
Faucets,Vignette Prime,3986,Aquamax Exposed Part Kit of Thermostatic Shower Mixer,Variant,2400,Aquamax Thermostatic Shower Mixer - Black Chrome,VGP-BCH-81681NK,Black Chrome,https://www.jaquar.com/images/thumbs/0056038_aquamax-thermostatic-shower-mixer-black-chrome_960.jpeg,8650.00,"Aquamax Exposed Part Kit of Thermostatic Shower Mixer with 2-way diverter (Compatible with ALD-681N)
",https://www.jaquar.com/en/aquamax-vignette-prime-2-way-chrome?Id=3986,"Vignette Prime, VGP-BCH-81681NK, Black Chrome"
Faucets,Vignette Prime,3986,Aquamax Exposed Part Kit of Thermostatic Shower Mixer,Variant,2400,Aquamax Thermostatic Shower Mixer - Black Matt,VGP-BLM-81681NK,Black Matt,https://www.jaquar.com/images/thumbs/0057070_aquamax-thermostatic-shower-mixer-black-matt_960.jpeg,8650.00,"Aquamax Exposed Part Kit of Thermostatic Shower Mixer with 2-way diverter (Compatible with ALD-681N)
",https://www.jaquar.com/en/aquamax-vignette-prime-2-way-chrome?Id=3986,"Vignette Prime, VGP-BLM-81681NK, Black Matt"
Faucets,Vignette Prime,3986,Aquamax Exposed Part Kit of Thermostatic Shower Mixer,Variant,2400,Aquamax Thermostatic Shower Mixer - Graphite,VGP-GRF-81681NK,Graphite,https://www.jaquar.com/images/thumbs/0057071_aquamax-thermostatic-shower-mixer-graphite_960.jpeg,10600.00,"Aquamax Exposed Part Kit of Thermostatic Shower Mixer with 2-way diverter (Compatible with ALD-681N)
",https://www.jaquar.com/en/aquamax-vignette-prime-2-way-chrome?Id=3986,"Vignette Prime, VGP-GRF-81681NK, Graphite"
Faucets,Vignette Prime,3986,Aquamax Exposed Part Kit of Thermostatic Shower Mixer,Variant,2400,Aquamax Thermostatic Shower Mixer - Stainless Steel,VGP-SSF-81681NK,Stainless Steel,https://www.jaquar.com/images/thumbs/0057072_aquamax-thermostatic-shower-mixer-stainless-steel_960.jpeg,10600.00,"Aquamax Exposed Part Kit of Thermostatic Shower Mixer with 2-way diverter (Compatible with ALD-681N)
",https://www.jaquar.com/en/aquamax-vignette-prime-2-way-chrome?Id=3986,"Vignette Prime, VGP-SSF-81681NK, Stainless Steel"
Faucets,Vignette Prime,3987,Aquamax Exposed Part Kit of Thermostatic Shower Mixer,Parent,2400,Aquamax Exposed Part Kit of Thermostatic Shower Mixer - Chrome,VGP-CHR-81681NK,Chrome,https://www.jaquar.com/images/thumbs/0015325_aquamax-exposed-part-kit-of-thermostatic-shower-mixer-chrome_960.jpeg,5800.00,"Aquamax Exposed Part Kit of Thermostatic Shower Mixer with 2-way diverter (Compatible with ALD-681N)
",https://www.jaquar.com/en/aquamax-vignette-prime-2-way-chrome?Id=3987,"Vignette Prime, VGP-CHR-81681NK, Chrome"
Faucets,Vignette Prime,3987,Aquamax Exposed Part Kit of Thermostatic Shower Mixer,Variant,2400,Aquamax Thermostatic Shower Mixer - Antique Bronze,VGP-ABR-81681NK,Antique Bronze,https://www.jaquar.com/images/thumbs/0057068_aquamax-thermostatic-shower-mixer-antique-bronze_960.jpeg,10600.00,"Aquamax Exposed Part Kit of Thermostatic Shower Mixer with 2-way diverter (Compatible with ALD-681N)
",https://www.jaquar.com/en/aquamax-vignette-prime-2-way-chrome?Id=3987,"Vignette Prime, VGP-ABR-81681NK, Antique Bronze"
Faucets,Vignette Prime,3987,Aquamax Exposed Part Kit of Thermostatic Shower Mixer,Variant,2400,Aquamax Thermostatic Shower Mixer - Antique Copper,VGP-ACR-81681NK,Antique Copper,https://www.jaquar.com/images/thumbs/0057069_aquamax-thermostatic-shower-mixer-antique-copper_960.jpeg,10600.00,"Aquamax Exposed Part Kit of Thermostatic Shower Mixer with 2-way diverter (Compatible with ALD-681N)
",https://www.jaquar.com/en/aquamax-vignette-prime-2-way-chrome?Id=3987,"Vignette Prime, VGP-ACR-81681NK, Antique Copper"
Faucets,Vignette Prime,3987,Aquamax Exposed Part Kit of Thermostatic Shower Mixer,Variant,2400,Aquamax Thermostatic Shower Mixer - Black Chrome,VGP-BCH-81681NK,Black Chrome,https://www.jaquar.com/images/thumbs/0056038_aquamax-thermostatic-shower-mixer-black-chrome_960.jpeg,8650.00,"Aquamax Exposed Part Kit of Thermostatic Shower Mixer with 2-way diverter (Compatible with ALD-681N)
",https://www.jaquar.com/en/aquamax-vignette-prime-2-way-chrome?Id=3987,"Vignette Prime, VGP-BCH-81681NK, Black Chrome"
Faucets,Vignette Prime,3987,Aquamax Exposed Part Kit of Thermostatic Shower Mixer,Variant,2400,Aquamax Thermostatic Shower Mixer - Black Matt,VGP-BLM-81681NK,Black Matt,https://www.jaquar.com/images/thumbs/0057070_aquamax-thermostatic-shower-mixer-black-matt_960.jpeg,8650.00,"Aquamax Exposed Part Kit of Thermostatic Shower Mixer with 2-way diverter (Compatible with ALD-681N)
",https://www.jaquar.com/en/aquamax-vignette-prime-2-way-chrome?Id=3987,"Vignette Prime, VGP-BLM-81681NK, Black Matt"
Faucets,Vignette Prime,3987,Aquamax Exposed Part Kit of Thermostatic Shower Mixer,Variant,2400,Aquamax Thermostatic Shower Mixer - Graphite,VGP-GRF-81681NK,Graphite,https://www.jaquar.com/images/thumbs/0057071_aquamax-thermostatic-shower-mixer-graphite_960.jpeg,10600.00,"Aquamax Exposed Part Kit of Thermostatic Shower Mixer with 2-way diverter (Compatible with ALD-681N)
",https://www.jaquar.com/en/aquamax-vignette-prime-2-way-chrome?Id=3987,"Vignette Prime, VGP-GRF-81681NK, Graphite"
Faucets,Vignette Prime,3987,Aquamax Exposed Part Kit of Thermostatic Shower Mixer,Variant,2400,Aquamax Thermostatic Shower Mixer - Stainless Steel,VGP-SSF-81681NK,Stainless Steel,https://www.jaquar.com/images/thumbs/0057072_aquamax-thermostatic-shower-mixer-stainless-steel_960.jpeg,10600.00,"Aquamax Exposed Part Kit of Thermostatic Shower Mixer with 2-way diverter (Compatible with ALD-681N)
",https://www.jaquar.com/en/aquamax-vignette-prime-2-way-chrome?Id=3987,"Vignette Prime, VGP-SSF-81681NK, Stainless Steel"
Faucets,Vignette Prime,3988,Aquamax Exposed Part Kit of Thermostatic Shower Mixer,Parent,2400,Aquamax Exposed Part Kit of Thermostatic Shower Mixer - Chrome,VGP-CHR-81681NK,Chrome,https://www.jaquar.com/images/thumbs/0015325_aquamax-exposed-part-kit-of-thermostatic-shower-mixer-chrome_960.jpeg,5800.00,"Aquamax Exposed Part Kit of Thermostatic Shower Mixer with 2-way diverter (Compatible with ALD-681N)
",https://www.jaquar.com/en/aquamax-vignette-prime-2-way-chrome?Id=3988,"Vignette Prime, VGP-CHR-81681NK, Chrome"
Faucets,Vignette Prime,3988,Aquamax Exposed Part Kit of Thermostatic Shower Mixer,Variant,2400,Aquamax Thermostatic Shower Mixer - Antique Bronze,VGP-ABR-81681NK,Antique Bronze,https://www.jaquar.com/images/thumbs/0057068_aquamax-thermostatic-shower-mixer-antique-bronze_960.jpeg,10600.00,"Aquamax Exposed Part Kit of Thermostatic Shower Mixer with 2-way diverter (Compatible with ALD-681N)
",https://www.jaquar.com/en/aquamax-vignette-prime-2-way-chrome?Id=3988,"Vignette Prime, VGP-ABR-81681NK, Antique Bronze"
Faucets,Vignette Prime,3988,Aquamax Exposed Part Kit of Thermostatic Shower Mixer,Variant,2400,Aquamax Thermostatic Shower Mixer - Antique Copper,VGP-ACR-81681NK,Antique Copper,https://www.jaquar.com/images/thumbs/0057069_aquamax-thermostatic-shower-mixer-antique-copper_960.jpeg,10600.00,"Aquamax Exposed Part Kit of Thermostatic Shower Mixer with 2-way diverter (Compatible with ALD-681N)
",https://www.jaquar.com/en/aquamax-vignette-prime-2-way-chrome?Id=3988,"Vignette Prime, VGP-ACR-81681NK, Antique Copper"
Faucets,Vignette Prime,3988,Aquamax Exposed Part Kit of Thermostatic Shower Mixer,Variant,2400,Aquamax Thermostatic Shower Mixer - Black Chrome,VGP-BCH-81681NK,Black Chrome,https://www.jaquar.com/images/thumbs/0056038_aquamax-thermostatic-shower-mixer-black-chrome_960.jpeg,8650.00,"Aquamax Exposed Part Kit of Thermostatic Shower Mixer with 2-way diverter (Compatible with ALD-681N)
",https://www.jaquar.com/en/aquamax-vignette-prime-2-way-chrome?Id=3988,"Vignette Prime, VGP-BCH-81681NK, Black Chrome"
Faucets,Vignette Prime,3988,Aquamax Exposed Part Kit of Thermostatic Shower Mixer,Variant,2400,Aquamax Thermostatic Shower Mixer - Black Matt,VGP-BLM-81681NK,Black Matt,https://www.jaquar.com/images/thumbs/0057070_aquamax-thermostatic-shower-mixer-black-matt_960.jpeg,8650.00,"Aquamax Exposed Part Kit of Thermostatic Shower Mixer with 2-way diverter (Compatible with ALD-681N)
",https://www.jaquar.com/en/aquamax-vignette-prime-2-way-chrome?Id=3988,"Vignette Prime, VGP-BLM-81681NK, Black Matt"
Faucets,Vignette Prime,3988,Aquamax Exposed Part Kit of Thermostatic Shower Mixer,Variant,2400,Aquamax Thermostatic Shower Mixer - Graphite,VGP-GRF-81681NK,Graphite,https://www.jaquar.com/images/thumbs/0057071_aquamax-thermostatic-shower-mixer-graphite_960.jpeg,10600.00,"Aquamax Exposed Part Kit of Thermostatic Shower Mixer with 2-way diverter (Compatible with ALD-681N)
",https://www.jaquar.com/en/aquamax-vignette-prime-2-way-chrome?Id=3988,"Vignette Prime, VGP-GRF-81681NK, Graphite"
Faucets,Vignette Prime,3988,Aquamax Exposed Part Kit of Thermostatic Shower Mixer,Variant,2400,Aquamax Thermostatic Shower Mixer - Stainless Steel,VGP-SSF-81681NK,Stainless Steel,https://www.jaquar.com/images/thumbs/0057072_aquamax-thermostatic-shower-mixer-stainless-steel_960.jpeg,10600.00,"Aquamax Exposed Part Kit of Thermostatic Shower Mixer with 2-way diverter (Compatible with ALD-681N)
",https://www.jaquar.com/en/aquamax-vignette-prime-2-way-chrome?Id=3988,"Vignette Prime, VGP-SSF-81681NK, Stainless Steel"
Faucets,Vignette Prime,3991,Aquamax Exposed Part Kit of Thermostatic Shower Mixer,Parent,2400,Aquamax Exposed Part Kit of Thermostatic Shower Mixer - Chrome,VGP-CHR-81681NK,Chrome,https://www.jaquar.com/images/thumbs/0015325_aquamax-exposed-part-kit-of-thermostatic-shower-mixer-chrome_960.jpeg,5800.00,"Aquamax Exposed Part Kit of Thermostatic Shower Mixer with 2-way diverter (Compatible with ALD-681N)
",https://www.jaquar.com/en/aquamax-vignette-prime-2-way-chrome?Id=3991,"Vignette Prime, VGP-CHR-81681NK, Chrome"
Faucets,Vignette Prime,3991,Aquamax Exposed Part Kit of Thermostatic Shower Mixer,Variant,2400,Aquamax Thermostatic Shower Mixer - Antique Bronze,VGP-ABR-81681NK,Antique Bronze,https://www.jaquar.com/images/thumbs/0057068_aquamax-thermostatic-shower-mixer-antique-bronze_960.jpeg,10600.00,"Aquamax Exposed Part Kit of Thermostatic Shower Mixer with 2-way diverter (Compatible with ALD-681N)
",https://www.jaquar.com/en/aquamax-vignette-prime-2-way-chrome?Id=3991,"Vignette Prime, VGP-ABR-81681NK, Antique Bronze"
Faucets,Vignette Prime,3991,Aquamax Exposed Part Kit of Thermostatic Shower Mixer,Variant,2400,Aquamax Thermostatic Shower Mixer - Antique Copper,VGP-ACR-81681NK,Antique Copper,https://www.jaquar.com/images/thumbs/0057069_aquamax-thermostatic-shower-mixer-antique-copper_960.jpeg,10600.00,"Aquamax Exposed Part Kit of Thermostatic Shower Mixer with 2-way diverter (Compatible with ALD-681N)
",https://www.jaquar.com/en/aquamax-vignette-prime-2-way-chrome?Id=3991,"Vignette Prime, VGP-ACR-81681NK, Antique Copper"
Faucets,Vignette Prime,3991,Aquamax Exposed Part Kit of Thermostatic Shower Mixer,Variant,2400,Aquamax Thermostatic Shower Mixer - Black Chrome,VGP-BCH-81681NK,Black Chrome,https://www.jaquar.com/images/thumbs/0056038_aquamax-thermostatic-shower-mixer-black-chrome_960.jpeg,8650.00,"Aquamax Exposed Part Kit of Thermostatic Shower Mixer with 2-way diverter (Compatible with ALD-681N)
",https://www.jaquar.com/en/aquamax-vignette-prime-2-way-chrome?Id=3991,"Vignette Prime, VGP-BCH-81681NK, Black Chrome"
Faucets,Vignette Prime,3991,Aquamax Exposed Part Kit of Thermostatic Shower Mixer,Variant,2400,Aquamax Thermostatic Shower Mixer - Black Matt,VGP-BLM-81681NK,Black Matt,https://www.jaquar.com/images/thumbs/0057070_aquamax-thermostatic-shower-mixer-black-matt_960.jpeg,8650.00,"Aquamax Exposed Part Kit of Thermostatic Shower Mixer with 2-way diverter (Compatible with ALD-681N)
",https://www.jaquar.com/en/aquamax-vignette-prime-2-way-chrome?Id=3991,"Vignette Prime, VGP-BLM-81681NK, Black Matt"
Faucets,Vignette Prime,3991,Aquamax Exposed Part Kit of Thermostatic Shower Mixer,Variant,2400,Aquamax Thermostatic Shower Mixer - Graphite,VGP-GRF-81681NK,Graphite,https://www.jaquar.com/images/thumbs/0057071_aquamax-thermostatic-shower-mixer-graphite_960.jpeg,10600.00,"Aquamax Exposed Part Kit of Thermostatic Shower Mixer with 2-way diverter (Compatible with ALD-681N)
",https://www.jaquar.com/en/aquamax-vignette-prime-2-way-chrome?Id=3991,"Vignette Prime, VGP-GRF-81681NK, Graphite"
Faucets,Vignette Prime,3991,Aquamax Exposed Part Kit of Thermostatic Shower Mixer,Variant,2400,Aquamax Thermostatic Shower Mixer - Stainless Steel,VGP-SSF-81681NK,Stainless Steel,https://www.jaquar.com/images/thumbs/0057072_aquamax-thermostatic-shower-mixer-stainless-steel_960.jpeg,10600.00,"Aquamax Exposed Part Kit of Thermostatic Shower Mixer with 2-way diverter (Compatible with ALD-681N)
",https://www.jaquar.com/en/aquamax-vignette-prime-2-way-chrome?Id=3991,"Vignette Prime, VGP-SSF-81681NK, Stainless Steel"
Faucets,Vignette Prime,3992,Aquamax Exposed Part Kit of Thermostatic Shower Mixer,Parent,2400,Aquamax Exposed Part Kit of Thermostatic Shower Mixer - Chrome,VGP-CHR-81681NK,Chrome,https://www.jaquar.com/images/thumbs/0015325_aquamax-exposed-part-kit-of-thermostatic-shower-mixer-chrome_960.jpeg,5800.00,"Aquamax Exposed Part Kit of Thermostatic Shower Mixer with 2-way diverter (Compatible with ALD-681N)
",https://www.jaquar.com/en/aquamax-vignette-prime-2-way-chrome?Id=3992,"Vignette Prime, VGP-CHR-81681NK, Chrome"
Faucets,Vignette Prime,3992,Aquamax Exposed Part Kit of Thermostatic Shower Mixer,Variant,2400,Aquamax Thermostatic Shower Mixer - Antique Bronze,VGP-ABR-81681NK,Antique Bronze,https://www.jaquar.com/images/thumbs/0057068_aquamax-thermostatic-shower-mixer-antique-bronze_960.jpeg,10600.00,"Aquamax Exposed Part Kit of Thermostatic Shower Mixer with 2-way diverter (Compatible with ALD-681N)
",https://www.jaquar.com/en/aquamax-vignette-prime-2-way-chrome?Id=3992,"Vignette Prime, VGP-ABR-81681NK, Antique Bronze"
Faucets,Vignette Prime,3992,Aquamax Exposed Part Kit of Thermostatic Shower Mixer,Variant,2400,Aquamax Thermostatic Shower Mixer - Antique Copper,VGP-ACR-81681NK,Antique Copper,https://www.jaquar.com/images/thumbs/0057069_aquamax-thermostatic-shower-mixer-antique-copper_960.jpeg,10600.00,"Aquamax Exposed Part Kit of Thermostatic Shower Mixer with 2-way diverter (Compatible with ALD-681N)
",https://www.jaquar.com/en/aquamax-vignette-prime-2-way-chrome?Id=3992,"Vignette Prime, VGP-ACR-81681NK, Antique Copper"
Faucets,Vignette Prime,3992,Aquamax Exposed Part Kit of Thermostatic Shower Mixer,Variant,2400,Aquamax Thermostatic Shower Mixer - Black Chrome,VGP-BCH-81681NK,Black Chrome,https://www.jaquar.com/images/thumbs/0056038_aquamax-thermostatic-shower-mixer-black-chrome_960.jpeg,8650.00,"Aquamax Exposed Part Kit of Thermostatic Shower Mixer with 2-way diverter (Compatible with ALD-681N)
",https://www.jaquar.com/en/aquamax-vignette-prime-2-way-chrome?Id=3992,"Vignette Prime, VGP-BCH-81681NK, Black Chrome"
Faucets,Vignette Prime,3992,Aquamax Exposed Part Kit of Thermostatic Shower Mixer,Variant,2400,Aquamax Thermostatic Shower Mixer - Black Matt,VGP-BLM-81681NK,Black Matt,https://www.jaquar.com/images/thumbs/0057070_aquamax-thermostatic-shower-mixer-black-matt_960.jpeg,8650.00,"Aquamax Exposed Part Kit of Thermostatic Shower Mixer with 2-way diverter (Compatible with ALD-681N)
",https://www.jaquar.com/en/aquamax-vignette-prime-2-way-chrome?Id=3992,"Vignette Prime, VGP-BLM-81681NK, Black Matt"
Faucets,Vignette Prime,3992,Aquamax Exposed Part Kit of Thermostatic Shower Mixer,Variant,2400,Aquamax Thermostatic Shower Mixer - Graphite,VGP-GRF-81681NK,Graphite,https://www.jaquar.com/images/thumbs/0057071_aquamax-thermostatic-shower-mixer-graphite_960.jpeg,10600.00,"Aquamax Exposed Part Kit of Thermostatic Shower Mixer with 2-way diverter (Compatible with ALD-681N)
",https://www.jaquar.com/en/aquamax-vignette-prime-2-way-chrome?Id=3992,"Vignette Prime, VGP-GRF-81681NK, Graphite"
Faucets,Vignette Prime,3992,Aquamax Exposed Part Kit of Thermostatic Shower Mixer,Variant,2400,Aquamax Thermostatic Shower Mixer - Stainless Steel,VGP-SSF-81681NK,Stainless Steel,https://www.jaquar.com/images/thumbs/0057072_aquamax-thermostatic-shower-mixer-stainless-steel_960.jpeg,10600.00,"Aquamax Exposed Part Kit of Thermostatic Shower Mixer with 2-way diverter (Compatible with ALD-681N)
",https://www.jaquar.com/en/aquamax-vignette-prime-2-way-chrome?Id=3992,"Vignette Prime, VGP-SSF-81681NK, Stainless Steel"
Faucets,Vignette Prime,3994,Aquamax Exposed Part Kit of Thermostatic Shower Mixer,Parent,2401,Aquamax Exposed Part Kit of Thermostatic Shower Mixer - Chrome,VGP-CHR-81683NK,Chrome,https://www.jaquar.com/images/thumbs/0015345_aquamax-exposed-part-kit-of-thermostatic-shower-mixer-chrome_960.jpeg,5800.00,"Aquamax Exposed Part Kit of Thermostatic Shower Mixer with 3-way diverter (Compatible with ALD-683N)
",https://www.jaquar.com/en/aquamax-vignette-prime-3-way-chrome?Id=3994,"Vignette Prime, VGP-CHR-81683NK, Chrome"
Faucets,Vignette Prime,3994,Aquamax Exposed Part Kit of Thermostatic Shower Mixer,Variant,2401,Aquamax Thermostatic Shower Mixer - Antique Bronze,VGP-ABR-81683NK,Antique Bronze,https://www.jaquar.com/images/thumbs/0057073_aquamax-thermostatic-shower-mixer-antique-bronze_960.jpeg,11300.00,"Aquamax Exposed Part Kit of Thermostatic Shower Mixer with 3-way diverter (Compatible with ALD-683N)
",https://www.jaquar.com/en/aquamax-vignette-prime-3-way-chrome?Id=3994,"Vignette Prime, VGP-ABR-81683NK, Antique Bronze"
Faucets,Vignette Prime,3994,Aquamax Exposed Part Kit of Thermostatic Shower Mixer,Variant,2401,Aquamax Thermostatic Shower Mixer - Antique Copper,VGP-ACR-81683NK,Antique Copper,https://www.jaquar.com/images/thumbs/0057074_aquamax-thermostatic-shower-mixer-antique-copper_960.jpeg,11300.00,"Aquamax Exposed Part Kit of Thermostatic Shower Mixer with 3-way diverter (Compatible with ALD-683N)
",https://www.jaquar.com/en/aquamax-vignette-prime-3-way-chrome?Id=3994,"Vignette Prime, VGP-ACR-81683NK, Antique Copper"
Faucets,Vignette Prime,3994,Aquamax Exposed Part Kit of Thermostatic Shower Mixer,Variant,2401,Aquamax Thermostatic Shower Mixer - Black Chrome,VGP-BCH-81683NK,Black Chrome,https://www.jaquar.com/images/thumbs/0056039_aquamax-thermostatic-shower-mixer-black-chrome_960.jpeg,9050.00,"Aquamax Exposed Part Kit of Thermostatic Shower Mixer with 3-way diverter (Compatible with ALD-683N)
",https://www.jaquar.com/en/aquamax-vignette-prime-3-way-chrome?Id=3994,"Vignette Prime, VGP-BCH-81683NK, Black Chrome"
Faucets,Vignette Prime,3994,Aquamax Exposed Part Kit of Thermostatic Shower Mixer,Variant,2401,Aquamax Thermostatic Shower Mixer - Black Matt,VGP-BLM-81683NK,Black Matt,https://www.jaquar.com/images/thumbs/0057075_aquamax-thermostatic-shower-mixer-black-matt_960.jpeg,9050.00,"Aquamax Exposed Part Kit of Thermostatic Shower Mixer with 3-way diverter (Compatible with ALD-683N)
",https://www.jaquar.com/en/aquamax-vignette-prime-3-way-chrome?Id=3994,"Vignette Prime, VGP-BLM-81683NK, Black Matt"
Faucets,Vignette Prime,3994,Aquamax Exposed Part Kit of Thermostatic Shower Mixer,Variant,2401,Aquamax Thermostatic Shower Mixer - Graphite,VGP-GRF-81683NK,Graphite,https://www.jaquar.com/images/thumbs/0057076_aquamax-thermostatic-shower-mixer-graphite_960.jpeg,11300.00,"Aquamax Exposed Part Kit of Thermostatic Shower Mixer with 3-way diverter (Compatible with ALD-683N)
",https://www.jaquar.com/en/aquamax-vignette-prime-3-way-chrome?Id=3994,"Vignette Prime, VGP-GRF-81683NK, Graphite"
Faucets,Vignette Prime,3994,Aquamax Exposed Part Kit of Thermostatic Shower Mixer,Variant,2401,Aquamax Thermostatic Shower Mixer - Stainless Steel,VGP-SSF-81683NK,Stainless Steel,https://www.jaquar.com/images/thumbs/0057077_aquamax-thermostatic-shower-mixer-stainless-steel_960.jpeg,11300.00,"Aquamax Exposed Part Kit of Thermostatic Shower Mixer with 3-way diverter (Compatible with ALD-683N)
",https://www.jaquar.com/en/aquamax-vignette-prime-3-way-chrome?Id=3994,"Vignette Prime, VGP-SSF-81683NK, Stainless Steel"
Faucets,Vignette Prime,3995,Aquamax Exposed Part Kit of Thermostatic Shower Mixer,Parent,2401,Aquamax Exposed Part Kit of Thermostatic Shower Mixer - Chrome,VGP-CHR-81683NK,Chrome,https://www.jaquar.com/images/thumbs/0015345_aquamax-exposed-part-kit-of-thermostatic-shower-mixer-chrome_960.jpeg,5800.00,"Aquamax Exposed Part Kit of Thermostatic Shower Mixer with 3-way diverter (Compatible with ALD-683N)
",https://www.jaquar.com/en/aquamax-vignette-prime-3-way-chrome?Id=3995,"Vignette Prime, VGP-CHR-81683NK, Chrome"
Faucets,Vignette Prime,3995,Aquamax Exposed Part Kit of Thermostatic Shower Mixer,Variant,2401,Aquamax Thermostatic Shower Mixer - Antique Bronze,VGP-ABR-81683NK,Antique Bronze,https://www.jaquar.com/images/thumbs/0057073_aquamax-thermostatic-shower-mixer-antique-bronze_960.jpeg,11300.00,"Aquamax Exposed Part Kit of Thermostatic Shower Mixer with 3-way diverter (Compatible with ALD-683N)
",https://www.jaquar.com/en/aquamax-vignette-prime-3-way-chrome?Id=3995,"Vignette Prime, VGP-ABR-81683NK, Antique Bronze"
Faucets,Vignette Prime,3995,Aquamax Exposed Part Kit of Thermostatic Shower Mixer,Variant,2401,Aquamax Thermostatic Shower Mixer - Antique Copper,VGP-ACR-81683NK,Antique Copper,https://www.jaquar.com/images/thumbs/0057074_aquamax-thermostatic-shower-mixer-antique-copper_960.jpeg,11300.00,"Aquamax Exposed Part Kit of Thermostatic Shower Mixer with 3-way diverter (Compatible with ALD-683N)
",https://www.jaquar.com/en/aquamax-vignette-prime-3-way-chrome?Id=3995,"Vignette Prime, VGP-ACR-81683NK, Antique Copper"
Faucets,Vignette Prime,3995,Aquamax Exposed Part Kit of Thermostatic Shower Mixer,Variant,2401,Aquamax Thermostatic Shower Mixer - Black Chrome,VGP-BCH-81683NK,Black Chrome,https://www.jaquar.com/images/thumbs/0056039_aquamax-thermostatic-shower-mixer-black-chrome_960.jpeg,9050.00,"Aquamax Exposed Part Kit of Thermostatic Shower Mixer with 3-way diverter (Compatible with ALD-683N)
",https://www.jaquar.com/en/aquamax-vignette-prime-3-way-chrome?Id=3995,"Vignette Prime, VGP-BCH-81683NK, Black Chrome"
Faucets,Vignette Prime,3995,Aquamax Exposed Part Kit of Thermostatic Shower Mixer,Variant,2401,Aquamax Thermostatic Shower Mixer - Black Matt,VGP-BLM-81683NK,Black Matt,https://www.jaquar.com/images/thumbs/0057075_aquamax-thermostatic-shower-mixer-black-matt_960.jpeg,9050.00,"Aquamax Exposed Part Kit of Thermostatic Shower Mixer with 3-way diverter (Compatible with ALD-683N)
",https://www.jaquar.com/en/aquamax-vignette-prime-3-way-chrome?Id=3995,"Vignette Prime, VGP-BLM-81683NK, Black Matt"
Faucets,Vignette Prime,3995,Aquamax Exposed Part Kit of Thermostatic Shower Mixer,Variant,2401,Aquamax Thermostatic Shower Mixer - Graphite,VGP-GRF-81683NK,Graphite,https://www.jaquar.com/images/thumbs/0057076_aquamax-thermostatic-shower-mixer-graphite_960.jpeg,11300.00,"Aquamax Exposed Part Kit of Thermostatic Shower Mixer with 3-way diverter (Compatible with ALD-683N)
",https://www.jaquar.com/en/aquamax-vignette-prime-3-way-chrome?Id=3995,"Vignette Prime, VGP-GRF-81683NK, Graphite"
Faucets,Vignette Prime,3995,Aquamax Exposed Part Kit of Thermostatic Shower Mixer,Variant,2401,Aquamax Thermostatic Shower Mixer - Stainless Steel,VGP-SSF-81683NK,Stainless Steel,https://www.jaquar.com/images/thumbs/0057077_aquamax-thermostatic-shower-mixer-stainless-steel_960.jpeg,11300.00,"Aquamax Exposed Part Kit of Thermostatic Shower Mixer with 3-way diverter (Compatible with ALD-683N)
",https://www.jaquar.com/en/aquamax-vignette-prime-3-way-chrome?Id=3995,"Vignette Prime, VGP-SSF-81683NK, Stainless Steel"
Faucets,Vignette Prime,3996,Aquamax Exposed Part Kit of Thermostatic Shower Mixer,Parent,2401,Aquamax Exposed Part Kit of Thermostatic Shower Mixer - Chrome,VGP-CHR-81683NK,Chrome,https://www.jaquar.com/images/thumbs/0015345_aquamax-exposed-part-kit-of-thermostatic-shower-mixer-chrome_960.jpeg,5800.00,"Aquamax Exposed Part Kit of Thermostatic Shower Mixer with 3-way diverter (Compatible with ALD-683N)
",https://www.jaquar.com/en/aquamax-vignette-prime-3-way-chrome?Id=3996,"Vignette Prime, VGP-CHR-81683NK, Chrome"
Faucets,Vignette Prime,3996,Aquamax Exposed Part Kit of Thermostatic Shower Mixer,Variant,2401,Aquamax Thermostatic Shower Mixer - Antique Bronze,VGP-ABR-81683NK,Antique Bronze,https://www.jaquar.com/images/thumbs/0057073_aquamax-thermostatic-shower-mixer-antique-bronze_960.jpeg,11300.00,"Aquamax Exposed Part Kit of Thermostatic Shower Mixer with 3-way diverter (Compatible with ALD-683N)
",https://www.jaquar.com/en/aquamax-vignette-prime-3-way-chrome?Id=3996,"Vignette Prime, VGP-ABR-81683NK, Antique Bronze"
Faucets,Vignette Prime,3996,Aquamax Exposed Part Kit of Thermostatic Shower Mixer,Variant,2401,Aquamax Thermostatic Shower Mixer - Antique Copper,VGP-ACR-81683NK,Antique Copper,https://www.jaquar.com/images/thumbs/0057074_aquamax-thermostatic-shower-mixer-antique-copper_960.jpeg,11300.00,"Aquamax Exposed Part Kit of Thermostatic Shower Mixer with 3-way diverter (Compatible with ALD-683N)
",https://www.jaquar.com/en/aquamax-vignette-prime-3-way-chrome?Id=3996,"Vignette Prime, VGP-ACR-81683NK, Antique Copper"
Faucets,Vignette Prime,3996,Aquamax Exposed Part Kit of Thermostatic Shower Mixer,Variant,2401,Aquamax Thermostatic Shower Mixer - Black Chrome,VGP-BCH-81683NK,Black Chrome,https://www.jaquar.com/images/thumbs/0056039_aquamax-thermostatic-shower-mixer-black-chrome_960.jpeg,9050.00,"Aquamax Exposed Part Kit of Thermostatic Shower Mixer with 3-way diverter (Compatible with ALD-683N)
",https://www.jaquar.com/en/aquamax-vignette-prime-3-way-chrome?Id=3996,"Vignette Prime, VGP-BCH-81683NK, Black Chrome"
Faucets,Vignette Prime,3996,Aquamax Exposed Part Kit of Thermostatic Shower Mixer,Variant,2401,Aquamax Thermostatic Shower Mixer - Black Matt,VGP-BLM-81683NK,Black Matt,https://www.jaquar.com/images/thumbs/0057075_aquamax-thermostatic-shower-mixer-black-matt_960.jpeg,9050.00,"Aquamax Exposed Part Kit of Thermostatic Shower Mixer with 3-way diverter (Compatible with ALD-683N)
",https://www.jaquar.com/en/aquamax-vignette-prime-3-way-chrome?Id=3996,"Vignette Prime, VGP-BLM-81683NK, Black Matt"
Faucets,Vignette Prime,3996,Aquamax Exposed Part Kit of Thermostatic Shower Mixer,Variant,2401,Aquamax Thermostatic Shower Mixer - Graphite,VGP-GRF-81683NK,Graphite,https://www.jaquar.com/images/thumbs/0057076_aquamax-thermostatic-shower-mixer-graphite_960.jpeg,11300.00,"Aquamax Exposed Part Kit of Thermostatic Shower Mixer with 3-way diverter (Compatible with ALD-683N)
",https://www.jaquar.com/en/aquamax-vignette-prime-3-way-chrome?Id=3996,"Vignette Prime, VGP-GRF-81683NK, Graphite"
Faucets,Vignette Prime,3996,Aquamax Exposed Part Kit of Thermostatic Shower Mixer,Variant,2401,Aquamax Thermostatic Shower Mixer - Stainless Steel,VGP-SSF-81683NK,Stainless Steel,https://www.jaquar.com/images/thumbs/0057077_aquamax-thermostatic-shower-mixer-stainless-steel_960.jpeg,11300.00,"Aquamax Exposed Part Kit of Thermostatic Shower Mixer with 3-way diverter (Compatible with ALD-683N)
",https://www.jaquar.com/en/aquamax-vignette-prime-3-way-chrome?Id=3996,"Vignette Prime, VGP-SSF-81683NK, Stainless Steel"
Faucets,Vignette Prime,3997,Aquamax Exposed Part Kit of Thermostatic Shower Mixer,Parent,2401,Aquamax Exposed Part Kit of Thermostatic Shower Mixer - Chrome,VGP-CHR-81683NK,Chrome,https://www.jaquar.com/images/thumbs/0015345_aquamax-exposed-part-kit-of-thermostatic-shower-mixer-chrome_960.jpeg,5800.00,"Aquamax Exposed Part Kit of Thermostatic Shower Mixer with 3-way diverter (Compatible with ALD-683N)
",https://www.jaquar.com/en/aquamax-vignette-prime-3-way-chrome?Id=3997,"Vignette Prime, VGP-CHR-81683NK, Chrome"
Faucets,Vignette Prime,3997,Aquamax Exposed Part Kit of Thermostatic Shower Mixer,Variant,2401,Aquamax Thermostatic Shower Mixer - Antique Bronze,VGP-ABR-81683NK,Antique Bronze,https://www.jaquar.com/images/thumbs/0057073_aquamax-thermostatic-shower-mixer-antique-bronze_960.jpeg,11300.00,"Aquamax Exposed Part Kit of Thermostatic Shower Mixer with 3-way diverter (Compatible with ALD-683N)
",https://www.jaquar.com/en/aquamax-vignette-prime-3-way-chrome?Id=3997,"Vignette Prime, VGP-ABR-81683NK, Antique Bronze"
Faucets,Vignette Prime,3997,Aquamax Exposed Part Kit of Thermostatic Shower Mixer,Variant,2401,Aquamax Thermostatic Shower Mixer - Antique Copper,VGP-ACR-81683NK,Antique Copper,https://www.jaquar.com/images/thumbs/0057074_aquamax-thermostatic-shower-mixer-antique-copper_960.jpeg,11300.00,"Aquamax Exposed Part Kit of Thermostatic Shower Mixer with 3-way diverter (Compatible with ALD-683N)
",https://www.jaquar.com/en/aquamax-vignette-prime-3-way-chrome?Id=3997,"Vignette Prime, VGP-ACR-81683NK, Antique Copper"
Faucets,Vignette Prime,3997,Aquamax Exposed Part Kit of Thermostatic Shower Mixer,Variant,2401,Aquamax Thermostatic Shower Mixer - Black Chrome,VGP-BCH-81683NK,Black Chrome,https://www.jaquar.com/images/thumbs/0056039_aquamax-thermostatic-shower-mixer-black-chrome_960.jpeg,9050.00,"Aquamax Exposed Part Kit of Thermostatic Shower Mixer with 3-way diverter (Compatible with ALD-683N)
",https://www.jaquar.com/en/aquamax-vignette-prime-3-way-chrome?Id=3997,"Vignette Prime, VGP-BCH-81683NK, Black Chrome"
Faucets,Vignette Prime,3997,Aquamax Exposed Part Kit of Thermostatic Shower Mixer,Variant,2401,Aquamax Thermostatic Shower Mixer - Black Matt,VGP-BLM-81683NK,Black Matt,https://www.jaquar.com/images/thumbs/0057075_aquamax-thermostatic-shower-mixer-black-matt_960.jpeg,9050.00,"Aquamax Exposed Part Kit of Thermostatic Shower Mixer with 3-way diverter (Compatible with ALD-683N)
",https://www.jaquar.com/en/aquamax-vignette-prime-3-way-chrome?Id=3997,"Vignette Prime, VGP-BLM-81683NK, Black Matt"
Faucets,Vignette Prime,3997,Aquamax Exposed Part Kit of Thermostatic Shower Mixer,Variant,2401,Aquamax Thermostatic Shower Mixer - Graphite,VGP-GRF-81683NK,Graphite,https://www.jaquar.com/images/thumbs/0057076_aquamax-thermostatic-shower-mixer-graphite_960.jpeg,11300.00,"Aquamax Exposed Part Kit of Thermostatic Shower Mixer with 3-way diverter (Compatible with ALD-683N)
",https://www.jaquar.com/en/aquamax-vignette-prime-3-way-chrome?Id=3997,"Vignette Prime, VGP-GRF-81683NK, Graphite"
Faucets,Vignette Prime,3997,Aquamax Exposed Part Kit of Thermostatic Shower Mixer,Variant,2401,Aquamax Thermostatic Shower Mixer - Stainless Steel,VGP-SSF-81683NK,Stainless Steel,https://www.jaquar.com/images/thumbs/0057077_aquamax-thermostatic-shower-mixer-stainless-steel_960.jpeg,11300.00,"Aquamax Exposed Part Kit of Thermostatic Shower Mixer with 3-way diverter (Compatible with ALD-683N)
",https://www.jaquar.com/en/aquamax-vignette-prime-3-way-chrome?Id=3997,"Vignette Prime, VGP-SSF-81683NK, Stainless Steel"
Faucets,Vignette Prime,3998,Aquamax Exposed Part Kit of Thermostatic Shower Mixer,Parent,2401,Aquamax Exposed Part Kit of Thermostatic Shower Mixer - Chrome,VGP-CHR-81683NK,Chrome,https://www.jaquar.com/images/thumbs/0015345_aquamax-exposed-part-kit-of-thermostatic-shower-mixer-chrome_960.jpeg,5800.00,"Aquamax Exposed Part Kit of Thermostatic Shower Mixer with 3-way diverter (Compatible with ALD-683N)
",https://www.jaquar.com/en/aquamax-vignette-prime-3-way-chrome?Id=3998,"Vignette Prime, VGP-CHR-81683NK, Chrome"
Faucets,Vignette Prime,3998,Aquamax Exposed Part Kit of Thermostatic Shower Mixer,Variant,2401,Aquamax Thermostatic Shower Mixer - Antique Bronze,VGP-ABR-81683NK,Antique Bronze,https://www.jaquar.com/images/thumbs/0057073_aquamax-thermostatic-shower-mixer-antique-bronze_960.jpeg,11300.00,"Aquamax Exposed Part Kit of Thermostatic Shower Mixer with 3-way diverter (Compatible with ALD-683N)
",https://www.jaquar.com/en/aquamax-vignette-prime-3-way-chrome?Id=3998,"Vignette Prime, VGP-ABR-81683NK, Antique Bronze"
Faucets,Vignette Prime,3998,Aquamax Exposed Part Kit of Thermostatic Shower Mixer,Variant,2401,Aquamax Thermostatic Shower Mixer - Antique Copper,VGP-ACR-81683NK,Antique Copper,https://www.jaquar.com/images/thumbs/0057074_aquamax-thermostatic-shower-mixer-antique-copper_960.jpeg,11300.00,"Aquamax Exposed Part Kit of Thermostatic Shower Mixer with 3-way diverter (Compatible with ALD-683N)
",https://www.jaquar.com/en/aquamax-vignette-prime-3-way-chrome?Id=3998,"Vignette Prime, VGP-ACR-81683NK, Antique Copper"
Faucets,Vignette Prime,3998,Aquamax Exposed Part Kit of Thermostatic Shower Mixer,Variant,2401,Aquamax Thermostatic Shower Mixer - Black Chrome,VGP-BCH-81683NK,Black Chrome,https://www.jaquar.com/images/thumbs/0056039_aquamax-thermostatic-shower-mixer-black-chrome_960.jpeg,9050.00,"Aquamax Exposed Part Kit of Thermostatic Shower Mixer with 3-way diverter (Compatible with ALD-683N)
",https://www.jaquar.com/en/aquamax-vignette-prime-3-way-chrome?Id=3998,"Vignette Prime, VGP-BCH-81683NK, Black Chrome"
Faucets,Vignette Prime,3998,Aquamax Exposed Part Kit of Thermostatic Shower Mixer,Variant,2401,Aquamax Thermostatic Shower Mixer - Black Matt,VGP-BLM-81683NK,Black Matt,https://www.jaquar.com/images/thumbs/0057075_aquamax-thermostatic-shower-mixer-black-matt_960.jpeg,9050.00,"Aquamax Exposed Part Kit of Thermostatic Shower Mixer with 3-way diverter (Compatible with ALD-683N)
",https://www.jaquar.com/en/aquamax-vignette-prime-3-way-chrome?Id=3998,"Vignette Prime, VGP-BLM-81683NK, Black Matt"
Faucets,Vignette Prime,3998,Aquamax Exposed Part Kit of Thermostatic Shower Mixer,Variant,2401,Aquamax Thermostatic Shower Mixer - Graphite,VGP-GRF-81683NK,Graphite,https://www.jaquar.com/images/thumbs/0057076_aquamax-thermostatic-shower-mixer-graphite_960.jpeg,11300.00,"Aquamax Exposed Part Kit of Thermostatic Shower Mixer with 3-way diverter (Compatible with ALD-683N)
",https://www.jaquar.com/en/aquamax-vignette-prime-3-way-chrome?Id=3998,"Vignette Prime, VGP-GRF-81683NK, Graphite"
Faucets,Vignette Prime,3998,Aquamax Exposed Part Kit of Thermostatic Shower Mixer,Variant,2401,Aquamax Thermostatic Shower Mixer - Stainless Steel,VGP-SSF-81683NK,Stainless Steel,https://www.jaquar.com/images/thumbs/0057077_aquamax-thermostatic-shower-mixer-stainless-steel_960.jpeg,11300.00,"Aquamax Exposed Part Kit of Thermostatic Shower Mixer with 3-way diverter (Compatible with ALD-683N)
",https://www.jaquar.com/en/aquamax-vignette-prime-3-way-chrome?Id=3998,"Vignette Prime, VGP-SSF-81683NK, Stainless Steel"
Faucets,Vignette Prime,4001,Aquamax Exposed Part Kit of Thermostatic Shower Mixer,Parent,2401,Aquamax Exposed Part Kit of Thermostatic Shower Mixer - Chrome,VGP-CHR-81683NK,Chrome,https://www.jaquar.com/images/thumbs/0015345_aquamax-exposed-part-kit-of-thermostatic-shower-mixer-chrome_960.jpeg,5800.00,"Aquamax Exposed Part Kit of Thermostatic Shower Mixer with 3-way diverter (Compatible with ALD-683N)
",https://www.jaquar.com/en/aquamax-vignette-prime-3-way-chrome?Id=4001,"Vignette Prime, VGP-CHR-81683NK, Chrome"
Faucets,Vignette Prime,4001,Aquamax Exposed Part Kit of Thermostatic Shower Mixer,Variant,2401,Aquamax Thermostatic Shower Mixer - Antique Bronze,VGP-ABR-81683NK,Antique Bronze,https://www.jaquar.com/images/thumbs/0057073_aquamax-thermostatic-shower-mixer-antique-bronze_960.jpeg,11300.00,"Aquamax Exposed Part Kit of Thermostatic Shower Mixer with 3-way diverter (Compatible with ALD-683N)
",https://www.jaquar.com/en/aquamax-vignette-prime-3-way-chrome?Id=4001,"Vignette Prime, VGP-ABR-81683NK, Antique Bronze"
Faucets,Vignette Prime,4001,Aquamax Exposed Part Kit of Thermostatic Shower Mixer,Variant,2401,Aquamax Thermostatic Shower Mixer - Antique Copper,VGP-ACR-81683NK,Antique Copper,https://www.jaquar.com/images/thumbs/0057074_aquamax-thermostatic-shower-mixer-antique-copper_960.jpeg,11300.00,"Aquamax Exposed Part Kit of Thermostatic Shower Mixer with 3-way diverter (Compatible with ALD-683N)
",https://www.jaquar.com/en/aquamax-vignette-prime-3-way-chrome?Id=4001,"Vignette Prime, VGP-ACR-81683NK, Antique Copper"
Faucets,Vignette Prime,4001,Aquamax Exposed Part Kit of Thermostatic Shower Mixer,Variant,2401,Aquamax Thermostatic Shower Mixer - Black Chrome,VGP-BCH-81683NK,Black Chrome,https://www.jaquar.com/images/thumbs/0056039_aquamax-thermostatic-shower-mixer-black-chrome_960.jpeg,9050.00,"Aquamax Exposed Part Kit of Thermostatic Shower Mixer with 3-way diverter (Compatible with ALD-683N)
",https://www.jaquar.com/en/aquamax-vignette-prime-3-way-chrome?Id=4001,"Vignette Prime, VGP-BCH-81683NK, Black Chrome"
Faucets,Vignette Prime,4001,Aquamax Exposed Part Kit of Thermostatic Shower Mixer,Variant,2401,Aquamax Thermostatic Shower Mixer - Black Matt,VGP-BLM-81683NK,Black Matt,https://www.jaquar.com/images/thumbs/0057075_aquamax-thermostatic-shower-mixer-black-matt_960.jpeg,9050.00,"Aquamax Exposed Part Kit of Thermostatic Shower Mixer with 3-way diverter (Compatible with ALD-683N)
",https://www.jaquar.com/en/aquamax-vignette-prime-3-way-chrome?Id=4001,"Vignette Prime, VGP-BLM-81683NK, Black Matt"
Faucets,Vignette Prime,4001,Aquamax Exposed Part Kit of Thermostatic Shower Mixer,Variant,2401,Aquamax Thermostatic Shower Mixer - Graphite,VGP-GRF-81683NK,Graphite,https://www.jaquar.com/images/thumbs/0057076_aquamax-thermostatic-shower-mixer-graphite_960.jpeg,11300.00,"Aquamax Exposed Part Kit of Thermostatic Shower Mixer with 3-way diverter (Compatible with ALD-683N)
",https://www.jaquar.com/en/aquamax-vignette-prime-3-way-chrome?Id=4001,"Vignette Prime, VGP-GRF-81683NK, Graphite"
Faucets,Vignette Prime,4001,Aquamax Exposed Part Kit of Thermostatic Shower Mixer,Variant,2401,Aquamax Thermostatic Shower Mixer - Stainless Steel,VGP-SSF-81683NK,Stainless Steel,https://www.jaquar.com/images/thumbs/0057077_aquamax-thermostatic-shower-mixer-stainless-steel_960.jpeg,11300.00,"Aquamax Exposed Part Kit of Thermostatic Shower Mixer with 3-way diverter (Compatible with ALD-683N)
",https://www.jaquar.com/en/aquamax-vignette-prime-3-way-chrome?Id=4001,"Vignette Prime, VGP-SSF-81683NK, Stainless Steel"
Faucets,Vignette Prime,4002,Aquamax Exposed Part Kit of Thermostatic Shower Mixer,Parent,2401,Aquamax Exposed Part Kit of Thermostatic Shower Mixer - Chrome,VGP-CHR-81683NK,Chrome,https://www.jaquar.com/images/thumbs/0015345_aquamax-exposed-part-kit-of-thermostatic-shower-mixer-chrome_960.jpeg,5800.00,"Aquamax Exposed Part Kit of Thermostatic Shower Mixer with 3-way diverter (Compatible with ALD-683N)
",https://www.jaquar.com/en/aquamax-vignette-prime-3-way-chrome?Id=4002,"Vignette Prime, VGP-CHR-81683NK, Chrome"
Faucets,Vignette Prime,4002,Aquamax Exposed Part Kit of Thermostatic Shower Mixer,Variant,2401,Aquamax Thermostatic Shower Mixer - Antique Bronze,VGP-ABR-81683NK,Antique Bronze,https://www.jaquar.com/images/thumbs/0057073_aquamax-thermostatic-shower-mixer-antique-bronze_960.jpeg,11300.00,"Aquamax Exposed Part Kit of Thermostatic Shower Mixer with 3-way diverter (Compatible with ALD-683N)
",https://www.jaquar.com/en/aquamax-vignette-prime-3-way-chrome?Id=4002,"Vignette Prime, VGP-ABR-81683NK, Antique Bronze"
Faucets,Vignette Prime,4002,Aquamax Exposed Part Kit of Thermostatic Shower Mixer,Variant,2401,Aquamax Thermostatic Shower Mixer - Antique Copper,VGP-ACR-81683NK,Antique Copper,https://www.jaquar.com/images/thumbs/0057074_aquamax-thermostatic-shower-mixer-antique-copper_960.jpeg,11300.00,"Aquamax Exposed Part Kit of Thermostatic Shower Mixer with 3-way diverter (Compatible with ALD-683N)
",https://www.jaquar.com/en/aquamax-vignette-prime-3-way-chrome?Id=4002,"Vignette Prime, VGP-ACR-81683NK, Antique Copper"
Faucets,Vignette Prime,4002,Aquamax Exposed Part Kit of Thermostatic Shower Mixer,Variant,2401,Aquamax Thermostatic Shower Mixer - Black Chrome,VGP-BCH-81683NK,Black Chrome,https://www.jaquar.com/images/thumbs/0056039_aquamax-thermostatic-shower-mixer-black-chrome_960.jpeg,9050.00,"Aquamax Exposed Part Kit of Thermostatic Shower Mixer with 3-way diverter (Compatible with ALD-683N)
",https://www.jaquar.com/en/aquamax-vignette-prime-3-way-chrome?Id=4002,"Vignette Prime, VGP-BCH-81683NK, Black Chrome"
Faucets,Vignette Prime,4002,Aquamax Exposed Part Kit of Thermostatic Shower Mixer,Variant,2401,Aquamax Thermostatic Shower Mixer - Black Matt,VGP-BLM-81683NK,Black Matt,https://www.jaquar.com/images/thumbs/0057075_aquamax-thermostatic-shower-mixer-black-matt_960.jpeg,9050.00,"Aquamax Exposed Part Kit of Thermostatic Shower Mixer with 3-way diverter (Compatible with ALD-683N)
",https://www.jaquar.com/en/aquamax-vignette-prime-3-way-chrome?Id=4002,"Vignette Prime, VGP-BLM-81683NK, Black Matt"
Faucets,Vignette Prime,4002,Aquamax Exposed Part Kit of Thermostatic Shower Mixer,Variant,2401,Aquamax Thermostatic Shower Mixer - Graphite,VGP-GRF-81683NK,Graphite,https://www.jaquar.com/images/thumbs/0057076_aquamax-thermostatic-shower-mixer-graphite_960.jpeg,11300.00,"Aquamax Exposed Part Kit of Thermostatic Shower Mixer with 3-way diverter (Compatible with ALD-683N)
",https://www.jaquar.com/en/aquamax-vignette-prime-3-way-chrome?Id=4002,"Vignette Prime, VGP-GRF-81683NK, Graphite"
Faucets,Vignette Prime,4002,Aquamax Exposed Part Kit of Thermostatic Shower Mixer,Variant,2401,Aquamax Thermostatic Shower Mixer - Stainless Steel,VGP-SSF-81683NK,Stainless Steel,https://www.jaquar.com/images/thumbs/0057077_aquamax-thermostatic-shower-mixer-stainless-steel_960.jpeg,11300.00,"Aquamax Exposed Part Kit of Thermostatic Shower Mixer with 3-way diverter (Compatible with ALD-683N)
",https://www.jaquar.com/en/aquamax-vignette-prime-3-way-chrome?Id=4002,"Vignette Prime, VGP-SSF-81683NK, Stainless Steel"
